id,tier,name,url,host,status,http_code,probe_date,note,ref
academic:13451.cn,academic,哈尔滨城市职业学院,http://www.13451.cn/,13451.cn,probed-2xx,200,2026-10-03,专科·黑龙江省,枚举:GitHub高校数据集(阳光高考院校库域名+AllShoolData) 2026-10
academic:419.com.cn,academic,辽阳职业技术学院,http://www.419.com.cn/,419.com.cn,probed-2xx,200,2026-10-03,专科·辽宁省,枚举:GitHub高校数据集(阳光高考院校库域名+AllShoolData) 2026-10
academic:5aaa.com,academic,北京科技职业学院,http://www.5aaa.com/,5aaa.com,probed-2xx,200,2026-10-03,专科·北京市,枚举:GitHub高校数据集(阳光高考院校库域名+AllShoolData) 2026-10
academic:6789.com.cn,academic,山东力明科技职业学院,http://www.6789.com.cn,6789.com.cn,probed-2xx,200,2026-10-03,专科·山东省,枚举:GitHub高校数据集(阳光高考院校库域名+AllShoolData) 2026-10
academic:8379888.com,academic,湖南电子科技职业学院,http://www.8379888.com/,8379888.com,probed-000,000,2026-10-03,专科·湖南省,枚举:GitHub高校数据集(阳光高考院校库域名+AllShoolData) 2026-10
academic:abc.edu.cn,academic,安徽商贸职业技术学院,http://www.abc.edu.cn/,abc.edu.cn,probed-2xx,200,2026-10-03,专科·安徽省,枚举:GitHub高校数据集(阳光高考院校库域名+AllShoolData) 2026-10
academic:abtu.edu.cn,academic,阿坝师范学院,https://abtu.edu.cn/,abtu.edu.cn,probed-000,000,2026-10-03,本科·四川省,枚举:GitHub高校数据集(阳光高考院校库域名+AllShoolData) 2026-10
academic:abzyxy.cn,academic,阿坝职业学院,http://abzyxy.cn/,abzyxy.cn,probed-000,000,2026-10-03,专科·四川省,枚举:GitHub高校数据集(阳光高考院校库域名+AllShoolData) 2026-10
academic:acac.edu.cn,academic,安徽中澳科技职业学院,https://acac.edu.cn/,acac.edu.cn,probed-000,000,2026-10-03,专科·安徽省,枚举:GitHub高校数据集(阳光高考院校库域名+AllShoolData) 2026-10
academic:acdt.edu.cn,academic,安徽国防科技职业学院,https://acdt.edu.cn/,acdt.edu.cn,probed-4xx,403,2026-10-03,专科·安徽省,枚举:GitHub高校数据集(阳光高考院校库域名+AllShoolData) 2026-10
academic:acsxy.aufe.edu.cn,academic,安徽财经大学商学院,http://acsxy.aufe.edu.cn/,acsxy.aufe.edu.cn,probed-2xx,200,2026-10-03,本科·蚌埠市·Fitch源,枚举:GitHub高校数据集(阳光高考院校库域名+AllShoolData) 2026-10
academic:acvtc.edu.cn,academic,安徽交通职业技术学院,https://acvtc.edu.cn/,acvtc.edu.cn,probed-000,000,2026-10-03,专科·安徽省,枚举:GitHub高校数据集(阳光高考院校库域名+AllShoolData) 2026-10
academic:aepu.com.cn,academic,安徽电气工程职业技术学院,http://www.aepu.com.cn/,aepu.com.cn,probed-2xx,200,2026-10-03,专科·安徽省,枚举:GitHub高校数据集(阳光高考院校库域名+AllShoolData) 2026-10
academic:afc.edu.cn,academic,安徽财贸职业学院,https://afc.edu.cn/,afc.edu.cn,probed-000,000,2026-10-03,专科·安徽省·未核实,枚举:GitHub高校数据集(阳光高考院校库域名+AllShoolData) 2026-10
academic:afeu.cn,academic,空军工程大学,http://afeu.cn/,afeu.cn,probed-000,000,2026-10-03,本科,枚举:GitHub高校数据集(阳光高考院校库域名+AllShoolData) 2026-10
academic:ahaec-edu.cn,academic,安徽涉外经济职业学院,http://www.ahaec-edu.cn/,ahaec-edu.cn,probed-000,000,2026-10-03,专科·安徽省·Fitch源,枚举:GitHub高校数据集(阳光高考院校库域名+AllShoolData) 2026-10
academic:ahau.edu.cn,academic,安徽农业大学,http://www.ahau.edu.cn/,ahau.edu.cn,probed-2xx,200,2026-10-03,本科·安徽省,枚举:GitHub高校数据集(阳光高考院校库域名+AllShoolData) 2026-10
academic:ahbvc.edu.cn,academic,安徽工商职业学院,https://ahbvc.edu.cn/,ahbvc.edu.cn,probed-2xx,200,2026-10-03,专科·安徽省,枚举:GitHub高校数据集(阳光高考院校库域名+AllShoolData) 2026-10
academic:ahcbxy.edu.cn,academic,安徽新闻出版职业技术学院,https://ahcbxy.edu.cn/,ahcbxy.edu.cn,probed-000,000,2026-10-03,专科·安徽省,枚举:GitHub高校数据集(阳光高考院校库域名+AllShoolData) 2026-10
academic:ahcjxy.com,academic,安徽长江职业学院,http://www.ahcjxy.com/,ahcjxy.com,probed-000,000,2026-10-03,专科·合肥市·Fitch源,枚举:GitHub高校数据集(阳光高考院校库域名+AllShoolData) 2026-10
academic:ahcme.edu.cn,academic,安徽机电职业技术学院,https://ahcme.edu.cn/,ahcme.edu.cn,probed-4xx,403,2026-10-03,专科·安徽省,枚举:GitHub高校数据集(阳光高考院校库域名+AllShoolData) 2026-10
academic:ahdy.edu.cn,academic,安徽电子信息职业技术学院,https://ahdy.edu.cn/,ahdy.edu.cn,probed-000,000,2026-10-03,专科·安徽省,枚举:GitHub高校数据集(阳光高考院校库域名+AllShoolData) 2026-10
academic:aheadedu.com,academic,江西先锋软件职业技术学院,http://www.aheadedu.com/,aheadedu.com,probed-2xx,200,2026-10-03,专科·南昌市·Fitch源,枚举:GitHub高校数据集(阳光高考院校库域名+AllShoolData) 2026-10
academic:ahgaxy.com.cn,academic,安徽公安职业学院,http://www.ahgaxy.com.cn/,ahgaxy.com.cn,probed-000,000,2026-10-03,专科·安徽省,枚举:GitHub高校数据集(阳光高考院校库域名+AllShoolData) 2026-10
academic:ahgm.edu.cn,academic,安徽工贸职业技术学院,https://ahgm.edu.cn/,ahgm.edu.cn,probed-000,000,2026-10-03,专科·安徽省·未核实,枚举:GitHub高校数据集(阳光高考院校库域名+AllShoolData) 2026-10
academic:ahiec.edu.cn,academic,安徽工业经济职业技术学院,https://ahiec.edu.cn/,ahiec.edu.cn,probed-2xx,200,2026-10-03,专科·安徽省,枚举:GitHub高校数据集(阳光高考院校库域名+AllShoolData) 2026-10
academic:ahiib.edu.cn,academic,安徽国际商务职业学院,https://ahiib.edu.cn/,ahiib.edu.cn,probed-3xx,301,2026-10-03,专科·安徽省,枚举:GitHub高校数据集(阳光高考院校库域名+AllShoolData) 2026-10
academic:ahip.cn,academic,安徽工业职业技术学院,http://www.ahip.cn/,ahip.cn,probed-2xx,200,2026-10-03,专科·安徽省,枚举:GitHub高校数据集(阳光高考院校库域名+AllShoolData) 2026-10
academic:ahjgxy.edu.cn,academic,安徽警官职业学院,https://ahjgxy.edu.cn/,ahjgxy.edu.cn,probed-000,000,2026-10-03,专科·安徽省,枚举:GitHub高校数据集(阳光高考院校库域名+AllShoolData) 2026-10
academic:ahjzu.edu.cn,academic,安徽建筑大学,http://www.ahjzu.edu.cn/,ahjzu.edu.cn,probed-2xx,200,2026-10-03,本科·安徽省,枚举:GitHub高校数据集(阳光高考院校库域名+AllShoolData) 2026-10
academic:ahly.edu.cn,academic,安徽粮食工程职业学院,https://ahly.edu.cn/,ahly.edu.cn,probed-000,000,2026-10-03,专科·安徽省,枚举:GitHub高校数据集(阳光高考院校库域名+AllShoolData) 2026-10
academic:ahlyedu.cn,academic,民办安徽旅游职业学院,http://www.ahlyedu.cn/,ahlyedu.cn,probed-4xx,403,2026-10-03,专科·安徽省·Fitch源,枚举:GitHub高校数据集(阳光高考院校库域名+AllShoolData) 2026-10
academic:ahlyxy.edu.cn,academic,安徽林业职业技术学院,https://ahlyxy.edu.cn/,ahlyxy.edu.cn,probed-000,000,2026-10-03,专科·安徽省,枚举:GitHub高校数据集(阳光高考院校库域名+AllShoolData) 2026-10
academic:ahmodern.cn,academic,安徽现代信息工程职业学院,http://www.ahmodern.cn/,ahmodern.cn,probed-2xx,200,2026-10-03,专科·安徽省,枚举:GitHub高校数据集(阳光高考院校库域名+AllShoolData) 2026-10
academic:ahmu.edu.cn,academic,安徽医科大学,http://www.ahmu.edu.cn/,ahmu.edu.cn,probed-2xx,200,2026-10-03,本科·安徽省;另含:安徽医科大学临床医学院,枚举:GitHub高校数据集(阳光高考院校库域名+AllShoolData) 2026-10
academic:ahmxx.cn,academic,安徽黄梅戏艺术职业学院,http://www.ahmxx.cn/,ahmxx.cn,probed-4xx,404,2026-10-03,专科·安徽省,枚举:GitHub高校数据集(阳光高考院校库域名+AllShoolData) 2026-10
academic:ahnu.edu.cn,academic,安徽师范大学,http://www.ahnu.edu.cn/,ahnu.edu.cn,probed-2xx,200,2026-10-03,本科·安徽省;另含:安徽师范大学皖江学院,枚举:GitHub高校数据集(阳光高考院校库域名+AllShoolData) 2026-10
academic:ahptc.cn,academic,安徽邮电职业技术学院,http://www.ahptc.cn/,ahptc.cn,probed-000,000,2026-10-03,专科·安徽省,枚举:GitHub高校数据集(阳光高考院校库域名+AllShoolData) 2026-10
academic:ahpu.edu.cn,academic,安徽工程大学,http://www.ahpu.edu.cn/,ahpu.edu.cn,probed-2xx,200,2026-10-03,本科·安徽省,枚举:GitHub高校数据集(阳光高考院校库域名+AllShoolData) 2026-10
academic:ahsdxy.edu.cn,academic,安徽水利水电职业技术学院,https://ahsdxy.edu.cn/,ahsdxy.edu.cn,probed-000,000,2026-10-03,专科·安徽省,枚举:GitHub高校数据集(阳光高考院校库域名+AllShoolData) 2026-10
academic:ahsjxy.edu.cn,academic,安徽审计职业学院,https://ahsjxy.edu.cn/,ahsjxy.edu.cn,probed-000,000,2026-10-03,专科·安徽省,枚举:GitHub高校数据集(阳光高考院校库域名+AllShoolData) 2026-10
academic:ahstu.edu.cn,academic,安徽科技学院,http://www.ahstu.edu.cn/,ahstu.edu.cn,probed-2xx,200,2026-10-03,本科·安徽省,枚举:GitHub高校数据集(阳光高考院校库域名+AllShoolData) 2026-10
academic:ahszu.edu.cn,academic,宿州学院,https://ahszu.edu.cn/,ahszu.edu.cn,probed-000,000,2026-10-03,本科·安徽省,枚举:GitHub高校数据集(阳光高考院校库域名+AllShoolData) 2026-10
academic:ahtcm.edu.cn,academic,安徽中医药大学,http://www.ahtcm.edu.cn/,ahtcm.edu.cn,probed-2xx,200,2026-10-03,本科·安徽省,枚举:GitHub高校数据集(阳光高考院校库域名+AllShoolData) 2026-10
academic:ahty.edu.cn,academic,安徽体育运动职业技术学院,https://ahty.edu.cn/,ahty.edu.cn,probed-2xx,200,2026-10-03,专科·安徽省,枚举:GitHub高校数据集(阳光高考院校库域名+AllShoolData) 2026-10
academic:ahu.edu.cn,academic,安徽大学,http://www.ahu.edu.cn/,ahu.edu.cn,probed-2xx,200,2026-10-03,本科·安徽省,枚举:GitHub高校数据集(阳光高考院校库域名+AllShoolData) 2026-10
academic:ahua.edu.cn,academic,安徽艺术学院,https://ahua.edu.cn/,ahua.edu.cn,probed-000,000,2026-10-03,本科·安徽省,枚举:GitHub高校数据集(阳光高考院校库域名+AllShoolData) 2026-10
academic:ahujhc.cn,academic,安徽大学江淮学院,http://www.ahujhc.cn/,ahujhc.cn,probed-000,000,2026-10-03,本科·安徽省,枚举:GitHub高校数据集(阳光高考院校库域名+AllShoolData) 2026-10
academic:ahut.edu.cn,academic,安徽工业大学,http://www.ahut.edu.cn/,ahut.edu.cn,probed-2xx,200,2026-10-03,本科·安徽省,枚举:GitHub高校数据集(阳光高考院校库域名+AllShoolData) 2026-10
academic:ahwsjkxy.edu.cn,academic,安徽卫生健康职业学院,https://ahwsjkxy.edu.cn/,ahwsjkxy.edu.cn,probed-000,000,2026-10-03,专科·安徽省,枚举:GitHub高校数据集(阳光高考院校库域名+AllShoolData) 2026-10
academic:ahyz.edu.cn,academic,安徽医学高等专科学校,https://ahyz.edu.cn/,ahyz.edu.cn,probed-000,000,2026-10-03,专科·安徽省,枚举:GitHub高校数据集(阳光高考院校库域名+AllShoolData) 2026-10
academic:ahyzxy.cn,academic,安徽扬子职业技术学院,http://ahyzxy.cn/,ahyzxy.cn,probed-2xx,200,2026-10-03,专科·安徽省,枚举:GitHub高校数据集(阳光高考院校库域名+AllShoolData) 2026-10
academic:ahzyygz.edu.cn,academic,安徽中医药高等专科学校,https://ahzyygz.edu.cn/,ahzyygz.edu.cn,probed-000,000,2026-10-03,专科·安徽省,枚举:GitHub高校数据集(阳光高考院校库域名+AllShoolData) 2026-10
academic:aiai.edu.cn,academic,安徽建筑大学城市建设学院,http://www.aiai.edu.cn/cjxy/,aiai.edu.cn,probed-000,000,2026-10-03,本科·安徽省·Fitch源,枚举:GitHub高校数据集(阳光高考院校库域名+AllShoolData) 2026-10
academic:aiit.edu.cn,academic,安徽信息工程学院,http://www.aiit.edu.cn,aiit.edu.cn,probed-2xx,200,2026-10-03,本科·安徽省,枚举:GitHub高校数据集(阳光高考院校库域名+AllShoolData) 2026-10
academic:aisu.edu.cn,academic,安徽外国语学院,https://aisu.edu.cn/,aisu.edu.cn,probed-4xx,404,2026-10-03,本科·安徽省,枚举:GitHub高校数据集(阳光高考院校库域名+AllShoolData) 2026-10
academic:akszy.com,academic,阿克苏职业技术学院,http://www.akszy.com/,akszy.com,probed-000,000,2026-10-03,专科·新疆维吾尔自治区,枚举:GitHub高校数据集(阳光高考院校库域名+AllShoolData) 2026-10
academic:aku.edu.cn,academic,安康学院,http://www.aku.edu.cn/,aku.edu.cn,probed-2xx,200,2026-10-03,本科·陕西省,枚举:GitHub高校数据集(阳光高考院校库域名+AllShoolData) 2026-10
academic:akvtc.cn,academic,安康职业技术学院,http://www.akvtc.cn,akvtc.cn,probed-2xx,200,2026-10-03,专科·陕西省,枚举:GitHub高校数据集(阳光高考院校库域名+AllShoolData) 2026-10
academic:alszyxy.cn,academic,阿拉善职业技术学院,http://www.alszyxy.cn/,alszyxy.cn,probed-2xx,200,2026-10-03,专科·内蒙古自治区,枚举:GitHub高校数据集(阳光高考院校库域名+AllShoolData) 2026-10
academic:altzyxy.com,academic,阿勒泰职业技术学院,http://altzyxy.com/,altzyxy.com,probed-2xx,200,2026-10-03,专科·新疆维吾尔自治区,枚举:GitHub高校数据集(阳光高考院校库域名+AllShoolData) 2026-10
academic:amtc.edu.cn,academic,安徽广播影视职业技术学院,https://amtc.edu.cn/,amtc.edu.cn,probed-000,000,2026-10-03,专科·安徽省·未核实,枚举:GitHub高校数据集(阳光高考院校库域名+AllShoolData) 2026-10
academic:anhky.com,academic,安徽矿业职业技术学院,http://www.anhky.com/,anhky.com,probed-4xx,403,2026-10-03,专科·安徽省·未核实,枚举:GitHub高校数据集(阳光高考院校库域名+AllShoolData) 2026-10
academic:aqmc.edu.cn,academic,安庆医药高等专科学校,https://aqmc.edu.cn/,aqmc.edu.cn,probed-000,000,2026-10-03,专科·安徽省,枚举:GitHub高校数据集(阳光高考院校库域名+AllShoolData) 2026-10
academic:aqnu.edu.cn,academic,安庆师范大学,http://www.aqnu.edu.cn/,aqnu.edu.cn,probed-2xx,200,2026-10-03,本科·安徽省,枚举:GitHub高校数据集(阳光高考院校库域名+AllShoolData) 2026-10
academic:aqvtc.edu.cn,academic,安庆职业技术学院,https://aqvtc.edu.cn/,aqvtc.edu.cn,probed-000,000,2026-10-03,专科·安徽省,枚举:GitHub高校数据集(阳光高考院校库域名+AllShoolData) 2026-10
academic:artah.cn,academic,安徽艺术职业学院,http://www.artah.cn/,artah.cn,probed-2xx,200,2026-10-03,专科·安徽省,枚举:GitHub高校数据集(阳光高考院校库域名+AllShoolData) 2026-10
academic:arthn.com,academic,湖南艺术职业学院,http://www.arthn.com/,arthn.com,probed-2xx,200,2026-10-03,专科·湖南省,枚举:GitHub高校数据集(阳光高考院校库域名+AllShoolData) 2026-10
academic:artschool.com.cn,academic,湖北艺术职业学院,http://www.artschool.com.cn/,artschool.com.cn,probed-000,000,2026-10-03,专科·湖北省·未核实,枚举:GitHub高校数据集(阳光高考院校库域名+AllShoolData) 2026-10
academic:arttj.cn,academic,天津艺术职业学院,http://arttj.cn/,arttj.cn,probed-000,000,2026-10-03,专科·天津市,枚举:GitHub高校数据集(阳光高考院校库域名+AllShoolData) 2026-10
academic:asc.jx.cn,academic,江西理工大学应用科学学院,http://www.asc.jx.cn/,asc.jx.cn,probed-2xx,200,2026-10-03,本科·江西省·Fitch源,枚举:GitHub高校数据集(阳光高考院校库域名+AllShoolData) 2026-10
academic:asnc.edu.cn,academic,鞍山师范学院,http://www.asnc.edu.cn/,asnc.edu.cn,probed-2xx,200,2026-10-03,本科·辽宁省,枚举:GitHub高校数据集(阳光高考院校库域名+AllShoolData) 2026-10
academic:asotc.cn,academic,安顺职业技术学院,http://www.asotc.cn/,asotc.cn,probed-2xx,200,2026-10-03,专科·贵州省,枚举:GitHub高校数据集(阳光高考院校库域名+AllShoolData) 2026-10
academic:astsxc.com,academic,山西应用科技学院,http://astsxc.com/,astsxc.com,probed-000,000,2026-10-03,本科·山西省,枚举:GitHub高校数据集(阳光高考院校库域名+AllShoolData) 2026-10
academic:asu.edu.cn,academic,安顺学院,http://www.asu.edu.cn/,asu.edu.cn,probed-2xx,200,2026-10-03,本科·贵州省,枚举:GitHub高校数据集(阳光高考院校库域名+AllShoolData) 2026-10
academic:aszyjsxy.cn,academic,鞍山职业技术学院,http://aszyjsxy.cn/,aszyjsxy.cn,probed-000,000,2026-10-03,专科·辽宁省,枚举:GitHub高校数据集(阳光高考院校库域名+AllShoolData) 2026-10
academic:atc168.com,academic,西安汽车科技职业学院,http://www.atc168.com/,atc168.com,probed-000,000,2026-10-03,专科·西安市·Fitch源,枚举:GitHub高校数据集(阳光高考院校库域名+AllShoolData) 2026-10
academic:aufe.edu.cn,academic,安徽财经大学,http://www.aufe.edu.cn/,aufe.edu.cn,probed-4xx,403,2026-10-03,本科·安徽省,枚举:GitHub高校数据集(阳光高考院校库域名+AllShoolData) 2026-10
academic:aurora-college.cn,academic,上海震旦职业学院,http://www.aurora-college.cn/,aurora-college.cn,probed-2xx,200,2026-10-03,专科·上海市,枚举:GitHub高校数据集(阳光高考院校库域名+AllShoolData) 2026-10
academic:ausedu.cn,academic,天府新区通用航空职业学院,http://ausedu.cn/,ausedu.cn,probed-2xx,200,2026-10-03,专科·四川省,枚举:GitHub高校数据集(阳光高考院校库域名+AllShoolData) 2026-10
academic:aust.edu.cn,academic,安徽理工大学,http://www.aust.edu.cn/,aust.edu.cn,probed-2xx,200,2026-10-03,本科·安徽省,枚举:GitHub高校数据集(阳光高考院校库域名+AllShoolData) 2026-10
academic:avcmt.edu.cn,academic,安徽冶金科技职业学院,http://www.avcmt.edu.cn,avcmt.edu.cn,probed-5xx,502,2026-10-03,专科·安徽省,枚举:GitHub高校数据集(阳光高考院校库域名+AllShoolData) 2026-10
academic:axhu.edu.cn,academic,安徽新华学院,https://axhu.edu.cn/,axhu.edu.cn,probed-2xx,200,2026-10-03,本科·安徽省,枚举:GitHub高校数据集(阳光高考院校库域名+AllShoolData) 2026-10
academic:ayit.edu.cn,academic,安阳工学院,http://www.ayit.edu.cn/,ayit.edu.cn,probed-2xx,200,2026-10-03,本科·河南省,枚举:GitHub高校数据集(阳光高考院校库域名+AllShoolData) 2026-10
academic:aynu.edu.cn,academic,安阳师范学院,http://www.aynu.edu.cn/,aynu.edu.cn,probed-2xx,200,2026-10-03,本科·河南省,枚举:GitHub高校数据集(阳光高考院校库域名+AllShoolData) 2026-10
academic:ayxy.edu.cn,academic,安阳学院,https://ayxy.edu.cn/,ayxy.edu.cn,probed-000,000,2026-10-03,本科·河南省,枚举:GitHub高校数据集(阳光高考院校库域名+AllShoolData) 2026-10
academic:ayyz.edu.cn,academic,安阳幼儿师范高等专科学校,https://ayyz.edu.cn/,ayyz.edu.cn,probed-000,000,2026-10-03,专科·河南省·未核实,枚举:GitHub高校数据集(阳光高考院校库域名+AllShoolData) 2026-10
academic:ayzy.cn,academic,安阳职业技术学院,http://ayzy.cn/,ayzy.cn,probed-000,000,2026-10-03,专科·河南省,枚举:GitHub高校数据集(阳光高考院校库域名+AllShoolData) 2026-10
academic:baiyunu.edu.cn,academic,广东白云学院,http://www.baiyunu.edu.cn,baiyunu.edu.cn,probed-2xx,200,2026-10-03,本科·广东省,枚举:GitHub高校数据集(阳光高考院校库域名+AllShoolData) 2026-10
academic:bbc.edu.cn,academic,蚌埠学院,http://www.bbc.edu.cn/,bbc.edu.cn,probed-2xx,200,2026-10-03,本科·安徽省,枚举:GitHub高校数据集(阳光高考院校库域名+AllShoolData) 2026-10
academic:bbgu.edu.cn,academic,北部湾大学,https://bbgu.edu.cn/,bbgu.edu.cn,probed-000,000,2026-10-03,本科·广西壮族自治区,枚举:GitHub高校数据集(阳光高考院校库域名+AllShoolData) 2026-10
academic:bbmc.edu.cn,academic,蚌埠医学院,http://www.bbmc.edu.cn/,bbmc.edu.cn,probed-000,000,2026-10-03,本科·安徽省,枚举:GitHub高校数据集(阳光高考院校库域名+AllShoolData) 2026-10
academic:bcmc.edu.cn,academic,白城医学高等专科学校,https://bcmc.edu.cn/,bcmc.edu.cn,probed-2xx,200,2026-10-03,专科·吉林省,枚举:GitHub高校数据集(阳光高考院校库域名+AllShoolData) 2026-10
academic:bcpl.cn,academic,北京政法职业学院,http://www.bcpl.cn/,bcpl.cn,probed-000,000,2026-10-03,专科·北京市,枚举:GitHub高校数据集(阳光高考院校库域名+AllShoolData) 2026-10
academic:bcsa.edu.cn,academic,北京社会管理职业学院,http://www.bcsa.edu.cn/,bcsa.edu.cn,probed-2xx,200,2026-10-03,专科·北京市,枚举:GitHub高校数据集(阳光高考院校库域名+AllShoolData) 2026-10
academic:bcsfxy.com,academic,白城师范学院,http://www.bcsfxy.com/,bcsfxy.com,probed-000,000,2026-10-03,本科·吉林省,枚举:GitHub高校数据集(阳光高考院校库域名+AllShoolData) 2026-10
academic:bctb.edu.cn,academic,蚌埠工商学院,https://bctb.edu.cn/,bctb.edu.cn,probed-000,000,2026-10-03,本科·安徽省,枚举:GitHub高校数据集(阳光高考院校库域名+AllShoolData) 2026-10
academic:bcu.edu.cn,academic,北京城市学院,http://www.bcu.edu.cn/,bcu.edu.cn,probed-2xx,200,2026-10-03,本科·北京市,枚举:GitHub高校数据集(阳光高考院校库域名+AllShoolData) 2026-10
academic:bcvit.cn,academic,白城职业技术学院,http://www.bcvit.cn/,bcvit.cn,probed-2xx,200,2026-10-03,专科·吉林省·未核实,枚举:GitHub高校数据集(阳光高考院校库域名+AllShoolData) 2026-10
academic:bda.edu.cn,academic,北京舞蹈学院,http://www.bda.edu.cn/,bda.edu.cn,probed-2xx,200,2026-10-03,本科·北京市,枚举:GitHub高校数据集(阳光高考院校库域名+AllShoolData) 2026-10
academic:bddy.cn,academic,保定电力职业技术学院,http://www.bddy.cn/,bddy.cn,probed-2xx,200,2026-10-03,专科·河北省,枚举:GitHub高校数据集(阳光高考院校库域名+AllShoolData) 2026-10
academic:bdu.edu.cn,academic,保定学院,http://www.bdu.edu.cn/,bdu.edu.cn,probed-2xx,200,2026-10-03,本科·河北省,枚举:GitHub高校数据集(阳光高考院校库域名+AllShoolData) 2026-10
academic:bdxy.com.cn,academic,吉林师范大学博达学院,http://www.bdxy.com.cn/,bdxy.com.cn,probed-2xx,200,2026-10-03,本科·吉林省,枚举:GitHub高校数据集(阳光高考院校库域名+AllShoolData) 2026-10
academic:beihua.edu.cn,academic,北华大学,http://www.beihua.edu.cn/,beihua.edu.cn,probed-4xx,483,2026-10-03,本科·吉林省,枚举:GitHub高校数据集(阳光高考院校库域名+AllShoolData) 2026-10
academic:besti.edu.cn,academic,北京电子科技学院,http://www.besti.edu.cn/,besti.edu.cn,probed-2xx,200,2026-10-03,本科·北京市,枚举:GitHub高校数据集(阳光高考院校库域名+AllShoolData) 2026-10
academic:betltc.cn,academic,博尔塔拉职业技术学院,http://betltc.cn/,betltc.cn,probed-000,000,2026-10-03,专科·新疆维吾尔自治区,枚举:GitHub高校数据集(阳光高考院校库域名+AllShoolData) 2026-10
academic:bfa.edu.cn,academic,北京电影学院,http://www.bfa.edu.cn/,bfa.edu.cn,probed-4xx,412,2026-10-03,本科·北京市,枚举:GitHub高校数据集(阳光高考院校库域名+AllShoolData) 2026-10
academic:bfamcmc.edu.cn,academic,青岛电影学院,http://www.bfamcmc.edu.cn/,bfamcmc.edu.cn,probed-000,000,2026-10-03,本科,枚举:GitHub高校数据集(阳光高考院校库域名+AllShoolData) 2026-10
academic:bfsu.edu.cn,academic,北京外国语大学,http://www.bfsu.edu.cn/,bfsu.edu.cn,probed-2xx,200,2026-10-03,本科·北京市,枚举:GitHub高校数据集(阳光高考院校库域名+AllShoolData) 2026-10
academic:bgu.edu.cn,academic,北京吉利学院,http://www.bgu.edu.cn/,bgu.edu.cn,probed-000,000,2026-10-03,本科·北京市·Fitch源,枚举:GitHub高校数据集(阳光高考院校库域名+AllShoolData) 2026-10
academic:bgy.edu.cn,academic,北京工业职业技术学院,https://bgy.edu.cn/,bgy.edu.cn,probed-2xx,200,2026-10-03,专科·北京市,枚举:GitHub高校数据集(阳光高考院校库域名+AllShoolData) 2026-10
academic:bgypt.edu.cn,academic,广东碧桂园职业学院,https://bgypt.edu.cn/,bgypt.edu.cn,probed-2xx,200,2026-10-03,专科·广东省,枚举:GitHub高校数据集(阳光高考院校库域名+AllShoolData) 2026-10
academic:bhbhxy.com,academic,北京航空航天大学北海学院,http://www.bhbhxy.com/,bhbhxy.com,probed-5xx,502,2026-10-03,本科·广西壮族自治区·Fitch源,枚举:GitHub高校数据集(阳光高考院校库域名+AllShoolData) 2026-10
academic:bhcy.cn,academic,渤海船舶职业学院,http://www.bhcy.cn/,bhcy.cn,probed-2xx,200,2026-10-03,专科·辽宁省,枚举:GitHub高校数据集(阳光高考院校库域名+AllShoolData) 2026-10
academic:bhi.edu.cn,academic,北京第二外国语学院中瑞酒店管理学院,http://www.bhi.edu.cn/,bhi.edu.cn,probed-2xx,200,2026-10-03,本科·北京市,枚举:GitHub高校数据集(阳光高考院校库域名+AllShoolData) 2026-10
academic:bhkyxy.com,academic,北海康养职业学院,http://bhkyxy.com/,bhkyxy.com,probed-2xx,200,2026-10-03,专科,枚举:GitHub高校数据集(阳光高考院校库域名+AllShoolData) 2026-10
academic:bhlgxy.cn,academic,渤海理工职业学院,http://www.bhlgxy.cn,bhlgxy.cn,probed-2xx,200,2026-10-03,专科·河北省,枚举:GitHub高校数据集(阳光高考院校库域名+AllShoolData) 2026-10
academic:bhsyxy.com,academic,渤海石油职业学院,http://www.bhsyxy.com/,bhsyxy.com,probed-4xx,403,2026-10-03,专科·河北省·Fitch源,枚举:GitHub高校数据集(阳光高考院校库域名+AllShoolData) 2026-10
academic:bhu.edu.cn,academic,渤海大学,http://www.bhu.edu.cn/,bhu.edu.cn,probed-2xx,200,2026-10-03,本科·辽宁省,枚举:GitHub高校数据集(阳光高考院校库域名+AllShoolData) 2026-10
academic:bhws.tjfsu.edu.cn,academic,天津外国语学院滨海外事学院,http://bhws.tjfsu.edu.cn/,bhws.tjfsu.edu.cn,probed-000,000,2026-10-03,本科·天津市·Fitch源,枚举:GitHub高校数据集(阳光高考院校库域名+AllShoolData) 2026-10
academic:bhzyxy.net,academic,北海职业学院,http://www.bhzyxy.net/,bhzyxy.net,probed-2xx,200,2026-10-03,专科·广西壮族自治区,枚举:GitHub高校数据集(阳光高考院校库域名+AllShoolData) 2026-10
academic:bibtedu.cn,academic,北京经济技术职业学院,http://bibtedu.cn/,bibtedu.cn,probed-000,000,2026-10-03,专科·北京市,枚举:GitHub高校数据集(阳光高考院校库域名+AllShoolData) 2026-10
academic:biem.edu.cn,academic,北京经济管理职业学院,http://www.biem.edu.cn/,biem.edu.cn,probed-2xx,200,2026-10-03,专科·北京市,枚举:GitHub高校数据集(阳光高考院校库域名+AllShoolData) 2026-10
academic:bift.edu.cn,academic,北京服装学院,http://www.bift.edu.cn/,bift.edu.cn,probed-2xx,200,2026-10-03,本科·北京市,枚举:GitHub高校数据集(阳光高考院校库域名+AllShoolData) 2026-10
academic:bigc.edu.cn,academic,北京印刷学院,http://www.bigc.edu.cn/,bigc.edu.cn,probed-2xx,200,2026-10-03,本科·北京市,枚举:GitHub高校数据集(阳光高考院校库域名+AllShoolData) 2026-10
academic:bijiemc.cn,academic,毕节医学高等专科学校,http://www.bijiemc.cn,bijiemc.cn,probed-2xx,200,2026-10-03,专科·贵州省,枚举:GitHub高校数据集(阳光高考院校库域名+AllShoolData) 2026-10
academic:binhai.nankai.edu.cn,academic,南开大学滨海学院,http://binhai.nankai.edu.cn/,binhai.nankai.edu.cn,probed-2xx,200,2026-10-03,本科·天津市·Fitch源,枚举:GitHub高校数据集(阳光高考院校库域名+AllShoolData) 2026-10
academic:bipt.edu.cn,academic,北京石油化工学院,http://www.bipt.edu.cn/,bipt.edu.cn,probed-2xx,200,2026-10-03,本科·北京市,枚举:GitHub高校数据集(阳光高考院校库域名+AllShoolData) 2026-10
academic:bistu.edu.cn,academic,北京信息科技大学,http://www.bistu.edu.cn/,bistu.edu.cn,probed-2xx,200,2026-10-03,本科·北京市,枚举:GitHub高校数据集(阳光高考院校库域名+AllShoolData) 2026-10
academic:bisu.edu.cn,academic,北京第二外国语学院,http://www.bisu.edu.cn/,bisu.edu.cn,probed-2xx,200,2026-10-03,本科·北京市,枚举:GitHub高校数据集(阳光高考院校库域名+AllShoolData) 2026-10
academic:bit.edu.cn,academic,北京理工大学,http://www.bit.edu.cn/,bit.edu.cn,probed-2xx,200,2026-10-03,本科·北京市,枚举:GitHub高校数据集(阳光高考院校库域名+AllShoolData) 2026-10
academic:bitc.edu.cn,academic,北京信息职业技术学院,http://www.bitc.edu.cn/,bitc.edu.cn,probed-2xx,200,2026-10-03,专科·北京市,枚举:GitHub高校数据集(阳光高考院校库域名+AllShoolData) 2026-10
academic:bitzh.edu.cn,academic,北京理工大学珠海学院,https://bitzh.edu.cn/,bitzh.edu.cn,probed-2xx,200,2026-10-03,本科·广东省,枚举:GitHub高校数据集(阳光高考院校库域名+AllShoolData) 2026-10
academic:bjamu.cn,academic,北京艺术传媒职业学院,http://www.bjamu.cn/,bjamu.cn,probed-2xx,200,2026-10-03,专科·北京市,枚举:GitHub高校数据集(阳光高考院校库域名+AllShoolData) 2026-10
academic:bjczy.edu.cn,academic,北京财贸职业学院,http://www.bjczy.edu.cn/,bjczy.edu.cn,probed-4xx,403,2026-10-03,专科·北京市,枚举:GitHub高校数据集(阳光高考院校库域名+AllShoolData) 2026-10
academic:bjfu.edu.cn,academic,北京林业大学,http://www.bjfu.edu.cn/,bjfu.edu.cn,probed-2xx,200,2026-10-03,本科·北京市,枚举:GitHub高校数据集(阳光高考院校库域名+AllShoolData) 2026-10
academic:bjgzy.cn,academic,毕节工业职业技术学院,http://bjgzy.cn/,bjgzy.cn,probed-000,000,2026-10-03,专科·贵州省,枚举:GitHub高校数据集(阳光高考院校库域名+AllShoolData) 2026-10
academic:bjjt.edu.cn,academic,北京交通运输职业学院,http://www.bjjt.edu.cn,bjjt.edu.cn,probed-000,000,2026-10-03,专科·北京市,枚举:GitHub高校数据集(阳光高考院校库域名+AllShoolData) 2026-10
academic:bjmu.edu.cn,academic,北京大学医学部,https://bjmu.edu.cn/,bjmu.edu.cn,probed-000,000,2026-10-03,本科,枚举:GitHub高校数据集(阳光高考院校库域名+AllShoolData) 2026-10
academic:bjpc.edu.cn,academic,北京警察学院,http://www.bjpc.edu.cn/,bjpc.edu.cn,probed-2xx,200,2026-10-03,本科·北京市,枚举:GitHub高校数据集(阳光高考院校库域名+AllShoolData) 2026-10
academic:bjpldx.edu.cn,academic,北京培黎职业学院,http://www.bjpldx.edu.cn/,bjpldx.edu.cn,probed-2xx,200,2026-10-03,专科·北京市,枚举:GitHub高校数据集(阳光高考院校库域名+AllShoolData) 2026-10
academic:bjtu.edu.cn,academic,北京交通大学,https://www.bjtu.edu.cn/,bjtu.edu.cn,probed-2xx,200,2026-10-03,本科·北京市;另含:北京交通大学(威海校区),枚举:GitHub高校数据集(阳光高考院校库域名+AllShoolData) 2026-10
academic:bjtuhbxy.cn,academic,北京交通大学海滨学院,http://www.bjtuhbxy.cn/,bjtuhbxy.cn,probed-4xx,404,2026-10-03,本科·河北省·Fitch源,枚举:GitHub高校数据集(阳光高考院校库域名+AllShoolData) 2026-10
academic:bjtuhbxy.edu.cn,academic,沧州交通学院,https://bjtuhbxy.edu.cn/,bjtuhbxy.edu.cn,probed-000,000,2026-10-03,本科,枚举:GitHub高校数据集(阳光高考院校库域名+AllShoolData) 2026-10
academic:bjtzhy.org,academic,北京体育职业学院,http://www.bjtzhy.org/,bjtzhy.org,probed-3xx,301,2026-10-03,专科·北京市,枚举:GitHub高校数据集(阳光高考院校库域名+AllShoolData) 2026-10
academic:bjut.edu.cn,academic,北京工业大学,http://www.bjut.edu.cn/,bjut.edu.cn,probed-3xx,301,2026-10-03,本科·北京市,枚举:GitHub高校数据集(阳光高考院校库域名+AllShoolData) 2026-10
academic:bjvtc.com,academic,宝鸡职业技术学院,http://www.bjvtc.com/,bjvtc.com,probed-2xx,200,2026-10-03,专科·陕西省,枚举:GitHub高校数据集(阳光高考院校库域名+AllShoolData) 2026-10
academic:bjwlxy.cn,academic,宝鸡文理学院,http://www.bjwlxy.cn,bjwlxy.cn,probed-2xx,200,2026-10-03,本科·陕西省,枚举:GitHub高校数据集(阳光高考院校库域名+AllShoolData) 2026-10
academic:bjwlxy.org.cn,academic,北京网络职业学院,http://www.bjwlxy.org.cn/,bjwlxy.org.cn,probed-2xx,200,2026-10-03,专科·北京市,枚举:GitHub高校数据集(阳光高考院校库域名+AllShoolData) 2026-10
academic:bjwszyxy.com,academic,北京卫生职业学院,http://www.bjwszyxy.com,bjwszyxy.com,probed-4xx,403,2026-10-03,专科·北京市,枚举:GitHub高校数据集(阳光高考院校库域名+AllShoolData) 2026-10
academic:bjxx.com.cn,academic,北京戏曲艺术职业学院,http://www.bjxx.com.cn/,bjxx.com.cn,probed-2xx,200,2026-10-03,专科·北京市,枚举:GitHub高校数据集(阳光高考院校库域名+AllShoolData) 2026-10
academic:bjxy.cn,academic,南京信息工程大学滨江学院,http://www.bjxy.cn/,bjxy.cn,probed-000,000,2026-10-03,本科·江苏省·Fitch源,枚举:GitHub高校数据集(阳光高考院校库域名+AllShoolData) 2026-10
academic:bjxy.net.cn,academic,湖南商学院北津学院,http://www.bjxy.net.cn/,bjxy.net.cn,probed-2xx,200,2026-10-03,本科·长沙市·Fitch源,枚举:GitHub高校数据集(阳光高考院校库域名+AllShoolData) 2026-10
academic:bjy.ah.cn,academic,蚌埠经济技术职业学院,http://www.bjy.ah.cn/,bjy.ah.cn,probed-2xx,200,2026-10-03,专科·安徽省,枚举:GitHub高校数据集(阳光高考院校库域名+AllShoolData) 2026-10
academic:bjypc.edu.cn,academic,北京青年政治学院,http://www.bjypc.edu.cn/,bjypc.edu.cn,probed-2xx,200,2026-10-03,专科·北京市,枚举:GitHub高校数据集(阳光高考院校库域名+AllShoolData) 2026-10
academic:blcu.edu.cn,academic,北京语言大学,http://www.blcu.edu.cn/,blcu.edu.cn,probed-2xx,200,2026-10-03,本科·北京市,枚举:GitHub高校数据集(阳光高考院校库域名+AllShoolData) 2026-10
academic:bnu.edu.cn,academic,北京师范大学,http://www.bnu.edu.cn/,bnu.edu.cn,probed-2xx,200,2026-10-03,本科·北京市,枚举:GitHub高校数据集(阳光高考院校库域名+AllShoolData) 2026-10
academic:bnuep.com,academic,北京师范大学珠海分校,http://www.bnuep.com/,bnuep.com,probed-000,000,2026-10-03,本科·广东省·Fitch源,枚举:GitHub高校数据集(阳光高考院校库域名+AllShoolData) 2026-10
academic:bnuzh.edu.cn,academic,北京师范大学(珠海校区),https://bnuzh.edu.cn/,bnuzh.edu.cn,probed-000,000,2026-10-03,本科,枚举:GitHub高校数据集(阳光高考院校库域名+AllShoolData) 2026-10
academic:boustead.edu.cn,academic,天津商业大学宝德学院,http://www.boustead.edu.cn/,boustead.edu.cn,probed-2xx,200,2026-10-03,本科·天津市,枚举:GitHub高校数据集(阳光高考院校库域名+AllShoolData) 2026-10
academic:bowenedu.cn,academic,兰州博文科技学院,http://www.bowenedu.cn/,bowenedu.cn,probed-2xx,200,2026-10-03,本科,枚举:GitHub高校数据集(阳光高考院校库域名+AllShoolData) 2026-10
academic:bpi.edu.cn,academic,北京电子科技职业学院,https://bpi.edu.cn/,bpi.edu.cn,probed-000,000,2026-10-03,专科·北京市,枚举:GitHub高校数据集(阳光高考院校库域名+AllShoolData) 2026-10
academic:bsctcm.cn,academic,保山中医药高等专科学校,http://bsctcm.cn/,bsctcm.cn,probed-2xx,200,2026-10-03,专科·云南省,枚举:GitHub高校数据集(阳光高考院校库域名+AllShoolData) 2026-10
academic:bsnc.cn,academic,保山学院,http://www.bsnc.cn/,bsnc.cn,probed-2xx,200,2026-10-03,本科·云南省,枚举:GitHub高校数据集(阳光高考院校库域名+AllShoolData) 2026-10
academic:bsu.edu.cn,academic,北京体育大学,http://www.bsu.edu.cn/,bsu.edu.cn,probed-5xx,502,2026-10-03,本科·北京市,枚举:GitHub高校数据集(阳光高考院校库域名+AllShoolData) 2026-10
academic:bsuc.cn,academic,百色学院,http://www.bsuc.cn/,bsuc.cn,probed-000,000,2026-10-03,本科·广西壮族自治区,枚举:GitHub高校数据集(阳光高考院校库域名+AllShoolData) 2026-10
academic:btbu.edu.cn,academic,北京工商大学,http://www.btbu.edu.cn/,btbu.edu.cn,probed-000,000,2026-10-03,本科·北京市,枚举:GitHub高校数据集(阳光高考院校库域名+AllShoolData) 2026-10
academic:btc.edu.cn,academic,新疆生产建设兵团兴新职业技术学院,http://www.btc.edu.cn/,btc.edu.cn,probed-2xx,200,2026-10-03,专科·新疆维吾尔自治区,枚举:GitHub高校数据集(阳光高考院校库域名+AllShoolData) 2026-10
academic:btmc.cn,academic,内蒙古科技大学包头医学院,http://btmc.cn/,btmc.cn,probed-000,000,2026-10-03,本科,枚举:GitHub高校数据集(阳光高考院校库域名+AllShoolData) 2026-10
academic:btqy.com.cn,academic,包头轻工职业技术学院,http://www.btqy.com.cn/,btqy.com.cn,probed-000,000,2026-10-03,专科·内蒙古自治区,枚举:GitHub高校数据集(阳光高考院校库域名+AllShoolData) 2026-10
academic:btsvc.edu.cn,academic,包头钢铁职业技术学院,http://www.btsvc.edu.cn/,btsvc.edu.cn,probed-000,000,2026-10-03,专科·内蒙古自治区·未核实,枚举:GitHub高校数据集(阳光高考院校库域名+AllShoolData) 2026-10
academic:bttc.edu.cn,academic,内蒙古科技大学包头师范学院,https://bttc.edu.cn/,bttc.edu.cn,probed-5xx,502,2026-10-03,本科,枚举:GitHub高校数据集(阳光高考院校库域名+AllShoolData) 2026-10
academic:bttzy.cn,academic,包头铁道职业技术学院,http://bttzy.cn/,bttzy.cn,probed-000,000,2026-10-03,专科·内蒙古自治区,枚举:GitHub高校数据集(阳光高考院校库域名+AllShoolData) 2026-10
academic:btvtc.cn,academic,包头职业技术学院,http://btvtc.cn/,btvtc.cn,probed-000,000,2026-10-03,专科·内蒙古自治区,枚举:GitHub高校数据集(阳光高考院校库域名+AllShoolData) 2026-10
academic:btzyxy.com.cn,academic,沧州幼儿师范高等专科学校,http://www.btzyxy.com.cn/,btzyxy.com.cn,probed-000,000,2026-10-03,专科,枚举:GitHub高校数据集(阳光高考院校库域名+AllShoolData) 2026-10
academic:bua.edu.cn,academic,北京农学院,https://www.bua.edu.cn/,bua.edu.cn,probed-2xx,200,2026-10-03,本科·北京市,枚举:GitHub高校数据集(阳光高考院校库域名+AllShoolData) 2026-10
academic:buaa.edu.cn,academic,北京航空航天大学,http://www.buaa.edu.cn/,buaa.edu.cn,probed-2xx,200,2026-10-03,本科·北京市,枚举:GitHub高校数据集(阳光高考院校库域名+AllShoolData) 2026-10
academic:bucea.edu.cn,academic,北京建筑大学,http://www.bucea.edu.cn/,bucea.edu.cn,probed-2xx,200,2026-10-03,本科·北京市,枚举:GitHub高校数据集(阳光高考院校库域名+AllShoolData) 2026-10
academic:bucm.edu.cn,academic,北京中医药大学,http://www.bucm.edu.cn/,bucm.edu.cn,probed-000,000,2026-10-03,本科·北京市,枚举:GitHub高校数据集(阳光高考院校库域名+AllShoolData) 2026-10
academic:bucmdf.edu.cn,academic,北京中医药大学东方学院,http://www.bucmdf.edu.cn,bucmdf.edu.cn,probed-000,000,2026-10-03,本科·河北省,枚举:GitHub高校数据集(阳光高考院校库域名+AllShoolData) 2026-10
academic:buct.edu.cn,academic,北京化工大学,http://www.buct.edu.cn/,buct.edu.cn,probed-2xx,200,2026-10-03,本科·北京市,枚举:GitHub高校数据集(阳光高考院校库域名+AllShoolData) 2026-10
academic:bupt.edu.cn,academic,北京邮电大学,http://www.bupt.edu.cn/,bupt.edu.cn,probed-4xx,412,2026-10-03,本科·北京市;另含:北京邮电大学(宏福校区),枚举:GitHub高校数据集(阳光高考院校库域名+AllShoolData) 2026-10
academic:buu.edu.cn,academic,北京联合大学,http://www.buu.edu.cn/,buu.edu.cn,probed-4xx,403,2026-10-03,本科·北京市,枚举:GitHub高校数据集(阳光高考院校库域名+AllShoolData) 2026-10
academic:bvca.edu.cn,academic,北京农业职业学院,http://www.bvca.edu.cn/,bvca.edu.cn,probed-000,000,2026-10-03,专科·北京市,枚举:GitHub高校数据集(阳光高考院校库域名+AllShoolData) 2026-10
academic:bvclss.cn,academic,北京劳动保障职业学院,http://www.bvclss.cn/,bvclss.cn,probed-4xx,405,2026-10-03,专科·北京市,枚举:GitHub高校数据集(阳光高考院校库域名+AllShoolData) 2026-10
academic:bvtc.com.cn,academic,保定职业技术学院,http://www.bvtc.com.cn/,bvtc.com.cn,probed-2xx,200,2026-10-03,专科·河北省,枚举:GitHub高校数据集(阳光高考院校库域名+AllShoolData) 2026-10
academic:bwgl.cn,academic,南宁理工学院,http://www.bwgl.cn,bwgl.cn,probed-2xx,200,2026-10-03,本科,枚举:GitHub高校数据集(阳光高考院校库域名+AllShoolData) 2026-10
academic:bwgl.glite.edu.cn,academic,桂林理工大学博文管理学院,http://bwgl.glite.edu.cn/,bwgl.glite.edu.cn,probed-000,000,2026-10-03,本科·广西壮族自治区·Fitch源,枚举:GitHub高校数据集(阳光高考院校库域名+AllShoolData) 2026-10
academic:bwu.edu.cn,academic,北京物资学院,http://www.bwu.edu.cn/,bwu.edu.cn,probed-2xx,200,2026-10-03,本科·北京市,枚举:GitHub高校数据集(阳光高考院校库域名+AllShoolData) 2026-10
academic:bxait.cn,academic,西安工商学院,http://www.bxait.cn/,bxait.cn,probed-2xx,200,2026-10-03,本科·陕西省,枚举:GitHub高校数据集(阳光高考院校库域名+AllShoolData) 2026-10
academic:bxxy.com,academic,保险职业学院,http://www.bxxy.com/,bxxy.com,probed-000,000,2026-10-03,专科·湖南省,枚举:GitHub高校数据集(阳光高考院校库域名+AllShoolData) 2026-10
academic:byau.edu.cn,academic,黑龙江八一农垦大学,http://www.byau.edu.cn,byau.edu.cn,probed-2xx,200,2026-10-03,本科·黑龙江省,枚举:GitHub高校数据集(阳光高考院校库域名+AllShoolData) 2026-10
academic:byhvatc.com,academic,白银希望职业技术学院,http://byhvatc.com/,byhvatc.com,probed-2xx,200,2026-10-03,专科,枚举:GitHub高校数据集(阳光高考院校库域名+AllShoolData) 2026-10
academic:bymu.cn,academic,白银矿冶职业技术学院,http://www.bymu.cn/,bymu.cn,probed-2xx,200,2026-10-03,专科·甘肃省,枚举:GitHub高校数据集(阳光高考院校库域名+AllShoolData) 2026-10
academic:bzmc.edu.cn,academic,滨州医学院,http://www.bzmc.edu.cn/,bzmc.edu.cn,probed-2xx,200,2026-10-03,本科·山东省,枚举:GitHub高校数据集(阳光高考院校库域名+AllShoolData) 2026-10
academic:bzpt.edu.cn,academic,滨州职业学院,https://bzpt.edu.cn/,bzpt.edu.cn,probed-000,000,2026-10-03,专科·山东省,枚举:GitHub高校数据集(阳光高考院校库域名+AllShoolData) 2026-10
academic:bzu.edu.cn,academic,滨州学院,http://www.bzu.edu.cn/,bzu.edu.cn,probed-2xx,200,2026-10-03,本科·山东省,枚举:GitHub高校数据集(阳光高考院校库域名+AllShoolData) 2026-10
academic:bzuu.edu.cn,academic,亳州学院,http://www.bzuu.edu.cn/,bzuu.edu.cn,probed-2xx,200,2026-10-03,本科·安徽省,枚举:GitHub高校数据集(阳光高考院校库域名+AllShoolData) 2026-10
academic:bzy.edu.cn,academic,亳州职业技术学院,https://bzy.edu.cn/,bzy.edu.cn,probed-000,000,2026-10-03,专科·安徽省,枚举:GitHub高校数据集(阳光高考院校库域名+AllShoolData) 2026-10
academic:bzzyjsxy.cn,academic,巴中职业技术学院,http://www.bzzyjsxy.cn/,bzzyjsxy.cn,probed-2xx,200,2026-10-03,专科·四川省,枚举:GitHub高校数据集(阳光高考院校库域名+AllShoolData) 2026-10
academic:caa.edu.cn,academic,中国美术学院,http://www.caa.edu.cn/,caa.edu.cn,probed-2xx,200,2026-10-03,本科·浙江省,枚举:GitHub高校数据集(阳光高考院校库域名+AllShoolData) 2026-10
academic:cafa.edu.cn,academic,中央美术学院,http://www.cafa.edu.cn/,cafa.edu.cn,probed-2xx,200,2026-10-03,本科·北京市,枚举:GitHub高校数据集(阳光高考院校库域名+AllShoolData) 2026-10
academic:cafuc.edu.cn,academic,中国民用航空飞行学院,http://www.cafuc.edu.cn/,cafuc.edu.cn,probed-2xx,200,2026-10-03,本科·四川省,枚举:GitHub高校数据集(阳光高考院校库域名+AllShoolData) 2026-10
academic:caie.edu.cn,academic,大连工业大学艺术与信息工程学院,https://caie.edu.cn/,caie.edu.cn,probed-2xx,200,2026-10-03,本科·辽宁省,枚举:GitHub高校数据集(阳光高考院校库域名+AllShoolData) 2026-10
academic:caii.edu.cn,academic,长春汽车工业高等专科学校,http://www.caii.edu.cn/,caii.edu.cn,probed-2xx,200,2026-10-03,专科·吉林省,枚举:GitHub高校数据集(阳光高考院校库域名+AllShoolData) 2026-10
academic:canvard.net.cn,academic,北京工商大学嘉华学院,http://canvard.net.cn/,canvard.net.cn,probed-000,000,2026-10-03,本科·北京市,枚举:GitHub高校数据集(阳光高考院校库域名+AllShoolData) 2026-10
academic:cap.edu.cn,academic,成都航空职业技术学院,http://www.cap.edu.cn,cap.edu.cn,probed-2xx,200,2026-10-03,专科·四川省,枚举:GitHub高校数据集(阳光高考院校库域名+AllShoolData) 2026-10
academic:caskm.cn,academic,昆明文理学院,http://caskm.cn/,caskm.cn,probed-000,000,2026-10-03,本科,枚举:GitHub高校数据集(阳光高考院校库域名+AllShoolData) 2026-10
academic:cau.edu.cn,academic,中国农业大学,http://www.cau.edu.cn/,cau.edu.cn,probed-2xx,200,2026-10-03,本科·北京市,枚举:GitHub高校数据集(阳光高考院校库域名+AllShoolData) 2026-10
academic:cauc.edu.cn,academic,中国民航大学,http://www.cauc.edu.cn/,cauc.edu.cn,probed-2xx,200,2026-10-03,本科·天津市,枚举:GitHub高校数据集(阳光高考院校库域名+AllShoolData) 2026-10
academic:cavtc.cn,academic,长沙航空职业技术学院,http://www.cavtc.cn/,cavtc.cn,probed-2xx,200,2026-10-03,专科·湖南省,枚举:GitHub高校数据集(阳光高考院校库域名+AllShoolData) 2026-10
academic:caztc.edu.cn,academic,沧州师范学院,http://www.caztc.edu.cn/,caztc.edu.cn,probed-2xx,200,2026-10-03,本科·河北省,枚举:GitHub高校数据集(阳光高考院校库域名+AllShoolData) 2026-10
academic:cbsvtc.com.cn,academic,长白山职业技术学院,http://www.cbsvtc.com.cn/,cbsvtc.com.cn,probed-2xx,200,2026-10-03,专科·吉林省,枚举:GitHub高校数据集(阳光高考院校库域名+AllShoolData) 2026-10
academic:cbyzsc.cn,academic,川北幼儿师范高等专科学校,http://www.cbyzsc.cn,cbyzsc.cn,probed-000,000,2026-10-03,专科·四川省,枚举:GitHub高校数据集(阳光高考院校库域名+AllShoolData) 2026-10
academic:cc.hebut.edu.cn,academic,河北工业大学城市学院,http://cc.hebut.edu.cn/,cc.hebut.edu.cn,probed-000,000,2026-10-03,本科·河北省·Fitch源,枚举:GitHub高校数据集(阳光高考院校库域名+AllShoolData) 2026-10
academic:ccbupt.cn,academic,北京邮电大学世纪学院,http://www.ccbupt.cn/,ccbupt.cn,probed-2xx,200,2026-10-03,本科·北京市,枚举:GitHub高校数据集(阳光高考院校库域名+AllShoolData) 2026-10
academic:ccibe.edu.cn,academic,重庆对外经贸学院,https://ccibe.edu.cn/,ccibe.edu.cn,probed-000,000,2026-10-03,本科,枚举:GitHub高校数据集(阳光高考院校库域名+AllShoolData) 2026-10
academic:ccit.edu.cn,academic,长春工程学院,http://www.ccit.edu.cn/,ccit.edu.cn,probed-2xx,200,2026-10-03,本科·吉林省,枚举:GitHub高校数据集(阳光高考院校库域名+AllShoolData) 2026-10
academic:ccit.js.cn,academic,常州信息职业技术学院,http://www.ccit.js.cn/,ccit.js.cn,probed-000,000,2026-10-03,专科·江苏省,枚举:GitHub高校数据集(阳光高考院校库域名+AllShoolData) 2026-10
academic:ccmc.edu.cn,academic,长春医学高等专科学校,https://ccmc.edu.cn/,ccmc.edu.cn,probed-000,000,2026-10-03,专科·吉林省,枚举:GitHub高校数据集(阳光高考院校库域名+AllShoolData) 2026-10
academic:ccmu.edu.cn,academic,首都医科大学,http://www.ccmu.edu.cn/,ccmu.edu.cn,probed-2xx,200,2026-10-03,本科·北京市,枚举:GitHub高校数据集(阳光高考院校库域名+AllShoolData) 2026-10
academic:ccmusic.edu.cn,academic,中国音乐学院,http://www.ccmusic.edu.cn/,ccmusic.edu.cn,probed-000,000,2026-10-03,本科·北京市,枚举:GitHub高校数据集(阳光高考院校库域名+AllShoolData) 2026-10
academic:ccniit.com,academic,成都东软学院,http://www.ccniit.com,ccniit.com,probed-2xx,200,2026-10-03,本科·四川省·未核实,枚举:GitHub高校数据集(阳光高考院校库域名+AllShoolData) 2026-10
academic:ccnu.edu.cn,academic,华中师范大学,http://www.ccnu.edu.cn/,ccnu.edu.cn,probed-2xx,200,2026-10-03,本科·湖北省,枚举:GitHub高校数据集(阳光高考院校库域名+AllShoolData) 2026-10
academic:ccom.edu.cn,academic,中央音乐学院,http://www.ccom.edu.cn/,ccom.edu.cn,probed-2xx,200,2026-10-03,本科·北京市,枚举:GitHub高校数据集(阳光高考院校库域名+AllShoolData) 2026-10
academic:ccrw.edu.cn,academic,长春人文学院,https://ccrw.edu.cn/,ccrw.edu.cn,probed-4xx,412,2026-10-03,本科,枚举:GitHub高校数据集(阳光高考院校库域名+AllShoolData) 2026-10
academic:ccsfgz.com,academic,长春师范高等专科学校,http://ccsfgz.com/,ccsfgz.com,probed-000,000,2026-10-03,专科·吉林省,枚举:GitHub高校数据集(阳光高考院校库域名+AllShoolData) 2026-10
academic:ccsfu.edu.cn,academic,长春师范大学,https://ccsfu.edu.cn/,ccsfu.edu.cn,probed-000,000,2026-10-03,本科·吉林省,枚举:GitHub高校数据集(阳光高考院校库域名+AllShoolData) 2026-10
academic:ccsu.cn,academic,长沙学院,http://www.ccsu.cn/,ccsu.cn,probed-000,000,2026-10-03,本科·湖南省,枚举:GitHub高校数据集(阳光高考院校库域名+AllShoolData) 2026-10
academic:ccswust.com.cn,academic,西南科技大学城市学院,http://www.ccswust.com.cn/,ccswust.com.cn,probed-2xx,200,2026-10-03,本科·四川省·Fitch源,枚举:GitHub高校数据集(阳光高考院校库域名+AllShoolData) 2026-10
academic:ccswust.edu.cn,academic,绵阳城市学院,http://www.ccswust.edu.cn,ccswust.edu.cn,probed-000,000,2026-10-03,本科,枚举:GitHub高校数据集(阳光高考院校库域名+AllShoolData) 2026-10
academic:cct.edu.cn,academic,曹妃甸职业技术学院,http://www.cct.edu.cn/,cct.edu.cn,probed-2xx,200,2026-10-03,专科·河北省,枚举:GitHub高校数据集(阳光高考院校库域名+AllShoolData) 2026-10
academic:ccu.edu.cn,academic,长春大学,http://www.ccu.edu.cn/,ccu.edu.cn,probed-2xx,200,2026-10-03,本科·吉林省,枚举:GitHub高校数据集(阳光高考院校库域名+AllShoolData) 2026-10
academic:ccu.edu.tw,academic,台湾中正大学,https://ccu.edu.tw/,ccu.edu.tw,probed-000,000,2026-10-03,本科·Demired源,枚举:GitHub高校数据集(阳光高考院校库域名+AllShoolData) 2026-10
academic:ccucm.edu.cn,academic,长春中医药大学,http://www.ccucm.edu.cn/,ccucm.edu.cn,probed-000,000,2026-10-03,本科·吉林省,枚举:GitHub高校数据集(阳光高考院校库域名+AllShoolData) 2026-10
academic:ccufe.edu.cn,academic,长春财经学院,https://ccufe.edu.cn/,ccufe.edu.cn,probed-000,000,2026-10-03,本科·吉林省,枚举:GitHub高校数据集(阳光高考院校库域名+AllShoolData) 2026-10
academic:ccut.edu.cn,academic,长春工业大学,http://www.ccut.edu.cn/,ccut.edu.cn,probed-2xx,200,2026-10-03,本科·吉林省,枚举:GitHub高校数据集(阳光高考院校库域名+AllShoolData) 2026-10
academic:ccutchi.edu.cn,academic,长春工业大学人文信息学院,https://ccutchi.edu.cn/,ccutchi.edu.cn,probed-000,000,2026-10-03,本科·吉林省,枚举:GitHub高校数据集(阳光高考院校库域名+AllShoolData) 2026-10
academic:ccvch.com,academic,长春健康职业学院,http://ccvch.com/,ccvch.com,probed-2xx,200,2026-10-03,专科·吉林省,枚举:GitHub高校数据集(阳光高考院校库域名+AllShoolData) 2026-10
academic:cczjxy.com,academic,长春早期教育职业学院,http://cczjxy.com/,cczjxy.com,probed-2xx,200,2026-10-03,专科·吉林省,枚举:GitHub高校数据集(阳光高考院校库域名+AllShoolData) 2026-10
academic:cczu.edu.cn,academic,常州大学,http://www.cczu.edu.cn/,cczu.edu.cn,probed-2xx,200,2026-10-03,本科·江苏省;另含:常州大学怀德学院,枚举:GitHub高校数据集(阳光高考院校库域名+AllShoolData) 2026-10
academic:cdartpro.cn,academic,成都艺术职业学院,http://www.cdartpro.cn/,cdartpro.cn,probed-2xx,200,2026-10-03,专科·成都市·Fitch源,枚举:GitHub高校数据集(阳光高考院校库域名+AllShoolData) 2026-10
academic:cdau.edu.cn,academic,成都艺术职业大学,https://cdau.edu.cn/,cdau.edu.cn,probed-000,000,2026-10-03,本科·四川省,枚举:GitHub高校数据集(阳光高考院校库域名+AllShoolData) 2026-10
academic:cdcas.edu.cn,academic,成都文理学院,http://www.cdcas.edu.cn/,cdcas.edu.cn,probed-5xx,503,2026-10-03,本科·四川省,枚举:GitHub高校数据集(阳光高考院校库域名+AllShoolData) 2026-10
academic:cdct.edu.cn,academic,承德应用技术职业学院,https://cdct.edu.cn/,cdct.edu.cn,probed-000,000,2026-10-03,专科·河北省,枚举:GitHub高校数据集(阳光高考院校库域名+AllShoolData) 2026-10
academic:cdgmxy.edu.cn,academic,成都工贸职业技术学院,https://cdgmxy.edu.cn/,cdgmxy.edu.cn,probed-000,000,2026-10-03,专科·四川省,枚举:GitHub高校数据集(阳光高考院校库域名+AllShoolData) 2026-10
academic:cdivtc.edu.cn,academic,成都工业职业技术学院,https://cdivtc.edu.cn/,cdivtc.edu.cn,probed-000,000,2026-10-03,专科·四川省,枚举:GitHub高校数据集(阳光高考院校库域名+AllShoolData) 2026-10
academic:cdmc.edu.cn,academic,承德医学院,http://www.cdmc.edu.cn/,cdmc.edu.cn,probed-2xx,200,2026-10-03,本科·河北省,枚举:GitHub高校数据集(阳光高考院校库域名+AllShoolData) 2026-10
academic:cdni.cn,academic,承德护理职业学院,http://cdni.cn/,cdni.cn,probed-000,000,2026-10-03,专科·河北省,枚举:GitHub高校数据集(阳光高考院校库域名+AllShoolData) 2026-10
academic:cdnkxy.com,academic,成都农业科技职业学院,http://www.cdnkxy.com/,cdnkxy.com,probed-2xx,200,2026-10-03,专科·四川省,枚举:GitHub高校数据集(阳光高考院校库域名+AllShoolData) 2026-10
academic:cdnu.edu.cn,academic,成都师范学院,http://www.cdnu.edu.cn/,cdnu.edu.cn,probed-2xx,200,2026-10-03,本科·四川省,枚举:GitHub高校数据集(阳光高考院校库域名+AllShoolData) 2026-10
academic:cdp.edu.cn,academic,成都职业技术学院,https://cdp.edu.cn/,cdp.edu.cn,probed-4xx,403,2026-10-03,专科·四川省,枚举:GitHub高校数据集(阳光高考院校库域名+AllShoolData) 2026-10
academic:cdpc.edu.cn,academic,河北石油职业技术大学,http://www.cdpc.edu.cn/,cdpc.edu.cn,probed-000,000,2026-10-03,专科,枚举:GitHub高校数据集(阳光高考院校库域名+AllShoolData) 2026-10
academic:cdsu.edu.cn,academic,成都体育学院,http://www.cdsu.edu.cn/,cdsu.edu.cn,probed-2xx,200,2026-10-03,本科·四川省,枚举:GitHub高校数据集(阳光高考院校库域名+AllShoolData) 2026-10
academic:cdtc.edu.cn,academic,成都纺织高等专科学校,http://www.cdtc.edu.cn/,cdtc.edu.cn,probed-000,000,2026-10-03,专科·四川省,枚举:GitHub高校数据集(阳光高考院校库域名+AllShoolData) 2026-10
academic:cdtu.edu.cn,academic,成都工业学院,http://www.cdtu.edu.cn/,cdtu.edu.cn,probed-4xx,412,2026-10-03,本科·四川省,枚举:GitHub高校数据集(阳光高考院校库域名+AllShoolData) 2026-10
academic:cdu.edu.cn,academic,成都大学,http://www.cdu.edu.cn/,cdu.edu.cn,probed-2xx,200,2026-10-03,本科·四川省,枚举:GitHub高校数据集(阳光高考院校库域名+AllShoolData) 2026-10
academic:cduestc.cn,academic,电子科技大学成都学院,http://www.cduestc.cn,cduestc.cn,probed-2xx,200,2026-10-03,本科·四川省,枚举:GitHub高校数据集(阳光高考院校库域名+AllShoolData) 2026-10
academic:cdut.edu.cn,academic,成都理工大学,http://www.cdut.edu.cn/,cdut.edu.cn,probed-4xx,412,2026-10-03,本科·四川省,枚举:GitHub高校数据集(阳光高考院校库域名+AllShoolData) 2026-10
academic:cdutcm.edu.cn,academic,成都中医药大学,http://www.cdutcm.edu.cn/,cdutcm.edu.cn,probed-2xx,200,2026-10-03,本科·四川省,枚举:GitHub高校数据集(阳光高考院校库域名+AllShoolData) 2026-10
academic:cdutetc.cn,academic,成都理工大学工程技术学院,http://www.cdutetc.cn/,cdutetc.cn,probed-2xx,200,2026-10-03,本科·四川省,枚举:GitHub高校数据集(阳光高考院校库域名+AllShoolData) 2026-10
academic:cdzy.cn,academic,常德职业技术学院,http://www.cdzy.cn/,cdzy.cn,probed-2xx,200,2026-10-03,专科·湖南省,枚举:GitHub高校数据集(阳光高考院校库域名+AllShoolData) 2026-10
academic:cfau.edu.cn,academic,外交学院,http://www.cfau.edu.cn/,cfau.edu.cn,probed-2xx,200,2026-10-03,本科·北京市,枚举:GitHub高校数据集(阳光高考院校库域名+AllShoolData) 2026-10
academic:cfgy.cn,academic,赤峰工业职业技术学院,http://cfgy.cn/,cfgy.cn,probed-4xx,403,2026-10-03,专科·内蒙古自治区,枚举:GitHub高校数据集(阳光高考院校库域名+AllShoolData) 2026-10
academic:cfri.edu.cn,academic,中国消防救援学院,https://cfri.edu.cn/,cfri.edu.cn,probed-000,000,2026-10-03,本科·北京市,枚举:GitHub高校数据集(阳光高考院校库域名+AllShoolData) 2026-10
academic:cfxy.cn,academic,赤峰学院,http://www.cfxy.cn/,cfxy.cn,probed-2xx,200,2026-10-03,本科·内蒙古自治区,枚举:GitHub高校数据集(阳光高考院校库域名+AllShoolData) 2026-10
academic:cfyyzy.cn,academic,赤峰应用技术职业学院,http://cfyyzy.cn/,cfyyzy.cn,probed-2xx,200,2026-10-03,专科·内蒙古自治区·未核实,枚举:GitHub高校数据集(阳光高考院校库域名+AllShoolData) 2026-10
academic:cfzyjsxy.com,academic,赤峰职业技术学院,http://www.cfzyjsxy.com/,cfzyjsxy.com,probed-5xx,503,2026-10-03,专科·内蒙古自治区·Fitch源,枚举:GitHub高校数据集(阳光高考院校库域名+AllShoolData) 2026-10
academic:cgu.edu.tw,academic,长庚大学,https://cgu.edu.tw/,cgu.edu.tw,probed-000,000,2026-10-03,本科·台湾省·Demired源,枚举:GitHub高校数据集(阳光高考院校库域名+AllShoolData) 2026-10
academic:changdian2001.com,academic,长春电子科技学院,http://changdian2001.com/,changdian2001.com,probed-4xx,400,2026-10-03,本科,枚举:GitHub高校数据集(阳光高考院校库域名+AllShoolData) 2026-10
academic:changqing.lzcc.edu.cn,academic,兰州财经大学长青学院,http://changqing.lzcc.edu.cn/,changqing.lzcc.edu.cn,probed-000,000,2026-10-03,本科·甘肃省·Fitch源,枚举:GitHub高校数据集(阳光高考院校库域名+AllShoolData) 2026-10
academic:chaoshan.cn,academic,潮汕职业技术学院,http://www.chaoshan.cn/,chaoshan.cn,probed-000,000,2026-10-03,专科·广东省,枚举:GitHub高校数据集(阳光高考院校库域名+AllShoolData) 2026-10
academic:chd.edu.cn,academic,长安大学,http://www.chd.edu.cn/,chd.edu.cn,probed-2xx,200,2026-10-03,本科·陕西省,枚举:GitHub高校数据集(阳光高考院校库域名+AllShoolData) 2026-10
academic:chdxhxy.com,academic,长安大学兴华学院,http://www.chdxhxy.com/,chdxhxy.com,probed-4xx,404,2026-10-03,本科·陕西省·Fitch源,枚举:GitHub高校数据集(阳光高考院校库域名+AllShoolData) 2026-10
academic:chenggong.edu.cn,academic,郑州成功财经学院,http://www.chenggong.edu.cn/,chenggong.edu.cn,probed-000,000,2026-10-03,本科·郑州市·Fitch源,枚举:GitHub高校数据集(阳光高考院校库域名+AllShoolData) 2026-10
academic:chinalco.com.cn,academic,山东铝业职业学院,http://chinalco.com.cn/,chinalco.com.cn,probed-000,000,2026-10-03,专科·山东省,枚举:GitHub高校数据集(阳光高考院校库域名+AllShoolData) 2026-10
academic:chntheatre.edu.cn,academic,中央戏剧学院,http://www.chntheatre.edu.cn/,chntheatre.edu.cn,probed-2xx,200,2026-10-03,本科·北京市,枚举:GitHub高校数据集(阳光高考院校库域名+AllShoolData) 2026-10
academic:chnu.edu.cn,academic,淮北师范大学,https://chnu.edu.cn/,chnu.edu.cn,probed-4xx,403,2026-10-03,本科·安徽省,枚举:GitHub高校数据集(阳光高考院校库域名+AllShoolData) 2026-10
academic:chsnenu.edu.cn,academic,东北师范大学人文学院,http://www.chsnenu.edu.cn/,chsnenu.edu.cn,probed-000,000,2026-10-03,本科·吉林省·Fitch源,枚举:GitHub高校数据集(阳光高考院校库域名+AllShoolData) 2026-10
academic:chu.edu.cn,academic,巢湖学院,https://chu.edu.cn/,chu.edu.cn,probed-4xx,404,2026-10-03,本科·安徽省,枚举:GitHub高校数据集(阳光高考院校库域名+AllShoolData) 2026-10
academic:chzc.edu.cn,academic,滁州职业技术学院,https://chzc.edu.cn/,chzc.edu.cn,probed-000,000,2026-10-03,专科·安徽省,枚举:GitHub高校数据集(阳光高考院校库域名+AllShoolData) 2026-10
academic:chzu.edu.cn,academic,滁州学院,http://www.chzu.edu.cn/,chzu.edu.cn,probed-2xx,200,2026-10-03,本科·安徽省,枚举:GitHub高校数据集(阳光高考院校库域名+AllShoolData) 2026-10
academic:cicp.edu.cn,academic,中央司法警官学院,http://www.cicp.edu.cn/,cicp.edu.cn,probed-2xx,200,2026-10-03,本科·河北省,枚举:GitHub高校数据集(阳光高考院校库域名+AllShoolData) 2026-10
academic:cidp.edu.cn,academic,防灾科技学院,https://cidp.edu.cn/,cidp.edu.cn,probed-4xx,403,2026-10-03,本科·河北省,枚举:GitHub高校数据集(阳光高考院校库域名+AllShoolData) 2026-10
academic:ciit.edu.cn,academic,常州工业职业技术学院,https://ciit.edu.cn/,ciit.edu.cn,probed-5xx,502,2026-10-03,专科·江苏省,枚举:GitHub高校数据集(阳光高考院校库域名+AllShoolData) 2026-10
academic:cipuc.edu.cn,academic,中国刑事警察学院,http://www.cipuc.edu.cn,cipuc.edu.cn,probed-2xx,200,2026-10-03,本科·辽宁省,枚举:GitHub高校数据集(阳光高考院校库域名+AllShoolData) 2026-10
academic:cisau.com.cn,academic,山西农业大学信息学院,http://www.cisau.com.cn/,cisau.com.cn,probed-000,000,2026-10-03,本科·山西省·Fitch源,枚举:GitHub高校数据集(阳光高考院校库域名+AllShoolData) 2026-10
academic:cisisu.edu.cn,academic,四川外国语大学成都学院,http://www.cisisu.edu.cn/,cisisu.edu.cn,probed-2xx,200,2026-10-03,本科·四川省,枚举:GitHub高校数据集(阳光高考院校库域名+AllShoolData) 2026-10
academic:citpc.edu.cn,academic,长春信息技术职业学院,http://www.citpc.edu.cn,citpc.edu.cn,probed-2xx,200,2026-10-03,专科·吉林省,枚举:GitHub高校数据集(阳光高考院校库域名+AllShoolData) 2026-10
academic:city.wust.edu.cn,academic,武汉科技大学城市学院,http://www.city.wust.edu.cn/,city.wust.edu.cn,probed-000,000,2026-10-03,本科·湖北省·Fitch源,枚举:GitHub高校数据集(阳光高考院校库域名+AllShoolData) 2026-10
academic:cityu.edu.hk,academic,香港城市大学,https://cityu.edu.hk/,cityu.edu.hk,probed-2xx,200,2026-10-03,本科·香港特别行政区·Demired源,枚举:GitHub高校数据集(阳光高考院校库域名+AllShoolData) 2026-10
academic:cj-edu.com.cn,academic,长江工程职业技术学院,http://www.cj-edu.com.cn/,cj-edu.com.cn,probed-000,000,2026-10-03,专科·湖北省,枚举:GitHub高校数据集(阳光高考院校库域名+AllShoolData) 2026-10
academic:cjc.edu.cn,academic,昌吉学院,http://www.cjc.edu.cn/,cjc.edu.cn,probed-2xx,200,2026-10-03,本科·新疆维吾尔自治区,枚举:GitHub高校数据集(阳光高考院校库域名+AllShoolData) 2026-10
academic:cjchuanxi.com,academic,长江艺术工程职业学院,http://cjchuanxi.com/,cjchuanxi.com,probed-2xx,200,2026-10-03,专科·湖北省,枚举:GitHub高校数据集(阳光高考院校库域名+AllShoolData) 2026-10
academic:cjcu.edu.tw,academic,常荣大学,https://cjcu.edu.tw/,cjcu.edu.tw,probed-000,000,2026-10-03,本科·Demired源,枚举:GitHub高校数据集(阳光高考院校库域名+AllShoolData) 2026-10
academic:cjgz.edu.cn,academic,长春金融高等专科学校,http://www.cjgz.edu.cn/,cjgz.edu.cn,probed-2xx,200,2026-10-03,专科·吉林省,枚举:GitHub高校数据集(阳光高考院校库域名+AllShoolData) 2026-10
academic:cjlu.edu.cn,academic,中国计量大学,http://www.cjlu.edu.cn/,cjlu.edu.cn,probed-4xx,412,2026-10-03,本科·浙江省;另含:中国计量大学现代科技学院,枚举:GitHub高校数据集(阳光高考院校库域名+AllShoolData) 2026-10
academic:cjpt.edu.cn,academic,昌吉职业技术学院,https://cjpt.edu.cn/,cjpt.edu.cn,probed-2xx,200,2026-10-03,专科·新疆维吾尔自治区,枚举:GitHub高校数据集(阳光高考院校库域名+AllShoolData) 2026-10
academic:cjxy.edu.cn,academic,长江职业学院,http://www.cjxy.edu.cn/,cjxy.edu.cn,probed-000,000,2026-10-03,专科·湖北省,枚举:GitHub高校数据集(阳光高考院校库域名+AllShoolData) 2026-10
academic:cmc.edu.cn,academic,成都医学院,http://www.cmc.edu.cn/,cmc.edu.cn,probed-2xx,200,2026-10-03,本科·四川省,枚举:GitHub高校数据集(阳光高考院校库域名+AllShoolData) 2026-10
academic:cmu.edu.cn,academic,中国医科大学,http://www.cmu.edu.cn/,cmu.edu.cn,probed-2xx,200,2026-10-03,本科·辽宁省,枚举:GitHub高校数据集(阳光高考院校库域名+AllShoolData) 2026-10
academic:cmu.edu.tw,academic,台湾中国大学,https://cmu.edu.tw/,cmu.edu.tw,probed-2xx,200,2026-10-03,本科·Demired源,枚举:GitHub高校数据集(阳光高考院校库域名+AllShoolData) 2026-10
academic:cndffc.com,academic,广西外国语学院,http://cndffc.com/,cndffc.com,probed-4xx,403,2026-10-03,本科·广西壮族自治区,枚举:GitHub高校数据集(阳光高考院校库域名+AllShoolData) 2026-10
academic:cnsnvc.edu.cn,academic,四川护理职业学院,https://cnsnvc.edu.cn/,cnsnvc.edu.cn,probed-000,000,2026-10-03,专科·四川省,枚举:GitHub高校数据集(阳光高考院校库域名+AllShoolData) 2026-10
academic:cntcvc.com,academic,太原城市职业技术学院,http://www.cntcvc.com/,cntcvc.com,probed-2xx,200,2026-10-03,专科·山西省,枚举:GitHub高校数据集(阳光高考院校库域名+AllShoolData) 2026-10
academic:cnu.edu.cn,academic,首都师范大学,http://www.cnu.edu.cn/,cnu.edu.cn,probed-2xx,200,2026-10-03,本科·北京市,枚举:GitHub高校数据集(阳光高考院校库域名+AllShoolData) 2026-10
academic:cnyz.edu.cn,academic,川南幼儿师范高等专科学校,http://www.cnyz.edu.cn,cnyz.edu.cn,probed-2xx,200,2026-10-03,专科·四川省,枚举:GitHub高校数据集(阳光高考院校库域名+AllShoolData) 2026-10
academic:cppu.edu.cn,academic,中国人民警察大学,https://cppu.edu.cn/,cppu.edu.cn,probed-000,000,2026-10-03,本科·河北省,枚举:GitHub高校数据集(阳光高考院校库域名+AllShoolData) 2026-10
academic:cpu.edu.cn,academic,中国药科大学,http://www.cpu.edu.cn/,cpu.edu.cn,probed-2xx,200,2026-10-03,本科·江苏省,枚举:GitHub高校数据集(阳光高考院校库域名+AllShoolData) 2026-10
academic:cqai.vip,academic,重庆智能工程职业学院,http://cqai.vip/,cqai.vip,probed-2xx,200,2026-10-03,专科·重庆市,枚举:GitHub高校数据集(阳光高考院校库域名+AllShoolData) 2026-10
academic:cqbvc.edu.cn,academic,重庆商务职业学院,https://cqbvc.edu.cn/,cqbvc.edu.cn,probed-000,000,2026-10-03,专科·重庆市,枚举:GitHub高校数据集(阳光高考院校库域名+AllShoolData) 2026-10
academic:cqbyxy.com,academic,重庆房地产职业学院,http://www.cqbyxy.com/,cqbyxy.com,probed-000,000,2026-10-03,专科·重庆市·Fitch源,枚举:GitHub高校数据集(阳光高考院校库域名+AllShoolData) 2026-10
academic:cqca.edu.cn,academic,重庆文化艺术职业学院,https://cqca.edu.cn/,cqca.edu.cn,probed-2xx,200,2026-10-03,专科·重庆市,枚举:GitHub高校数据集(阳光高考院校库域名+AllShoolData) 2026-10
academic:cqcet.edu.cn,academic,重庆电子工程职业学院,http://www.cqcet.edu.cn,cqcet.edu.cn,probed-2xx,200,2026-10-03,专科·重庆市,枚举:GitHub高校数据集(阳光高考院校库域名+AllShoolData) 2026-10
academic:cqcfe.com,academic,重庆财经职业学院,http://www.cqcfe.com/,cqcfe.com,probed-4xx,403,2026-10-03,专科·重庆市,枚举:GitHub高校数据集(阳光高考院校库域名+AllShoolData) 2026-10
academic:cqcivc.edu.cn,academic,重庆化工职业学院,https://cqcivc.edu.cn/,cqcivc.edu.cn,probed-000,000,2026-10-03,专科·重庆市,枚举:GitHub高校数据集(阳光高考院校库域名+AllShoolData) 2026-10
academic:cqcmxy.com,academic,重庆传媒职业学院,http://www.cqcmxy.com/,cqcmxy.com,probed-2xx,200,2026-10-03,专科·重庆市,枚举:GitHub高校数据集(阳光高考院校库域名+AllShoolData) 2026-10
academic:cqcvc.edu.cn,academic,重庆城市职业学院,https://cqcvc.edu.cn/,cqcvc.edu.cn,probed-000,000,2026-10-03,专科·重庆市,枚举:GitHub高校数据集(阳光高考院校库域名+AllShoolData) 2026-10
academic:cqdxxy.edu.cn,academic,重庆电讯职业学院,https://cqdxxy.edu.cn/,cqdxxy.edu.cn,probed-000,000,2026-10-03,专科·重庆市,枚举:GitHub高校数据集(阳光高考院校库域名+AllShoolData) 2026-10
academic:cqeec.com,academic,重庆信息技术职业学院,http://www.cqeec.com/,cqeec.com,probed-2xx,200,2026-10-03,专科·重庆市,枚举:GitHub高校数据集(阳光高考院校库域名+AllShoolData) 2026-10
academic:cqepc.cn,academic,重庆航天职业技术学院,http://www.cqepc.cn/,cqepc.cn,probed-000,000,2026-10-03,专科·重庆市,枚举:GitHub高校数据集(阳光高考院校库域名+AllShoolData) 2026-10
academic:cqepc.com.cn,academic,重庆电力高等专科学校,http://www.cqepc.com.cn/,cqepc.com.cn,probed-2xx,200,2026-10-03,专科·重庆市,枚举:GitHub高校数据集(阳光高考院校库域名+AllShoolData) 2026-10
academic:cqevi.net.cn,academic,重庆机电职业技术学院,http://www.cqevi.net.cn/,cqevi.net.cn,probed-000,000,2026-10-03,专科·重庆市·Fitch源,枚举:GitHub高校数据集(阳光高考院校库域名+AllShoolData) 2026-10
academic:cqgmy.cn,academic,重庆工贸职业技术学院,http://www.cqgmy.cn/,cqgmy.cn,probed-2xx,200,2026-10-03,专科·重庆市,枚举:GitHub高校数据集(阳光高考院校库域名+AllShoolData) 2026-10
academic:cqgyzy.com,academic,重庆公共运输职业学院,http://www.cqgyzy.com/,cqgyzy.com,probed-2xx,200,2026-10-03,专科·重庆市,枚举:GitHub高校数据集(阳光高考院校库域名+AllShoolData) 2026-10
academic:cqhve.cn,academic,重庆健康职业学院,http://cqhve.cn/,cqhve.cn,probed-000,000,2026-10-03,专科·重庆市,枚举:GitHub高校数据集(阳光高考院校库域名+AllShoolData) 2026-10
academic:cqie.cn,academic,重庆科创职业学院,http://www.cqie.cn/,cqie.cn,probed-000,000,2026-10-03,专科·重庆市,枚举:GitHub高校数据集(阳光高考院校库域名+AllShoolData) 2026-10
academic:cqie.edu.cn,academic,重庆工程学院,http://www.cqie.edu.cn,cqie.edu.cn,probed-2xx,200,2026-10-03,本科·重庆市,枚举:GitHub高校数据集(阳光高考院校库域名+AllShoolData) 2026-10
academic:cqip.com.cn,academic,重庆理工职业学院,http://cqip.com.cn/,cqip.com.cn,probed-2xx,200,2026-10-03,专科·重庆市,枚举:GitHub高校数据集(阳光高考院校库域名+AllShoolData) 2026-10
academic:cqipc.edu.cn,academic,重庆工业职业技术学院,https://cqipc.edu.cn/,cqipc.edu.cn,probed-000,000,2026-10-03,专科·重庆市,枚举:GitHub高校数据集(阳光高考院校库域名+AllShoolData) 2026-10
academic:cqiss.com,academic,重庆工信职业学院,http://cqiss.com/,cqiss.com,probed-000,000,2026-10-03,专科,枚举:GitHub高校数据集(阳光高考院校库域名+AllShoolData) 2026-10
academic:cqivc.com,academic,重庆轻工职业学院,http://www.cqivc.com/,cqivc.com,probed-000,000,2026-10-03,专科·重庆市,枚举:GitHub高校数据集(阳光高考院校库域名+AllShoolData) 2026-10
academic:cqjtu.edu.cn,academic,重庆交通大学,http://www.cqjtu.edu.cn/,cqjtu.edu.cn,probed-2xx,200,2026-10-03,本科·重庆市,枚举:GitHub高校数据集(阳光高考院校库域名+AllShoolData) 2026-10
academic:cqjy.edu.cn,academic,重庆交通职业学院,http://www.cqjy.edu.cn,cqjy.edu.cn,probed-000,000,2026-10-03,专科·重庆市,枚举:GitHub高校数据集(阳光高考院校库域名+AllShoolData) 2026-10
academic:cqjzc.edu.cn,academic,重庆建筑工程职业学院,https://cqjzc.edu.cn/,cqjzc.edu.cn,probed-000,000,2026-10-03,专科·重庆市,枚举:GitHub高校数据集(阳光高考院校库域名+AllShoolData) 2026-10
academic:cqkjzyxy.com,academic,重庆科技职业学院,http://www.cqkjzyxy.com,cqkjzyxy.com,probed-2xx,200,2026-10-03,专科·重庆市,枚举:GitHub高校数据集(阳光高考院校库域名+AllShoolData) 2026-10
academic:cqmu.edu.cn,academic,重庆医科大学,http://www.cqmu.edu.cn/,cqmu.edu.cn,probed-4xx,403,2026-10-03,本科·重庆市,枚举:GitHub高校数据集(阳光高考院校库域名+AllShoolData) 2026-10
academic:cqnu.edu.cn,academic,重庆师范大学,http://www.cqnu.edu.cn/,cqnu.edu.cn,probed-2xx,200,2026-10-03,本科·重庆市,枚举:GitHub高校数据集(阳光高考院校库域名+AllShoolData) 2026-10
academic:cqnvc.com,academic,重庆护理职业学院,http://cqnvc.com/,cqnvc.com,probed-2xx,200,2026-10-03,专科·重庆市,枚举:GitHub高校数据集(阳光高考院校库域名+AllShoolData) 2026-10
academic:cqny.edu.cn,academic,重庆能源职业学院,http://www.cqny.edu.cn,cqny.edu.cn,probed-000,000,2026-10-03,专科·重庆市,枚举:GitHub高校数据集(阳光高考院校库域名+AllShoolData) 2026-10
academic:cqpc.edu.cn,academic,重庆警察学院,https://cqpc.edu.cn/,cqpc.edu.cn,probed-2xx,200,2026-10-03,本科·重庆市,枚举:GitHub高校数据集(阳光高考院校库域名+AllShoolData) 2026-10
academic:cqrec.edu.cn,academic,重庆建筑科技职业学院,https://cqrec.edu.cn/,cqrec.edu.cn,probed-2xx,200,2026-10-03,专科·重庆市,枚举:GitHub高校数据集(阳光高考院校库域名+AllShoolData) 2026-10
academic:cqrk.edu.cn,academic,重庆人文科技学院,http://www.cqrk.edu.cn,cqrk.edu.cn,probed-2xx,200,2026-10-03,本科·重庆市,枚举:GitHub高校数据集(阳光高考院校库域名+AllShoolData) 2026-10
academic:cqrz.edu.cn,academic,重庆财经学院,http://www.cqrz.edu.cn,cqrz.edu.cn,probed-000,000,2026-10-03,本科,枚举:GitHub高校数据集(阳光高考院校库域名+AllShoolData) 2026-10
academic:cqrzedu.cn,academic,重庆工商大学融智学院,http://www.cqrzedu.cn/,cqrzedu.cn,probed-000,000,2026-10-03,本科·重庆市·Fitch源,枚举:GitHub高校数据集(阳光高考院校库域名+AllShoolData) 2026-10
academic:cqsdzy.com,academic,重庆水利电力职业技术学院,http://www.cqsdzy.com/,cqsdzy.com,probed-000,000,2026-10-03,专科·重庆市·未核实,枚举:GitHub高校数据集(阳光高考院校库域名+AllShoolData) 2026-10
academic:cqsxedu.com,academic,重庆三峡职业学院,http://www.cqsxedu.com/,cqsxedu.com,probed-2xx,200,2026-10-03,专科·重庆市,枚举:GitHub高校数据集(阳光高考院校库域名+AllShoolData) 2026-10
academic:cqtbi.edu.cn,academic,重庆工商职业学院,http://www.cqtbi.edu.cn/,cqtbi.edu.cn,probed-2xx,200,2026-10-03,专科·重庆市,枚举:GitHub高校数据集(阳光高考院校库域名+AllShoolData) 2026-10
academic:cqtc.edu.cn,academic,重庆电信职业学院,https://cqtc.edu.cn/,cqtc.edu.cn,probed-000,000,2026-10-03,专科·重庆市,枚举:GitHub高校数据集(阳光高考院校库域名+AllShoolData) 2026-10
academic:cqu.edu.cn,academic,重庆大学,http://www.cqu.edu.cn/,cqu.edu.cn,probed-2xx,200,2026-10-03,本科·重庆市,枚举:GitHub高校数据集(阳光高考院校库域名+AllShoolData) 2026-10
academic:cqucc.com.cn,academic,重庆城市科技学院,http://www.cqucc.com.cn/,cqucc.com.cn,probed-000,000,2026-10-03,本科·未核实,枚举:GitHub高校数据集(阳光高考院校库域名+AllShoolData) 2026-10
academic:cque.edu.cn,academic,重庆第二师范学院,http://www.cque.edu.cn/,cque.edu.cn,probed-2xx,200,2026-10-03,本科·重庆市,枚举:GitHub高校数据集(阳光高考院校库域名+AllShoolData) 2026-10
academic:cqupt.edu.cn,academic,重庆邮电大学,http://www.cqupt.edu.cn/,cqupt.edu.cn,probed-2xx,200,2026-10-03,本科·重庆市,枚举:GitHub高校数据集(阳光高考院校库域名+AllShoolData) 2026-10
academic:cqust.edu.cn,academic,重庆科技学院,http://www.cqust.edu.cn/,cqust.edu.cn,probed-2xx,200,2026-10-03,本科·重庆市,枚举:GitHub高校数据集(阳光高考院校库域名+AllShoolData) 2026-10
academic:cqut.edu.cn,academic,重庆理工大学,http://www.cqut.edu.cn/,cqut.edu.cn,probed-2xx,202,2026-10-03,本科·重庆市,枚举:GitHub高校数据集(阳光高考院校库域名+AllShoolData) 2026-10
academic:cqvcet.com,academic,重庆经贸职业学院,http://www.cqvcet.com/,cqvcet.com,probed-2xx,200,2026-10-03,专科·重庆市,枚举:GitHub高校数据集(阳光高考院校库域名+AllShoolData) 2026-10
academic:cqvie.edu.cn,academic,重庆工程职业技术学院,http://www.cqvie.edu.cn/,cqvie.edu.cn,probed-000,000,2026-10-03,专科·重庆市,枚举:GitHub高校数据集(阳光高考院校库域名+AllShoolData) 2026-10
academic:cqvist.net,academic,重庆安全技术职业学院,http://www.cqvist.net/,cqvist.net,probed-2xx,200,2026-10-03,专科·重庆市,枚举:GitHub高校数据集(阳光高考院校库域名+AllShoolData) 2026-10
academic:cqvit.edu.cn,academic,重庆旅游职业学院,https://cqvit.edu.cn/,cqvit.edu.cn,probed-000,000,2026-10-03,专科·重庆市,枚举:GitHub高校数据集(阳光高考院校库域名+AllShoolData) 2026-10
academic:cqvtu.edu.cn,academic,重庆机电职业技术大学,https://cqvtu.edu.cn/,cqvtu.edu.cn,probed-2xx,200,2026-10-03,本科·重庆市,枚举:GitHub高校数据集(阳光高考院校库域名+AllShoolData) 2026-10
academic:cqwu.edu.cn,academic,重庆文理学院,https://cqwu.edu.cn/,cqwu.edu.cn,probed-000,000,2026-10-03,本科·重庆市,枚举:GitHub高校数据集(阳光高考院校库域名+AllShoolData) 2026-10
academic:cqysxy.com,academic,重庆艺术工程职业学院,http://www.cqysxy.com/,cqysxy.com,probed-2xx,200,2026-10-03,专科·重庆市,枚举:GitHub高校数据集(阳光高考院校库域名+AllShoolData) 2026-10
academic:cqyti.com,academic,重庆移通学院,http://www.cqyti.com/,cqyti.com,probed-2xx,200,2026-10-03,本科,枚举:GitHub高校数据集(阳光高考院校库域名+AllShoolData) 2026-10
academic:cqyu.edu.cn,academic,重庆青年职业技术学院,http://www.cqyu.edu.cn,cqyu.edu.cn,probed-2xx,200,2026-10-03,专科·重庆市,枚举:GitHub高校数据集(阳光高考院校库域名+AllShoolData) 2026-10
academic:cqyygz.com,academic,重庆医药高等专科学校,http://www.cqyygz.com/,cqyygz.com,probed-2xx,200,2026-10-03,专科·重庆市,枚举:GitHub高校数据集(阳光高考院校库域名+AllShoolData) 2026-10
academic:cqyyzy.com,academic,重庆应用技术职业学院,http://www.cqyyzy.com,cqyyzy.com,probed-2xx,200,2026-10-03,专科·重庆市,枚举:GitHub高校数据集(阳光高考院校库域名+AllShoolData) 2026-10
academic:cqyz.edu.cn,academic,重庆幼儿师范高等专科学校,https://cqyz.edu.cn/,cqyz.edu.cn,probed-2xx,200,2026-10-03,专科·重庆市,枚举:GitHub高校数据集(阳光高考院校库域名+AllShoolData) 2026-10
academic:cqzhxy.cn,academic,重庆资源与环境保护职业学院,http://www.cqzhxy.cn,cqzhxy.cn,probed-2xx,200,2026-10-03,专科·重庆市·未核实,枚举:GitHub高校数据集(阳光高考院校库域名+AllShoolData) 2026-10
academic:cseptc.net,academic,长沙电力职业技术学院,http://www.cseptc.net/,cseptc.net,probed-2xx,200,2026-10-03,专科·湖南省,枚举:GitHub高校数据集(阳光高考院校库域名+AllShoolData) 2026-10
academic:csgedu.cn,academic,贵州电力职业技术学院,http://www.csgedu.cn/,csgedu.cn,probed-4xx,403,2026-10-03,专科·贵州省·Fitch源,枚举:GitHub高校数据集(阳光高考院校库域名+AllShoolData) 2026-10
academic:csiic.edu.cn,academic,陕西国际商贸学院,https://csiic.edu.cn/,csiic.edu.cn,probed-000,000,2026-10-03,本科·陕西省,枚举:GitHub高校数据集(阳光高考院校库域名+AllShoolData) 2026-10
academic:csit.edu.cn,academic,苏州健雄职业技术学院,https://csit.edu.cn/,csit.edu.cn,probed-4xx,404,2026-10-03,专科·江苏省,枚举:GitHub高校数据集(阳光高考院校库域名+AllShoolData) 2026-10
academic:cslg.edu.cn,academic,常熟理工学院,https://cslg.edu.cn/,cslg.edu.cn,probed-2xx,200,2026-10-03,本科·江苏省,枚举:GitHub高校数据集(阳光高考院校库域名+AllShoolData) 2026-10
academic:csmu.edu.cn,academic,长沙医学院,http://www.csmu.edu.cn/,csmu.edu.cn,probed-2xx,200,2026-10-03,本科·湖南省,枚举:GitHub高校数据集(阳光高考院校库域名+AllShoolData) 2026-10
academic:csmu.edu.tw,academic,中山医学大学,https://csmu.edu.tw/,csmu.edu.tw,probed-000,000,2026-10-03,本科·台湾省·Demired源,枚举:GitHub高校数据集(阳光高考院校库域名+AllShoolData) 2026-10
academic:csmzxy.edu.cn,academic,长沙民政职业技术学院,https://csmzxy.edu.cn/,csmzxy.edu.cn,probed-2xx,200,2026-10-03,专科·湖南省,枚举:GitHub高校数据集(阳光高考院校库域名+AllShoolData) 2026-10
academic:csoei.com,academic,长春理工大学光电信息学院,http://www.csoei.com/,csoei.com,probed-000,000,2026-10-03,本科·吉林省·Fitch源,枚举:GitHub高校数据集(阳光高考院校库域名+AllShoolData) 2026-10
academic:cssf.cn,academic,长沙师范学院,http://www.cssf.cn/,cssf.cn,probed-2xx,200,2026-10-03,本科·湖南省,枚举:GitHub高校数据集(阳光高考院校库域名+AllShoolData) 2026-10
academic:cst.gzu.edu.cn,academic,贵州大学科技学院,http://cst.gzu.edu.cn/,cst.gzu.edu.cn,probed-000,000,2026-10-03,本科·贵州省·Fitch源,枚举:GitHub高校数据集(阳光高考院校库域名+AllShoolData) 2026-10
academic:csttc.cn,academic,湖南税务高等专科学校,http://www.csttc.cn/,csttc.cn,probed-000,000,2026-10-03,专科·湖南省·Fitch源,枚举:GitHub高校数据集(阳光高考院校库域名+AllShoolData) 2026-10
academic:cstu.edu.cn,academic,长春科技学院,https://cstu.edu.cn/,cstu.edu.cn,probed-2xx,200,2026-10-03,本科·吉林省,枚举:GitHub高校数据集(阳光高考院校库域名+AllShoolData) 2026-10
academic:csu.edu.cn,academic,中南大学,http://www.csu.edu.cn/,csu.edu.cn,probed-2xx,200,2026-10-03,本科·湖南省,枚举:GitHub高校数据集(阳光高考院校库域名+AllShoolData) 2026-10
academic:csuedu.com,academic,北京经贸职业学院,http://www.csuedu.com/,csuedu.com,probed-000,000,2026-10-03,专科·北京市,枚举:GitHub高校数据集(阳光高考院校库域名+AllShoolData) 2026-10
academic:csuft.edu.cn,academic,中南林业科技大学,https://www.csuft.edu.cn/,csuft.edu.cn,probed-2xx,200,2026-10-03,本科·湖南省;另含:中南林业科技大学涉外学院,枚举:GitHub高校数据集(阳光高考院校库域名+AllShoolData) 2026-10
academic:csust.edu.cn,academic,长沙理工大学,http://www.csust.edu.cn/,csust.edu.cn,probed-2xx,200,2026-10-03,本科·湖南省;另含:长沙理工大学城南学院,枚举:GitHub高校数据集(阳光高考院校库域名+AllShoolData) 2026-10
academic:cswszy.com,academic,长沙卫生职业学院,http://www.cswszy.com/,cswszy.com,probed-2xx,200,2026-10-03,专科·湖南省,枚举:GitHub高校数据集(阳光高考院校库域名+AllShoolData) 2026-10
academic:cswu.cn,academic,重庆城市管理职业学院,http://www.cswu.cn/,cswu.cn,probed-2xx,200,2026-10-03,专科·重庆市,枚举:GitHub高校数据集(阳光高考院校库域名+AllShoolData) 2026-10
academic:csxy.dgut.edu.cn,academic,东莞理工学院城市学院,http://csxy.dgut.edu.cn/,csxy.dgut.edu.cn,probed-2xx,200,2026-10-03,本科·广东省·Fitch源,枚举:GitHub高校数据集(阳光高考院校库域名+AllShoolData) 2026-10
academic:csysgz.com,academic,长沙幼儿师范高等专科学校,http://csysgz.com/,csysgz.com,probed-4xx,403,2026-10-03,专科·湖南省,枚举:GitHub高校数据集(阳光高考院校库域名+AllShoolData) 2026-10
academic:cszyedu.cn,academic,长沙职业技术学院,http://www.cszyedu.cn/,cszyedu.cn,probed-2xx,200,2026-10-03,专科·湖南省,枚举:GitHub高校数据集(阳光高考院校库域名+AllShoolData) 2026-10
academic:ctbu.edu.cn,academic,重庆工商大学,http://www.ctbu.edu.cn/,ctbu.edu.cn,probed-2xx,200,2026-10-03,本科·重庆市,枚举:GitHub高校数据集(阳光高考院校库域名+AllShoolData) 2026-10
academic:ctgu.edu.cn,academic,三峡大学,http://www.ctgu.edu.cn/,ctgu.edu.cn,probed-2xx,200,2026-10-03,本科·湖北省;另含:三峡大学科技学院,枚举:GitHub高校数据集(阳光高考院校库域名+AllShoolData) 2026-10
academic:cua.edu.cn,academic,安徽城市管理职业学院,https://cua.edu.cn/,cua.edu.cn,probed-000,000,2026-10-03,专科·安徽省,枚举:GitHub高校数据集(阳光高考院校库域名+AllShoolData) 2026-10
academic:cuc.edu.cn,academic,中国传媒大学,http://www.cuc.edu.cn/,cuc.edu.cn,probed-2xx,200,2026-10-03,本科·北京市,枚举:GitHub高校数据集(阳光高考院校库域名+AllShoolData) 2026-10
academic:cucn.edu.cn,academic,南京传媒学院,http://www.cucn.edu.cn/,cucn.edu.cn,probed-2xx,200,2026-10-03,本科·江苏省,枚举:GitHub高校数据集(阳光高考院校库域名+AllShoolData) 2026-10
academic:cueb.edu.cn,academic,首都经济贸易大学,http://www.cueb.edu.cn/,cueb.edu.cn,probed-2xx,200,2026-10-03,本科·北京市,枚举:GitHub高校数据集(阳光高考院校库域名+AllShoolData) 2026-10
academic:cufe.edu.cn,academic,中央财经大学,http://www.cufe.edu.cn/,cufe.edu.cn,probed-2xx,200,2026-10-03,本科·北京市,枚举:GitHub高校数据集(阳光高考院校库域名+AllShoolData) 2026-10
academic:cug.edu.cn,academic,中国地质大学(武汉),http://www.cug.edu.cn/,cug.edu.cn,probed-2xx,200,2026-10-03,本科·湖北省,枚举:GitHub高校数据集(阳光高考院校库域名+AllShoolData) 2026-10
academic:cugb.edu.cn,academic,中国地质大学(北京),http://www.cugb.edu.cn/,cugb.edu.cn,probed-2xx,200,2026-10-03,本科·北京市,枚举:GitHub高校数据集(阳光高考院校库域名+AllShoolData) 2026-10
academic:cuggw.com,academic,保定理工学院,http://www.cuggw.com/,cuggw.com,probed-2xx,200,2026-10-03,本科·河北省,枚举:GitHub高校数据集(阳光高考院校库域名+AllShoolData) 2026-10
academic:cuhf.edu.cn,academic,合肥城市学院,https://cuhf.edu.cn/,cuhf.edu.cn,probed-000,000,2026-10-03,本科,枚举:GitHub高校数据集(阳光高考院校库域名+AllShoolData) 2026-10
academic:cuhk.edu.cn,academic,香港中文大学(深圳),http://www.cuhk.edu.cn/,cuhk.edu.cn,probed-2xx,200,2026-10-03,本科·广东省,枚举:GitHub高校数据集(阳光高考院校库域名+AllShoolData) 2026-10
academic:cuhk.edu.hk,academic,香港中文大学,https://cuhk.edu.hk/,cuhk.edu.hk,probed-2xx,200,2026-10-03,本科·香港特别行政区·Demired源,枚举:GitHub高校数据集(阳光高考院校库域名+AllShoolData) 2026-10
academic:cuit.edu.cn,academic,成都信息工程大学,http://www.cuit.edu.cn/,cuit.edu.cn,probed-2xx,200,2026-10-03,本科·四川省,枚举:GitHub高校数据集(阳光高考院校库域名+AllShoolData) 2026-10
academic:culr.edu.cn,academic,中国劳动关系学院,http://www.culr.edu.cn,culr.edu.cn,probed-000,000,2026-10-03,本科·北京市,枚举:GitHub高校数据集(阳光高考院校库域名+AllShoolData) 2026-10
academic:cumt.edu.cn,academic,中国矿业大学,http://www.cumt.edu.cn/,cumt.edu.cn,probed-2xx,200,2026-10-03,本科·江苏省;另含:中国矿业大学徐海学院,枚举:GitHub高校数据集(阳光高考院校库域名+AllShoolData) 2026-10
academic:cumtb.edu.cn,academic,中国矿业大学(北京),http://www.cumtb.edu.cn/,cumtb.edu.cn,probed-2xx,200,2026-10-03,本科·北京市,枚举:GitHub高校数据集(阳光高考院校库域名+AllShoolData) 2026-10
academic:cumtyc.com.cn,academic,中国矿业大学银川学院,http://www.cumtyc.com.cn/,cumtyc.com.cn,probed-000,000,2026-10-03,本科·宁夏回族自治区·Fitch源,枚举:GitHub高校数据集(阳光高考院校库域名+AllShoolData) 2026-10
academic:cup.edu.cn,academic,中国石油大学(北京),http://www.cup.edu.cn/,cup.edu.cn,probed-2xx,200,2026-10-03,本科·北京市,枚举:GitHub高校数据集(阳光高考院校库域名+AllShoolData) 2026-10
academic:cupes.edu.cn,academic,首都体育学院,http://www.cupes.edu.cn/,cupes.edu.cn,probed-2xx,200,2026-10-03,本科·北京市,枚举:GitHub高校数据集(阳光高考院校库域名+AllShoolData) 2026-10
academic:cupk.edu.cn,academic,中国石油大学(北京)克拉玛依校区,https://cupk.edu.cn/,cupk.edu.cn,probed-2xx,200,2026-10-03,本科,枚举:GitHub高校数据集(阳光高考院校库域名+AllShoolData) 2026-10
academic:cupl.edu.cn,academic,中国政法大学,http://www.cupl.edu.cn/,cupl.edu.cn,probed-2xx,200,2026-10-03,本科·北京市,枚举:GitHub高校数据集(阳光高考院校库域名+AllShoolData) 2026-10
academic:cust.edu.cn,academic,长春理工大学,http://www.cust.edu.cn/,cust.edu.cn,probed-2xx,200,2026-10-03,本科·吉林省,枚举:GitHub高校数据集(阳光高考院校库域名+AllShoolData) 2026-10
academic:cusx.edu.cn,academic,山西传媒学院,https://cusx.edu.cn/,cusx.edu.cn,probed-000,000,2026-10-03,本科·山西省,枚举:GitHub高校数据集(阳光高考院校库域名+AllShoolData) 2026-10
academic:cute.edu.tw,academic,中国科技大学（台湾）,https://cute.edu.tw/,cute.edu.tw,probed-2xx,200,2026-10-03,本科·Demired源,枚举:GitHub高校数据集(阳光高考院校库域名+AllShoolData) 2026-10
academic:cuz.edu.cn,academic,浙江传媒学院,https://cuz.edu.cn/,cuz.edu.cn,probed-000,000,2026-10-03,本科·浙江省,枚举:GitHub高校数据集(阳光高考院校库域名+AllShoolData) 2026-10
academic:cvit.edu.cn,academic,长春职业技术学院,https://cvit.edu.cn/,cvit.edu.cn,probed-2xx,200,2026-10-03,专科·吉林省,枚举:GitHub高校数据集(阳光高考院校库域名+AllShoolData) 2026-10
academic:cwnu.edu.cn,academic,西华师范大学,http://www.cwnu.edu.cn/,cwnu.edu.cn,probed-2xx,200,2026-10-03,本科·四川省,枚举:GitHub高校数据集(阳光高考院校库域名+AllShoolData) 2026-10
academic:cwu.edu.cn,academic,中华女子学院,http://www.cwu.edu.cn/,cwu.edu.cn,probed-2xx,200,2026-10-03,本科·北京市,枚举:GitHub高校数据集(阳光高考院校库域名+AllShoolData) 2026-10
academic:cwxu.edu.cn,academic,无锡学院,https://cwxu.edu.cn/,cwxu.edu.cn,probed-000,000,2026-10-03,本科,枚举:GitHub高校数据集(阳光高考院校库域名+AllShoolData) 2026-10
academic:cxmtc.net,academic,楚雄医药高等专科学校,http://www.cxmtc.net/,cxmtc.net,probed-2xx,200,2026-10-03,专科·云南省,枚举:GitHub高校数据集(阳光高考院校库域名+AllShoolData) 2026-10
academic:cxtc.edu.cn,academic,楚雄师范学院,http://www.cxtc.edu.cn,cxtc.edu.cn,probed-000,000,2026-10-03,本科·云南省,枚举:GitHub高校数据集(阳光高考院校库域名+AllShoolData) 2026-10
academic:cycu.edu.tw,academic,中原大学,https://cycu.edu.tw/,cycu.edu.tw,probed-2xx,200,2026-10-03,本科·台湾省·Demired源,枚举:GitHub高校数据集(阳光高考院校库域名+AllShoolData) 2026-10
academic:cync.edu.cn,academic,朝阳师范高等专科学校,https://cync.edu.cn/,cync.edu.cn,probed-000,000,2026-10-03,专科·辽宁省,枚举:GitHub高校数据集(阳光高考院校库域名+AllShoolData) 2026-10
academic:cyprxy.edu.cn,academic,长垣烹饪职业技术学院,https://cyprxy.edu.cn/,cyprxy.edu.cn,probed-000,000,2026-10-03,专科·河南省,枚举:GitHub高校数据集(阳光高考院校库域名+AllShoolData) 2026-10
academic:cyu.edu.cn,academic,中国青年政治学院,http://www.cyu.edu.cn/,cyu.edu.cn,probed-2xx,200,2026-10-03,本科·北京市·Fitch源,枚举:GitHub高校数据集(阳光高考院校库域名+AllShoolData) 2026-10
academic:czc.edu.cn,academic,长治学院,http://www.czc.edu.cn/,czc.edu.cn,probed-2xx,200,2026-10-03,本科·山西省,枚举:GitHub高校数据集(阳光高考院校库域名+AllShoolData) 2026-10
academic:czcvc.net,academic,滁州城市职业学院,http://www.czcvc.net/,czcvc.net,probed-2xx,200,2026-10-03,专科·安徽省·Fitch源,枚举:GitHub高校数据集(阳光高考院校库域名+AllShoolData) 2026-10
academic:czie.edu.cn,academic,常州工程职业技术学院,http://www.czie.edu.cn,czie.edu.cn,probed-2xx,200,2026-10-03,专科·江苏省,枚举:GitHub高校数据集(阳光高考院校库域名+AllShoolData) 2026-10
academic:czili.edu.cn,academic,常州轻工职业技术学院,http://www.czili.edu.cn/,czili.edu.cn,probed-000,000,2026-10-03,专科·常州市·Fitch源,枚举:GitHub高校数据集(阳光高考院校库域名+AllShoolData) 2026-10
academic:czimt.edu.cn,academic,常州机电职业技术学院,https://czimt.edu.cn/,czimt.edu.cn,probed-4xx,488,2026-10-03,专科·江苏省,枚举:GitHub高校数据集(阳光高考院校库域名+AllShoolData) 2026-10
academic:czjdu.com,academic,建东职业技术学院,http://www.czjdu.com/,czjdu.com,probed-2xx,200,2026-10-03,专科·江苏省,枚举:GitHub高校数据集(阳光高考院校库域名+AllShoolData) 2026-10
academic:czmc.cn,academic,沧州医学高等专科学校,http://www.czmc.cn/,czmc.cn,probed-2xx,200,2026-10-03,专科·河北省,枚举:GitHub高校数据集(阳光高考院校库域名+AllShoolData) 2026-10
academic:czmc.com,academic,长治医学院,http://www.czmc.com/,czmc.com,probed-2xx,200,2026-10-03,本科·山西省,枚举:GitHub高校数据集(阳光高考院校库域名+AllShoolData) 2026-10
academic:cztgi.edu.cn,academic,常州纺织服装职业技术学院,http://www.cztgi.edu.cn/,cztgi.edu.cn,probed-2xx,200,2026-10-03,专科·江苏省,枚举:GitHub高校数据集(阳光高考院校库域名+AllShoolData) 2026-10
academic:czu.cn,academic,常州工学院,http://www.czu.cn/,czu.cn,probed-2xx,200,2026-10-03,本科·江苏省,枚举:GitHub高校数据集(阳光高考院校库域名+AllShoolData) 2026-10
academic:czu.edu.cn,academic,池州学院,http://www.czu.edu.cn/,czu.edu.cn,probed-2xx,200,2026-10-03,本科·安徽省,枚举:GitHub高校数据集(阳光高考院校库域名+AllShoolData) 2026-10
academic:czvtc.cn,academic,沧州职业技术学院,http://www.czvtc.cn/,czvtc.cn,probed-2xx,200,2026-10-03,专科·河北省,枚举:GitHub高校数据集(阳光高考院校库域名+AllShoolData) 2026-10
academic:czvtc.edu.cn,academic,池州职业技术学院,https://czvtc.edu.cn/,czvtc.edu.cn,probed-2xx,200,2026-10-03,专科·安徽省,枚举:GitHub高校数据集(阳光高考院校库域名+AllShoolData) 2026-10
academic:czzy-edu.com,academic,郴州职业技术学院,http://www.czzy-edu.com/,czzy-edu.com,probed-4xx,403,2026-10-03,专科·湖南省,枚举:GitHub高校数据集(阳光高考院校库域名+AllShoolData) 2026-10
academic:czzy.cn,academic,长治职业技术学院,http://www.czzy.cn/,czzy.cn,probed-2xx,200,2026-10-03,专科·山西省,枚举:GitHub高校数据集(阳光高考院校库域名+AllShoolData) 2026-10
academic:dac.edu.cn,academic,大连艺术学院,http://www.dac.edu.cn/,dac.edu.cn,probed-2xx,200,2026-10-03,本科·辽宁省,枚举:GitHub高校数据集(阳光高考院校库域名+AllShoolData) 2026-10
academic:dali.edu.cn,academic,大理大学,http://www.dali.edu.cn/,dali.edu.cn,probed-2xx,200,2026-10-03,本科·云南省,枚举:GitHub高校数据集(阳光高考院校库域名+AllShoolData) 2026-10
academic:dcurt.cn,academic,德阳城市轨道交通职业学院,http://dcurt.cn/,dcurt.cn,probed-000,000,2026-10-03,专科·四川省·未核实,枚举:GitHub高校数据集(阳光高考院校库域名+AllShoolData) 2026-10
academic:dcxy.ynu.edu.cn,academic,云南大学滇池学院,http://dcxy.ynu.edu.cn/,dcxy.ynu.edu.cn,probed-000,000,2026-10-03,本科·云南省·Fitch源,枚举:GitHub高校数据集(阳光高考院校库域名+AllShoolData) 2026-10
academic:dfzyxy.net,academic,长春东方职业学院,http://www.dfzyxy.net/,dfzyxy.net,probed-2xx,200,2026-10-03,专科·吉林省,枚举:GitHub高校数据集(阳光高考院校库域名+AllShoolData) 2026-10
academic:dgpt.edu.cn,academic,东莞职业技术学院,http://www.dgpt.edu.cn/,dgpt.edu.cn,probed-5xx,502,2026-10-03,专科·广东省,枚举:GitHub高校数据集(阳光高考院校库域名+AllShoolData) 2026-10
academic:dgut.edu.cn,academic,东莞理工学院,http://www.dgut.edu.cn/,dgut.edu.cn,probed-2xx,200,2026-10-03,本科·广东省;另含:东莞城市学院,枚举:GitHub高校数据集(阳光高考院校库域名+AllShoolData) 2026-10
academic:dhecw.cn,academic,德宏师范高等专科学校,http://dhecw.cn/,dhecw.cn,probed-000,000,2026-10-03,专科·云南省,枚举:GitHub高校数据集(阳光高考院校库域名+AllShoolData) 2026-10
academic:dhu.edu.cn,academic,东华大学,http://www.dhu.edu.cn/,dhu.edu.cn,probed-2xx,200,2026-10-03,本科·上海市,枚举:GitHub高校数据集(阳光高考院校库域名+AllShoolData) 2026-10
academic:dhyedu.com,academic,宁波大红鹰学院,http://www.dhyedu.com/,dhyedu.com,probed-000,000,2026-10-03,本科·宁波市·Fitch源,枚举:GitHub高校数据集(阳光高考院校库域名+AllShoolData) 2026-10
academic:djtu.edu.cn,academic,大连交通大学,http://www.djtu.edu.cn/,djtu.edu.cn,probed-2xx,200,2026-10-03,本科·辽宁省,枚举:GitHub高校数据集(阳光高考院校库域名+AllShoolData) 2026-10
academic:dk.zjou.edu.cn,academic,浙江海洋大学东海科学技术学院,http://dk.zjou.edu.cn/,dk.zjou.edu.cn,probed-2xx,200,2026-10-03,本科·浙江省·Fitch源,枚举:GitHub高校数据集(阳光高考院校库域名+AllShoolData) 2026-10
academic:dlafc.com,academic,大理农林职业技术学院,http://dlafc.com/,dlafc.com,probed-000,000,2026-10-03,专科·云南省,枚举:GitHub高校数据集(阳光高考院校库域名+AllShoolData) 2026-10
academic:dlemcedu.cn,academic,大连装备制造职业技术学院,http://dlemcedu.cn/,dlemcedu.cn,probed-5xx,502,2026-10-03,专科·辽宁省,枚举:GitHub高校数据集(阳光高考院校库域名+AllShoolData) 2026-10
academic:dlhlzyxy.com,academic,大理护理职业学院,http://dlhlzyxy.com/,dlhlzyxy.com,probed-000,000,2026-10-03,专科·云南省,枚举:GitHub高校数据集(阳光高考院校库域名+AllShoolData) 2026-10
academic:dlmso.com.cn,academic,大连航运职业技术学院,http://dlmso.com.cn/,dlmso.com.cn,probed-000,000,2026-10-03,专科·辽宁省,枚举:GitHub高校数据集(阳光高考院校库域名+AllShoolData) 2026-10
academic:dlmu.edu.cn,academic,大连海事大学,http://www.dlmu.edu.cn/,dlmu.edu.cn,probed-2xx,200,2026-10-03,本科·辽宁省,枚举:GitHub高校数据集(阳光高考院校库域名+AllShoolData) 2026-10
academic:dlnu.edu.cn,academic,大连民族大学,http://www.dlnu.edu.cn/,dlnu.edu.cn,probed-2xx,200,2026-10-03,本科·辽宁省,枚举:GitHub高校数据集(阳光高考院校库域名+AllShoolData) 2026-10
academic:dlou.edu.cn,academic,大连海洋大学,http://www.dlou.edu.cn/,dlou.edu.cn,probed-2xx,200,2026-10-03,本科·辽宁省,枚举:GitHub高校数据集(阳光高考院校库域名+AllShoolData) 2026-10
academic:dlpu.edu.cn,academic,大连工业大学,http://www.dlpu.edu.cn/,dlpu.edu.cn,probed-2xx,200,2026-10-03,本科·辽宁省,枚举:GitHub高校数据集(阳光高考院校库域名+AllShoolData) 2026-10
academic:dlqcxy.net,academic,大连汽车职业技术学院,http://www.dlqcxy.net,dlqcxy.net,probed-2xx,200,2026-10-03,专科·辽宁省,枚举:GitHub高校数据集(阳光高考院校库域名+AllShoolData) 2026-10
academic:dlrjedu.cn,academic,大连软件职业学院,http://dlrjedu.cn/,dlrjedu.cn,probed-4xx,404,2026-10-03,专科·辽宁省,枚举:GitHub高校数据集(阳光高考院校库域名+AllShoolData) 2026-10
academic:dlswedu.com,academic,大连商务职业学院,http://www.dlswedu.com/,dlswedu.com,probed-2xx,200,2026-10-03,专科·辽宁省·Fitch源,枚举:GitHub高校数据集(阳光高考院校库域名+AllShoolData) 2026-10
academic:dltaxedu.com,academic,辽宁税务高等专科学校,http://www.dltaxedu.com/,dltaxedu.com,probed-5xx,502,2026-10-03,专科·辽宁省·Fitch源,枚举:GitHub高校数据集(阳光高考院校库域名+AllShoolData) 2026-10
academic:dltcedu.org,academic,大连翻译职业学院,http://www.dltcedu.org/,dltcedu.org,probed-2xx,200,2026-10-03,专科·辽宁省·Fitch源,枚举:GitHub高校数据集(阳光高考院校库域名+AllShoolData) 2026-10
academic:dlu.edu.cn,academic,大连大学,http://www.dlu.edu.cn/,dlu.edu.cn,probed-2xx,200,2026-10-03,本科·辽宁省,枚举:GitHub高校数据集(阳光高考院校库域名+AllShoolData) 2026-10
academic:dlufe.edu.cn,academic,大连财经学院,http://www.dlufe.edu.cn,dlufe.edu.cn,probed-2xx,200,2026-10-03,本科·辽宁省,枚举:GitHub高校数据集(阳光高考院校库域名+AllShoolData) 2026-10
academic:dlufl.edu.cn,academic,大连外国语大学,http://www.dlufl.edu.cn,dlufl.edu.cn,probed-2xx,200,2026-10-03,本科·辽宁省,枚举:GitHub高校数据集(阳光高考院校库域名+AllShoolData) 2026-10
academic:dlust.edu.cn,academic,大连科技学院,https://dlust.edu.cn/,dlust.edu.cn,probed-000,000,2026-10-03,本科·辽宁省,枚举:GitHub高校数据集(阳光高考院校库域名+AllShoolData) 2026-10
academic:dlut.edu.cn,academic,大连理工大学,http://www.dlut.edu.cn/,dlut.edu.cn,probed-2xx,200,2026-10-03,"本科·辽宁省;另含:大连理工大学城市学院,大连理工大学(盘锦校区)",枚举:GitHub高校数据集(阳光高考院校库域名+AllShoolData) 2026-10
academic:dlvtc.edu.cn,academic,大连职业技术学院,http://www.dlvtc.edu.cn/,dlvtc.edu.cn,probed-2xx,200,2026-10-03,专科·辽宁省,枚举:GitHub高校数据集(阳光高考院校库域名+AllShoolData) 2026-10
academic:dlxgjy.com,academic,大连枫叶职业技术学院,http://www.dlxgjy.com,dlxgjy.com,probed-000,000,2026-10-03,专科·辽宁省,枚举:GitHub高校数据集(阳光高考院校库域名+AllShoolData) 2026-10
academic:dlzy.jx.sgcc.com.cn,academic,江西电力职业技术学院,http://www.dlzy.jx.sgcc.com.cn,dlzy.jx.sgcc.com.cn,probed-000,000,2026-10-03,专科·江西省·未核实,枚举:GitHub高校数据集(阳光高考院校库域名+AllShoolData) 2026-10
academic:dmu.edu.cn,academic,大连医科大学,https://dmu.edu.cn/,dmu.edu.cn,probed-2xx,200,2026-10-03,本科·辽宁省,枚举:GitHub高校数据集(阳光高考院校库域名+AllShoolData) 2026-10
academic:dmuzs.edu.cn,academic,大连医科大学中山学院,http://www.dmuzs.edu.cn/,dmuzs.edu.cn,probed-2xx,200,2026-10-03,本科·辽宁省,枚举:GitHub高校数据集(阳光高考院校库域名+AllShoolData) 2026-10
academic:dqsy.net,academic,大庆师范学院,http://www.dqsy.net/,dqsy.net,probed-2xx,200,2026-10-03,本科·黑龙江省,枚举:GitHub高校数据集(阳光高考院校库域名+AllShoolData) 2026-10
academic:dqygz.com,academic,大庆医学高等专科学校,http://www.dqygz.com,dqygz.com,probed-000,000,2026-10-03,专科·黑龙江省,枚举:GitHub高校数据集(阳光高考院校库域名+AllShoolData) 2026-10
academic:dqzyxy.net,academic,大庆职业学院,http://www.dqzyxy.net/,dqzyxy.net,probed-2xx,200,2026-10-03,专科·黑龙江省,枚举:GitHub高校数据集(阳光高考院校库域名+AllShoolData) 2026-10
academic:dtmtxy.cn,academic,大同煤炭职业技术学院,http://www.dtmtxy.cn/,dtmtxy.cn,probed-000,000,2026-10-03,专科·山西省,枚举:GitHub高校数据集(阳光高考院校库域名+AllShoolData) 2026-10
academic:dufe.edu.cn,academic,东北财经大学,http://www.dufe.edu.cn/,dufe.edu.cn,probed-2xx,200,2026-10-03,本科·辽宁省,枚举:GitHub高校数据集(阳光高考院校库域名+AllShoolData) 2026-10
academic:dukekunshan.edu.cn,academic,昆山杜克大学,http://www.dukekunshan.edu.cn,dukekunshan.edu.cn,probed-2xx,200,2026-10-03,本科·江苏省,枚举:GitHub高校数据集(阳光高考院校库域名+AllShoolData) 2026-10
academic:dvctt.com,academic,德阳科贸职业学院,http://dvctt.com/,dvctt.com,probed-000,000,2026-10-03,专科·四川省,枚举:GitHub高校数据集(阳光高考院校库域名+AllShoolData) 2026-10
academic:dxalu.org.cn,academic,大兴安岭职业学院,http://dxalu.org.cn/,dxalu.org.cn,probed-2xx,200,2026-10-03,专科·黑龙江省,枚举:GitHub高校数据集(阳光高考院校库域名+AllShoolData) 2026-10
academic:dxatc.edu.cn,academic,定西师范高等专科学校,http://www.dxatc.edu.cn,dxatc.edu.cn,probed-000,000,2026-10-03,专科·甘肃省,枚举:GitHub高校数据集(阳光高考院校库域名+AllShoolData) 2026-10
academic:dyc.edu.cn,academic,昆山登云科技职业学院,http://www.dyc.edu.cn/,dyc.edu.cn,probed-2xx,200,2026-10-03,专科·江苏省,枚举:GitHub高校数据集(阳光高考院校库域名+AllShoolData) 2026-10
academic:dykj.edu.cn,academic,东营科技职业学院,https://dykj.edu.cn/,dykj.edu.cn,probed-2xx,200,2026-10-03,专科·山东省,枚举:GitHub高校数据集(阳光高考院校库域名+AllShoolData) 2026-10
academic:dynky.cn,academic,德阳农业科技职业学院,http://dynky.cn/,dynky.cn,probed-4xx,404,2026-10-03,专科·四川省,枚举:GitHub高校数据集(阳光高考院校库域名+AllShoolData) 2026-10
academic:dyu.edu.tw,academic,大叶大学,https://dyu.edu.tw/,dyu.edu.tw,probed-2xx,200,2026-10-03,本科·台湾省·Demired源,枚举:GitHub高校数据集(阳光高考院校库域名+AllShoolData) 2026-10
academic:dyxy.edu.cn,academic,东营职业学院,https://dyxy.edu.cn/,dyxy.edu.cn,probed-000,000,2026-10-03,专科·山东省,枚举:GitHub高校数据集(阳光高考院校库域名+AllShoolData) 2026-10
academic:dzcmc.com,academic,达州中医药职业学院,http://dzcmc.com/,dzcmc.com,probed-2xx,200,2026-10-03,专科·四川省,枚举:GitHub高校数据集(阳光高考院校库域名+AllShoolData) 2026-10
academic:dzkjxy.com,academic,德州科技职业学院,http://dzkjxy.com/,dzkjxy.com,probed-000,000,2026-10-03,专科·山东省,枚举:GitHub高校数据集(阳光高考院校库域名+AllShoolData) 2026-10
academic:dzu.edu.cn,academic,德州学院,http://www.dzu.edu.cn/,dzu.edu.cn,probed-2xx,200,2026-10-03,本科·山东省,枚举:GitHub高校数据集(阳光高考院校库域名+AllShoolData) 2026-10
academic:dzvc.edu.cn,academic,德州职业技术学院,https://dzvc.edu.cn/,dzvc.edu.cn,probed-000,000,2026-10-03,专科·山东省,枚举:GitHub高校数据集(阳光高考院校库域名+AllShoolData) 2026-10
academic:dzvtc.edu.cn,academic,达州职业技术学院,http://www.dzvtc.edu.cn,dzvtc.edu.cn,probed-2xx,200,2026-10-03,专科·四川省,枚举:GitHub高校数据集(阳光高考院校库域名+AllShoolData) 2026-10
academic:ecit.edu.cn,academic,东华理工大学,http://www.ecit.edu.cn/,ecit.edu.cn,probed-2xx,200,2026-10-03,本科·江西省,枚举:GitHub高校数据集(阳光高考院校库域名+AllShoolData) 2026-10
academic:ecjtu.edu.cn,academic,华东交通大学,https://ecjtu.edu.cn/,ecjtu.edu.cn,probed-000,000,2026-10-03,本科·江西省,枚举:GitHub高校数据集(阳光高考院校库域名+AllShoolData) 2026-10
academic:ecjtuit.com.cn,academic,华东交通大学理工学院,http://www.ecjtuit.com.cn/,ecjtuit.com.cn,probed-000,000,2026-10-03,本科·江西省·Fitch源,枚举:GitHub高校数据集(阳光高考院校库域名+AllShoolData) 2026-10
academic:ecnu.edu.cn,academic,华东师范大学,http://www.ecnu.edu.cn/,ecnu.edu.cn,probed-2xx,200,2026-10-03,本科·上海市,枚举:GitHub高校数据集(阳光高考院校库域名+AllShoolData) 2026-10
academic:ecupl.edu.cn,academic,华东政法大学,http://www.ecupl.edu.cn/,ecupl.edu.cn,probed-2xx,200,2026-10-03,本科·上海市,枚举:GitHub高校数据集(阳光高考院校库域名+AllShoolData) 2026-10
academic:ecust.edu.cn,academic,华东理工大学,http://www.ecust.edu.cn/,ecust.edu.cn,probed-2xx,200,2026-10-03,本科·上海市,枚举:GitHub高校数据集(阳光高考院校库域名+AllShoolData) 2026-10
academic:edu.zensun.com.cn,academic,郑州城建职业学院,http://edu.zensun.com.cn/,edu.zensun.com.cn,probed-000,000,2026-10-03,专科·未核实,枚举:GitHub高校数据集(阳光高考院校库域名+AllShoolData) 2026-10
academic:edzy.cn,academic,鄂东职业技术学院,http://www.edzy.cn/,edzy.cn,probed-000,000,2026-10-03,专科·湖北省·Fitch源,枚举:GitHub高校数据集(阳光高考院校库域名+AllShoolData) 2026-10
academic:elnu.edu.cn,academic,辽东学院,https://elnu.edu.cn/,elnu.edu.cn,probed-000,000,2026-10-03,本科·辽宁省,枚举:GitHub高校数据集(阳光高考院校库域名+AllShoolData) 2026-10
academic:epgc.net,academic,火箭军工程大学,http://epgc.net/,epgc.net,probed-4xx,403,2026-10-03,本科·未核实,枚举:GitHub高校数据集(阳光高考院校库域名+AllShoolData) 2026-10
academic:esu.edu.cn,academic,上海东海职业技术学院,http://www.esu.edu.cn/,esu.edu.cn,probed-2xx,200,2026-10-03,专科·上海市·未核实,枚举:GitHub高校数据集(阳光高考院校库域名+AllShoolData) 2026-10
academic:eszy.edu.cn,academic,恩施职业技术学院,http://www.eszy.edu.cn/,eszy.edu.cn,probed-2xx,200,2026-10-03,专科·湖北省,枚举:GitHub高校数据集(阳光高考院校库域名+AllShoolData) 2026-10
academic:eurasia.edu,academic,西安欧亚学院,http://www.eurasia.edu/,eurasia.edu,probed-2xx,200,2026-10-03,本科·陕西省,枚举:GitHub高校数据集(阳光高考院校库域名+AllShoolData) 2026-10
academic:ezu.cn,academic,鄂州职业大学,http://ezu.cn/,ezu.cn,probed-000,000,2026-10-03,专科·湖北省,枚举:GitHub高校数据集(阳光高考院校库域名+AllShoolData) 2026-10
academic:fafl.cn,academic,云南外事外语职业学院,http://www.fafl.cn/,fafl.cn,probed-2xx,200,2026-10-03,专科·云南省,枚举:GitHub高校数据集(阳光高考院校库域名+AllShoolData) 2026-10
academic:fafu.edu.cn,academic,福建农林大学,http://www.fafu.edu.cn/,fafu.edu.cn,probed-2xx,200,2026-10-03,本科·福建省;另含:福建农林大学金山学院,枚举:GitHub高校数据集(阳光高考院校库域名+AllShoolData) 2026-10
academic:fafuoc.com,academic,福建农林大学东方学院,http://www.fafuoc.com/,fafuoc.com,probed-000,000,2026-10-03,本科·福州市·Fitch源,枚举:GitHub高校数据集(阳光高考院校库域名+AllShoolData) 2026-10
academic:fareast-edu.net,academic,曲阜远东职业技术学院,http://www.fareast-edu.net/,fareast-edu.net,probed-2xx,200,2026-10-03,专科·山东省,枚举:GitHub高校数据集(阳光高考院校库域名+AllShoolData) 2026-10
academic:fcgzy.cn,academic,防城港职业技术学院,http://fcgzy.cn/,fcgzy.cn,probed-000,000,2026-10-03,专科,枚举:GitHub高校数据集(阳光高考院校库域名+AllShoolData) 2026-10
academic:fcu.edu.tw,academic,逢甲大学,https://fcu.edu.tw/,fcu.edu.tw,probed-000,000,2026-10-03,本科·台湾省·Demired源,枚举:GitHub高校数据集(阳光高考院校库域名+AllShoolData) 2026-10
academic:fdzcxy.edu.cn,academic,福州大学至诚学院,https://fdzcxy.edu.cn/,fdzcxy.edu.cn,probed-4xx,404,2026-10-03,本科·福建省,枚举:GitHub高校数据集(阳光高考院校库域名+AllShoolData) 2026-10
academic:fe-edu.com.cn,academic,哈尔滨远东理工学院,http://www.fe-edu.com.cn/,fe-edu.com.cn,probed-000,000,2026-10-03,本科·黑龙江省,枚举:GitHub高校数据集(阳光高考院校库域名+AllShoolData) 2026-10
academic:feiyangcollege.com,academic,青岛飞洋职业技术学院,http://www.feiyangcollege.com/,feiyangcollege.com,probed-2xx,200,2026-10-03,专科·山东省·Fitch源,枚举:GitHub高校数据集(阳光高考院校库域名+AllShoolData) 2026-10
academic:fgu.edu.tw,academic,台湾佛光大学,https://fgu.edu.tw/,fgu.edu.tw,probed-000,000,2026-10-03,本科·Demired源,枚举:GitHub高校数据集(阳光高考院校库域名+AllShoolData) 2026-10
academic:fibec.cn,academic,福建对外经济贸易职业技术学院,http://www.fibec.cn/,fibec.cn,probed-000,000,2026-10-03,专科·福建省·Fitch源,枚举:GitHub高校数据集(阳光高考院校库域名+AllShoolData) 2026-10
academic:fit.edu.cn,academic,福州理工学院,http://www.fit.edu.cn,fit.edu.cn,probed-2xx,200,2026-10-03,本科·福建省,枚举:GitHub高校数据集(阳光高考院校库域名+AllShoolData) 2026-10
academic:fjbu.edu.cn,academic,福建商学院,https://fjbu.edu.cn/,fjbu.edu.cn,probed-000,000,2026-10-03,本科·福建省,枚举:GitHub高校数据集(阳光高考院校库域名+AllShoolData) 2026-10
academic:fjcpc.edu.cn,academic,福建船政交通职业学院,http://www.fjcpc.edu.cn/,fjcpc.edu.cn,probed-2xx,200,2026-10-03,专科·福建省,枚举:GitHub高校数据集(阳光高考院校库域名+AllShoolData) 2026-10
academic:fjdfxy.com,academic,福州工商学院,http://fjdfxy.com/,fjdfxy.com,probed-2xx,200,2026-10-03,本科·福建省,枚举:GitHub高校数据集(阳光高考院校库域名+AllShoolData) 2026-10
academic:fjdy.net,academic,福建电力职业技术学院,http://www.fjdy.net/,fjdy.net,probed-2xx,200,2026-10-03,专科·福建省·未核实,枚举:GitHub高校数据集(阳光高考院校库域名+AllShoolData) 2026-10
academic:fjipe.cn,academic,福建体育职业技术学院,http://www.fjipe.cn/,fjipe.cn,probed-2xx,200,2026-10-03,专科·福建省·未核实,枚举:GitHub高校数据集(阳光高考院校库域名+AllShoolData) 2026-10
academic:fjjxu.edu.cn,academic,福建江夏学院,http://www.fjjxu.edu.cn,fjjxu.edu.cn,probed-2xx,200,2026-10-03,本科·福建省,枚举:GitHub高校数据集(阳光高考院校库域名+AllShoolData) 2026-10
academic:fjlzy.com,academic,福建林业职业技术学院,http://www.fjlzy.com/,fjlzy.com,probed-2xx,200,2026-10-03,专科·福建省,枚举:GitHub高校数据集(阳光高考院校库域名+AllShoolData) 2026-10
academic:fjmu.edu.cn,academic,福建医科大学,http://www.fjmu.edu.cn/,fjmu.edu.cn,probed-2xx,200,2026-10-03,本科·福建省,枚举:GitHub高校数据集(阳光高考院校库域名+AllShoolData) 2026-10
academic:fjnu.edu.cn,academic,福建师范大学,http://www.fjnu.edu.cn/,fjnu.edu.cn,probed-2xx,200,2026-10-03,本科·福建省;另含:福建师范大学协和学院,枚举:GitHub高校数据集(阳光高考院校库域名+AllShoolData) 2026-10
academic:fjny.edu.cn,academic,福建农业职业技术学院,https://fjny.edu.cn/,fjny.edu.cn,probed-2xx,200,2026-10-03,专科·福建省,枚举:GitHub高校数据集(阳光高考院校库域名+AllShoolData) 2026-10
academic:fjpsc.edu.cn,academic,福建警察学院,http://www.fjpsc.edu.cn/,fjpsc.edu.cn,probed-2xx,200,2026-10-03,本科·福建省,枚举:GitHub高校数据集(阳光高考院校库域名+AllShoolData) 2026-10
academic:fjsdxy.com,academic,福建水利电力职业技术学院,http://www.fjsdxy.com/,fjsdxy.com,probed-4xx,421,2026-10-03,专科·福建省,枚举:GitHub高校数据集(阳光高考院校库域名+AllShoolData) 2026-10
academic:fjsmu.edu.cn,academic,三明学院,http://www.fjsmu.edu.cn,fjsmu.edu.cn,probed-2xx,200,2026-10-03,本科·福建省,枚举:GitHub高校数据集(阳光高考院校库域名+AllShoolData) 2026-10
academic:fjtcm.edu.cn,academic,福建中医药大学,http://www.fjtcm.edu.cn/,fjtcm.edu.cn,probed-2xx,200,2026-10-03,本科·福建省,枚举:GitHub高校数据集(阳光高考院校库域名+AllShoolData) 2026-10
academic:fju.edu.tw,academic,台湾辅仁大学,https://fju.edu.tw/,fju.edu.tw,probed-000,000,2026-10-03,本科·Demired源,枚举:GitHub高校数据集(阳光高考院校库域名+AllShoolData) 2026-10
academic:fjut.edu.cn,academic,福建工程学院,http://www.fjut.edu.cn/,fjut.edu.cn,probed-2xx,200,2026-10-03,本科·福建省,枚举:GitHub高校数据集(阳光高考院校库域名+AllShoolData) 2026-10
academic:fjvcb.cn,academic,福建生物工程职业技术学院,http://www.fjvcb.cn/,fjvcb.cn,probed-2xx,200,2026-10-03,专科·福建省,枚举:GitHub高校数据集(阳光高考院校库域名+AllShoolData) 2026-10
academic:fjwzy.cn,academic,福建卫生职业技术学院,http://fjwzy.cn/,fjwzy.cn,probed-2xx,200,2026-10-03,专科·福建省,枚举:GitHub高校数据集(阳光高考院校库域名+AllShoolData) 2026-10
academic:fjys.edu.cn,academic,福建幼儿师范高等专科学校,https://fjys.edu.cn/,fjys.edu.cn,probed-4xx,404,2026-10-03,专科·福建省,枚举:GitHub高校数据集(阳光高考院校库域名+AllShoolData) 2026-10
academic:fjyszyxy.com,academic,福建艺术职业学院,http://www.fjyszyxy.com/,fjyszyxy.com,probed-2xx,200,2026-10-03,专科·福建省,枚举:GitHub高校数据集(阳光高考院校库域名+AllShoolData) 2026-10
academic:fjzzit.edu.cn,academic,漳州职业技术学院,http://www.fjzzit.edu.cn,fjzzit.edu.cn,probed-000,000,2026-10-03,专科·福建省,枚举:GitHub高校数据集(阳光高考院校库域名+AllShoolData) 2026-10
academic:fky.net.cn,academic,阜阳科技职业学院,http://www.fky.net.cn/,fky.net.cn,probed-2xx,200,2026-10-03,专科·安徽省·未核实,枚举:GitHub高校数据集(阳光高考院校库域名+AllShoolData) 2026-10
academic:fmmu.edu.cn,academic,空军军医大学,https://fmmu.edu.cn/,fmmu.edu.cn,probed-000,000,2026-10-03,本科,枚举:GitHub高校数据集(阳光高考院校库域名+AllShoolData) 2026-10
academic:fmp.edu.cn,academic,福州墨尔本理工职业学院,http://www.fmp.edu.cn/,fmp.edu.cn,probed-4xx,404,2026-10-03,专科·福建省,枚举:GitHub高校数据集(阳光高考院校库域名+AllShoolData) 2026-10
academic:forerunnercollege.com,academic,贵州盛华职业学院,http://www.forerunnercollege.com,forerunnercollege.com,probed-2xx,200,2026-10-03,专科·贵州省·未核实,枚举:GitHub高校数据集(阳光高考院校库域名+AllShoolData) 2026-10
academic:forestpolice.net,academic,南京森林警察学院,http://www.forestpolice.net/,forestpolice.net,probed-4xx,404,2026-10-03,本科·江苏省,枚举:GitHub高校数据集(阳光高考院校库域名+AllShoolData) 2026-10
academic:fosu.edu.cn,academic,佛山科学技术学院,http://www.fosu.edu.cn/,fosu.edu.cn,probed-2xx,200,2026-10-03,本科·广东省,枚举:GitHub高校数据集(阳光高考院校库域名+AllShoolData) 2026-10
academic:fpnu.edu.cn,academic,福建技术师范学院,https://fpnu.edu.cn/,fpnu.edu.cn,probed-2xx,200,2026-10-03,本科·福建省,枚举:GitHub高校数据集(阳光高考院校库域名+AllShoolData) 2026-10
academic:fsm.gov.mo,academic,澳门保安部队高等学校,http://fsm.gov.mo/,fsm.gov.mo,probed-000,000,2026-10-03,本科·澳门特别行政区·Demired源,枚举:GitHub高校数据集(阳光高考院校库域名+AllShoolData) 2026-10
academic:fspt.edu.cn,academic,佛山职业技术学院,https://fspt.edu.cn/,fspt.edu.cn,probed-000,000,2026-10-03,专科·广东省,枚举:GitHub高校数据集(阳光高考院校库域名+AllShoolData) 2026-10
academic:fudan.edu.cn,academic,复旦大学,http://www.fudan.edu.cn/,fudan.edu.cn,probed-2xx,200,2026-10-03,本科·上海市;另含:复旦大学医学院,枚举:GitHub高校数据集(阳光高考院校库域名+AllShoolData) 2026-10
academic:fvti.cn,academic,福州职业技术学院,http://www.fvti.cn/,fvti.cn,probed-2xx,200,2026-10-03,专科·福建省,枚举:GitHub高校数据集(阳光高考院校库域名+AllShoolData) 2026-10
academic:fvti.com,academic,抚顺师范高等专科学校,http://www.fvti.com/,fvti.com,probed-2xx,200,2026-10-03,专科·辽宁省;另含:抚顺职业技术学院,枚举:GitHub高校数据集(阳光高考院校库域名+AllShoolData) 2026-10
academic:fxgz.com.cn,academic,阜新高等专科学校,http://www.fxgz.com.cn/,fxgz.com.cn,probed-2xx,200,2026-10-03,专科·辽宁省,枚举:GitHub高校数据集(阳光高考院校库域名+AllShoolData) 2026-10
academic:fync.edu.cn,academic,阜阳师范大学信息工程学院,http://www.fync.edu.cn/,fync.edu.cn,probed-000,000,2026-10-03,本科·安徽省·未核实,枚举:GitHub高校数据集(阳光高考院校库域名+AllShoolData) 2026-10
academic:fynu.edu.cn,academic,阜阳师范大学,https://fynu.edu.cn/,fynu.edu.cn,probed-000,000,2026-10-03,本科·安徽省,枚举:GitHub高校数据集(阳光高考院校库域名+AllShoolData) 2026-10
academic:fypec.edu.cn,academic,阜阳幼儿师范高等专科学校,https://fypec.edu.cn/,fypec.edu.cn,probed-2xx,200,2026-10-03,专科·安徽省,枚举:GitHub高校数据集(阳光高考院校库域名+AllShoolData) 2026-10
academic:fyvtc.edu.cn,academic,阜阳职业技术学院,http://www.fyvtc.edu.cn/,fyvtc.edu.cn,probed-2xx,200,2026-10-03,专科·安徽省,枚举:GitHub高校数据集(阳光高考院校库域名+AllShoolData) 2026-10
academic:fzacc.com.cn,academic,福州英华职业学院,http://fzacc.com.cn/,fzacc.com.cn,probed-000,000,2026-10-03,专科·福建省·未核实,枚举:GitHub高校数据集(阳光高考院校库域名+AllShoolData) 2026-10
academic:fzfu.edu.cn,academic,福州外语外贸学院,https://fzfu.edu.cn/,fzfu.edu.cn,probed-000,000,2026-10-03,本科·福建省,枚举:GitHub高校数据集(阳光高考院校库域名+AllShoolData) 2026-10
academic:fzjsxy.cn,academic,抚州职业技术学院,http://www.fzjsxy.cn,fzjsxy.cn,probed-2xx,200,2026-10-03,专科·江西省,枚举:GitHub高校数据集(阳光高考院校库域名+AllShoolData) 2026-10
academic:fzlmxy.cn,academic,福州黎明职业技术学院,http://www.fzlmxy.cn/,fzlmxy.cn,probed-2xx,200,2026-10-03,专科·福建省,枚举:GitHub高校数据集(阳光高考院校库域名+AllShoolData) 2026-10
academic:fzmjtc.cn,academic,闽江师范高等专科学校,http://fzmjtc.cn/,fzmjtc.cn,probed-2xx,200,2026-10-03,专科·福建省,枚举:GitHub高校数据集(阳光高考院校库域名+AllShoolData) 2026-10
academic:fzpec.cn,academic,抚州幼儿师范高等专科学校,http://www.fzpec.cn/,fzpec.cn,probed-2xx,200,2026-10-03,专科·江西省,枚举:GitHub高校数据集(阳光高考院校库域名+AllShoolData) 2026-10
academic:fzrjxy.com,academic,福州软件职业技术学院,http://www.fzrjxy.com/,fzrjxy.com,probed-2xx,200,2026-10-03,专科·福建省,枚举:GitHub高校数据集(阳光高考院校库域名+AllShoolData) 2026-10
academic:fzstc.com.cn,academic,福州科技职业技术学院,http://fzstc.com.cn/,fzstc.com.cn,probed-2xx,200,2026-10-03,专科·福建省,枚举:GitHub高校数据集(阳光高考院校库域名+AllShoolData) 2026-10
academic:fzu.edu.cn,academic,福州大学,http://www.fzu.edu.cn/,fzu.edu.cn,probed-2xx,200,2026-10-03,本科·福建省,枚举:GitHub高校数据集(阳光高考院校库域名+AllShoolData) 2026-10
academic:gacycu.cn,academic,宜春幼儿师范高等专科学校,http://www.gacycu.cn/,gacycu.cn,probed-4xx,404,2026-10-03,专科·江西省,枚举:GitHub高校数据集(阳光高考院校库域名+AllShoolData) 2026-10
academic:ganxidx.com,academic,赣西科技职业学院,http://www.ganxidx.com/,ganxidx.com,probed-2xx,200,2026-10-03,专科·江西省,枚举:GitHub高校数据集(阳光高考院校库域名+AllShoolData) 2026-10
academic:ganzhsz.cn,academic,赣州师范高等专科学校,http://www.ganzhsz.cn,ganzhsz.cn,probed-2xx,200,2026-10-03,专科·江西省,枚举:GitHub高校数据集(阳光高考院校库域名+AllShoolData) 2026-10
academic:gaoxinedu.com,academic,西安科技大学高新学院,http://www.gaoxinedu.com/,gaoxinedu.com,probed-2xx,200,2026-10-03,本科·陕西省,枚举:GitHub高校数据集(阳光高考院校库域名+AllShoolData) 2026-10
academic:gavtc.cn,academic,广安职业技术学院,http://www.gavtc.cn/,gavtc.cn,probed-2xx,200,2026-10-03,专科·四川省,枚举:GitHub高校数据集(阳光高考院校库域名+AllShoolData) 2026-10
academic:gcac.edu.cn,academic,广州民航职业技术学院,https://gcac.edu.cn/,gcac.edu.cn,probed-000,000,2026-10-03,专科·广东省,枚举:GitHub高校数据集(阳光高考院校库域名+AllShoolData) 2026-10
academic:gcc.edu.cn,academic,广州商学院,https://gcc.edu.cn/,gcc.edu.cn,probed-000,000,2026-10-03,本科·广东省,枚举:GitHub高校数据集(阳光高考院校库域名+AllShoolData) 2026-10
academic:gcp.edu.cn,academic,广州城市职业学院,http://www.gcp.edu.cn/,gcp.edu.cn,probed-2xx,200,2026-10-03,专科·广东省,枚举:GitHub高校数据集(阳光高考院校库域名+AllShoolData) 2026-10
academic:gcu.edu.cn,academic,广州城市理工学院,http://www.gcu.edu.cn/,gcu.edu.cn,probed-4xx,403,2026-10-03,本科,枚举:GitHub高校数据集(阳光高考院校库域名+AllShoolData) 2026-10
academic:gcvtc.edu.cn,academic,甘肃建筑职业技术学院,http://www.gcvtc.edu.cn,gcvtc.edu.cn,probed-2xx,200,2026-10-03,专科·甘肃省,枚举:GitHub高校数据集(阳光高考院校库域名+AllShoolData) 2026-10
academic:gcxy.sut.edu.cn,academic,沈阳工业大学工程学院,http://gcxy.sut.edu.cn/,gcxy.sut.edu.cn,probed-000,000,2026-10-03,本科·辽宁省·Fitch源,枚举:GitHub高校数据集(阳光高考院校库域名+AllShoolData) 2026-10
academic:gcxy.yangtzeu.edu.cn,academic,长江大学工程技术学院,http://gcxy.yangtzeu.edu.cn/,gcxy.yangtzeu.edu.cn,probed-2xx,200,2026-10-03,本科·湖北省·Fitch源,枚举:GitHub高校数据集(阳光高考院校库域名+AllShoolData) 2026-10
academic:gdafc.edu.cn,academic,广东茂名农林科技职业学院,https://gdafc.edu.cn/,gdafc.edu.cn,probed-000,000,2026-10-03,专科·广东省,枚举:GitHub高校数据集(阳光高考院校库域名+AllShoolData) 2026-10
academic:gdaib.edu.cn,academic,广东农工商职业技术学院,http://www.gdaib.edu.cn/,gdaib.edu.cn,probed-2xx,200,2026-10-03,专科·广东省,枚举:GitHub高校数据集(阳光高考院校库域名+AllShoolData) 2026-10
academic:gdatv.edu.cn,academic,广东亚视演艺职业学院,https://gdatv.edu.cn/,gdatv.edu.cn,probed-000,000,2026-10-03,专科·广东省,枚举:GitHub高校数据集(阳光高考院校库域名+AllShoolData) 2026-10
academic:gdbtu.edu.cn,academic,广东工商职业技术大学,https://gdbtu.edu.cn/,gdbtu.edu.cn,probed-4xx,404,2026-10-03,本科·广东省,枚举:GitHub高校数据集(阳光高考院校库域名+AllShoolData) 2026-10
academic:gdc.edu.cn,academic,赣东学院,https://gdc.edu.cn/,gdc.edu.cn,probed-000,000,2026-10-03,本科,枚举:GitHub高校数据集(阳光高考院校库域名+AllShoolData) 2026-10
academic:gdcjxy.com,academic,广东海洋大学寸金学院,http://www.gdcjxy.com/,gdcjxy.com,probed-2xx,200,2026-10-03,本科·广东省·Fitch源,枚举:GitHub高校数据集(阳光高考院校库域名+AllShoolData) 2026-10
academic:gdcmxy.edu.cn,academic,广东财贸职业学院,https://gdcmxy.edu.cn/,gdcmxy.edu.cn,probed-2xx,200,2026-10-03,专科·广东省,枚举:GitHub高校数据集(阳光高考院校库域名+AllShoolData) 2026-10
academic:gdcp.cn,academic,广东交通职业技术学院,http://www.gdcp.cn/,gdcp.cn,probed-2xx,200,2026-10-03,专科·广东省,枚举:GitHub高校数据集(阳光高考院校库域名+AllShoolData) 2026-10
academic:gdcvi.edu.cn,academic,广东建设职业技术学院,https://gdcvi.edu.cn/,gdcvi.edu.cn,probed-2xx,200,2026-10-03,专科·广东省,枚举:GitHub高校数据集(阳光高考院校库域名+AllShoolData) 2026-10
academic:gdcxxy.net,academic,广东创新科技职业学院,http://www.gdcxxy.net/,gdcxxy.net,probed-000,000,2026-10-03,专科·广东省,枚举:GitHub高校数据集(阳光高考院校库域名+AllShoolData) 2026-10
academic:gdddc.edu.cn,academic,广东舞蹈戏剧职业学院,https://gdddc.edu.cn/,gdddc.edu.cn,probed-000,000,2026-10-03,专科·广东省,枚举:GitHub高校数据集(阳光高考院校库域名+AllShoolData) 2026-10
academic:gdei.edu.cn,academic,广东第二师范学院,http://www.gdei.edu.cn/,gdei.edu.cn,probed-2xx,200,2026-10-03,本科·广东省,枚举:GitHub高校数据集(阳光高考院校库域名+AllShoolData) 2026-10
academic:gdep.edu.cn,academic,广东工程职业技术学院,https://gdep.edu.cn/,gdep.edu.cn,probed-000,000,2026-10-03,专科·广东省,枚举:GitHub高校数据集(阳光高考院校库域名+AllShoolData) 2026-10
academic:gdfs.edu.cn,academic,广东女子职业技术学院,http://www.gdfs.edu.cn/,gdfs.edu.cn,probed-000,000,2026-10-03,专科·广东省,枚举:GitHub高校数据集(阳光高考院校库域名+AllShoolData) 2026-10
academic:gdgm.edu.cn,academic,广东工贸职业技术学院,https://gdgm.edu.cn/,gdgm.edu.cn,probed-000,000,2026-10-03,专科·广东省,枚举:GitHub高校数据集(阳光高考院校库域名+AllShoolData) 2026-10
academic:gdhsc.edu.cn,academic,广州华商学院,http://www.gdhsc.edu.cn/,gdhsc.edu.cn,probed-2xx,200,2026-10-03,本科,枚举:GitHub高校数据集(阳光高考院校库域名+AllShoolData) 2026-10
academic:gdhvc.edu.cn,academic,广东茂名健康职业学院,https://gdhvc.edu.cn/,gdhvc.edu.cn,probed-2xx,200,2026-10-03,专科·广东省,枚举:GitHub高校数据集(阳光高考院校库域名+AllShoolData) 2026-10
academic:gdiet.edu.cn,academic,广东信息工程职业学院,https://gdiet.edu.cn/,gdiet.edu.cn,probed-000,000,2026-10-03,专科·广东省,枚举:GitHub高校数据集(阳光高考院校库域名+AllShoolData) 2026-10
academic:gdin.edu.cn,academic,广东技术师范学院,http://www.gdin.edu.cn/,gdin.edu.cn,probed-000,000,2026-10-03,本科·广州市·Fitch源,枚举:GitHub高校数据集(阳光高考院校库域名+AllShoolData) 2026-10
academic:gdit.edu.cn,academic,广东科学技术职业学院,http://www.gdit.edu.cn/,gdit.edu.cn,probed-000,000,2026-10-03,专科·广东省,枚举:GitHub高校数据集(阳光高考院校库域名+AllShoolData) 2026-10
academic:gditt.edu.cn,academic,广东职业技术学院,https://gditt.edu.cn/,gditt.edu.cn,probed-000,000,2026-10-03,专科·广东省·未核实,枚举:GitHub高校数据集(阳光高考院校库域名+AllShoolData) 2026-10
academic:gdjdxy.edu.cn,academic,广东酒店管理职业技术学院,https://gdjdxy.edu.cn/,gdjdxy.edu.cn,probed-000,000,2026-10-03,专科·广东省,枚举:GitHub高校数据集(阳光高考院校库域名+AllShoolData) 2026-10
academic:gdjmcmc.com,academic,广东江门中医药职业学院,http://www.gdjmcmc.com/,gdjmcmc.com,probed-000,000,2026-10-03,专科·广东省,枚举:GitHub高校数据集(阳光高考院校库域名+AllShoolData) 2026-10
academic:gdjpvc.edu.cn,academic,广东司法警官职业学院,https://gdjpvc.edu.cn/,gdjpvc.edu.cn,probed-000,000,2026-10-03,专科·广东省,枚举:GitHub高校数据集(阳光高考院校库域名+AllShoolData) 2026-10
academic:gdkm.edu.cn,academic,广东科贸职业学院,http://www.gdkm.edu.cn/,gdkm.edu.cn,probed-2xx,200,2026-10-03,专科·广东省,枚举:GitHub高校数据集(阳光高考院校库域名+AllShoolData) 2026-10
academic:gdla.edu.cn,academic,广东文艺职业学院,http://www.gdla.edu.cn/,gdla.edu.cn,probed-2xx,200,2026-10-03,专科·广东省,枚举:GitHub高校数据集(阳光高考院校库域名+AllShoolData) 2026-10
academic:gdlgxy.edu.cn,academic,广东理工学院,https://gdlgxy.edu.cn/,gdlgxy.edu.cn,probed-000,000,2026-10-03,本科·广东省,枚举:GitHub高校数据集(阳光高考院校库域名+AllShoolData) 2026-10
academic:gdmec.edu.cn,academic,广东机电职业技术学院,https://gdmec.edu.cn/,gdmec.edu.cn,probed-2xx,200,2026-10-03,专科·广东省,枚举:GitHub高校数据集(阳光高考院校库域名+AllShoolData) 2026-10
academic:gdmu.edu.cn,academic,广东医科大学,http://www.gdmu.edu.cn/,gdmu.edu.cn,probed-2xx,200,2026-10-03,本科·广东省,枚举:GitHub高校数据集(阳光高考院校库域名+AllShoolData) 2026-10
academic:gdmzvtc.edu.cn,academic,广东梅州职业技术学院,https://gdmzvtc.edu.cn/,gdmzvtc.edu.cn,probed-2xx,200,2026-10-03,专科,枚举:GitHub高校数据集(阳光高考院校库域名+AllShoolData) 2026-10
academic:gdnfu.com,academic,广东南方职业学院,http://www.gdnfu.com/,gdnfu.com,probed-4xx,400,2026-10-03,专科·广东省,枚举:GitHub高校数据集(阳光高考院校库域名+AllShoolData) 2026-10
academic:gdou.edu.cn,academic,广东海洋大学,http://www.gdou.edu.cn/,gdou.edu.cn,probed-2xx,200,2026-10-03,本科·广东省,枚举:GitHub高校数据集(阳光高考院校库域名+AllShoolData) 2026-10
academic:gdpepe.edu.cn,academic,广东环境保护工程职业学院,https://gdpepe.edu.cn/,gdpepe.edu.cn,probed-2xx,200,2026-10-03,专科·广东省,枚举:GitHub高校数据集(阳光高考院校库域名+AllShoolData) 2026-10
academic:gdpi.edu.cn,academic,广东理工职业学院,http://www.gdpi.edu.cn/,gdpi.edu.cn,probed-2xx,200,2026-10-03,专科·广东省,枚举:GitHub高校数据集(阳光高考院校库域名+AllShoolData) 2026-10
academic:gdpnc.edu.cn,academic,广东茂名幼儿师范专科学校,https://gdpnc.edu.cn/,gdpnc.edu.cn,probed-000,000,2026-10-03,专科·广东省,枚举:GitHub高校数据集(阳光高考院校库域名+AllShoolData) 2026-10
academic:gdppla.edu.cn,academic,广东警官学院,http://www.gdppla.edu.cn/,gdppla.edu.cn,probed-000,000,2026-10-03,本科·广东省,枚举:GitHub高校数据集(阳光高考院校库域名+AllShoolData) 2026-10
academic:gdpu.edu.cn,academic,广东药科大学,http://www.gdpu.edu.cn/,gdpu.edu.cn,probed-2xx,200,2026-10-03,本科·广东省,枚举:GitHub高校数据集(阳光高考院校库域名+AllShoolData) 2026-10
academic:gdqy.edu.cn,academic,广东轻工职业技术学院,http://www.gdqy.edu.cn/,gdqy.edu.cn,probed-2xx,200,2026-10-03,专科·广东省,枚举:GitHub高校数据集(阳光高考院校库域名+AllShoolData) 2026-10
academic:gdsdxy.edu.cn,academic,广东水利电力职业技术学院,http://www.gdsdxy.edu.cn/,gdsdxy.edu.cn,probed-000,000,2026-10-03,专科·广东省,枚举:GitHub高校数据集(阳光高考院校库域名+AllShoolData) 2026-10
academic:gdsspt.edu.cn,academic,广东松山职业技术学院,https://gdsspt.edu.cn/,gdsspt.edu.cn,probed-000,000,2026-10-03,专科·广东省,枚举:GitHub高校数据集(阳光高考院校库域名+AllShoolData) 2026-10
academic:gdstpec.edu.cn,academic,广东汕头幼儿师范高等专科学校,https://gdstpec.edu.cn/,gdstpec.edu.cn,probed-4xx,403,2026-10-03,专科,枚举:GitHub高校数据集(阳光高考院校库域名+AllShoolData) 2026-10
academic:gdsty.edu.cn,academic,广东生态工程职业学院,https://gdsty.edu.cn/,gdsty.edu.cn,probed-000,000,2026-10-03,专科·广东省,枚举:GitHub高校数据集(阳光高考院校库域名+AllShoolData) 2026-10
academic:gdtzy.edu.cn,academic,广东体育职业技术学院,https://gdtzy.edu.cn/,gdtzy.edu.cn,probed-000,000,2026-10-03,专科·广东省,枚举:GitHub高校数据集(阳光高考院校库域名+AllShoolData) 2026-10
academic:gduf.edu.cn,academic,广东金融学院,http://www.gduf.edu.cn/,gduf.edu.cn,probed-2xx,200,2026-10-03,本科·广东省,枚举:GitHub高校数据集(阳光高考院校库域名+AllShoolData) 2026-10
academic:gdufe.edu.cn,academic,广东财经大学,http://www.gdufe.edu.cn/,gdufe.edu.cn,probed-2xx,200,2026-10-03,本科·广东省,枚举:GitHub高校数据集(阳光高考院校库域名+AllShoolData) 2026-10
academic:gdufs.edu.cn,academic,广东外语外贸大学,http://www.gdufs.edu.cn/,gdufs.edu.cn,probed-2xx,200,2026-10-03,本科·广东省,枚举:GitHub高校数据集(阳光高考院校库域名+AllShoolData) 2026-10
academic:gdupt.edu.cn,academic,广东石油化工学院,http://www.gdupt.edu.cn,gdupt.edu.cn,probed-2xx,200,2026-10-03,本科·广东省,枚举:GitHub高校数据集(阳光高考院校库域名+AllShoolData) 2026-10
academic:gdust.edu.cn,academic,广东科技学院,https://gdust.edu.cn/,gdust.edu.cn,probed-000,000,2026-10-03,本科·广东省,枚举:GitHub高校数据集(阳光高考院校库域名+AllShoolData) 2026-10
academic:gdut.edu.cn,academic,广东工业大学,http://www.gdut.edu.cn/,gdut.edu.cn,probed-2xx,200,2026-10-03,本科·广东省,枚举:GitHub高校数据集(阳光高考院校库域名+AllShoolData) 2026-10
academic:gdwlxy.edu.cn,academic,广东文理职业学院,https://gdwlxy.edu.cn/,gdwlxy.edu.cn,probed-2xx,200,2026-10-03,专科·广东省,枚举:GitHub高校数据集(阳光高考院校库域名+AllShoolData) 2026-10
academic:gdxa.edu.cn,academic,广东新安职业技术学院,https://gdxa.edu.cn/,gdxa.edu.cn,probed-000,000,2026-10-03,专科·广东省,枚举:GitHub高校数据集(阳光高考院校库域名+AllShoolData) 2026-10
academic:gdxzzy.edu.cn,academic,广东行政职业学院,https://gdxzzy.edu.cn/,gdxzzy.edu.cn,probed-000,000,2026-10-03,专科·广东省,枚举:GitHub高校数据集(阳光高考院校库域名+AllShoolData) 2026-10
academic:gdycps.edu.cn,academic,广东青年职业学院,https://gdycps.edu.cn/,gdycps.edu.cn,probed-000,000,2026-10-03,专科·广东省,枚举:GitHub高校数据集(阳光高考院校库域名+AllShoolData) 2026-10
academic:gdyfvccm.edu.cn,academic,广东云浮中医药职业学院,https://gdyfvccm.edu.cn/,gdyfvccm.edu.cn,probed-2xx,200,2026-10-03,专科,枚举:GitHub高校数据集(阳光高考院校库域名+AllShoolData) 2026-10
academic:gdyzy.edu.cn,academic,广东食品药品职业学院,http://www.gdyzy.edu.cn/,gdyzy.edu.cn,probed-000,000,2026-10-03,专科·广东省,枚举:GitHub高校数据集(阳光高考院校库域名+AllShoolData) 2026-10
academic:gdzqac.edu.cn,academic,广东肇庆航空职业学院,https://gdzqac.edu.cn/,gdzqac.edu.cn,probed-2xx,200,2026-10-03,专科,枚举:GitHub高校数据集(阳光高考院校库域名+AllShoolData) 2026-10
academic:geely.edu.cn,academic,浙江汽车职业技术学院,http://www.geely.edu.cn,geely.edu.cn,probed-2xx,200,2026-10-03,专科·浙江省,枚举:GitHub高校数据集(阳光高考院校库域名+AllShoolData) 2026-10
academic:gench.edu.cn,academic,上海建桥学院,http://www.gench.edu.cn,gench.edu.cn,probed-000,000,2026-10-03,本科·上海市,枚举:GitHub高校数据集(阳光高考院校库域名+AllShoolData) 2026-10
academic:gengdan.cn,academic,北京工业大学耿丹学院,http://www.gengdan.cn/,gengdan.cn,probed-4xx,403,2026-10-03,本科·北京市,枚举:GitHub高校数据集(阳光高考院校库域名+AllShoolData) 2026-10
academic:gfxy.com,academic,陕西国防工业职业技术学院,http://www.gfxy.com/,gfxy.com,probed-2xx,200,2026-10-03,专科·陕西省,枚举:GitHub高校数据集(阳光高考院校库域名+AllShoolData) 2026-10
academic:ggxy.com,academic,辽宁广告职业学院,http://www.ggxy.com/,ggxy.com,probed-2xx,200,2026-10-03,专科·辽宁省,枚举:GitHub高校数据集(阳光高考院校库域名+AllShoolData) 2026-10
academic:ghu.edu.cn,academic,长春光华学院,http://www.ghu.edu.cn,ghu.edu.cn,probed-2xx,200,2026-10-03,本科·吉林省,枚举:GitHub高校数据集(阳光高考院校库域名+AllShoolData) 2026-10
academic:giist.cn,academic,贵阳信息科技学院,http://giist.cn/,giist.cn,probed-2xx,200,2026-10-03,本科,枚举:GitHub高校数据集(阳光高考院校库域名+AllShoolData) 2026-10
academic:gingkoc.edu.cn,academic,成都银杏酒店管理学院,https://gingkoc.edu.cn/,gingkoc.edu.cn,probed-000,000,2026-10-03,本科·四川省,枚举:GitHub高校数据集(阳光高考院校库域名+AllShoolData) 2026-10
academic:gipc.edu.cn,academic,甘肃工业职业技术学院,http://www.gipc.edu.cn/,gipc.edu.cn,probed-2xx,200,2026-10-03,专科·甘肃省,枚举:GitHub高校数据集(阳光高考院校库域名+AllShoolData) 2026-10
academic:gist.edu.cn,academic,苏州高博软件技术职业学院,http://www.gist.edu.cn/,gist.edu.cn,probed-2xx,200,2026-10-03,专科·江苏省,枚举:GitHub高校数据集(阳光高考院校库域名+AllShoolData) 2026-10
academic:git.edu.cn,academic,贵州理工学院,http://www.git.edu.cn/,git.edu.cn,probed-2xx,200,2026-10-03,本科·贵州省,枚举:GitHub高校数据集(阳光高考院校库域名+AllShoolData) 2026-10
academic:gkd.edu.cn,academic,广州科技职业技术大学,https://gkd.edu.cn/,gkd.edu.cn,probed-000,000,2026-10-03,本科·广东省,枚举:GitHub高校数据集(阳光高考院校库域名+AllShoolData) 2026-10
academic:glhic.com,academic,桂林生命与健康职业技术学院,http://glhic.com/,glhic.com,probed-000,000,2026-10-03,专科·广西壮族自治区,枚举:GitHub高校数据集(阳光高考院校库域名+AllShoolData) 2026-10
academic:glmc.edu.cn,academic,桂林医学院,http://www.glmc.edu.cn/,glmc.edu.cn,probed-2xx,200,2026-10-03,本科·广西壮族自治区,枚举:GitHub高校数据集(阳光高考院校库域名+AllShoolData) 2026-10
academic:glnc.edu.cn,academic,桂林师范高等专科学校,http://www.glnc.edu.cn/,glnc.edu.cn,probed-4xx,483,2026-10-03,专科·广西壮族自治区,枚举:GitHub高校数据集(阳光高考院校库域名+AllShoolData) 2026-10
academic:glsszyxy.com,academic,桂林山水职业学院,http://glsszyxy.com/,glsszyxy.com,probed-2xx,200,2026-10-03,专科·广西壮族自治区,枚举:GitHub高校数据集(阳光高考院校库域名+AllShoolData) 2026-10
academic:gltu.edu.cn,academic,桂林旅游学院,https://gltu.edu.cn/,gltu.edu.cn,probed-000,000,2026-10-03,本科·广西壮族自治区,枚举:GitHub高校数据集(阳光高考院校库域名+AllShoolData) 2026-10
academic:glut.edu.cn,academic,桂林理工大学,http://www.glut.edu.cn,glut.edu.cn,probed-2xx,200,2026-10-03,本科·广西壮族自治区,枚举:GitHub高校数据集(阳光高考院校库域名+AllShoolData) 2026-10
academic:gmc.edu.cn,academic,贵州医科大学,http://www.gmc.edu.cn/,gmc.edu.cn,probed-2xx,200,2026-10-03,本科·贵州省,枚举:GitHub高校数据集(阳光高考院校库域名+AllShoolData) 2026-10
academic:gmtj.com,academic,天津工艺美术职业学院,http://www.gmtj.com/,gmtj.com,probed-2xx,200,2026-10-03,专科·天津市,枚举:GitHub高校数据集(阳光高考院校库域名+AllShoolData) 2026-10
academic:gmu.cn,academic,赣南医学院,http://www.gmu.cn/,gmu.cn,probed-2xx,200,2026-10-03,本科·江西省·未核实,枚举:GitHub高校数据集(阳光高考院校库域名+AllShoolData) 2026-10
academic:gnhvc.cn,academic,赣南卫生健康职业学院,http://www.gnhvc.cn,gnhvc.cn,probed-000,000,2026-10-03,专科·江西省,枚举:GitHub高校数据集(阳光高考院校库域名+AllShoolData) 2026-10
academic:gnnu.edu.cn,academic,赣南师范大学,https://gnnu.edu.cn/,gnnu.edu.cn,probed-000,000,2026-10-03,本科·江西省,枚举:GitHub高校数据集(阳光高考院校库域名+AllShoolData) 2026-10
academic:gnnustc.com,academic,赣南师范大学科技学院,http://gnnustc.com/,gnnustc.com,probed-2xx,200,2026-10-03,本科·江西省,枚举:GitHub高校数据集(阳光高考院校库域名+AllShoolData) 2026-10
academic:gnun.edu.cn,academic,甘肃民族师范学院,http://www.gnun.edu.cn/,gnun.edu.cn,probed-2xx,200,2026-10-03,本科·甘肃省,枚举:GitHub高校数据集(阳光高考院校库域名+AllShoolData) 2026-10
academic:gnust.edu.cn,academic,赣南科技学院,https://gnust.edu.cn/,gnust.edu.cn,probed-000,000,2026-10-03,本科,枚举:GitHub高校数据集(阳光高考院校库域名+AllShoolData) 2026-10
academic:gpnu.edu.cn,academic,广东技术师范大学,http://www.gpnu.edu.cn,gpnu.edu.cn,probed-2xx,200,2026-10-03,本科·广东省,枚举:GitHub高校数据集(阳光高考院校库域名+AllShoolData) 2026-10
academic:gqkj.com.cn,academic,共青科技职业学院,http://www.gqkj.com.cn/,gqkj.com.cn,probed-2xx,200,2026-10-03,专科·江西省,枚举:GitHub高校数据集(阳光高考院校库域名+AllShoolData) 2026-10
academic:greathiit.com,academic,哈尔滨信息工程学院,http://greathiit.com/,greathiit.com,probed-2xx,200,2026-10-03,本科·黑龙江省,枚举:GitHub高校数据集(阳光高考院校库域名+AllShoolData) 2026-10
academic:gsau.edu.cn,academic,甘肃农业大学,http://www.gsau.edu.cn/,gsau.edu.cn,probed-2xx,200,2026-10-03,本科·甘肃省,枚举:GitHub高校数据集(阳光高考院校库域名+AllShoolData) 2026-10
academic:gscat.edu.cn,academic,甘肃农业职业技术学院,https://gscat.edu.cn/,gscat.edu.cn,probed-000,000,2026-10-03,专科·甘肃省,枚举:GitHub高校数据集(阳光高考院校库域名+AllShoolData) 2026-10
academic:gscmxy.edu.cn,academic,甘肃财贸职业学院,https://gscmxy.edu.cn/,gscmxy.edu.cn,probed-000,000,2026-10-03,专科·甘肃省,枚举:GitHub高校数据集(阳光高考院校库域名+AllShoolData) 2026-10
academic:gsfc.edu.cn,academic,甘肃林业职业技术学院,http://www.gsfc.edu.cn/,gsfc.edu.cn,probed-2xx,200,2026-10-03,专科·甘肃省,枚举:GitHub高校数据集(阳光高考院校库域名+AllShoolData) 2026-10
academic:gsgtzy.cn,academic,甘肃钢铁职业技术学院,http://gsgtzy.cn/,gsgtzy.cn,probed-000,000,2026-10-03,专科·甘肃省,枚举:GitHub高校数据集(阳光高考院校库域名+AllShoolData) 2026-10
academic:gsjcxy.edu.cn,academic,甘肃警察职业学院,https://gsjcxy.edu.cn/,gsjcxy.edu.cn,probed-000,000,2026-10-03,专科·甘肃省,枚举:GitHub高校数据集(阳光高考院校库域名+AllShoolData) 2026-10
academic:gsjdxy.com,academic,甘肃机电职业技术学院,http://www.gsjdxy.com/,gsjdxy.com,probed-000,000,2026-10-03,专科·甘肃省,枚举:GitHub高校数据集(阳光高考院校库域名+AllShoolData) 2026-10
academic:gsjtxy.edu.cn,academic,甘肃交通职业技术学院,http://www.gsjtxy.edu.cn/,gsjtxy.edu.cn,probed-2xx,200,2026-10-03,专科·甘肃省·未核实,枚举:GitHub高校数据集(阳光高考院校库域名+AllShoolData) 2026-10
academic:gsli.edu.cn,academic,甘肃政法学院,http://www.gsli.edu.cn/,gsli.edu.cn,probed-000,000,2026-10-03,本科·兰州市·Fitch源,枚举:GitHub高校数据集(阳光高考院校库域名+AllShoolData) 2026-10
academic:gsmc.edu.cn,academic,甘肃医学院,https://gsmc.edu.cn/,gsmc.edu.cn,probed-000,000,2026-10-03,本科·甘肃省,枚举:GitHub高校数据集(阳光高考院校库域名+AllShoolData) 2026-10
academic:gsnyedu.cn,academic,甘肃能源化工职业学院,http://www.gsnyedu.cn/,gsnyedu.cn,probed-2xx,200,2026-10-03,专科·甘肃省·Fitch源,枚举:GitHub高校数据集(阳光高考院校库域名+AllShoolData) 2026-10
academic:gsupl.edu.cn,academic,甘肃政法大学,https://gsupl.edu.cn/,gsupl.edu.cn,probed-000,000,2026-10-03,本科·甘肃省,枚举:GitHub高校数据集(阳光高考院校库域名+AllShoolData) 2026-10
academic:gswx.com.cn,academic,甘肃卫生职业学院,http://www.gswx.com.cn/,gswx.com.cn,probed-2xx,200,2026-10-03,专科·甘肃省,枚举:GitHub高校数据集(阳光高考院校库域名+AllShoolData) 2026-10
academic:gsxy.cn,academic,哈尔滨广厦学院,http://www.gsxy.cn/,gsxy.cn,probed-2xx,200,2026-10-03,本科·黑龙江省,枚举:GitHub高校数据集(阳光高考院校库域名+AllShoolData) 2026-10
academic:gsysyj.org,academic,甘肃有色冶金职业技术学院,http://gsysyj.org/,gsysyj.org,probed-000,000,2026-10-03,专科·甘肃省,枚举:GitHub高校数据集(阳光高考院校库域名+AllShoolData) 2026-10
academic:gszy.edu.cn,academic,甘肃中医药大学,http://www.gszy.edu.cn/,gszy.edu.cn,probed-2xx,200,2026-10-03,本科·甘肃省,枚举:GitHub高校数据集(阳光高考院校库域名+AllShoolData) 2026-10
academic:gtcfla.edu.cn,academic,广东省外语艺术职业学院,https://gtcfla.edu.cn/,gtcfla.edu.cn,probed-2xx,200,2026-10-03,专科·广东省,枚举:GitHub高校数据集(阳光高考院校库域名+AllShoolData) 2026-10
academic:gtiit.edu.cn,academic,广东以色列理工学院,http://www.gtiit.edu.cn/,gtiit.edu.cn,probed-2xx,200,2026-10-03,本科·广东省,枚举:GitHub高校数据集(阳光高考院校库域名+AllShoolData) 2026-10
academic:gtxy.cn,academic,广州铁路职业技术学院,http://www.gtxy.cn/,gtxy.cn,probed-000,000,2026-10-03,专科·广东省,枚举:GitHub高校数据集(阳光高考院校库域名+AllShoolData) 2026-10
academic:guangshaxy.com,academic,浙江广厦建设职业技术大学,http://www.guangshaxy.com/,guangshaxy.com,probed-000,000,2026-10-03,本科·浙江省·未核实,枚举:GitHub高校数据集(阳光高考院校库域名+AllShoolData) 2026-10
academic:guat.edu.cn,academic,桂林航天工业学院,http://www.guat.edu.cn/,guat.edu.cn,probed-2xx,200,2026-10-03,本科·广西壮族自治区,枚举:GitHub高校数据集(阳光高考院校库域名+AllShoolData) 2026-10
academic:guc.edu.cn,academic,吉利学院,https://guc.edu.cn/,guc.edu.cn,probed-000,000,2026-10-03,本科·四川省,枚举:GitHub高校数据集(阳光高考院校库域名+AllShoolData) 2026-10
academic:gues.edu.cn,academic,贵州工程应用技术学院,http://www.gues.edu.cn/,gues.edu.cn,probed-2xx,200,2026-10-03,本科·贵州省,枚举:GitHub高校数据集(阳光高考院校库域名+AllShoolData) 2026-10
academic:guet.edu.cn,academic,桂林电子科技大学,http://www.guet.edu.cn,guet.edu.cn,probed-2xx,200,2026-10-03,本科·广西壮族自治区,枚举:GitHub高校数据集(阳光高考院校库域名+AllShoolData) 2026-10
academic:gufe.edu.cn,academic,贵州财经大学,http://www.gufe.edu.cn,gufe.edu.cn,probed-2xx,200,2026-10-03,本科·贵州省,枚举:GitHub高校数据集(阳光高考院校库域名+AllShoolData) 2026-10
academic:guit.edu.cn,academic,桂林信息科技学院,http://www.guit.edu.cn,guit.edu.cn,probed-2xx,200,2026-10-03,本科,枚举:GitHub高校数据集(阳光高考院校库域名+AllShoolData) 2026-10
academic:gupt.edu.cn,academic,广东邮电职业技术学院,https://gupt.edu.cn/,gupt.edu.cn,probed-000,000,2026-10-03,专科·广东省,枚举:GitHub高校数据集(阳光高考院校库域名+AllShoolData) 2026-10
academic:gwng.edu.cn,academic,广东外语外贸大学南国商学院,http://www.gwng.edu.cn/,gwng.edu.cn,probed-2xx,200,2026-10-03,本科·广东省,枚举:GitHub高校数据集(阳光高考院校库域名+AllShoolData) 2026-10
academic:gxaqzy.cn,academic,广西安全工程职业技术学院,http://gxaqzy.cn/,gxaqzy.cn,probed-000,000,2026-10-03,专科·广西壮族自治区,枚举:GitHub高校数据集(阳光高考院校库域名+AllShoolData) 2026-10
academic:gxart.cn,academic,广西演艺职业学院,http://www.gxart.cn/,gxart.cn,probed-2xx,200,2026-10-03,专科·广西壮族自治区,枚举:GitHub高校数据集(阳光高考院校库域名+AllShoolData) 2026-10
academic:gxau.edu.cn,academic,广西艺术学院,http://www.gxau.edu.cn/,gxau.edu.cn,probed-000,000,2026-10-03,本科·广西壮族自治区,枚举:GitHub高校数据集(阳光高考院校库域名+AllShoolData) 2026-10
academic:gxbszy.cn,academic,百色职业学院,http://gxbszy.cn/,gxbszy.cn,probed-000,000,2026-10-03,专科·广西壮族自治区,枚举:GitHub高校数据集(阳光高考院校库域名+AllShoolData) 2026-10
academic:gxccedu.com,academic,广西城市职业学院,http://www.gxccedu.com/,gxccedu.com,probed-000,000,2026-10-03,专科·扶绥县·Fitch源,枚举:GitHub高校数据集(阳光高考院校库域名+AllShoolData) 2026-10
academic:gxcme.edu.cn,academic,广西机电职业技术学院,http://www.gxcme.edu.cn/,gxcme.edu.cn,probed-2xx,200,2026-10-03,专科·广西壮族自治区,枚举:GitHub高校数据集(阳光高考院校库域名+AllShoolData) 2026-10
academic:gxcvuedu.com,academic,广西城市职业大学,http://gxcvuedu.com/,gxcvuedu.com,probed-2xx,200,2026-10-03,本科·广西壮族自治区,枚举:GitHub高校数据集(阳光高考院校库域名+AllShoolData) 2026-10
academic:gxczyesf.com,academic,崇左幼儿师范高等专科学校,http://gxczyesf.com/,gxczyesf.com,probed-000,000,2026-10-03,专科·广西壮族自治区,枚举:GitHub高校数据集(阳光高考院校库域名+AllShoolData) 2026-10
academic:gxdlxy.com,academic,广西电力职业技术学院,http://www.gxdlxy.com/,gxdlxy.com,probed-2xx,200,2026-10-03,专科·广西壮族自治区,枚举:GitHub高校数据集(阳光高考院校库域名+AllShoolData) 2026-10
academic:gxevc.com,academic,广西经济职业学院,http://www.gxevc.com/,gxevc.com,probed-2xx,200,2026-10-03,专科·广西壮族自治区,枚举:GitHub高校数据集(阳光高考院校库域名+AllShoolData) 2026-10
academic:gxgcedu.com,academic,广西工程职业学院,http://www.gxgcedu.com/,gxgcedu.com,probed-2xx,200,2026-10-03,专科·广西壮族自治区,枚举:GitHub高校数据集(阳光高考院校库域名+AllShoolData) 2026-10
academic:gxgsxy.com,academic,广西工商职业技术学院,http://www.gxgsxy.com/,gxgsxy.com,probed-2xx,200,2026-10-03,专科·广西壮族自治区,枚举:GitHub高校数据集(阳光高考院校库域名+AllShoolData) 2026-10
academic:gxibvc.net,academic,广西国际商务职业技术学院,http://www.gxibvc.net/,gxibvc.net,probed-3xx,301,2026-10-03,专科·广西壮族自治区,枚举:GitHub高校数据集(阳光高考院校库域名+AllShoolData) 2026-10
academic:gxic.net,academic,广西工业职业技术学院,http://www.gxic.net/,gxic.net,probed-000,000,2026-10-03,专科·广西壮族自治区,枚举:GitHub高校数据集(阳光高考院校库域名+AllShoolData) 2026-10
academic:gxjcxy.com,academic,广西警察学院,http://gxjcxy.com/,gxjcxy.com,probed-000,000,2026-10-03,本科·广西壮族自治区,枚举:GitHub高校数据集(阳光高考院校库域名+AllShoolData) 2026-10
academic:gxjmzy.com,academic,广西经贸职业技术学院,http://www.gxjmzy.com/,gxjmzy.com,probed-000,000,2026-10-03,专科·广西壮族自治区,枚举:GitHub高校数据集(阳光高考院校库域名+AllShoolData) 2026-10
academic:gxjrxy.com,academic,广西金融职业技术学院,http://www.gxjrxy.com/,gxjrxy.com,probed-2xx,200,2026-10-03,专科·广西壮族自治区,枚举:GitHub高校数据集(阳光高考院校库域名+AllShoolData) 2026-10
academic:gxjsxy.cn,academic,广西建设职业技术学院,http://www.gxjsxy.cn/,gxjsxy.cn,probed-2xx,200,2026-10-03,专科·广西壮族自治区,枚举:GitHub高校数据集(阳光高考院校库域名+AllShoolData) 2026-10
academic:gxjzy.com,academic,广西交通职业技术学院,http://www.gxjzy.com/,gxjzy.com,probed-2xx,200,2026-10-03,专科·广西壮族自治区·未核实,枚举:GitHub高校数据集(阳光高考院校库域名+AllShoolData) 2026-10
academic:gxkjzy.com,academic,广西科技职业学院,http://www.gxkjzy.com/,gxkjzy.com,probed-2xx,200,2026-10-03,专科·广西壮族自治区,枚举:GitHub高校数据集(阳光高考院校库域名+AllShoolData) 2026-10
academic:gxlgxy.com,academic,广西理工职业技术学院,http://www.gxlgxy.com/,gxlgxy.com,probed-000,000,2026-10-03,专科·广西壮族自治区,枚举:GitHub高校数据集(阳光高考院校库域名+AllShoolData) 2026-10
academic:gxljcollege.cn,academic,桂林学院,http://www.gxljcollege.cn/,gxljcollege.cn,probed-2xx,200,2026-10-03,本科,枚举:GitHub高校数据集(阳光高考院校库域名+AllShoolData) 2026-10
academic:gxltu.edu.cn,academic,广西蓝天航空职业学院,http://www.gxltu.edu.cn,gxltu.edu.cn,probed-2xx,200,2026-10-03,专科·广西壮族自治区,枚举:GitHub高校数据集(阳光高考院校库域名+AllShoolData) 2026-10
academic:gxlvtc.edu.cn,academic,广西物流职业技术学院,https://gxlvtc.edu.cn/,gxlvtc.edu.cn,probed-2xx,200,2026-10-03,专科·广西壮族自治区,枚举:GitHub高校数据集(阳光高考院校库域名+AllShoolData) 2026-10
academic:gxmu.edu.cn,academic,广西医科大学,http://www.gxmu.edu.cn/,gxmu.edu.cn,probed-2xx,200,2026-10-03,本科·广西壮族自治区,枚举:GitHub高校数据集(阳光高考院校库域名+AllShoolData) 2026-10
academic:gxngy.cn,academic,广西农业工程职业技术学院,http://gxngy.cn/,gxngy.cn,probed-2xx,200,2026-10-03,专科,枚举:GitHub高校数据集(阳光高考院校库域名+AllShoolData) 2026-10
academic:gxnrvtc.edu.cn,academic,广西自然资源职业技术学院,https://gxnrvtc.edu.cn/,gxnrvtc.edu.cn,probed-000,000,2026-10-03,专科·广西壮族自治区,枚举:GitHub高校数据集(阳光高考院校库域名+AllShoolData) 2026-10
academic:gxnu.edu.cn,academic,广西师范大学,http://www.gxnu.edu.cn/,gxnu.edu.cn,probed-2xx,200,2026-10-03,本科·广西壮族自治区,枚举:GitHub高校数据集(阳光高考院校库域名+AllShoolData) 2026-10
academic:gxnun.edu.cn,academic,广西民族师范学院,https://gxnun.edu.cn/,gxnun.edu.cn,probed-000,000,2026-10-03,本科·广西壮族自治区,枚举:GitHub高校数据集(阳光高考院校库域名+AllShoolData) 2026-10
academic:gxnyxy.edu.cn,academic,广西农业职业技术学院,https://gxnyxy.edu.cn/,gxnyxy.edu.cn,probed-000,000,2026-10-03,专科·广西壮族自治区,枚举:GitHub高校数据集(阳光高考院校库域名+AllShoolData) 2026-10
academic:gxnzd.edu.cn,academic,广西农业职业技术大学,https://gxnzd.edu.cn/,gxnzd.edu.cn,probed-000,000,2026-10-03,专科,枚举:GitHub高校数据集(阳光高考院校库域名+AllShoolData) 2026-10
academic:gxsdxy.cn,academic,广西水利电力职业技术学院,http://www.gxsdxy.cn/,gxsdxy.cn,probed-4xx,403,2026-10-03,专科·广西壮族自治区,枚举:GitHub高校数据集(阳光高考院校库域名+AllShoolData) 2026-10
academic:gxstnu.edu.cn,academic,广西科技师范学院,http://www.gxstnu.edu.cn,gxstnu.edu.cn,probed-000,000,2026-10-03,本科·广西壮族自治区,枚举:GitHub高校数据集(阳光高考院校库域名+AllShoolData) 2026-10
academic:gxstzy.cn,academic,广西生态工程职业技术学院,http://www.gxstzy.cn/,gxstzy.cn,probed-2xx,200,2026-10-03,专科·广西壮族自治区,枚举:GitHub高校数据集(阳光高考院校库域名+AllShoolData) 2026-10
academic:gxsy.edu.cn,academic,南宁师范大学师园学院,http://www.gxsy.edu.cn,gxsy.edu.cn,probed-2xx,200,2026-10-03,本科·广西壮族自治区,枚举:GitHub高校数据集(阳光高考院校库域名+AllShoolData) 2026-10
academic:gxsyu.com,academic,广西师范学院师园学院,http://www.gxsyu.com/,gxsyu.com,probed-2xx,200,2026-10-03,本科·南宁市·Fitch源,枚举:GitHub高校数据集(阳光高考院校库域名+AllShoolData) 2026-10
academic:gxtc.edu.cn,academic,广西师范学院,http://www.gxtc.edu.cn/,gxtc.edu.cn,probed-000,000,2026-10-03,本科·南宁市·Fitch源,枚举:GitHub高校数据集(阳光高考院校库域名+AllShoolData) 2026-10
academic:gxtcmu.edu.cn,academic,广西中医药大学,http://www.gxtcmu.edu.cn/,gxtcmu.edu.cn,probed-2xx,200,2026-10-03,本科·广西壮族自治区,枚举:GitHub高校数据集(阳光高考院校库域名+AllShoolData) 2026-10
academic:gxtic.edu.cn,academic,广西英华国际职业学院,https://gxtic.edu.cn/,gxtic.edu.cn,probed-000,000,2026-10-03,专科·广西壮族自治区,枚举:GitHub高校数据集(阳光高考院校库域名+AllShoolData) 2026-10
academic:gxtznn.com,academic,广西体育高等专科学校,http://www.gxtznn.com/,gxtznn.com,probed-2xx,200,2026-10-03,专科·广西壮族自治区,枚举:GitHub高校数据集(阳光高考院校库域名+AllShoolData) 2026-10
academic:gxu.edu.cn,academic,广西大学,http://www.gxu.edu.cn/,gxu.edu.cn,probed-2xx,200,2026-10-03,本科·广西壮族自治区,枚举:GitHub高校数据集(阳光高考院校库域名+AllShoolData) 2026-10
academic:gxufe.cn,academic,广西财经学院,http://www.gxufe.cn/,gxufe.cn,probed-2xx,200,2026-10-03,本科·广西壮族自治区·未核实,枚举:GitHub高校数据集(阳光高考院校库域名+AllShoolData) 2026-10
academic:gxuie.cn,academic,广西信息职业技术学院,http://gxuie.cn/,gxuie.cn,probed-2xx,200,2026-10-03,专科,枚举:GitHub高校数据集(阳光高考院校库域名+AllShoolData) 2026-10
academic:gxun.edu.cn,academic,广西民族大学,http://www.gxun.edu.cn/,gxun.edu.cn,probed-000,000,2026-10-03,本科·广西壮族自治区,枚举:GitHub高校数据集(阳光高考院校库域名+AllShoolData) 2026-10
academic:gxust.edu.cn,academic,广西科技大学,https://gxust.edu.cn/,gxust.edu.cn,probed-000,000,2026-10-03,本科·广西壮族自治区,枚举:GitHub高校数据集(阳光高考院校库域名+AllShoolData) 2026-10
academic:gxuwz.edu.cn,academic,梧州学院,http://www.gxuwz.edu.cn/,gxuwz.edu.cn,probed-2xx,200,2026-10-03,本科·广西壮族自治区,枚举:GitHub高校数据集(阳光高考院校库域名+AllShoolData) 2026-10
academic:gxvnu.edu.cn,academic,广西职业师范学院,https://gxvnu.edu.cn/,gxvnu.edu.cn,probed-000,000,2026-10-03,本科·广西壮族自治区,枚举:GitHub高校数据集(阳光高考院校库域名+AllShoolData) 2026-10
academic:gxwzy.com.cn,academic,广西卫生职业技术学院,http://www.gxwzy.com.cn/,gxwzy.com.cn,probed-000,000,2026-10-03,专科·广西壮族自治区·未核实,枚举:GitHub高校数据集(阳光高考院校库域名+AllShoolData) 2026-10
academic:gxwzyz.com,academic,梧州医学高等专科学校,http://gxwzyz.com/,gxwzyz.com,probed-000,000,2026-10-03,专科·广西壮族自治区,枚举:GitHub高校数据集(阳光高考院校库域名+AllShoolData) 2026-10
academic:gxxd.net.cn,academic,广西现代职业技术学院,http://www.gxxd.net.cn/,gxxd.net.cn,probed-2xx,200,2026-10-03,专科·广西壮族自治区,枚举:GitHub高校数据集(阳光高考院校库域名+AllShoolData) 2026-10
academic:gxyesf.edu.cn,academic,广西幼儿师范高等专科学校,https://gxyesf.edu.cn/,gxyesf.edu.cn,probed-4xx,403,2026-10-03,专科·广西壮族自治区,枚举:GitHub高校数据集(阳光高考院校库域名+AllShoolData) 2026-10
academic:gxzjy.com,academic,广西职业技术学院,http://www.gxzjy.com/,gxzjy.com,probed-2xx,200,2026-10-03,专科·广西壮族自治区,枚举:GitHub高校数据集(阳光高考院校库域名+AllShoolData) 2026-10
academic:gxzyxysy.com,academic,广西中医药大学赛恩斯新医药学院,http://www.gxzyxysy.com/,gxzyxysy.com,probed-2xx,200,2026-10-03,本科·广西壮族自治区,枚举:GitHub高校数据集(阳光高考院校库域名+AllShoolData) 2026-10
academic:gxzzzy.cn,academic,广西制造工程职业技术学院,http://gxzzzy.cn/,gxzzzy.cn,probed-4xx,412,2026-10-03,专科·广西壮族自治区,枚举:GitHub高校数据集(阳光高考院校库域名+AllShoolData) 2026-10
academic:gyctcm.edu.cn,academic,贵阳中医学院,http://www.gyctcm.edu.cn/,gyctcm.edu.cn,probed-000,000,2026-10-03,本科·贵阳市·Fitch源,枚举:GitHub高校数据集(阳光高考院校库域名+AllShoolData) 2026-10
academic:gynvc.edu.cn,academic,贵阳康养职业大学,http://www.gynvc.edu.cn/,gynvc.edu.cn,probed-000,000,2026-10-03,专科,枚举:GitHub高校数据集(阳光高考院校库域名+AllShoolData) 2026-10
academic:gypec.edu.cn,academic,贵阳幼儿师范高等专科学校,http://www.gypec.edu.cn,gypec.edu.cn,probed-2xx,200,2026-10-03,专科·贵州省·未核实,枚举:GitHub高校数据集(阳光高考院校库域名+AllShoolData) 2026-10
academic:gysqxy.edu.cn,academic,贵州医科大学神奇民族医药学院,https://gysqxy.edu.cn/,gysqxy.edu.cn,probed-000,000,2026-10-03,本科·贵州省,枚举:GitHub高校数据集(阳光高考院校库域名+AllShoolData) 2026-10
academic:gyu.cn,academic,贵阳学院,http://www.gyu.cn/,gyu.cn,probed-000,000,2026-10-03,本科·贵州省,枚举:GitHub高校数据集(阳光高考院校库域名+AllShoolData) 2026-10
academic:gyvtc.edu.cn,academic,贵阳职业技术学院,http://www.gyvtc.edu.cn,gyvtc.edu.cn,probed-2xx,200,2026-10-03,专科·贵州省,枚举:GitHub高校数据集(阳光高考院校库域名+AllShoolData) 2026-10
academic:gzarts.edu.cn,academic,广州美术学院,http://www.gzarts.edu.cn/,gzarts.edu.cn,probed-2xx,200,2026-10-03,本科·广东省,枚举:GitHub高校数据集(阳光高考院校库域名+AllShoolData) 2026-10
academic:gzasc.edu.cn,academic,广州应用科技学院,https://gzasc.edu.cn/,gzasc.edu.cn,probed-2xx,200,2026-10-03,本科,枚举:GitHub高校数据集(阳光高考院校库域名+AllShoolData) 2026-10
academic:gzbjyz.com,academic,毕节幼儿师范高等专科学校,http://www.gzbjyz.com/,gzbjyz.com,probed-000,000,2026-10-03,专科·贵州省,枚举:GitHub高校数据集(阳光高考院校库域名+AllShoolData) 2026-10
academic:gzbjzy.cn,academic,毕节职业技术学院,http://gzbjzy.cn/,gzbjzy.cn,probed-000,000,2026-10-03,专科·贵州省,枚举:GitHub高校数据集(阳光高考院校库域名+AllShoolData) 2026-10
academic:gzcc.edu.cn,academic,贵州商学院,http://www.gzcc.edu.cn/,gzcc.edu.cn,probed-000,000,2026-10-03,本科·贵州省,枚举:GitHub高校数据集(阳光高考院校库域名+AllShoolData) 2026-10
academic:gzccc.edu.cn,academic,广州城建职业学院,http://www.gzccc.edu.cn/,gzccc.edu.cn,probed-4xx,483,2026-10-03,专科·广东省,枚举:GitHub高校数据集(阳光高考院校库域名+AllShoolData) 2026-10
academic:gzcjzyxy.cn,academic,贵州财经职业学院,http://gzcjzyxy.cn/,gzcjzyxy.cn,probed-000,000,2026-10-03,专科·贵州省,枚举:GitHub高校数据集(阳光高考院校库域名+AllShoolData) 2026-10
academic:gzdhxy.edu.cn,academic,广州东华职业学院,https://gzdhxy.edu.cn/,gzdhxy.edu.cn,probed-000,000,2026-10-03,专科·广东省,枚举:GitHub高校数据集(阳光高考院校库域名+AllShoolData) 2026-10
academic:gzdsxy.org.cn,academic,贵州电子商务职业技术学院,http://www.gzdsxy.org.cn,gzdsxy.org.cn,probed-2xx,200,2026-10-03,专科·贵州省,枚举:GitHub高校数据集(阳光高考院校库域名+AllShoolData) 2026-10
academic:gzdzxy.cn,academic,贵州电子科技职业学院,http://www.gzdzxy.cn,gzdzxy.cn,probed-2xx,200,2026-10-03,专科·贵州省,枚举:GitHub高校数据集(阳光高考院校库域名+AllShoolData) 2026-10
academic:gzeic.com,academic,贵州电子信息职业技术学院,http://www.gzeic.com/,gzeic.com,probed-000,000,2026-10-03,专科·贵州省,枚举:GitHub高校数据集(阳光高考院校库域名+AllShoolData) 2026-10
academic:gzgmzyxy.com,academic,贵州工贸职业学院,http://www.gzgmzyxy.com/,gzgmzyxy.com,probed-4xx,404,2026-10-03,专科·贵州省,枚举:GitHub高校数据集(阳光高考院校库域名+AllShoolData) 2026-10
academic:gzgs.org.cn,academic,广州工商学院,http://www.gzgs.org.cn/,gzgs.org.cn,probed-000,000,2026-10-03,本科·广东省·未核实,枚举:GitHub高校数据集(阳光高考院校库域名+AllShoolData) 2026-10
academic:gzgszy.com,academic,贵州工商职业学院,http://www.gzgszy.com/,gzgszy.com,probed-2xx,200,2026-10-03,专科·贵州省,枚举:GitHub高校数据集(阳光高考院校库域名+AllShoolData) 2026-10
academic:gzhkzy.cn,academic,贵州航空职业技术学院,http://gzhkzy.cn/,gzhkzy.cn,probed-000,000,2026-10-03,专科·贵州省·Demired源,枚举:GitHub高校数据集(阳光高考院校库域名+AllShoolData) 2026-10
academic:gzhmu.edu.cn,academic,广州医科大学,http://www.gzhmu.edu.cn/,gzhmu.edu.cn,probed-2xx,200,2026-10-03,本科·广东省,枚举:GitHub高校数据集(阳光高考院校库域名+AllShoolData) 2026-10
academic:gzhsvc.edu.cn,academic,广州华商职业学院,https://gzhsvc.edu.cn/,gzhsvc.edu.cn,probed-4xx,403,2026-10-03,专科·广东省,枚举:GitHub高校数据集(阳光高考院校库域名+AllShoolData) 2026-10
academic:gzhtzy.com,academic,贵州航天职业技术学院,http://www.gzhtzy.com/,gzhtzy.com,probed-000,000,2026-10-03,专科·贵州省·未核实,枚举:GitHub高校数据集(阳光高考院校库域名+AllShoolData) 2026-10
academic:gzhu.edu.cn,academic,广州大学,http://www.gzhu.edu.cn/,gzhu.edu.cn,probed-2xx,200,2026-10-03,本科·广东省,枚举:GitHub高校数据集(阳光高考院校库域名+AllShoolData) 2026-10
academic:gzhxtc.edu.cn,academic,广州华夏职业学院,https://gzhxtc.edu.cn/,gzhxtc.edu.cn,probed-000,000,2026-10-03,专科·广东省,枚举:GitHub高校数据集(阳光高考院校库域名+AllShoolData) 2026-10
academic:gziec.edu.cn,academic,广州涉外经济职业技术学院,https://gziec.edu.cn/,gziec.edu.cn,probed-000,000,2026-10-03,专科·广东省,枚举:GitHub高校数据集(阳光高考院校库域名+AllShoolData) 2026-10
academic:gzieu.com,academic,贵州工程职业学院,http://www.gzieu.com/,gzieu.com,probed-2xx,200,2026-10-03,专科·贵州省,枚举:GitHub高校数据集(阳光高考院校库域名+AllShoolData) 2026-10
academic:gzist.edu.cn,academic,广州理工学院,https://gzist.edu.cn/,gzist.edu.cn,probed-000,000,2026-10-03,本科·广东省,枚举:GitHub高校数据集(阳光高考院校库域名+AllShoolData) 2026-10
academic:gzjgxy.cn,academic,贵州警察学院,http://www.gzjgxy.cn/,gzjgxy.cn,probed-2xx,200,2026-10-03,本科·贵州省,枚举:GitHub高校数据集(阳光高考院校库域名+AllShoolData) 2026-10
academic:gzjkzy.edu.cn,academic,贵州健康职业学院,https://gzjkzy.edu.cn/,gzjkzy.edu.cn,probed-2xx,200,2026-10-03,专科·贵州省,枚举:GitHub高校数据集(阳光高考院校库域名+AllShoolData) 2026-10
academic:gzjmzy.cn,academic,贵州经贸职业技术学院,http://www.gzjmzy.cn,gzjmzy.cn,probed-2xx,200,2026-10-03,专科·贵州省,枚举:GitHub高校数据集(阳光高考院校库域名+AllShoolData) 2026-10
academic:gzjszy.cn,academic,贵州建设职业技术学院,http://www.gzjszy.cn,gzjszy.cn,probed-4xx,403,2026-10-03,专科·贵州省,枚举:GitHub高校数据集(阳光高考院校库域名+AllShoolData) 2026-10
academic:gzjtzy.net,academic,贵州交通职业技术学院,http://www.gzjtzy.net/,gzjtzy.net,probed-2xx,200,2026-10-03,专科·贵州省,枚举:GitHub高校数据集(阳光高考院校库域名+AllShoolData) 2026-10
academic:gzkjxy.net,academic,广州科技职业技术学院,http://www.gzkjxy.net/,gzkjxy.net,probed-000,000,2026-10-03,专科·广州市·Fitch源,枚举:GitHub高校数据集(阳光高考院校库域名+AllShoolData) 2026-10
academic:gzkmu.edu.cn,academic,广州科技贸易职业学院,https://gzkmu.edu.cn/,gzkmu.edu.cn,probed-000,000,2026-10-03,专科·广东省,枚举:GitHub高校数据集(阳光高考院校库域名+AllShoolData) 2026-10
academic:gzky.edu.cn,academic,贵州工业职业技术学院,http://www.gzky.edu.cn/,gzky.edu.cn,probed-2xx,200,2026-10-03,专科·贵州省,枚举:GitHub高校数据集(阳光高考院校库域名+AllShoolData) 2026-10
academic:gzmdrw.cn,academic,贵阳人文科技学院,http://gzmdrw.cn/,gzmdrw.cn,probed-000,000,2026-10-03,本科,枚举:GitHub高校数据集(阳光高考院校库域名+AllShoolData) 2026-10
academic:gzmhxy.cn,academic,贵州民用航空职业学院,http://gzmhxy.cn/,gzmhxy.cn,probed-2xx,200,2026-10-03,专科·贵州省,枚举:GitHub高校数据集(阳光高考院校库域名+AllShoolData) 2026-10
academic:gzmiec.edu.cn,academic,广州现代信息工程职业技术学院,https://gzmiec.edu.cn/,gzmiec.edu.cn,probed-000,000,2026-10-03,专科·广东省,枚举:GitHub高校数据集(阳光高考院校库域名+AllShoolData) 2026-10
academic:gzmtu.edu.cn,academic,广州航海学院,https://gzmtu.edu.cn/,gzmtu.edu.cn,probed-000,000,2026-10-03,本科·广东省,枚举:GitHub高校数据集(阳光高考院校库域名+AllShoolData) 2026-10
academic:gzmu.edu.cn,academic,贵州民族大学,http://www.gzmu.edu.cn/,gzmu.edu.cn,probed-3xx,302,2026-10-03,本科·贵州省,枚举:GitHub高校数据集(阳光高考院校库域名+AllShoolData) 2026-10
academic:gzmyrw.cn,academic,贵州民族学院人文科技学院,http://www.gzmyrw.cn/,gzmyrw.cn,probed-2xx,200,2026-10-03,本科·贵阳市·Fitch源,枚举:GitHub高校数据集(阳光高考院校库域名+AllShoolData) 2026-10
academic:gznc.edu.cn,academic,贵州师范学院,http://www.gznc.edu.cn/,gznc.edu.cn,probed-2xx,200,2026-10-03,本科·贵州省,枚举:GitHub高校数据集(阳光高考院校库域名+AllShoolData) 2026-10
academic:gznu.edu.cn,academic,贵州师范大学,http://www.gznu.edu.cn/,gznu.edu.cn,probed-2xx,200,2026-10-03,本科·贵州省,枚举:GitHub高校数据集(阳光高考院校库域名+AllShoolData) 2026-10
academic:gznvc.com,academic,贵州护理职业技术学院,http://gznvc.com/,gznvc.com,probed-2xx,200,2026-10-03,专科·贵州省,枚举:GitHub高校数据集(阳光高考院校库域名+AllShoolData) 2026-10
academic:gznyzyxy.cn,academic,贵州农业职业学院,http://gznyzyxy.cn/,gznyzyxy.cn,probed-000,000,2026-10-03,专科·贵州省,枚举:GitHub高校数据集(阳光高考院校库域名+AllShoolData) 2026-10
academic:gzpt.edu.cn,academic,赣州职业技术学院,https://gzpt.edu.cn/,gzpt.edu.cn,probed-2xx,200,2026-10-03,专科·江西省,枚举:GitHub高校数据集(阳光高考院校库域名+AllShoolData) 2026-10
academic:gzpyp.edu.cn,academic,广州番禺职业技术学院,http://www.gzpyp.edu.cn/,gzpyp.edu.cn,probed-000,000,2026-10-03,专科·广东省·未核实,枚举:GitHub高校数据集(阳光高考院校库域名+AllShoolData) 2026-10
academic:gzqy.cn,academic,贵州轻工职业技术学院,http://www.gzqy.cn/,gzqy.cn,probed-2xx,200,2026-10-03,专科·贵州省,枚举:GitHub高校数据集(阳光高考院校库域名+AllShoolData) 2026-10
academic:gzsdzy.cn,academic,贵州水利水电职业技术学院,http://gzsdzy.cn/,gzsdzy.cn,probed-2xx,200,2026-10-03,专科·贵州省,枚举:GitHub高校数据集(阳光高考院校库域名+AllShoolData) 2026-10
academic:gzsport.edu.cn,academic,广州体育学院,https://gzsport.edu.cn/,gzsport.edu.cn,probed-000,000,2026-10-03,本科·广东省,枚举:GitHub高校数据集(阳光高考院校库域名+AllShoolData) 2026-10
academic:gzspzy.cn,academic,贵州食品工程职业学院,http://gzspzy.cn/,gzspzy.cn,probed-4xx,403,2026-10-03,专科·贵州省,枚举:GitHub高校数据集(阳光高考院校库域名+AllShoolData) 2026-10
academic:gzst.edu.cn,academic,广州松田职业学院,https://gzst.edu.cn/,gzst.edu.cn,probed-2xx,200,2026-10-03,专科·广东省,枚举:GitHub高校数据集(阳光高考院校库域名+AllShoolData) 2026-10
academic:gzsu.edu.cn,academic,贵州黔南经济学院,http://www.gzsu.edu.cn,gzsu.edu.cn,probed-000,000,2026-10-03,本科·未核实,枚举:GitHub高校数据集(阳光高考院校库域名+AllShoolData) 2026-10
academic:gztcme.cn,academic,贵州机电职业技术学院,http://gztcme.cn/,gztcme.cn,probed-2xx,200,2026-10-03,专科·贵州省,枚举:GitHub高校数据集(阳光高考院校库域名+AllShoolData) 2026-10
academic:gztrc.edu.cn,academic,铜仁学院,http://www.gztrc.edu.cn/,gztrc.edu.cn,probed-2xx,200,2026-10-03,本科·贵州省,枚举:GitHub高校数据集(阳光高考院校库域名+AllShoolData) 2026-10
academic:gztzy.edu.cn,academic,广州体育职业技术学院,http://www.gztzy.edu.cn/,gztzy.edu.cn,probed-000,000,2026-10-03,专科·广东省,枚举:GitHub高校数据集(阳光高考院校库域名+AllShoolData) 2026-10
academic:gzu.edu.cn,academic,贵州大学,http://www.gzu.edu.cn/,gzu.edu.cn,probed-2xx,200,2026-10-03,本科·贵州省;另含:贵州黔南科技学院,枚举:GitHub高校数据集(阳光高考院校库域名+AllShoolData) 2026-10
academic:gzucm.edu.cn,academic,广州中医药大学,http://www.gzucm.edu.cn,gzucm.edu.cn,probed-2xx,200,2026-10-03,本科·广东省,枚举:GitHub高校数据集(阳光高考院校库域名+AllShoolData) 2026-10
academic:gzvtc.edu.cn,academic,广州工程技术职业学院,https://gzvtc.edu.cn/,gzvtc.edu.cn,probed-000,000,2026-10-03,专科·广东省,枚举:GitHub高校数据集(阳光高考院校库域名+AllShoolData) 2026-10
academic:gzvti.com,academic,贵州职业技术学院,http://www.gzvti.com/,gzvti.com,probed-2xx,200,2026-10-03,专科·贵州省,枚举:GitHub高校数据集(阳光高考院校库域名+AllShoolData) 2026-10
academic:gzwhlyzy.cn,academic,贵州文化旅游职业学院,http://gzwhlyzy.cn/,gzwhlyzy.cn,probed-2xx,200,2026-10-03,专科,枚举:GitHub高校数据集(阳光高考院校库域名+AllShoolData) 2026-10
academic:gzws.edu.cn,academic,广州卫生职业技术学院,https://gzws.edu.cn/,gzws.edu.cn,probed-000,000,2026-10-03,专科·广东省,枚举:GitHub高校数据集(阳光高考院校库域名+AllShoolData) 2026-10
academic:gzy.edu.cn,academic,贵州中医药大学,https://gzy.edu.cn/,gzy.edu.cn,probed-000,000,2026-10-03,本科·贵州省,枚举:GitHub高校数据集(阳光高考院校库域名+AllShoolData) 2026-10
academic:gzys.net,academic,广州幼儿师范高等专科学校,http://gzys.net/,gzys.net,probed-2xx,200,2026-10-03,专科,枚举:GitHub高校数据集(阳光高考院校库域名+AllShoolData) 2026-10
academic:gzyszxy.cn,academic,贵州中医药大学时珍学院,http://gzyszxy.cn/,gzyszxy.cn,probed-2xx,200,2026-10-03,本科·贵州省,枚举:GitHub高校数据集(阳光高考院校库域名+AllShoolData) 2026-10
academic:gzyyxy.com,academic,贵州应用技术职业学院,http://www.gzyyxy.com/,gzyyxy.com,probed-2xx,200,2026-10-03,专科·贵州省,枚举:GitHub高校数据集(阳光高考院校库域名+AllShoolData) 2026-10
academic:gzzbzy.cn,academic,贵州装备制造职业学院,http://www.gzzbzy.cn,gzzbzy.cn,probed-000,000,2026-10-03,专科·贵州省,枚举:GitHub高校数据集(阳光高考院校库域名+AllShoolData) 2026-10
academic:gzzjedu.cn,academic,广州珠江职业技术学院,http://www.gzzjedu.cn/,gzzjedu.cn,probed-000,000,2026-10-03,专科·广东省,枚举:GitHub高校数据集(阳光高考院校库域名+AllShoolData) 2026-10
academic:gzzzx.cn,academic,甘孜职业学院,http://gzzzx.cn/,gzzzx.cn,probed-000,000,2026-10-03,专科·未核实,枚举:GitHub高校数据集(阳光高考院校库域名+AllShoolData) 2026-10
academic:habeihang.com,academic,哈尔滨北方航空职业技术学院,http://habeihang.com/,habeihang.com,probed-4xx,403,2026-10-03,专科·黑龙江省,枚举:GitHub高校数据集(阳光高考院校库域名+AllShoolData) 2026-10
academic:hactcm.edu.cn,academic,河南中医药大学,http://www.hactcm.edu.cn/,hactcm.edu.cn,probed-2xx,200,2026-10-03,本科·河南省,枚举:GitHub高校数据集(阳光高考院校库域名+AllShoolData) 2026-10
academic:hafu.edu.cn,academic,河南财政金融学院,https://hafu.edu.cn/,hafu.edu.cn,probed-000,000,2026-10-03,本科·河南省,枚举:GitHub高校数据集(阳光高考院校库域名+AllShoolData) 2026-10
academic:hagmc.edu.cn,academic,河南地矿职业学院,https://hagmc.edu.cn/,hagmc.edu.cn,probed-000,000,2026-10-03,专科·河南省,枚举:GitHub高校数据集(阳光高考院校库域名+AllShoolData) 2026-10
academic:hailian.cn,academic,重庆海联职业技术学院,http://hailian.cn/,hailian.cn,probed-000,000,2026-10-03,专科·重庆市,枚举:GitHub高校数据集(阳光高考院校库域名+AllShoolData) 2026-10
academic:hainanu.edu.cn,academic,海南大学,https://www.hainanu.edu.cn/,hainanu.edu.cn,probed-2xx,200,2026-10-03,本科·海南省,枚举:GitHub高校数据集(阳光高考院校库域名+AllShoolData) 2026-10
academic:hainhmc.edu.cn,academic,海南健康管理职业技术学院,https://hainhmc.edu.cn/,hainhmc.edu.cn,probed-000,000,2026-10-03,专科·海南省,枚举:GitHub高校数据集(阳光高考院校库域名+AllShoolData) 2026-10
academic:hainmc.edu.cn,academic,海南医学院,http://www.hainmc.edu.cn/,hainmc.edu.cn,probed-000,000,2026-10-03,本科·海南省,枚举:GitHub高校数据集(阳光高考院校库域名+AllShoolData) 2026-10
academic:hainnu.edu.cn,academic,海南师范大学,http://www.hainnu.edu.cn/,hainnu.edu.cn,probed-2xx,200,2026-10-03,本科·海南省,枚举:GitHub高校数据集(阳光高考院校库域名+AllShoolData) 2026-10
academic:hait.edu.cn,academic,河南工学院,http://www.hait.edu.cn,hait.edu.cn,probed-2xx,200,2026-10-03,本科·河南省,枚举:GitHub高校数据集(阳光高考院校库域名+AllShoolData) 2026-10
academic:hamc.edu.cn,academic,河南医学高等专科学校,http://www.hamc.edu.cn/,hamc.edu.cn,probed-2xx,200,2026-10-03,专科·河南省,枚举:GitHub高校数据集(阳光高考院校库域名+AllShoolData) 2026-10
academic:hasm.edu.cn,academic,河南测绘职业学院,https://hasm.edu.cn/,hasm.edu.cn,probed-000,000,2026-10-03,专科·河南省,枚举:GitHub高校数据集(阳光高考院校库域名+AllShoolData) 2026-10
academic:hati.edu.cn,academic,河南应用技术职业学院,https://hati.edu.cn/,hati.edu.cn,probed-5xx,502,2026-10-03,专科·河南省,枚举:GitHub高校数据集(阳光高考院校库域名+AllShoolData) 2026-10
academic:haue.edu.cn,academic,河南工程学院,http://www.haue.edu.cn/,haue.edu.cn,probed-2xx,200,2026-10-03,本科·河南省,枚举:GitHub高校数据集(阳光高考院校库域名+AllShoolData) 2026-10
academic:haust.edu.cn,academic,河南科技大学,http://www.haust.edu.cn/,haust.edu.cn,probed-2xx,200,2026-10-03,本科·河南省,枚举:GitHub高校数据集(阳光高考院校库域名+AllShoolData) 2026-10
academic:haut.edu.cn,academic,河南工业大学,http://www.haut.edu.cn/,haut.edu.cn,probed-2xx,200,2026-10-03,本科·河南省,枚举:GitHub高校数据集(阳光高考院校库域名+AllShoolData) 2026-10
academic:havust.edu.cn,academic,河南科技职业大学,https://havust.edu.cn/,havust.edu.cn,probed-000,000,2026-10-03,本科·河南省,枚举:GitHub高校数据集(阳光高考院校库域名+AllShoolData) 2026-10
academic:haxk.edu.cn,academic,新乡工程学院,https://haxk.edu.cn/,haxk.edu.cn,probed-000,000,2026-10-03,本科,枚举:GitHub高校数据集(阳光高考院校库域名+AllShoolData) 2026-10
academic:hayouzhuan.org.cn,academic,哈尔滨幼儿师范高等专科学校,http://www.hayouzhuan.org.cn,hayouzhuan.org.cn,probed-2xx,200,2026-10-03,专科·黑龙江省,枚举:GitHub高校数据集(阳光高考院校库域名+AllShoolData) 2026-10
academic:hb-green.com,academic,湖北生态工程职业技术学院,http://www.hb-green.com/,hb-green.com,probed-4xx,403,2026-10-03,专科·湖北省,枚举:GitHub高校数据集(阳光高考院校库域名+AllShoolData) 2026-10
academic:hbafa.edu.cn,academic,河北美术学院,https://hbafa.edu.cn/,hbafa.edu.cn,probed-000,000,2026-10-03,本科·河北省,枚举:GitHub高校数据集(阳光高考院校库域名+AllShoolData) 2026-10
academic:hbasstu.net,academic,湖北文理学院理工学院,http://www.hbasstu.net,hbasstu.net,probed-000,000,2026-10-03,本科·湖北省,枚举:GitHub高校数据集(阳光高考院校库域名+AllShoolData) 2026-10
academic:hbc.edu.cn,academic,湖北商贸学院,https://hbc.edu.cn/,hbc.edu.cn,probed-000,000,2026-10-03,本科·湖北省,枚举:GitHub高校数据集(阳光高考院校库域名+AllShoolData) 2026-10
academic:hbcit.edu.cn,academic,河北工业职业技术大学,http://www.hbcit.edu.cn/,hbcit.edu.cn,probed-2xx,200,2026-10-03,专科,枚举:GitHub高校数据集(阳光高考院校库域名+AllShoolData) 2026-10
academic:hbcnc.edu.cn,academic,淮北师范大学信息学院,http://www.hbcnc.edu.cn/Site/x,hbcnc.edu.cn,probed-000,000,2026-10-03,本科·安徽省·Fitch源,枚举:GitHub高校数据集(阳光高考院校库域名+AllShoolData) 2026-10
academic:hbcollege.com.cn,academic,长沙环境保护职业技术学院,http://www.hbcollege.com.cn/,hbcollege.com.cn,probed-2xx,200,2026-10-03,专科·湖南省,枚举:GitHub高校数据集(阳光高考院校库域名+AllShoolData) 2026-10
academic:hbcszyxy.edu.cn,academic,湖北财税职业学院,http://www.hbcszyxy.edu.cn,hbcszyxy.edu.cn,probed-2xx,200,2026-10-03,专科·湖北省,枚举:GitHub高校数据集(阳光高考院校库域名+AllShoolData) 2026-10
academic:hbctc.edu.cn,academic,湖北交通职业技术学院,http://www.hbctc.edu.cn/,hbctc.edu.cn,probed-2xx,200,2026-10-03,专科·湖北省,枚举:GitHub高校数据集(阳光高考院校库域名+AllShoolData) 2026-10
academic:hbdfxy.cn,academic,河北东方学院,http://www.hbdfxy.cn,hbdfxy.cn,probed-2xx,200,2026-10-03,本科·河北省,枚举:GitHub高校数据集(阳光高考院校库域名+AllShoolData) 2026-10
academic:hbei.com.cn,academic,湖北工程职业学院,http://www.hbei.com.cn,hbei.com.cn,probed-2xx,200,2026-10-03,专科·湖北省,枚举:GitHub高校数据集(阳光高考院校库域名+AllShoolData) 2026-10
academic:hbesxy.edu.cn,academic,湖北恩施学院,https://hbesxy.edu.cn/,hbesxy.edu.cn,probed-2xx,200,2026-10-03,本科,枚举:GitHub高校数据集(阳光高考院校库域名+AllShoolData) 2026-10
academic:hbeu.cn,academic,湖北工程学院,http://www.hbeu.cn/,hbeu.cn,probed-000,000,2026-10-03,本科·湖北省,枚举:GitHub高校数据集(阳光高考院校库域名+AllShoolData) 2026-10
academic:hbeutc.cn,academic,湖北工程学院新技术学院,http://www.hbeutc.cn/,hbeutc.cn,probed-2xx,200,2026-10-03,本科·湖北省,枚举:GitHub高校数据集(阳光高考院校库域名+AllShoolData) 2026-10
academic:hbfs.edu.cn,academic,湖北经济学院法商学院,https://hbfs.edu.cn/,hbfs.edu.cn,probed-000,000,2026-10-03,本科·湖北省,枚举:GitHub高校数据集(阳光高考院校库域名+AllShoolData) 2026-10
academic:hbfu.edu.cn,academic,河北金融学院,http://www.hbfu.edu.cn,hbfu.edu.cn,probed-2xx,200,2026-10-03,本科·河北省,枚举:GitHub高校数据集(阳光高考院校库域名+AllShoolData) 2026-10
academic:hbgcjsxy.com,academic,河北工程技术学院,http://hbgcjsxy.com/,hbgcjsxy.com,probed-2xx,200,2026-10-03,本科·河北省,枚举:GitHub高校数据集(阳光高考院校库域名+AllShoolData) 2026-10
academic:hbgdys.cn,academic,河北轨道运输职业技术学院,http://www.hbgdys.cn/,hbgdys.cn,probed-2xx,200,2026-10-03,专科·河北省,枚举:GitHub高校数据集(阳光高考院校库域名+AllShoolData) 2026-10
academic:hbgt.edu.cn,academic,湖北国土资源职业学院,https://hbgt.edu.cn/,hbgt.edu.cn,probed-000,000,2026-10-03,专科·湖北省,枚举:GitHub高校数据集(阳光高考院校库域名+AllShoolData) 2026-10
academic:hbgy.edu.cn,academic,河北劳动关系职业学院,http://www.hbgy.edu.cn/,hbgy.edu.cn,probed-2xx,200,2026-10-03,专科·河北省,枚举:GitHub高校数据集(阳光高考院校库域名+AllShoolData) 2026-10
academic:hbgymszyxy-edu.cn,academic,河北工艺美术职业学院,http://hbgymszyxy-edu.cn/,hbgymszyxy-edu.cn,probed-4xx,404,2026-10-03,专科·河北省,枚举:GitHub高校数据集(阳光高考院校库域名+AllShoolData) 2026-10
academic:hbgyzy.edu.cn,academic,湖北工业职业技术学院,http://www.hbgyzy.edu.cn,hbgyzy.edu.cn,probed-2xx,200,2026-10-03,专科·湖北省,枚举:GitHub高校数据集(阳光高考院校库域名+AllShoolData) 2026-10
academic:hbhgkj.com,academic,黄冈科技职业学院,http://www.hbhgkj.com/,hbhgkj.com,probed-000,000,2026-10-03,专科·湖北省,枚举:GitHub高校数据集(阳光高考院校库域名+AllShoolData) 2026-10
academic:hbiibe.edu.cn,academic,河北对外经贸职业学院,https://hbiibe.edu.cn/,hbiibe.edu.cn,probed-2xx,200,2026-10-03,专科·河北省,枚举:GitHub高校数据集(阳光高考院校库域名+AllShoolData) 2026-10
academic:hbjcxy.com,academic,河北建材职业技术学院,http://www.hbjcxy.com/,hbjcxy.com,probed-000,000,2026-10-03,专科·河北省,枚举:GitHub高校数据集(阳光高考院校库域名+AllShoolData) 2026-10
academic:hbjd.com.cn,academic,河北机电职业技术学院,http://www.hbjd.com.cn/,hbjd.com.cn,probed-000,000,2026-10-03,专科·河北省,枚举:GitHub高校数据集(阳光高考院校库域名+AllShoolData) 2026-10
academic:hbjhart.cn,academic,江汉艺术职业学院,http://hbjhart.cn/,hbjhart.cn,probed-4xx,404,2026-10-03,专科·湖北省,枚举:GitHub高校数据集(阳光高考院校库域名+AllShoolData) 2026-10
academic:hbjk.chunlaiedu.com,academic,湖北健康职业学院,http://hbjk.chunlaiedu.com/,hbjk.chunlaiedu.com,probed-2xx,200,2026-10-03,专科·湖北省,枚举:GitHub高校数据集(阳光高考院校库域名+AllShoolData) 2026-10
academic:hbkjxy.cn,academic,河北科技学院,http://www.hbkjxy.cn/,hbkjxy.cn,probed-4xx,404,2026-10-03,本科·河北省,枚举:GitHub高校数据集(阳光高考院校库域名+AllShoolData) 2026-10
academic:hbklg.hebust.edu.cn,academic,河北科技大学理工学院,http://hbklg.hebust.edu.cn/,hbklg.hebust.edu.cn,probed-2xx,200,2026-10-03,本科·河北省·Fitch源,枚举:GitHub高校数据集(阳光高考院校库域名+AllShoolData) 2026-10
academic:hblgxy.edu.cn,academic,淮北理工学院,https://hblgxy.edu.cn/,hblgxy.edu.cn,probed-2xx,200,2026-10-03,本科,枚举:GitHub高校数据集(阳光高考院校库域名+AllShoolData) 2026-10
academic:hbliti.com,academic,湖北轻工职业技术学院,http://www.hbliti.com/,hbliti.com,probed-000,000,2026-10-03,专科·湖北省,枚举:GitHub高校数据集(阳光高考院校库域名+AllShoolData) 2026-10
academic:hbly.edu.cn,academic,河北旅游职业学院,https://hbly.edu.cn/,hbly.edu.cn,probed-2xx,200,2026-10-03,专科·河北省,枚举:GitHub高校数据集(阳光高考院校库域名+AllShoolData) 2026-10
academic:hbmu.edu.cn,academic,湖北医药学院,http://www.hbmu.edu.cn/,hbmu.edu.cn,probed-000,000,2026-10-03,本科·湖北省;另含:湖北医药学院药护学院,枚举:GitHub高校数据集(阳光高考院校库域名+AllShoolData) 2026-10
academic:hbmy.edu.cn,academic,湖北民族学院,http://www.hbmy.edu.cn/,hbmy.edu.cn,probed-000,000,2026-10-03,本科·恩施市·Fitch源,枚举:GitHub高校数据集(阳光高考院校库域名+AllShoolData) 2026-10
academic:hbmykjxy.cn,academic,湖北民族学院科技学院,http://www.hbmykjxy.cn/,hbmykjxy.cn,probed-4xx,403,2026-10-03,本科·恩施市·Fitch源,枚举:GitHub高校数据集(阳光高考院校库域名+AllShoolData) 2026-10
academic:hbmzu.edu.cn,academic,湖北民族大学,https://hbmzu.edu.cn/,hbmzu.edu.cn,probed-000,000,2026-10-03,本科·湖北省,枚举:GitHub高校数据集(阳光高考院校库域名+AllShoolData) 2026-10
academic:hbnu.edu.cn,academic,湖北师范大学,http://www.hbnu.edu.cn/,hbnu.edu.cn,probed-2xx,200,2026-10-03,本科·湖北省;另含:湖北师范大学文理学院,枚举:GitHub高校数据集(阳光高考院校库域名+AllShoolData) 2026-10
academic:hbnyhgzyxy.com,academic,鹤壁能源化工职业学院,http://hbnyhgzyxy.com/,hbnyhgzyxy.com,probed-2xx,200,2026-10-03,专科·河南省,枚举:GitHub高校数据集(阳光高考院校库域名+AllShoolData) 2026-10
academic:hbnyxy.cn,academic,河北能源职业技术学院,http://www.hbnyxy.cn/,hbnyxy.cn,probed-2xx,200,2026-10-03,专科·河北省·未核实,枚举:GitHub高校数据集(阳光高考院校库域名+AllShoolData) 2026-10
academic:hbou.cn,academic,湖北开放职业学院,http://www.hbou.cn/,hbou.cn,probed-2xx,200,2026-10-03,专科·湖北省,枚举:GitHub高校数据集(阳光高考院校库域名+AllShoolData) 2026-10
academic:hbpa.edu.cn,academic,湖北警官学院,http://www.hbpa.edu.cn/,hbpa.edu.cn,probed-2xx,200,2026-10-03,本科·湖北省,枚举:GitHub高校数据集(阳光高考院校库域名+AllShoolData) 2026-10
academic:hbpem.com,academic,湖北黄冈应急管理职业技术学院,http://hbpem.com/,hbpem.com,probed-4xx,403,2026-10-03,专科,枚举:GitHub高校数据集(阳光高考院校库域名+AllShoolData) 2026-10
academic:hbpu.edu.cn,academic,湖北理工学院,http://www.hbpu.edu.cn/,hbpu.edu.cn,probed-2xx,200,2026-10-03,本科·湖北省,枚举:GitHub高校数据集(阳光高考院校库域名+AllShoolData) 2026-10
academic:hbqcxy.com,academic,鹤壁汽车工程职业学院,http://www.hbqcxy.com/,hbqcxy.com,probed-2xx,200,2026-10-03,专科·河南省,枚举:GitHub高校数据集(阳光高考院校库域名+AllShoolData) 2026-10
academic:hbqnxy.com,academic,湖北青年职业学院,http://www.hbqnxy.com/,hbqnxy.com,probed-2xx,200,2026-10-03,专科·湖北省·Fitch源,枚举:GitHub高校数据集(阳光高考院校库域名+AllShoolData) 2026-10
academic:hbsi.edu.cn,academic,河北软件职业技术学院,http://www.hbsi.edu.cn/,hbsi.edu.cn,probed-2xx,200,2026-10-03,专科·河北省,枚举:GitHub高校数据集(阳光高考院校库域名+AllShoolData) 2026-10
academic:hbskzy.cn,academic,湖北生物科技职业学院,http://hbskzy.cn/,hbskzy.cn,probed-000,000,2026-10-03,专科·湖北省,枚举:GitHub高校数据集(阳光高考院校库域名+AllShoolData) 2026-10
academic:hbtc.edu.cn,academic,淮北职业技术学院,https://hbtc.edu.cn/,hbtc.edu.cn,probed-5xx,500,2026-10-03,专科·安徽省,枚举:GitHub高校数据集(阳光高考院校库域名+AllShoolData) 2026-10
academic:hbtcm.edu.cn,academic,湖北中医药大学,http://www.hbtcm.edu.cn/,hbtcm.edu.cn,probed-000,000,2026-10-03,本科·湖北省,枚举:GitHub高校数据集(阳光高考院校库域名+AllShoolData) 2026-10
academic:hbtyzy.com,academic,湖北体育职业学院,http://www.hbtyzy.com/,hbtyzy.com,probed-000,000,2026-10-03,专科·湖北省,枚举:GitHub高校数据集(阳光高考院校库域名+AllShoolData) 2026-10
academic:hbu.edu.cn,academic,河北大学,http://www.hbu.edu.cn/,hbu.edu.cn,probed-2xx,200,2026-10-03,本科·河北省,枚举:GitHub高校数据集(阳光高考院校库域名+AllShoolData) 2026-10
academic:hbuas.edu.cn,academic,湖北文理学院,http://www.hbuas.edu.cn/,hbuas.edu.cn,probed-2xx,200,2026-10-03,本科·湖北省,枚举:GitHub高校数据集(阳光高考院校库域名+AllShoolData) 2026-10
academic:hbucvc.edu.cn,academic,湖北城市建设职业技术学院,http://www.hbucvc.edu.cn,hbucvc.edu.cn,probed-4xx,403,2026-10-03,专科·湖北省,枚举:GitHub高校数据集(阳光高考院校库域名+AllShoolData) 2026-10
academic:hbue.edu.cn,academic,湖北经济学院,http://www.hbue.edu.cn/,hbue.edu.cn,probed-2xx,200,2026-10-03,本科·湖北省,枚举:GitHub高校数据集(阳光高考院校库域名+AllShoolData) 2026-10
academic:hbun.edu.cn,academic,河北民族师范学院,https://hbun.edu.cn/,hbun.edu.cn,probed-000,000,2026-10-03,本科·河北省,枚举:GitHub高校数据集(阳光高考院校库域名+AllShoolData) 2026-10
academic:hbust.com.cn,academic,湖北科技学院,http://www.hbust.com.cn/,hbust.com.cn,probed-000,000,2026-10-03,本科·湖北省,枚举:GitHub高校数据集(阳光高考院校库域名+AllShoolData) 2026-10
academic:hbut.edu.cn,academic,湖北工业大学,http://www.hbut.edu.cn/,hbut.edu.cn,probed-000,000,2026-10-03,本科·湖北省;另含:湖北工业大学工程技术学院,枚举:GitHub高校数据集(阳光高考院校库域名+AllShoolData) 2026-10
academic:hbvtc.edu.cn,academic,湖北职业技术学院,http://www.hbvtc.edu.cn/,hbvtc.edu.cn,probed-2xx,200,2026-10-03,专科·湖北省,枚举:GitHub高校数据集(阳光高考院校库域名+AllShoolData) 2026-10
academic:hbwe.edu.cn,academic,河北水利电力学院,http://www.hbwe.edu.cn,hbwe.edu.cn,probed-2xx,200,2026-10-03,本科·河北省,枚举:GitHub高校数据集(阳光高考院校库域名+AllShoolData) 2026-10
academic:hbwgydx.com,academic,河北外国语学院,http://hbwgydx.com/,hbwgydx.com,probed-4xx,404,2026-10-03,本科·河北省,枚举:GitHub高校数据集(阳光高考院校库域名+AllShoolData) 2026-10
academic:hbxtzy.com,academic,仙桃职业学院,http://www.hbxtzy.com/,hbxtzy.com,probed-000,000,2026-10-03,专科·湖北省,枚举:GitHub高校数据集(阳光高考院校库域名+AllShoolData) 2026-10
academic:hbxytc.com,academic,襄阳职业技术学院,http://www.hbxytc.com,hbxytc.com,probed-4xx,404,2026-10-03,专科·湖北省,枚举:GitHub高校数据集(阳光高考院校库域名+AllShoolData) 2026-10
academic:hbyzedu.cn,academic,湖北幼儿师范高等专科学校,http://hbyzedu.cn/,hbyzedu.cn,probed-000,000,2026-10-03,专科·湖北省·未核实,枚举:GitHub高校数据集(阳光高考院校库域名+AllShoolData) 2026-10
academic:hbzy.edu.cn,academic,鹤壁职业技术学院,http://www.hbzy.edu.cn/,hbzy.edu.cn,probed-000,000,2026-10-03,专科·河南省,枚举:GitHub高校数据集(阳光高考院校库域名+AllShoolData) 2026-10
academic:hbzyy.org,academic,湖北中医药高等专科学校,http://www.hbzyy.org/,hbzyy.org,probed-4xx,404,2026-10-03,专科·湖北省,枚举:GitHub高校数据集(阳光高考院校库域名+AllShoolData) 2026-10
academic:hcc.edu.cn,academic,哈尔滨剑桥学院,https://hcc.edu.cn/,hcc.edu.cn,probed-4xx,404,2026-10-03,本科·黑龙江省,枚举:GitHub高校数据集(阳光高考院校库域名+AllShoolData) 2026-10
academic:hceb.edu.cn,academic,海南经贸职业技术学院,http://www.hceb.edu.cn,hceb.edu.cn,probed-000,000,2026-10-03,专科·海南省,枚举:GitHub高校数据集(阳光高考院校库域名+AllShoolData) 2026-10
academic:hcft.edu.cn,academic,浙江横店影视职业学院,https://hcft.edu.cn/,hcft.edu.cn,probed-000,000,2026-10-03,专科·浙江省,枚举:GitHub高校数据集(阳光高考院校库域名+AllShoolData) 2026-10
academic:hciit.edu.cn,academic,河南工业和信息化职业学院,http://www.hciit.edu.cn,hciit.edu.cn,probed-2xx,200,2026-10-03,专科·河南省,枚举:GitHub高校数据集(阳光高考院校库域名+AllShoolData) 2026-10
academic:hcit.edu.cn,academic,淮安信息职业技术学院,http://www.hcit.edu.cn/,hcit.edu.cn,probed-000,000,2026-10-03,专科·淮安市·Fitch源,枚举:GitHub高校数据集(阳光高考院校库域名+AllShoolData) 2026-10
academic:hcnu.edu.cn,academic,河池学院,http://www.hcnu.edu.cn/,hcnu.edu.cn,probed-2xx,200,2026-10-03,本科·广西壮族自治区,枚举:GitHub高校数据集(阳光高考院校库域名+AllShoolData) 2026-10
academic:hcrt.edu.cn,academic,湖北铁道运输职业学院,https://hcrt.edu.cn/,hcrt.edu.cn,probed-000,000,2026-10-03,专科·湖北省,枚举:GitHub高校数据集(阳光高考院校库域名+AllShoolData) 2026-10
academic:hcvt.cn,academic,海南职业技术学院,http://www.hcvt.cn/,hcvt.cn,probed-2xx,200,2026-10-03,专科·海南省,枚举:GitHub高校数据集(阳光高考院校库域名+AllShoolData) 2026-10
academic:hdc.edu.cn,academic,邯郸学院,http://www.hdc.edu.cn/,hdc.edu.cn,probed-000,000,2026-10-03,本科·河北省,枚举:GitHub高校数据集(阳光高考院校库域名+AllShoolData) 2026-10
academic:hdky.edu.cn,academic,华北电力大学科技学院,http://www.hdky.edu.cn/,hdky.edu.cn,probed-000,000,2026-10-03,本科·河北省·Fitch源,枚举:GitHub高校数据集(阳光高考院校库域名+AllShoolData) 2026-10
academic:hdkz.edu.cn,academic,邯郸科技职业学院,https://hdkz.edu.cn/,hdkz.edu.cn,probed-2xx,200,2026-10-03,专科·河北省,枚举:GitHub高校数据集(阳光高考院校库域名+AllShoolData) 2026-10
academic:hdu.edu.cn,academic,杭州电子科技大学,http://www.hdu.edu.cn/,hdu.edu.cn,probed-2xx,200,2026-10-03,本科·浙江省,枚举:GitHub高校数据集(阳光高考院校库域名+AllShoolData) 2026-10
academic:hdvtc.edu.cn,academic,邯郸职业技术学院,https://hdvtc.edu.cn/,hdvtc.edu.cn,probed-2xx,200,2026-10-03,专科·河北省,枚举:GitHub高校数据集(阳光高考院校库域名+AllShoolData) 2026-10
academic:hdxy.edu.cn,academic,青岛农业大学海都学院,http://www.hdxy.edu.cn,hdxy.edu.cn,probed-2xx,200,2026-10-03,本科·山东省,枚举:GitHub高校数据集(阳光高考院校库域名+AllShoolData) 2026-10
academic:hebart.com,academic,河北艺术职业学院,http://www.hebart.com/,hebart.com,probed-2xx,200,2026-10-03,专科·河北省,枚举:GitHub高校数据集(阳光高考院校库域名+AllShoolData) 2026-10
academic:hebau.edu.cn,academic,河北农业大学,http://www.hebau.edu.cn/,hebau.edu.cn,probed-2xx,200,2026-10-03,本科·河北省;另含:河北农业大学现代科技学院,枚举:GitHub高校数据集(阳光高考院校库域名+AllShoolData) 2026-10
academic:hebcj.cn,academic,石家庄财经职业学院,http://www.hebcj.cn,hebcj.cn,probed-2xx,200,2026-10-03,专科·河北省,枚举:GitHub高校数据集(阳光高考院校库域名+AllShoolData) 2026-10
academic:hebcm.edu.cn,academic,河北中医学院,http://www.hebcm.edu.cn,hebcm.edu.cn,probed-2xx,200,2026-10-03,本科·河北省,枚举:GitHub高校数据集(阳光高考院校库域名+AllShoolData) 2026-10
academic:hebcpc.cn,academic,河北化工医药职业技术学院,http://www.hebcpc.cn/,hebcpc.cn,probed-2xx,200,2026-10-03,专科·河北省,枚举:GitHub高校数据集(阳光高考院校库域名+AllShoolData) 2026-10
academic:hebeinu.edu.cn,academic,河北北方学院,http://www.hebeinu.edu.cn/,hebeinu.edu.cn,probed-2xx,200,2026-10-03,本科·河北省,枚举:GitHub高校数据集(阳光高考院校库域名+AllShoolData) 2026-10
academic:hebeu.edu.cn,academic,河北工程大学,http://www.hebeu.edu.cn/,hebeu.edu.cn,probed-2xx,200,2026-10-03,本科·河北省;另含:河北工程大学科信学院,枚举:GitHub高校数据集(阳光高考院校库域名+AllShoolData) 2026-10
academic:hebiace.edu.cn,academic,河北建筑工程学院,http://www.hebiace.edu.cn/,hebiace.edu.cn,probed-2xx,200,2026-10-03,本科·河北省,枚举:GitHub高校数据集(阳光高考院校库域名+AllShoolData) 2026-10
academic:hebic.cn,academic,河北传媒学院,http://www.hebic.cn/,hebic.cn,probed-2xx,200,2026-10-03,本科·河北省,枚举:GitHub高校数据集(阳光高考院校库域名+AllShoolData) 2026-10
academic:hebjtxy.cn,academic,河北交通职业技术学院,http://hebjtxy.cn/,hebjtxy.cn,probed-000,000,2026-10-03,专科·河北省,枚举:GitHub高校数据集(阳光高考院校库域名+AllShoolData) 2026-10
academic:hebkx.cn,academic,石家庄科技信息职业学院,http://www.hebkx.cn,hebkx.cn,probed-2xx,200,2026-10-03,专科·河北省,枚举:GitHub高校数据集(阳光高考院校库域名+AllShoolData) 2026-10
academic:hebmu.edu.cn,academic,河北医科大学,http://www.hebmu.edu.cn/,hebmu.edu.cn,probed-2xx,200,2026-10-03,本科·河北省;另含:河北医科大学临床学院,枚举:GitHub高校数据集(阳光高考院校库域名+AllShoolData) 2026-10
academic:hebnzxy.com,academic,河北女子职业技术学院,http://www.hebnzxy.com/,hebnzxy.com,probed-2xx,200,2026-10-03,专科·河北省,枚举:GitHub高校数据集(阳光高考院校库域名+AllShoolData) 2026-10
academic:hebsjy.com,academic,河北公安警察职业学院,http://www.hebsjy.com/,hebsjy.com,probed-2xx,200,2026-10-03,专科·河北省,枚举:GitHub高校数据集(阳光高考院校库域名+AllShoolData) 2026-10
academic:hebtu.edu.cn,academic,河北师范大学,http://www.hebtu.edu.cn/,hebtu.edu.cn,probed-2xx,200,2026-10-03,本科·河北省;另含:河北师范大学汇华学院,枚举:GitHub高校数据集(阳光高考院校库域名+AllShoolData) 2026-10
academic:hebuee.edu.cn,academic,河北环境工程学院,https://hebuee.edu.cn/,hebuee.edu.cn,probed-2xx,200,2026-10-03,本科·河北省,枚举:GitHub高校数据集(阳光高考院校库域名+AllShoolData) 2026-10
academic:hebust.edu.cn,academic,河北科技大学,http://www.hebust.edu.cn/,hebust.edu.cn,probed-2xx,200,2026-10-03,本科·河北省,枚举:GitHub高校数据集(阳光高考院校库域名+AllShoolData) 2026-10
academic:hebut.edu.cn,academic,河北工业大学,http://www.hebut.edu.cn/,hebut.edu.cn,probed-2xx,200,2026-10-03,本科·河北省,枚举:GitHub高校数据集(阳光高考院校库域名+AllShoolData) 2026-10
academic:hejun.com,academic,和君职业学院,http://hejun.com/,hejun.com,probed-000,000,2026-10-03,专科,枚举:GitHub高校数据集(阳光高考院校库域名+AllShoolData) 2026-10
academic:helc.edu.cn,academic,河北政法职业学院,http://www.helc.edu.cn/,helc.edu.cn,probed-4xx,403,2026-10-03,专科·河北省,枚举:GitHub高校数据集(阳光高考院校库域名+AllShoolData) 2026-10
academic:henau.edu.cn,academic,河南农业大学,http://www.henau.edu.cn/,henau.edu.cn,probed-2xx,200,2026-10-03,本科·河南省,枚举:GitHub高校数据集(阳光高考院校库域名+AllShoolData) 2026-10
academic:henetc.edu.cn,academic,河南经贸职业学院,https://henetc.edu.cn/,henetc.edu.cn,probed-000,000,2026-10-03,专科·河南省,枚举:GitHub高校数据集(阳光高考院校库域名+AllShoolData) 2026-10
academic:henlivtc.com,academic,河南轻工职业学院,http://henlivtc.com/,henlivtc.com,probed-000,000,2026-10-03,专科·河南省,枚举:GitHub高校数据集(阳光高考院校库域名+AllShoolData) 2026-10
academic:henu.edu.cn,academic,河南大学,http://www.henu.edu.cn/,henu.edu.cn,probed-2xx,200,2026-10-03,本科·河南省,枚举:GitHub高校数据集(阳光高考院校库域名+AllShoolData) 2026-10
academic:henz.edu.cn,academic,河南女子职业学院,https://henz.edu.cn/,henz.edu.cn,probed-4xx,403,2026-10-03,专科·河南省,枚举:GitHub高校数据集(阳光高考院校库域名+AllShoolData) 2026-10
academic:hepec.edu.cn,academic,河北体育学院,http://www.hepec.edu.cn/,hepec.edu.cn,probed-2xx,200,2026-10-03,本科·河北省,枚举:GitHub高校数据集(阳光高考院校库域名+AllShoolData) 2026-10
academic:hetaodaxue.com,academic,河套学院,http://www.hetaodaxue.com/,hetaodaxue.com,probed-2xx,200,2026-10-03,本科·内蒙古自治区,枚举:GitHub高校数据集(阳光高考院校库域名+AllShoolData) 2026-10
academic:heuet.edu.cn,academic,河北经贸大学,http://www.heuet.edu.cn/,heuet.edu.cn,probed-000,000,2026-10-03,本科·河北省;另含:河北经贸大学经济管理学院,枚举:GitHub高校数据集(阳光高考院校库域名+AllShoolData) 2026-10
academic:hevttc.edu.cn,academic,河北科技师范学院,http://www.hevttc.edu.cn/,hevttc.edu.cn,probed-2xx,200,2026-10-03,本科·河北省,枚举:GitHub高校数据集(阳光高考院校库域名+AllShoolData) 2026-10
academic:hezeu.edu.cn,academic,菏泽学院,http://www.hezeu.edu.cn/,hezeu.edu.cn,probed-2xx,200,2026-10-03,本科·山东省,枚举:GitHub高校数据集(阳光高考院校库域名+AllShoolData) 2026-10
academic:hezevc.edu.cn,academic,菏泽职业学院,https://hezevc.edu.cn/,hezevc.edu.cn,probed-000,000,2026-10-03,专科·山东省,枚举:GitHub高校数据集(阳光高考院校库域名+AllShoolData) 2026-10
academic:hezs.cn,academic,保定幼儿师范高等专科学校,http://www.hezs.cn/,hezs.cn,probed-4xx,403,2026-10-03,专科·河北省·未核实,枚举:GitHub高校数据集(阳光高考院校库域名+AllShoolData) 2026-10
academic:hfbhxy.com,academic,民办合肥滨湖职业技术学院,http://www.hfbhxy.com/,hfbhxy.com,probed-000,000,2026-10-03,专科·安徽省,枚举:GitHub高校数据集(阳光高考院校库域名+AllShoolData) 2026-10
academic:hfcfe.edu.cn,academic,民办合肥财经职业学院,https://hfcfe.edu.cn/,hfcfe.edu.cn,probed-2xx,200,2026-10-03,专科·安徽省,枚举:GitHub高校数据集(阳光高考院校库域名+AllShoolData) 2026-10
academic:hfet.com,academic,民办合肥经济技术职业学院,http://www.hfet.com/,hfet.com,probed-2xx,200,2026-10-03,专科·安徽省,枚举:GitHub高校数据集(阳光高考院校库域名+AllShoolData) 2026-10
academic:hfgdxy.cn,academic,合肥共达职业技术学院,http://hfgdxy.cn/,hfgdxy.cn,probed-2xx,200,2026-10-03,专科·安徽省,枚举:GitHub高校数据集(阳光高考院校库域名+AllShoolData) 2026-10
academic:hfitu.cn,academic,合肥信息技术职业学院,http://www.hfitu.cn/,hfitu.cn,probed-2xx,200,2026-10-03,专科·安徽省,枚举:GitHub高校数据集(阳光高考院校库域名+AllShoolData) 2026-10
academic:hfmc.net,academic,黑龙江生态工程职业学院,http://www.hfmc.net/,hfmc.net,probed-2xx,200,2026-10-03,专科·黑龙江省·未核实,枚举:GitHub高校数据集(阳光高考院校库域名+AllShoolData) 2026-10
academic:hfnu.edu.cn,academic,合肥师范学院,http://www.hfnu.edu.cn/,hfnu.edu.cn,probed-2xx,200,2026-10-03,本科·安徽省,枚举:GitHub高校数据集(阳光高考院校库域名+AllShoolData) 2026-10
academic:hfpec.edu.cn,academic,合肥幼儿师范高等专科学校,http://www.hfpec.edu.cn/,hfpec.edu.cn,probed-2xx,200,2026-10-03,专科·安徽省,枚举:GitHub高校数据集(阳光高考院校库域名+AllShoolData) 2026-10
academic:hfstu.cn,academic,合肥科技职业学院,http://www.hfstu.cn,hfstu.cn,probed-4xx,403,2026-10-03,专科·安徽省,枚举:GitHub高校数据集(阳光高考院校库域名+AllShoolData) 2026-10
academic:hftyxy.com,academic,合肥通用职业技术学院,http://www.hftyxy.com/,hftyxy.com,probed-2xx,200,2026-10-03,专科·安徽省,枚举:GitHub高校数据集(阳光高考院校库域名+AllShoolData) 2026-10
academic:hfu.edu.cn,academic,黑龙江财经学院,http://www.hfu.edu.cn/,hfu.edu.cn,probed-2xx,200,2026-10-03,本科·黑龙江省,枚举:GitHub高校数据集(阳光高考院校库域名+AllShoolData) 2026-10
academic:hfu.edu.tw,academic,台湾华梵大学,https://hfu.edu.tw/,hfu.edu.tw,probed-2xx,200,2026-10-03,本科·Demired源,枚举:GitHub高校数据集(阳光高考院校库域名+AllShoolData) 2026-10
academic:hfue.edu.cn,academic,合肥经济学院,https://hfue.edu.cn/,hfue.edu.cn,probed-000,000,2026-10-03,本科,枚举:GitHub高校数据集(阳光高考院校库域名+AllShoolData) 2026-10
academic:hfut.edu.cn,academic,合肥工业大学,http://www.hfut.edu.cn/,hfut.edu.cn,probed-2xx,200,2026-10-03,本科·安徽省;另含:合肥工业大学(宣城校区),枚举:GitHub高校数据集(阳光高考院校库域名+AllShoolData) 2026-10
academic:hfuu.edu.cn,academic,合肥学院,http://www.hfuu.edu.cn/,hfuu.edu.cn,probed-2xx,200,2026-10-03,本科·安徽省,枚举:GitHub高校数据集(阳光高考院校库域名+AllShoolData) 2026-10
academic:hgnc.net,academic,黄冈师范学院,http://www.hgnc.net,hgnc.net,probed-000,000,2026-10-03,本科·湖北省,枚举:GitHub高校数据集(阳光高考院校库域名+AllShoolData) 2026-10
academic:hgpu.edu.cn,academic,黄冈职业技术学院,https://hgpu.edu.cn/,hgpu.edu.cn,probed-000,000,2026-10-03,专科·湖北省,枚举:GitHub高校数据集(阳光高考院校库域名+AllShoolData) 2026-10
academic:hgtc.org.cn,academic,鹤岗师范高等专科学校,http://www.hgtc.org.cn/,hgtc.org.cn,probed-000,000,2026-10-03,专科·黑龙江省,枚举:GitHub高校数据集(阳光高考院校库域名+AllShoolData) 2026-10
academic:hgu.cn,academic,泉州华光职业学院,http://www.hgu.cn/,hgu.cn,probed-2xx,200,2026-10-03,专科·福建省,枚举:GitHub高校数据集(阳光高考院校库域名+AllShoolData) 2026-10
academic:hgu.edu.cn,academic,河北地质大学,http://www.hgu.edu.cn/,hgu.edu.cn,probed-2xx,200,2026-10-03,本科·河北省,枚举:GitHub高校数据集(阳光高考院校库域名+AllShoolData) 2026-10
academic:hgzyxy.com.cn,academic,内蒙古化工职业学院,http://www.hgzyxy.com.cn/,hgzyxy.com.cn,probed-2xx,200,2026-10-03,专科·内蒙古自治区,枚举:GitHub高校数据集(阳光高考院校库域名+AllShoolData) 2026-10
academic:hhdu.edu.cn,academic,哈尔滨华德学院,http://www.hhdu.edu.cn,hhdu.edu.cn,probed-2xx,200,2026-10-03,本科·黑龙江省,枚举:GitHub高校数据集(阳光高考院校库域名+AllShoolData) 2026-10
academic:hhhxy.cn,academic,黑河学院,http://www.hhhxy.cn,hhhxy.cn,probed-2xx,200,2026-10-03,本科·黑龙江省,枚举:GitHub高校数据集(阳光高考院校库域名+AllShoolData) 2026-10
academic:hhit.edu.cn,academic,淮海工学院,http://www.hhit.edu.cn/,hhit.edu.cn,probed-000,000,2026-10-03,本科·连云港·Fitch源,枚举:GitHub高校数据集(阳光高考院校库域名+AllShoolData) 2026-10
academic:hhsfgz.com,academic,怀化师范高等专科学校,http://hhsfgz.com/,hhsfgz.com,probed-2xx,200,2026-10-03,专科·湖南省,枚举:GitHub高校数据集(阳光高考院校库域名+AllShoolData) 2026-10
academic:hhstu.edu.cn,academic,黄河科技学院,http://www.hhstu.edu.cn/,hhstu.edu.cn,probed-2xx,200,2026-10-03,本科·河南省,枚举:GitHub高校数据集(阳光高考院校库域名+AllShoolData) 2026-10
academic:hhtc.edu.cn,academic,怀化学院,http://www.hhtc.edu.cn/,hhtc.edu.cn,probed-2xx,200,2026-10-03,本科·湖南省,枚举:GitHub高校数据集(阳光高考院校库域名+AllShoolData) 2026-10
academic:hhu.edu.cn,academic,河海大学,http://www.hhu.edu.cn/,hhu.edu.cn,probed-2xx,200,2026-10-03,本科·江苏省,枚举:GitHub高校数据集(阳光高考院校库域名+AllShoolData) 2026-10
academic:hhvc.edu.cn,academic,呼和浩特职业学院,http://www.hhvc.edu.cn,hhvc.edu.cn,probed-4xx,403,2026-10-03,专科·内蒙古自治区,枚举:GitHub高校数据集(阳光高考院校库域名+AllShoolData) 2026-10
academic:hhvtc.cn,academic,红河职业技术学院,http://hhvtc.cn/,hhvtc.cn,probed-4xx,404,2026-10-03,专科·云南省,枚举:GitHub高校数据集(阳光高考院校库域名+AllShoolData) 2026-10
academic:hhvtc.com.cn,academic,怀化职业技术学院,http://www.hhvtc.com.cn/,hhvtc.com.cn,probed-4xx,404,2026-10-03,专科·湖南省,枚举:GitHub高校数据集(阳光高考院校库域名+AllShoolData) 2026-10
academic:hhwzy.edu.cn,academic,红河卫生职业学院,https://hhwzy.edu.cn/,hhwzy.edu.cn,probed-000,000,2026-10-03,专科·云南省,枚举:GitHub高校数据集(阳光高考院校库域名+AllShoolData) 2026-10
academic:hibu.edu.cn,academic,黑龙江工商学院,https://hibu.edu.cn/,hibu.edu.cn,probed-4xx,400,2026-10-03,本科·黑龙江省,枚举:GitHub高校数据集(阳光高考院校库域名+AllShoolData) 2026-10
academic:hicc.cn,academic,河北大学工商学院,http://www.hicc.cn/,hicc.cn,probed-2xx,200,2026-10-03,本科·河北省·Fitch源,枚举:GitHub高校数据集(阳光高考院校库域名+AllShoolData) 2026-10
academic:hict.org.cn,academic,黑龙江建筑职业技术学院,http://www.hict.org.cn,hict.org.cn,probed-2xx,200,2026-10-03,专科·黑龙江省,枚举:GitHub高校数据集(阳光高考院校库域名+AllShoolData) 2026-10
academic:hieu.edu.cn,academic,湖南涉外经济学院,https://hieu.edu.cn/,hieu.edu.cn,probed-000,000,2026-10-03,本科·湖南省,枚举:GitHub高校数据集(阳光高考院校库域名+AllShoolData) 2026-10
academic:hifa.edu.cn,academic,湖北美术学院,http://www.hifa.edu.cn/,hifa.edu.cn,probed-2xx,200,2026-10-03,本科·湖北省,枚举:GitHub高校数据集(阳光高考院校库域名+AllShoolData) 2026-10
academic:hip.edu.cn,academic,哈尔滨石油学院,http://www.hip.edu.cn,hip.edu.cn,probed-2xx,200,2026-10-03,本科·黑龙江省,枚举:GitHub高校数据集(阳光高考院校库域名+AllShoolData) 2026-10
academic:his.edu.cn,academic,三亚中瑞酒店管理职业学院,http://www.his.edu.cn,his.edu.cn,probed-2xx,200,2026-10-03,专科·海南省,枚举:GitHub高校数据集(阳光高考院校库域名+AllShoolData) 2026-10
academic:hist.edu.cn,academic,河南科技学院,http://www.hist.edu.cn/,hist.edu.cn,probed-2xx,200,2026-10-03,本科·河南省,枚举:GitHub高校数据集(阳光高考院校库域名+AllShoolData) 2026-10
academic:hit.edu.cn,academic,哈尔滨工业大学,http://www.hit.edu.cn/,hit.edu.cn,probed-2xx,200,2026-10-03,本科·黑龙江省,枚举:GitHub高校数据集(阳光高考院校库域名+AllShoolData) 2026-10
academic:hitsz.edu.cn,academic,哈尔滨工业大学(深圳),https://hitsz.edu.cn/,hitsz.edu.cn,probed-000,000,2026-10-03,本科,枚举:GitHub高校数据集(阳光高考院校库域名+AllShoolData) 2026-10
academic:hitwh.edu.cn,academic,哈尔滨工业大学(威海),https://hitwh.edu.cn/,hitwh.edu.cn,probed-000,000,2026-10-03,本科,枚举:GitHub高校数据集(阳光高考院校库域名+AllShoolData) 2026-10
academic:hiu.edu.cn,academic,黑龙江外国语学院,http://www.hiu.edu.cn/,hiu.edu.cn,probed-000,000,2026-10-03,本科·黑龙江省,枚举:GitHub高校数据集(阳光高考院校库域名+AllShoolData) 2026-10
academic:hjgz.net,academic,公安海警学院,http://www.hjgz.net/,hjgz.net,probed-000,000,2026-10-03,本科·宁波市·Fitch源,枚举:GitHub高校数据集(阳光高考院校库域名+AllShoolData) 2026-10
academic:hjnu.edu.cn,academic,汉江师范学院,http://www.hjnu.edu.cn/,hjnu.edu.cn,probed-2xx,200,2026-10-03,本科·湖北省,枚举:GitHub高校数据集(阳光高考院校库域名+AllShoolData) 2026-10
academic:hju.net.cn,academic,北京汇佳职业学院,http://www.hju.net.cn/,hju.net.cn,probed-000,000,2026-10-03,专科·北京市,枚举:GitHub高校数据集(阳光高考院校库域名+AllShoolData) 2026-10
academic:hkbu.edu.hk,academic,香港浸会大学,https://hkbu.edu.hk/,hkbu.edu.hk,probed-2xx,200,2026-10-03,本科·香港特别行政区·Demired源,枚举:GitHub高校数据集(阳光高考院校库域名+AllShoolData) 2026-10
academic:hkc.edu.cn,academic,海口经济学院,http://www.hkc.edu.cn/,hkc.edu.cn,probed-2xx,200,2026-10-03,本科·海南省,枚举:GitHub高校数据集(阳光高考院校库域名+AllShoolData) 2026-10
academic:hku.hk,academic,香港大学,http://hku.hk/,hku.hk,probed-2xx,200,2026-10-03,本科·香港特别行政区·Demired源,枚举:GitHub高校数据集(阳光高考院校库域名+AllShoolData) 2026-10
academic:hkxytz.com,academic,汉口学院,http://hkxytz.com/,hkxytz.com,probed-000,000,2026-10-03,本科·湖北省·未核实,枚举:GitHub高校数据集(阳光高考院校库域名+AllShoolData) 2026-10
academic:hlbrc.cn,academic,呼伦贝尔学院,http://www.hlbrc.cn/,hlbrc.cn,probed-2xx,200,2026-10-03,本科·内蒙古自治区,枚举:GitHub高校数据集(阳光高考院校库域名+AllShoolData) 2026-10
academic:hlbrzy.com,academic,呼伦贝尔职业技术学院,http://www.hlbrzy.com/,hlbrzy.com,probed-2xx,200,2026-10-03,专科·内蒙古自治区·未核实,枚举:GitHub高校数据集(阳光高考院校库域名+AllShoolData) 2026-10
academic:hlcp.com.cn,academic,黑龙江交通职业技术学院,http://www.hlcp.com.cn/,hlcp.com.cn,probed-2xx,200,2026-10-03,专科·黑龙江省,枚举:GitHub高校数据集(阳光高考院校库域名+AllShoolData) 2026-10
academic:hljeu.edu.cn,academic,黑龙江东方学院,https://hljeu.edu.cn/,hljeu.edu.cn,probed-000,000,2026-10-03,本科·黑龙江省,枚举:GitHub高校数据集(阳光高考院校库域名+AllShoolData) 2026-10
academic:hljgvc.com,academic,黑龙江粮食职业学院,http://www.hljgvc.com/,hljgvc.com,probed-2xx,200,2026-10-03,专科·哈尔滨市·Fitch源,枚举:GitHub高校数据集(阳光高考院校库域名+AllShoolData) 2026-10
academic:hljhlgz.org.cn,academic,黑龙江护理高等专科学校,http://hljhlgz.org.cn/,hljhlgz.org.cn,probed-000,000,2026-10-03,专科·黑龙江省,枚举:GitHub高校数据集(阳光高考院校库域名+AllShoolData) 2026-10
academic:hljit.edu.cn,academic,黑龙江工程学院,http://www.hljit.edu.cn/,hljit.edu.cn,probed-2xx,200,2026-10-03,本科·黑龙江省,枚举:GitHub高校数据集(阳光高考院校库域名+AllShoolData) 2026-10
academic:hljitpc.com,academic,黑龙江信息技术职业学院,http://www.hljitpc.com/,hljitpc.com,probed-2xx,200,2026-10-03,专科·哈尔滨市·Fitch源,枚举:GitHub高校数据集(阳光高考院校库域名+AllShoolData) 2026-10
academic:hljlzy.com,academic,黑龙江林业职业技术学院,http://www.hljlzy.com/,hljlzy.com,probed-2xx,200,2026-10-03,专科·黑龙江省,枚举:GitHub高校数据集(阳光高考院校库域名+AllShoolData) 2026-10
academic:hljmzzyxy.org.cn,academic,黑龙江民族职业学院,http://hljmzzyxy.org.cn/,hljmzzyxy.org.cn,probed-000,000,2026-10-03,专科·黑龙江省,枚举:GitHub高校数据集(阳光高考院校库域名+AllShoolData) 2026-10
academic:hljny.org.cn,academic,黑龙江能源职业学院,http://hljny.org.cn/,hljny.org.cn,probed-000,000,2026-10-03,专科·黑龙江省,枚举:GitHub高校数据集(阳光高考院校库域名+AllShoolData) 2026-10
academic:hljnzy.net,academic,黑龙江农业职业技术学院,http://www.hljnzy.net/,hljnzy.net,probed-4xx,404,2026-10-03,专科·黑龙江省,枚举:GitHub高校数据集(阳光高考院校库域名+AllShoolData) 2026-10
academic:hljp.edu.cn,academic,黑龙江职业学院,http://www.hljp.edu.cn/,hljp.edu.cn,probed-000,000,2026-10-03,专科·黑龙江省,枚举:GitHub高校数据集(阳光高考院校库域名+AllShoolData) 2026-10
academic:hljsfjy.org.cn,academic,黑龙江司法警官职业学院,http://www.hljsfjy.org.cn,hljsfjy.org.cn,probed-000,000,2026-10-03,专科·黑龙江省,枚举:GitHub高校数据集(阳光高考院校库域名+AllShoolData) 2026-10
academic:hljswkj.org.cn,academic,黑龙江生物科技职业学院,http://www.hljswkj.org.cn,hljswkj.org.cn,probed-5xx,502,2026-10-03,专科·黑龙江省,枚举:GitHub高校数据集(阳光高考院校库域名+AllShoolData) 2026-10
academic:hljszy.org.cn,academic,黑龙江商业职业学院,http://www.hljszy.org.cn,hljszy.org.cn,probed-2xx,200,2026-10-03,专科·黑龙江省,枚举:GitHub高校数据集(阳光高考院校库域名+AllShoolData) 2026-10
academic:hlju.edu.cn,academic,黑龙江大学,http://www.hlju.edu.cn/,hlju.edu.cn,probed-2xx,200,2026-10-03,本科·黑龙江省,枚举:GitHub高校数据集(阳光高考院校库域名+AllShoolData) 2026-10
academic:hljucm.net,academic,黑龙江中医药大学,http://www.hljucm.net/,hljucm.net,probed-3xx,301,2026-10-03,本科·黑龙江省,枚举:GitHub高校数据集(阳光高考院校库域名+AllShoolData) 2026-10
academic:hljut.edu.cn,academic,黑龙江工业学院,https://hljut.edu.cn/,hljut.edu.cn,probed-000,000,2026-10-03,本科·黑龙江省,枚举:GitHub高校数据集(阳光高考院校库域名+AllShoolData) 2026-10
academic:hljys.cn,academic,黑龙江幼儿师范高等专科学校,http://www.hljys.cn/,hljys.cn,probed-5xx,502,2026-10-03,专科·黑龙江省,枚举:GitHub高校数据集(阳光高考院校库域名+AllShoolData) 2026-10
academic:hljyzy.org.cn,academic,黑龙江艺术职业学院,http://www.hljyzy.org.cn/,hljyzy.org.cn,probed-2xx,200,2026-10-03,专科·黑龙江省,枚举:GitHub高校数据集(阳光高考院校库域名+AllShoolData) 2026-10
academic:hlpolice.gov.cn,academic,黑龙江公安警官职业学院,http://www.hlpolice.gov.cn,hlpolice.gov.cn,probed-2xx,200,2026-10-03,专科·黑龙江省,枚举:GitHub高校数据集(阳光高考院校库域名+AllShoolData) 2026-10
academic:hltn.edu.cn,academic,河南推拿职业学院,https://hltn.edu.cn/,hltn.edu.cn,probed-000,000,2026-10-03,专科·河南省,枚举:GitHub高校数据集(阳光高考院校库域名+AllShoolData) 2026-10
academic:hlu.edu.cn,academic,私立华联学院,http://www.hlu.edu.cn/,hlu.edu.cn,probed-2xx,200,2026-10-03,专科·广东省,枚举:GitHub高校数据集(阳光高考院校库域名+AllShoolData) 2026-10
academic:hlxy.edu.cn,academic,南京中医药大学翰林学院,http://www.hlxy.edu.cn/,hlxy.edu.cn,probed-2xx,200,2026-10-03,本科·江苏省·Fitch源,枚举:GitHub高校数据集(阳光高考院校库域名+AllShoolData) 2026-10
academic:hlxy.net,academic,广州华立科技职业学院,http://www.hlxy.net/,hlxy.net,probed-2xx,200,2026-10-03,专科·广东省,枚举:GitHub高校数据集(阳光高考院校库域名+AllShoolData) 2026-10
academic:hmc.edu.cn,academic,杭州医学院,http://www.hmc.edu.cn/,hmc.edu.cn,probed-2xx,200,2026-10-03,本科·浙江省,枚举:GitHub高校数据集(阳光高考院校库域名+AllShoolData) 2026-10
academic:hmlc.edu.cn,academic,湖南现代物流职业技术学院,https://hmlc.edu.cn/,hmlc.edu.cn,probed-000,000,2026-10-03,专科·湖南省,枚举:GitHub高校数据集(阳光高考院校库域名+AllShoolData) 2026-10
academic:hmzyedu.cn,academic,哈密职业技术学院,http://www.hmzyedu.cn,hmzyedu.cn,probed-2xx,200,2026-10-03,专科·新疆维吾尔自治区,枚举:GitHub高校数据集(阳光高考院校库域名+AllShoolData) 2026-10
academic:hnasatc.com,academic,三亚航空旅游职业学院,http://www.hnasatc.com/,hnasatc.com,probed-000,000,2026-10-03,专科·海南省·未核实,枚举:GitHub高校数据集(阳光高考院校库域名+AllShoolData) 2026-10
academic:hnaues.com,academic,湖南农业大学东方科技学院,http://www.hnaues.com/,hnaues.com,probed-2xx,200,2026-10-03,本科·湖南省,枚举:GitHub高校数据集(阳光高考院校库域名+AllShoolData) 2026-10
academic:hnbemc.edu.cn,academic,湖南生物机电职业技术学院,https://hnbemc.edu.cn/,hnbemc.edu.cn,probed-4xx,401,2026-10-03,专科·湖南省,枚举:GitHub高校数据集(阳光高考院校库域名+AllShoolData) 2026-10
academic:hnca.edu.cn,academic,河南农业职业学院,https://hnca.edu.cn/,hnca.edu.cn,probed-000,000,2026-10-03,专科·河南省,枚举:GitHub高校数据集(阳光高考院校库域名+AllShoolData) 2026-10
academic:hncc.edu.cn,academic,河南交通职业技术学院,https://hncc.edu.cn/,hncc.edu.cn,probed-000,000,2026-10-03,专科·河南省,枚举:GitHub高校数据集(阳光高考院校库域名+AllShoolData) 2026-10
academic:hncfs.edu.cn,academic,海南外国语职业学院,http://www.hncfs.edu.cn,hncfs.edu.cn,probed-2xx,200,2026-10-03,专科·海南省,枚举:GitHub高校数据集(阳光高考院校库域名+AllShoolData) 2026-10
academic:hncj.edu.cn,academic,河南城建学院,http://www.hncj.edu.cn/,hncj.edu.cn,probed-000,000,2026-10-03,本科·河南省,枚举:GitHub高校数据集(阳光高考院校库域名+AllShoolData) 2026-10
academic:hncpu.com,academic,长沙商贸旅游职业技术学院,http://www.hncpu.com/,hncpu.com,probed-2xx,200,2026-10-03,专科·湖南省,枚举:GitHub高校数据集(阳光高考院校库域名+AllShoolData) 2026-10
academic:hncst.edu.cn,academic,海南软件职业技术学院,http://www.hncst.edu.cn,hncst.edu.cn,probed-2xx,200,2026-10-03,专科·海南省,枚举:GitHub高校数据集(阳光高考院校库域名+AllShoolData) 2026-10
academic:hncu.edu.cn,academic,湖南城市学院,https://hncu.edu.cn/,hncu.edu.cn,probed-000,000,2026-10-03,本科·湖南省,枚举:GitHub高校数据集(阳光高考院校库域名+AllShoolData) 2026-10
academic:hnebp.edu.cn,academic,湖南环境生物职业技术学院,http://www.hnebp.edu.cn/,hnebp.edu.cn,probed-2xx,200,2026-10-03,专科·湖南省,枚举:GitHub高校数据集(阳光高考院校库域名+AllShoolData) 2026-10
academic:hnevc.com,academic,湖南网络工程职业学院,http://www.hnevc.com/,hnevc.com,probed-2xx,200,2026-10-03,专科·湖南省,枚举:GitHub高校数据集(阳光高考院校库域名+AllShoolData) 2026-10
academic:hnfjc.cn,academic,河南林业职业学院,http://www.hnfjc.cn/,hnfjc.cn,probed-2xx,200,2026-10-03,专科·河南省,枚举:GitHub高校数据集(阳光高考院校库域名+AllShoolData) 2026-10
academic:hnfnu.edu.cn,academic,湖南第一师范学院,http://www.hnfnu.edu.cn/,hnfnu.edu.cn,probed-2xx,200,2026-10-03,本科·湖南省,枚举:GitHub高校数据集(阳光高考院校库域名+AllShoolData) 2026-10
academic:hngczy.cn,academic,湖南工程职业技术学院,http://hngczy.cn/,hngczy.cn,probed-4xx,404,2026-10-03,专科·湖南省,枚举:GitHub高校数据集(阳光高考院校库域名+AllShoolData) 2026-10
academic:hngeelyedu.cn,academic,湖南吉利汽车职业技术学院,http://www.hngeelyedu.cn/,hngeelyedu.cn,probed-000,000,2026-10-03,专科·湖南省,枚举:GitHub高校数据集(阳光高考院校库域名+AllShoolData) 2026-10
academic:hngfxy.com,academic,湖南国防工业职业技术学院,http://hngfxy.com/,hngfxy.com,probed-000,000,2026-10-03,专科·湖南省,枚举:GitHub高校数据集(阳光高考院校库域名+AllShoolData) 2026-10
academic:hngm.edu.cn,academic,河南工业贸易职业学院,https://hngm.edu.cn/,hngm.edu.cn,probed-4xx,403,2026-10-03,专科·河南省,枚举:GitHub高校数据集(阳光高考院校库域名+AllShoolData) 2026-10
academic:hngolfedu.cn,academic,湖南高尔夫旅游职业学院,http://hngolfedu.cn/,hngolfedu.cn,probed-2xx,200,2026-10-03,专科·湖南省,枚举:GitHub高校数据集(阳光高考院校库域名+AllShoolData) 2026-10
academic:hngsxy.com,academic,湖南工商职业学院,http://www.hngsxy.com/,hngsxy.com,probed-2xx,200,2026-10-03,专科·湖南省,枚举:GitHub高校数据集(阳光高考院校库域名+AllShoolData) 2026-10
academic:hngzy.com,academic,黑龙江农业工程职业学院,http://www.hngzy.com/,hngzy.com,probed-000,000,2026-10-03,专科·黑龙江省,枚举:GitHub高校数据集(阳光高考院校库域名+AllShoolData) 2026-10
academic:hnhgzy.com,academic,湖南化工职业技术学院,http://www.hnhgzy.com/,hnhgzy.com,probed-2xx,200,2026-10-03,专科·湖南省,枚举:GitHub高校数据集(阳光高考院校库域名+AllShoolData) 2026-10
academic:hnhvc.edu.cn,academic,海南卫生健康职业学院,https://hnhvc.edu.cn/,hnhvc.edu.cn,probed-000,000,2026-10-03,专科·海南省,枚举:GitHub高校数据集(阳光高考院校库域名+AllShoolData) 2026-10
academic:hnie.edu.cn,academic,湖南工程学院,http://www.hnie.edu.cn/,hnie.edu.cn,probed-2xx,200,2026-10-03,本科·湖南省;另含:湖南工程学院应用技术学院,枚举:GitHub高校数据集(阳光高考院校库域名+AllShoolData) 2026-10
academic:hnist.cn,academic,湖南理工学院,http://www.hnist.cn/,hnist.cn,probed-2xx,200,2026-10-03,本科·湖南省;另含:湖南理工学院南湖学院,枚举:GitHub高校数据集(阳光高考院校库域名+AllShoolData) 2026-10
academic:hnisvc.com,academic,河南信息统计职业学院,http://www.hnisvc.com/,hnisvc.com,probed-2xx,200,2026-10-03,专科·河南省,枚举:GitHub高校数据集(阳光高考院校库域名+AllShoolData) 2026-10
academic:hnit.edu.cn,academic,湖南工学院,http://www.hnit.edu.cn,hnit.edu.cn,probed-2xx,200,2026-10-03,本科·湖南省,枚举:GitHub高校数据集(阳光高考院校库域名+AllShoolData) 2026-10
academic:hniu.cn,academic,湖南信息职业技术学院,http://www.hniu.cn,hniu.cn,probed-2xx,200,2026-10-03,专科·湖南省,枚举:GitHub高校数据集(阳光高考院校库域名+AllShoolData) 2026-10
academic:hnjc.edu.cn,academic,河南检察职业学院,https://hnjc.edu.cn/,hnjc.edu.cn,probed-000,000,2026-10-03,专科·河南省,枚举:GitHub高校数据集(阳光高考院校库域名+AllShoolData) 2026-10
academic:hnjd.edu.cn,academic,河南机电职业学院,http://www.hnjd.edu.cn/,hnjd.edu.cn,probed-2xx,200,2026-10-03,专科·河南省,枚举:GitHub高校数据集(阳光高考院校库域名+AllShoolData) 2026-10
academic:hnjd.net.cn,academic,湖南电气职业技术学院,http://www.hnjd.net.cn/,hnjd.net.cn,probed-2xx,200,2026-10-03,专科·湖南省,枚举:GitHub高校数据集(阳光高考院校库域名+AllShoolData) 2026-10
academic:hnjdzy.net,academic,湖南机电职业技术学院,http://www.hnjdzy.net/,hnjdzy.net,probed-2xx,200,2026-10-03,专科·湖南省,枚举:GitHub高校数据集(阳光高考院校库域名+AllShoolData) 2026-10
academic:hnjs.edu.cn,academic,河南建筑职业技术学院,https://hnjs.edu.cn/,hnjs.edu.cn,probed-000,000,2026-10-03,专科·河南省,枚举:GitHub高校数据集(阳光高考院校库域名+AllShoolData) 2026-10
academic:hnjt.edu.cn,academic,湖南交通工程学院,https://hnjt.edu.cn/,hnjt.edu.cn,probed-2xx,200,2026-10-03,本科·湖南省,枚举:GitHub高校数据集(阳光高考院校库域名+AllShoolData) 2026-10
academic:hnjtzy.com.cn,academic,湖南交通职业技术学院,http://www.hnjtzy.com.cn/,hnjtzy.com.cn,probed-2xx,200,2026-10-03,专科·湖南省,枚举:GitHub高校数据集(阳光高考院校库域名+AllShoolData) 2026-10
academic:hnkj.edu.cn,academic,海南科技职业大学,https://hnkj.edu.cn/,hnkj.edu.cn,probed-000,000,2026-10-03,本科·海南省,枚举:GitHub高校数据集(阳光高考院校库域名+AllShoolData) 2026-10
academic:hnkjedu.cn,academic,海南科技职业学院,http://www.hnkjedu.cn/,hnkjedu.cn,probed-2xx,200,2026-10-03,专科·海口市·Fitch源,枚举:GitHub高校数据集(阳光高考院校库域名+AllShoolData) 2026-10
academic:hnkjxy.net.cn,academic,湖南科技职业学院,http://www.hnkjxy.net.cn/,hnkjxy.net.cn,probed-2xx,200,2026-10-03,专科·湖南省,枚举:GitHub高校数据集(阳光高考院校库域名+AllShoolData) 2026-10
academic:hnlgzy.net,academic,湖南理工职业技术学院,http://hnlgzy.net/,hnlgzy.net,probed-2xx,200,2026-10-03,专科·湖南省,枚举:GitHub高校数据集(阳光高考院校库域名+AllShoolData) 2026-10
academic:hnlrzy.cn,academic,湖南劳动人事职业学院,http://hnlrzy.cn/,hnlrzy.cn,probed-2xx,200,2026-10-03,专科·湖南省,枚举:GitHub高校数据集(阳光高考院校库域名+AllShoolData) 2026-10
academic:hnmeida.com.cn,academic,湖南工艺美术职业学院,http://www.hnmeida.com.cn/,hnmeida.com.cn,probed-2xx,200,2026-10-03,专科·湖南省,枚举:GitHub高校数据集(阳光高考院校库域名+AllShoolData) 2026-10
academic:hnmmc.cn,academic,湖南大众传媒职业技术学院,http://www.hnmmc.cn/,hnmmc.cn,probed-2xx,200,2026-10-03,专科·湖南省,枚举:GitHub高校数据集(阳光高考院校库域名+AllShoolData) 2026-10
academic:hnmu.com.cn,academic,湖南医药学院,http://www.hnmu.com.cn/,hnmu.com.cn,probed-2xx,200,2026-10-03,本科·湖南省,枚举:GitHub高校数据集(阳光高考院校库域名+AllShoolData) 2026-10
academic:hnnu.edu.cn,academic,淮南师范学院,http://www.hnnu.edu.cn/,hnnu.edu.cn,probed-000,000,2026-10-03,本科·安徽省,枚举:GitHub高校数据集(阳光高考院校库域名+AllShoolData) 2026-10
academic:hnnvc.edu.cn,academic,河南护理职业学院,https://hnnvc.edu.cn/,hnnvc.edu.cn,probed-000,000,2026-10-03,专科·河南省,枚举:GitHub高校数据集(阳光高考院校库域名+AllShoolData) 2026-10
academic:hnp.edu.cn,academic,河南警察学院,http://www.hnp.edu.cn,hnp.edu.cn,probed-2xx,200,2026-10-03,本科·河南省,枚举:GitHub高校数据集(阳光高考院校库域名+AllShoolData) 2026-10
academic:hnpi.cn,academic,河南工业职业技术学院,http://www.hnpi.cn/,hnpi.cn,probed-000,000,2026-10-03,专科·河南省,枚举:GitHub高校数据集(阳光高考院校库域名+AllShoolData) 2026-10
academic:hnplc.com,academic,海南政法职业学院,http://www.hnplc.com/,hnplc.com,probed-2xx,200,2026-10-03,专科·海南省,枚举:GitHub高校数据集(阳光高考院校库域名+AllShoolData) 2026-10
academic:hnpolice.com,academic,湖南警察学院,http://www.hnpolice.com/,hnpolice.com,probed-5xx,502,2026-10-03,本科·湖南省,枚举:GitHub高校数据集(阳光高考院校库域名+AllShoolData) 2026-10
academic:hnqczy.com,academic,湖南汽车工程职业学院,http://hnqczy.com/,hnqczy.com,probed-000,000,2026-10-03,专科·湖南省,枚举:GitHub高校数据集(阳光高考院校库域名+AllShoolData) 2026-10
academic:hnrpc.com,academic,湖南铁道职业技术学院,http://www.hnrpc.com/,hnrpc.com,probed-2xx,200,2026-10-03,专科·湖南省,枚举:GitHub高校数据集(阳光高考院校库域名+AllShoolData) 2026-10
academic:hnsfjy.cn,academic,湖南司法警官职业学院,http://www.hnsfjy.cn,hnsfjy.cn,probed-2xx,200,2026-10-03,专科·湖南省,枚举:GitHub高校数据集(阳光高考院校库域名+AllShoolData) 2026-10
academic:hnsfjy.net,academic,河南司法警官职业学院,http://www.hnsfjy.net,hnsfjy.net,probed-000,000,2026-10-03,专科·河南省,枚举:GitHub高校数据集(阳光高考院校库域名+AllShoolData) 2026-10
academic:hnshzy.cn,academic,湖南石油化工职业技术学院,http://www.hnshzy.cn/,hnshzy.cn,probed-2xx,200,2026-10-03,专科·湖南省,枚举:GitHub高校数据集(阳光高考院校库域名+AllShoolData) 2026-10
academic:hnslsdxy.com,academic,湖南水利水电职业技术学院,http://www.hnslsdxy.com/,hnslsdxy.com,probed-2xx,200,2026-10-03,专科·湖南省,枚举:GitHub高校数据集(阳光高考院校库域名+AllShoolData) 2026-10
academic:hnsoftedu.com,academic,湖南软件职业技术大学,http://www.hnsoftedu.com/,hnsoftedu.com,probed-3xx,302,2026-10-03,专科,枚举:GitHub高校数据集(阳光高考院校库域名+AllShoolData) 2026-10
academic:hnstx.com,academic,海南体育职业技术学院,http://www.hnstx.com/,hnstx.com,probed-2xx,200,2026-10-03,专科·海南省,枚举:GitHub高校数据集(阳光高考院校库域名+AllShoolData) 2026-10
academic:hnswxy.com,academic,湖南商务职业技术学院,http://www.hnswxy.com/,hnswxy.com,probed-2xx,200,2026-10-03,专科·湖南省,枚举:GitHub高校数据集(阳光高考院校库域名+AllShoolData) 2026-10
academic:hnsyu.edu.cn,academic,邵阳学院,https://hnsyu.edu.cn/,hnsyu.edu.cn,probed-000,000,2026-10-03,本科·湖南省,枚举:GitHub高校数据集(阳光高考院校库域名+AllShoolData) 2026-10
academic:hntbc.edu.cn,academic,海南工商职业学院,http://www.hntbc.edu.cn/,hntbc.edu.cn,probed-2xx,200,2026-10-03,专科·海南省,枚举:GitHub高校数据集(阳光高考院校库域名+AllShoolData) 2026-10
academic:hntcmc.net,academic,湖南中医药高等专科学校,http://www.hntcmc.net/,hntcmc.net,probed-2xx,200,2026-10-03,专科·湖南省,枚举:GitHub高校数据集(阳光高考院校库域名+AllShoolData) 2026-10
academic:hntky.com,academic,湖南铁路科技职业技术学院,http://www.hntky.com/,hntky.com,probed-2xx,200,2026-10-03,专科·湖南省,枚举:GitHub高校数据集(阳光高考院校库域名+AllShoolData) 2026-10
academic:hntou.edu.cn,academic,海南热带海洋学院,http://www.hntou.edu.cn,hntou.edu.cn,probed-2xx,200,2026-10-03,本科·海南省,枚举:GitHub高校数据集(阳光高考院校库域名+AllShoolData) 2026-10
academic:hntyxy.net,academic,湖南体育职业学院,http://www.hntyxy.net,hntyxy.net,probed-2xx,200,2026-10-03,专科·湖南省,枚举:GitHub高校数据集(阳光高考院校库域名+AllShoolData) 2026-10
academic:hnu.edu.cn,academic,湖南大学,https://www.hnu.edu.cn/,hnu.edu.cn,probed-2xx,200,2026-10-03,本科·湖南省,枚举:GitHub高校数据集(阳光高考院校库域名+AllShoolData) 2026-10
academic:hnuahe.edu.cn,academic,河南牧业经济学院,http://www.hnuahe.edu.cn,hnuahe.edu.cn,probed-2xx,200,2026-10-03,本科·河南省,枚举:GitHub高校数据集(阳光高考院校库域名+AllShoolData) 2026-10
academic:hnuc.edu.cn,academic,湖南商学院,http://www.hnuc.edu.cn/,hnuc.edu.cn,probed-000,000,2026-10-03,本科·长沙市·Fitch源,枚举:GitHub高校数据集(阳光高考院校库域名+AllShoolData) 2026-10
academic:hnucc.com,academic,湖南城建职业技术学院,http://www.hnucc.com/,hnucc.com,probed-2xx,200,2026-10-03,专科·湖南省,枚举:GitHub高校数据集(阳光高考院校库域名+AllShoolData) 2026-10
academic:hnucm.edu.cn,academic,湖南中医药大学,http://www.hnucm.edu.cn,hnucm.edu.cn,probed-2xx,200,2026-10-03,本科·湖南省;另含:湖南中医药大学湘杏学院,枚举:GitHub高校数据集(阳光高考院校库域名+AllShoolData) 2026-10
academic:hnuit.edu.cn,academic,湖南信息学院,https://hnuit.edu.cn/,hnuit.edu.cn,probed-000,000,2026-10-03,本科·湖南省,枚举:GitHub高校数据集(阳光高考院校库域名+AllShoolData) 2026-10
academic:hnupc.com,academic,湖南都市职业学院,http://hnupc.com/,hnupc.com,probed-2xx,200,2026-10-03,专科·湖南省,枚举:GitHub高校数据集(阳光高考院校库域名+AllShoolData) 2026-10
academic:hnust.edu.cn,academic,湖南科技大学,http://www.hnust.edu.cn/,hnust.edu.cn,probed-2xx,200,2026-10-03,本科·湖南省;另含:湖南科技大学潇湘学院,枚举:GitHub高校数据集(阳光高考院校库域名+AllShoolData) 2026-10
academic:hnuu.edu.cn,academic,淮南联合大学,http://www.hnuu.edu.cn/,hnuu.edu.cn,probed-2xx,200,2026-10-03,专科·安徽省,枚举:GitHub高校数据集(阳光高考院校库域名+AllShoolData) 2026-10
academic:hnvc.net.cn,academic,湖南民族职业学院,http://www.hnvc.net.cn/,hnvc.net.cn,probed-2xx,200,2026-10-03,专科·湖南省,枚举:GitHub高校数据集(阳光高考院校库域名+AllShoolData) 2026-10
academic:hnvist.cn,academic,湖南安全技术职业学院,http://www.hnvist.cn,hnvist.cn,probed-2xx,200,2026-10-03,专科·湖南省,枚举:GitHub高校数据集(阳光高考院校库域名+AllShoolData) 2026-10
academic:hnvtc.cn,academic,淮南职业技术学院,http://hnvtc.cn/,hnvtc.cn,probed-000,000,2026-10-03,专科·安徽省,枚举:GitHub高校数据集(阳光高考院校库域名+AllShoolData) 2026-10
academic:hnwlxy.edu.cn,academic,河南物流职业学院,https://hnwlxy.edu.cn/,hnwlxy.edu.cn,probed-000,000,2026-10-03,专科·河南省,枚举:GitHub高校数据集(阳光高考院校库域名+AllShoolData) 2026-10
academic:hnwmxy.com,academic,湖南外贸职业学院,http://www.hnwmxy.com/,hnwmxy.com,probed-000,000,2026-10-03,专科·湖南省,枚举:GitHub高校数据集(阳光高考院校库域名+AllShoolData) 2026-10
academic:hnwmxy.edu.cn,academic,河南对外经济贸易职业学院,https://hnwmxy.edu.cn/,hnwmxy.edu.cn,probed-5xx,502,2026-10-03,专科·河南省,枚举:GitHub高校数据集(阳光高考院校库域名+AllShoolData) 2026-10
academic:hnwomen.com.cn,academic,福建华南女子职业学院,http://www.hnwomen.com.cn/,hnwomen.com.cn,probed-2xx,200,2026-10-03,专科·福建省,枚举:GitHub高校数据集(阳光高考院校库域名+AllShoolData) 2026-10
academic:hnwu.edu.cn,academic,湖南女子学院,https://hnwu.edu.cn/,hnwu.edu.cn,probed-000,000,2026-10-03,本科·湖南省,枚举:GitHub高校数据集(阳光高考院校库域名+AllShoolData) 2026-10
academic:hnxxc.com,academic,潇湘职业学院,http://www.hnxxc.com/,hnxxc.com,probed-2xx,200,2026-10-03,专科·湖南省,枚举:GitHub高校数据集(阳光高考院校库域名+AllShoolData) 2026-10
academic:hnxxjsxy.com,academic,湖南九嶷职业技术学院,http://hnxxjsxy.com/,hnxxjsxy.com,probed-2xx,200,2026-10-03,专科·湖南省,枚举:GitHub高校数据集(阳光高考院校库域名+AllShoolData) 2026-10
academic:hnydxy.com,academic,湖南邮电职业技术学院,http://www.hnydxy.com/,hnydxy.com,probed-000,000,2026-10-03,专科·湖南省,枚举:GitHub高校数据集(阳光高考院校库域名+AllShoolData) 2026-10
academic:hnyesf.com,academic,湖南幼儿师范高等专科学校,http://www.hnyesf.com,hnyesf.com,probed-000,000,2026-10-03,专科·湖南省,枚举:GitHub高校数据集(阳光高考院校库域名+AllShoolData) 2026-10
academic:hnyjj.org.cn,academic,黑龙江农业经济职业学院,http://hnyjj.org.cn/,hnyjj.org.cn,probed-2xx,200,2026-10-03,专科·黑龙江省,枚举:GitHub高校数据集(阳光高考院校库域名+AllShoolData) 2026-10
academic:hnys.edu.cn,academic,河南艺术职业学院,https://hnys.edu.cn/,hnys.edu.cn,probed-2xx,200,2026-10-03,专科·河南省,枚举:GitHub高校数据集(阳光高考院校库域名+AllShoolData) 2026-10
academic:hnyszy.com.cn,academic,湖南有色金属职业技术学院,http://www.hnyszy.com.cn/,hnyszy.com.cn,probed-3xx,302,2026-10-03,专科·湖南省,枚举:GitHub高校数据集(阳光高考院校库域名+AllShoolData) 2026-10
academic:hnyyjsxy.com,academic,湖南应用技术学院,http://www.hnyyjsxy.com/,hnyyjsxy.com,probed-000,000,2026-10-03,本科·湖南省,枚举:GitHub高校数据集(阳光高考院校库域名+AllShoolData) 2026-10
academic:hnyyyz.com,academic,益阳医学高等专科学校,http://www.hnyyyz.com/,hnyyyz.com,probed-2xx,200,2026-10-03,专科·湖南省,枚举:GitHub高校数据集(阳光高考院校库域名+AllShoolData) 2026-10
academic:hnyznc.com,academic,永州师范高等专科学校,http://hnyznc.com/,hnyznc.com,probed-2xx,200,2026-10-03,专科·湖南省,枚举:GitHub高校数据集(阳光高考院校库域名+AllShoolData) 2026-10
academic:hnyzy.cn,academic,湖南食品药品职业学院,http://www.hnyzy.cn,hnyzy.cn,probed-2xx,200,2026-10-03,专科·湖南省,枚举:GitHub高校数据集(阳光高考院校库域名+AllShoolData) 2026-10
academic:hnyzzy.com,academic,永州职业技术学院,http://www.hnyzzy.com/,hnyzzy.com,probed-2xx,200,2026-10-03,专科·湖南省,枚举:GitHub高校数据集(阳光高考院校库域名+AllShoolData) 2026-10
academic:hnzj.edu.cn,academic,河南职业技术学院,http://www.hnzj.edu.cn,hnzj.edu.cn,probed-2xx,200,2026-10-03,专科·河南省,枚举:GitHub高校数据集(阳光高考院校库域名+AllShoolData) 2026-10
academic:honder.com,academic,内蒙古鸿德文理学院,http://www.honder.com/,honder.com,probed-2xx,200,2026-10-03,本科·内蒙古自治区,枚举:GitHub高校数据集(阳光高考院校库域名+AllShoolData) 2026-10
academic:hpu.edu.cn,academic,河南理工大学,http://www.hpu.edu.cn/,hpu.edu.cn,probed-2xx,200,2026-10-03,本科·河南省,枚举:GitHub高校数据集(阳光高考院校库域名+AllShoolData) 2026-10
academic:hqu.edu.cn,academic,华侨大学,http://www.hqu.edu.cn/,hqu.edu.cn,probed-2xx,200,2026-10-03,本科·福建省,枚举:GitHub高校数据集(阳光高考院校库域名+AllShoolData) 2026-10
academic:hqwy.com,academic,吉林华桥外国语学院,http://www.hqwy.com/,hqwy.com,probed-2xx,200,2026-10-03,本科·长春市·Fitch源,枚举:GitHub高校数据集(阳光高考院校库域名+AllShoolData) 2026-10
academic:hrbcm.edu.cn,academic,哈尔滨音乐学院,http://www.hrbcm.edu.cn/,hrbcm.edu.cn,probed-2xx,200,2026-10-03,本科·黑龙江省,枚举:GitHub高校数据集(阳光高考院校库域名+AllShoolData) 2026-10
academic:hrbcu.edu.cn,academic,哈尔滨商业大学,http://www.hrbcu.edu.cn/,hrbcu.edu.cn,probed-2xx,200,2026-10-03,本科·黑龙江省,枚举:GitHub高校数据集(阳光高考院校库域名+AllShoolData) 2026-10
academic:hrbeu.edu.cn,academic,哈尔滨工程大学,http://www.hrbeu.edu.cn/,hrbeu.edu.cn,probed-2xx,200,2026-10-03,本科·黑龙江省,枚举:GitHub高校数据集(阳光高考院校库域名+AllShoolData) 2026-10
academic:hrbfu.edu.cn,academic,哈尔滨金融学院,http://www.hrbfu.edu.cn/,hrbfu.edu.cn,probed-2xx,200,2026-10-03,本科·黑龙江省,枚举:GitHub高校数据集(阳光高考院校库域名+AllShoolData) 2026-10
academic:hrbipe.edu.cn,academic,哈尔滨体育学院,http://www.hrbipe.edu.cn/,hrbipe.edu.cn,probed-2xx,200,2026-10-03,本科·黑龙江省,枚举:GitHub高校数据集(阳光高考院校库域名+AllShoolData) 2026-10
academic:hrbkjzy.cn,academic,哈尔滨科学技术职业学院,http://www.hrbkjzy.cn/,hrbkjzy.cn,probed-4xx,403,2026-10-03,专科·黑龙江省·未核实,枚举:GitHub高校数据集(阳光高考院校库域名+AllShoolData) 2026-10
academic:hrbmcc.com,academic,哈尔滨传媒职业学院,http://www.hrbmcc.com/,hrbmcc.com,probed-2xx,200,2026-10-03,专科·黑龙江省,枚举:GitHub高校数据集(阳光高考院校库域名+AllShoolData) 2026-10
academic:hrbmu.edu.cn,academic,哈尔滨医科大学,http://www.hrbmu.edu.cn/,hrbmu.edu.cn,probed-2xx,200,2026-10-03,本科·黑龙江省,枚举:GitHub高校数据集(阳光高考院校库域名+AllShoolData) 2026-10
academic:hrbnu.edu.cn,academic,哈尔滨师范大学,http://www.hrbnu.edu.cn/,hrbnu.edu.cn,probed-2xx,200,2026-10-03,本科·黑龙江省,枚举:GitHub高校数据集(阳光高考院校库域名+AllShoolData) 2026-10
academic:hrbu.edu.cn,academic,哈尔滨学院,http://www.hrbu.edu.cn/,hrbu.edu.cn,probed-2xx,200,2026-10-03,本科·黑龙江省,枚举:GitHub高校数据集(阳光高考院校库域名+AllShoolData) 2026-10
academic:hrbust.edu.cn,academic,哈尔滨理工大学,http://www.hrbust.edu.cn/,hrbust.edu.cn,probed-000,000,2026-10-03,本科·黑龙江省,枚举:GitHub高校数据集(阳光高考院校库域名+AllShoolData) 2026-10
academic:hsnc.edu.cn,academic,衡水学院,http://www.hsnc.edu.cn/,hsnc.edu.cn,probed-2xx,200,2026-10-03,本科·河北省,枚举:GitHub高校数据集(阳光高考院校库域名+AllShoolData) 2026-10
academic:hstc.edu.cn,academic,韩山师范学院,http://www.hstc.edu.cn/,hstc.edu.cn,probed-4xx,412,2026-10-03,本科·广东省,枚举:GitHub高校数据集(阳光高考院校库域名+AllShoolData) 2026-10
academic:hsu.edu.cn,academic,黄山学院,http://www.hsu.edu.cn/,hsu.edu.cn,probed-2xx,200,2026-10-03,本科·安徽省,枚举:GitHub高校数据集(阳光高考院校库域名+AllShoolData) 2026-10
academic:hsvch.cn,academic,黄山健康职业学院,http://hsvch.cn/,hsvch.cn,probed-2xx,200,2026-10-03,专科·安徽省,枚举:GitHub高校数据集(阳光高考院校库域名+AllShoolData) 2026-10
academic:hsvtc.cn,academic,衡水职业技术学院,http://www.hsvtc.cn/,hsvtc.cn,probed-2xx,200,2026-10-03,专科·河北省,枚举:GitHub高校数据集(阳光高考院校库域名+AllShoolData) 2026-10
academic:hsxy.edu.cn,academic,徽商职业学院,https://hsxy.edu.cn/,hsxy.edu.cn,probed-2xx,200,2026-10-03,专科·安徽省,枚举:GitHub高校数据集(阳光高考院校库域名+AllShoolData) 2026-10
academic:hszy.edu.cn,academic,黄山职业技术学院,https://hszy.edu.cn/,hszy.edu.cn,probed-000,000,2026-10-03,专科·安徽省,枚举:GitHub高校数据集(阳光高考院校库域名+AllShoolData) 2026-10
academic:htc.edu.cn,academic,合肥职业技术学院,http://www.htc.edu.cn,htc.edu.cn,probed-2xx,200,2026-10-03,专科·安徽省,枚举:GitHub高校数据集(阳光高考院校库域名+AllShoolData) 2026-10
academic:htcrh.com,academic,湖南高速铁路职业技术学院,http://www.htcrh.com/,htcrh.com,probed-2xx,200,2026-10-03,专科·湖南省,枚举:GitHub高校数据集(阳光高考院校库域名+AllShoolData) 2026-10
academic:htnc.edu.cn,academic,和田师范专科学校,https://htnc.edu.cn/,htnc.edu.cn,probed-000,000,2026-10-03,专科·新疆维吾尔自治区,枚举:GitHub高校数据集(阳光高考院校库域名+AllShoolData) 2026-10
academic:htpt.edu.cn,academic,和田职业技术学院,https://htpt.edu.cn/,htpt.edu.cn,probed-000,000,2026-10-03,专科·新疆维吾尔自治区,枚举:GitHub高校数据集(阳光高考院校库域名+AllShoolData) 2026-10
academic:htu.edu.cn,academic,河南师范大学,https://www.htu.edu.cn/,htu.edu.cn,probed-2xx,200,2026-10-03,本科·河南省,枚举:GitHub高校数据集(阳光高考院校库域名+AllShoolData) 2026-10
academic:htxy.net,academic,哈尔滨铁道职业技术学院,http://www.htxy.net/,htxy.net,probed-2xx,200,2026-10-03,专科·黑龙江省,枚举:GitHub高校数据集(阳光高考院校库域名+AllShoolData) 2026-10
academic:huaao.sx.cn,academic,山西华澳商贸职业学院,http://www.huaao.sx.cn/,huaao.sx.cn,probed-2xx,200,2026-10-03,专科·山西省,枚举:GitHub高校数据集(阳光高考院校库域名+AllShoolData) 2026-10
academic:hualixy.com,academic,广东工业大学华立学院,http://www.hualixy.com/,hualixy.com,probed-2xx,200,2026-10-03,本科·广东省·Fitch源,枚举:GitHub高校数据集(阳光高考院校库域名+AllShoolData) 2026-10
academic:hualixy.edu.cn,academic,广州华立学院,https://hualixy.edu.cn/,hualixy.edu.cn,probed-2xx,200,2026-10-03,本科,枚举:GitHub高校数据集(阳光高考院校库域名+AllShoolData) 2026-10
academic:huanghuai.edu.cn,academic,黄淮学院,http://www.huanghuai.edu.cn/,huanghuai.edu.cn,probed-2xx,200,2026-10-03,本科·河南省,枚举:GitHub高校数据集(阳光高考院校库域名+AllShoolData) 2026-10
academic:huas.edu.cn,academic,湖南文理学院,https://huas.edu.cn/,huas.edu.cn,probed-000,000,2026-10-03,本科·湖南省;另含:湖南文理学院芙蓉学院,枚举:GitHub高校数据集(阳光高考院校库域名+AllShoolData) 2026-10
academic:huat.edu.cn,academic,湖北汽车工业学院,http://www.huat.edu.cn/,huat.edu.cn,probed-2xx,200,2026-10-03,本科·湖北省;另含:湖北汽车工业学院科技学院,枚举:GitHub高校数据集(阳光高考院校库域名+AllShoolData) 2026-10
academic:huayu.edu.cn,academic,山东华宇工学院,https://huayu.edu.cn/,huayu.edu.cn,probed-000,000,2026-10-03,本科·山东省,枚举:GitHub高校数据集(阳光高考院校库域名+AllShoolData) 2026-10
academic:hubstc.com.cn,academic,湖北科技职业学院,http://www.hubstc.com.cn/,hubstc.com.cn,probed-000,000,2026-10-03,专科·湖北省,枚举:GitHub高校数据集(阳光高考院校库域名+AllShoolData) 2026-10
academic:hubu.edu.cn,academic,湖北大学,http://www.hubu.edu.cn/,hubu.edu.cn,probed-2xx,200,2026-10-03,本科·湖北省,枚举:GitHub高校数据集(阳光高考院校库域名+AllShoolData) 2026-10
academic:hudazx.cn,academic,湖北大学知行学院,http://www.hudazx.cn/,hudazx.cn,probed-000,000,2026-10-03,本科·湖北省,枚举:GitHub高校数据集(阳光高考院校库域名+AllShoolData) 2026-10
academic:hue.edu.cn,academic,湖北第二师范学院,http://www.hue.edu.cn/,hue.edu.cn,probed-2xx,200,2026-10-03,本科·湖北省,枚举:GitHub高校数据集(阳光高考院校库域名+AllShoolData) 2026-10
academic:huel.edu.cn,academic,河南财经政法大学,http://www.huel.edu.cn/,huel.edu.cn,probed-2xx,200,2026-10-03,本科·河南省,枚举:GitHub高校数据集(阳光高考院校库域名+AllShoolData) 2026-10
academic:hufe.edu.cn,academic,湖南财政经济学院,http://www.hufe.edu.cn/,hufe.edu.cn,probed-2xx,200,2026-10-03,本科·湖南省·未核实,枚举:GitHub高校数据集(阳光高考院校库域名+AllShoolData) 2026-10
academic:huh.edu.cn,academic,辽宁何氏医学院,https://huh.edu.cn/,huh.edu.cn,probed-2xx,200,2026-10-03,本科·辽宁省,枚举:GitHub高校数据集(阳光高考院校库域名+AllShoolData) 2026-10
academic:huhst.edu.cn,academic,湖南人文科技学院,http://www.huhst.edu.cn,huhst.edu.cn,probed-2xx,200,2026-10-03,本科·湖南省,枚举:GitHub高校数据集(阳光高考院校库域名+AllShoolData) 2026-10
academic:humc.edu.cn,academic,河南开封科技传媒学院,http://www.humc.edu.cn,humc.edu.cn,probed-2xx,200,2026-10-03,本科,枚举:GitHub高校数据集(阳光高考院校库域名+AllShoolData) 2026-10
academic:hunangy.com,academic,湖南工业职业技术学院,http://www.hunangy.com/,hunangy.com,probed-2xx,200,2026-10-03,专科·湖南省,枚举:GitHub高校数据集(阳光高考院校库域名+AllShoolData) 2026-10
academic:hunau.edu.cn,academic,湖南农业大学,http://www.hunau.edu.cn/,hunau.edu.cn,probed-2xx,200,2026-10-03,本科·湖南省,枚举:GitHub高校数据集(阳光高考院校库域名+AllShoolData) 2026-10
academic:hunnu.edu.cn,academic,湖南师范大学,http://www.hunnu.edu.cn/,hunnu.edu.cn,probed-2xx,200,2026-10-03,本科·湖南省;另含:湖南师范大学树达学院,枚举:GitHub高校数据集(阳光高考院校库域名+AllShoolData) 2026-10
academic:huse.edu.cn,academic,湖南科技学院,http://www.huse.edu.cn,huse.edu.cn,probed-2xx,200,2026-10-03,本科·湖南省,枚举:GitHub高校数据集(阳光高考院校库域名+AllShoolData) 2026-10
academic:hust.edu.cn,academic,华中科技大学,http://www.hust.edu.cn/,hust.edu.cn,probed-2xx,200,2026-10-03,本科·湖北省,枚举:GitHub高校数据集(阳光高考院校库域名+AllShoolData) 2026-10
academic:hustwenhua.net,academic,文华学院,http://www.hustwenhua.net/,hustwenhua.net,probed-2xx,200,2026-10-03,本科·湖北省,枚举:GitHub高校数据集(阳光高考院校库域名+AllShoolData) 2026-10
academic:hut.edu.cn,academic,湖南工业大学,http://www.hut.edu.cn/,hut.edu.cn,probed-2xx,200,2026-10-03,本科·湖南省;另含:湖南工业大学科技学院,枚举:GitHub高校数据集(阳光高考院校库域名+AllShoolData) 2026-10
academic:hutb.edu.cn,academic,湖南工商大学,https://hutb.edu.cn/,hutb.edu.cn,probed-2xx,200,2026-10-03,本科·湖南省,枚举:GitHub高校数据集(阳光高考院校库域名+AllShoolData) 2026-10
academic:huvtc.edu.cn,academic,湖州职业技术学院,https://huvtc.edu.cn/,huvtc.edu.cn,probed-2xx,200,2026-10-03,专科·浙江省,枚举:GitHub高校数据集(阳光高考院校库域名+AllShoolData) 2026-10
academic:huwai.edu.cn,academic,湖南外国语职业学院,https://huwai.edu.cn/,huwai.edu.cn,probed-2xx,200,2026-10-03,专科·湖南省,枚举:GitHub高校数据集(阳光高考院校库域名+AllShoolData) 2026-10
academic:hwec.edu.cn,academic,河南水利与环境职业学院,https://hwec.edu.cn/,hwec.edu.cn,probed-4xx,403,2026-10-03,专科·河南省,枚举:GitHub高校数据集(阳光高考院校库域名+AllShoolData) 2026-10
academic:hx.cn,academic,青岛恒星科技学院,http://www.hx.cn/,hx.cn,probed-2xx,200,2026-10-03,本科·山东省,枚举:GitHub高校数据集(阳光高考院校库域名+AllShoolData) 2026-10
academic:hxu.edu.cn,academic,河西学院,http://www.hxu.edu.cn/,hxu.edu.cn,probed-2xx,200,2026-10-03,本科·甘肃省,枚举:GitHub高校数据集(阳光高考院校库域名+AllShoolData) 2026-10
academic:hxut.edu.cn,academic,武汉华夏理工学院,http://www.hxut.edu.cn,hxut.edu.cn,probed-000,000,2026-10-03,本科·湖北省,枚举:GitHub高校数据集(阳光高考院校库域名+AllShoolData) 2026-10
academic:hxxy.edu.cn,academic,厦门华厦学院,http://www.hxxy.edu.cn/,hxxy.edu.cn,probed-2xx,200,2026-10-03,本科·福建省,枚举:GitHub高校数据集(阳光高考院校库域名+AllShoolData) 2026-10
academic:hycgy.com,academic,湖南财经工业职业技术学院,http://www.hycgy.com/,hycgy.com,probed-2xx,200,2026-10-03,专科·湖南省,枚举:GitHub高校数据集(阳光高考院校库域名+AllShoolData) 2026-10
academic:hyit.edu.cn,academic,淮阴工学院,http://www.hyit.edu.cn/,hyit.edu.cn,probed-2xx,200,2026-10-03,本科·江苏省,枚举:GitHub高校数据集(阳光高考院校库域名+AllShoolData) 2026-10
academic:hynu.edu.cn,academic,衡阳师范学院,http://www.hynu.edu.cn/,hynu.edu.cn,probed-2xx,200,2026-10-03,本科·湖南省,枚举:GitHub高校数据集(阳光高考院校库域名+AllShoolData) 2026-10
academic:hypt.edu.cn,academic,河源职业技术学院,https://hypt.edu.cn/,hypt.edu.cn,probed-000,000,2026-10-03,专科·广东省,枚举:GitHub高校数据集(阳光高考院校库域名+AllShoolData) 2026-10
academic:hytc.edu.cn,academic,淮阴师范学院,http://www.hytc.edu.cn/,hytc.edu.cn,probed-2xx,200,2026-10-03,本科·江苏省,枚举:GitHub高校数据集(阳光高考院校库域名+AllShoolData) 2026-10
academic:hyyesf.com,academic,衡阳幼儿师范高等专科学校,http://hyyesf.com/,hyyesf.com,probed-2xx,200,2026-10-03,专科·湖南省,枚举:GitHub高校数据集(阳光高考院校库域名+AllShoolData) 2026-10
academic:hyyzy.com,academic,哈尔滨应用职业技术学院,http://www.hyyzy.com/,hyyzy.com,probed-2xx,200,2026-10-03,专科·黑龙江省,枚举:GitHub高校数据集(阳光高考院校库域名+AllShoolData) 2026-10
academic:hzau.edu.cn,academic,华中农业大学,http://www.hzau.edu.cn/,hzau.edu.cn,probed-2xx,200,2026-10-03,本科·湖北省,枚举:GitHub高校数据集(阳光高考院校库域名+AllShoolData) 2026-10
academic:hzc.edu.cn,academic,惠州城市职业学院,http://www.hzc.edu.cn/,hzc.edu.cn,probed-2xx,200,2026-10-03,专科·广东省,枚举:GitHub高校数据集(阳光高考院校库域名+AllShoolData) 2026-10
academic:hzec.edu.cn,academic,惠州经济职业技术学院,https://hzec.edu.cn/,hzec.edu.cn,probed-2xx,200,2026-10-03,专科·广东省,枚举:GitHub高校数据集(阳光高考院校库域名+AllShoolData) 2026-10
academic:hzevc.edu.cn,academic,惠州工程职业学院,https://hzevc.edu.cn/,hzevc.edu.cn,probed-2xx,200,2026-10-03,专科·广东省,枚举:GitHub高校数据集(阳光高考院校库域名+AllShoolData) 2026-10
academic:hzhsp.edu.cn,academic,惠州卫生职业技术学院,https://hzhsp.edu.cn/,hzhsp.edu.cn,probed-000,000,2026-10-03,专科·广东省,枚举:GitHub高校数据集(阳光高考院校库域名+AllShoolData) 2026-10
academic:hziee.edu.cn,academic,杭州电子科技大学信息工程学院,http://www.hziee.edu.cn,hziee.edu.cn,probed-2xx,200,2026-10-03,本科·浙江省,枚举:GitHub高校数据集(阳光高考院校库域名+AllShoolData) 2026-10
academic:hzjxy.org.cn,academic,哈尔滨职业技术学院,http://www.hzjxy.org.cn,hzjxy.org.cn,probed-000,000,2026-10-03,专科·黑龙江省,枚举:GitHub高校数据集(阳光高考院校库域名+AllShoolData) 2026-10
academic:hzjzxy.com,academic,菏泽家政职业学院,http://www.hzjzxy.com/,hzjzxy.com,probed-2xx,200,2026-10-03,专科·山东省,枚举:GitHub高校数据集(阳光高考院校库域名+AllShoolData) 2026-10
academic:hzmc.edu.cn,academic,菏泽医学专科学校,http://www.hzmc.edu.cn/,hzmc.edu.cn,probed-2xx,200,2026-10-03,专科·山东省,枚举:GitHub高校数据集(阳光高考院校库域名+AllShoolData) 2026-10
academic:hznu.edu.cn,academic,杭州师范大学,http://www.hznu.edu.cn/,hznu.edu.cn,probed-2xx,200,2026-10-03,本科·浙江省,枚举:GitHub高校数据集(阳光高考院校库域名+AllShoolData) 2026-10
academic:hzpt.edu.cn,academic,杭州科技职业技术学院,http://www.hzpt.edu.cn,hzpt.edu.cn,probed-2xx,200,2026-10-03,专科·浙江省,枚举:GitHub高校数据集(阳光高考院校库域名+AllShoolData) 2026-10
academic:hzu.edu.cn,academic,惠州学院,http://www.hzu.edu.cn/,hzu.edu.cn,probed-000,000,2026-10-03,本科·广东省,枚举:GitHub高校数据集(阳光高考院校库域名+AllShoolData) 2026-10
academic:hzvtc.cn,academic,汉中职业技术学院,http://www.hzvtc.cn/,hzvtc.cn,probed-3xx,302,2026-10-03,专科·陕西省,枚举:GitHub高校数据集(阳光高考院校库域名+AllShoolData) 2026-10
academic:hzvtc.edu.cn,academic,杭州职业技术学院,http://www.hzvtc.edu.cn/,hzvtc.edu.cn,probed-000,000,2026-10-03,专科·浙江省,枚举:GitHub高校数据集(阳光高考院校库域名+AllShoolData) 2026-10
academic:hzxy.edu.cn,academic,贺州学院,https://hzxy.edu.cn/,hzxy.edu.cn,probed-2xx,200,2026-10-03,本科·广西壮族自治区,枚举:GitHub高校数据集(阳光高考院校库域名+AllShoolData) 2026-10
academic:ibcnuc.edu.cn,academic,山西晋中理工学院,http://www.ibcnuc.edu.cn,ibcnuc.edu.cn,probed-000,000,2026-10-03,本科,枚举:GitHub高校数据集(阳光高考院校库域名+AllShoolData) 2026-10
academic:icc.ahut.edu.cn,academic,安徽工业大学工商学院,http://icc.ahut.edu.cn/,icc.ahut.edu.cn,probed-000,000,2026-10-03,本科·马鞍山市·Fitch源,枚举:GitHub高校数据集(阳光高考院校库域名+AllShoolData) 2026-10
academic:ied.edu.hk,academic,香港教育大学,https://ied.edu.hk/,ied.edu.hk,probed-2xx,200,2026-10-03,本科·香港特别行政区·Demired源,枚举:GitHub高校数据集(阳光高考院校库域名+AllShoolData) 2026-10
academic:ift.edu.mo,academic,澳门旅游学院,https://ift.edu.mo/,ift.edu.mo,probed-000,000,2026-10-03,本科·澳门特别行政区·Demired源,枚举:GitHub高校数据集(阳光高考院校库域名+AllShoolData) 2026-10
academic:iit.guet.edu.cn,academic,桂林电子科技大学信息科技学院,http://iit.guet.edu.cn/,iit.guet.edu.cn,probed-000,000,2026-10-03,本科·广西壮族自治区·Fitch源,枚举:GitHub高校数据集(阳光高考院校库域名+AllShoolData) 2026-10
academic:imaa.edu.cn,academic,内蒙古建筑职业技术学院,http://www.imaa.edu.cn/,imaa.edu.cn,probed-2xx,200,2026-10-03,专科·内蒙古自治区,枚举:GitHub高校数据集(阳光高考院校库域名+AllShoolData) 2026-10
academic:imac.edu.cn,academic,内蒙古艺术学院,http://www.imac.edu.cn/,imac.edu.cn,probed-2xx,200,2026-10-03,本科·内蒙古自治区,枚举:GitHub高校数据集(阳光高考院校库域名+AllShoolData) 2026-10
academic:imau.edu.cn,academic,内蒙古农业大学,http://www.imau.edu.cn/,imau.edu.cn,probed-2xx,200,2026-10-03,本科·内蒙古自治区·未核实,枚举:GitHub高校数据集(阳光高考院校库域名+AllShoolData) 2026-10
academic:imeic.cn,academic,内蒙古电子信息职业技术学院,http://www.imeic.cn/,imeic.cn,probed-000,000,2026-10-03,专科·内蒙古自治区,枚举:GitHub高校数据集(阳光高考院校库域名+AllShoolData) 2026-10
academic:immu.edu.cn,academic,内蒙古医科大学,http://www.immu.edu.cn,immu.edu.cn,probed-000,000,2026-10-03,本科·内蒙古自治区,枚举:GitHub高校数据集(阳光高考院校库域名+AllShoolData) 2026-10
academic:imnc.edu.cn,academic,呼和浩特民族学院,http://www.imnc.edu.cn/,imnc.edu.cn,probed-2xx,200,2026-10-03,本科·内蒙古自治区,枚举:GitHub高校数据集(阳光高考院校库域名+AllShoolData) 2026-10
academic:imnu.edu.cn,academic,内蒙古师范大学,http://www.imnu.edu.cn/,imnu.edu.cn,probed-2xx,200,2026-10-03,本科·内蒙古自治区,枚举:GitHub高校数据集(阳光高考院校库域名+AllShoolData) 2026-10
academic:imppc.cn,academic,内蒙古警察职业学院,http://www.imppc.cn/,imppc.cn,probed-2xx,200,2026-10-03,专科·内蒙古自治区,枚举:GitHub高校数据集(阳光高考院校库域名+AllShoolData) 2026-10
academic:imtvc.cn,academic,内蒙古科技职业学院,http://imtvc.cn/,imtvc.cn,probed-2xx,200,2026-10-03,专科·内蒙古自治区,枚举:GitHub高校数据集(阳光高考院校库域名+AllShoolData) 2026-10
academic:imu.edu.cn,academic,内蒙古大学,http://www.imu.edu.cn/,imu.edu.cn,probed-2xx,200,2026-10-03,本科·内蒙古自治区,枚举:GitHub高校数据集(阳光高考院校库域名+AllShoolData) 2026-10
academic:imuchuangye.cn,academic,内蒙古大学创业学院,http://www.imuchuangye.cn/,imuchuangye.cn,probed-000,000,2026-10-03,本科·内蒙古自治区,枚举:GitHub高校数据集(阳光高考院校库域名+AllShoolData) 2026-10
academic:imufe.edu.cn,academic,内蒙古财经大学,http://www.imufe.edu.cn/,imufe.edu.cn,probed-2xx,200,2026-10-03,本科·内蒙古自治区,枚举:GitHub高校数据集(阳光高考院校库域名+AllShoolData) 2026-10
academic:imun.edu.cn,academic,内蒙古民族大学,http://www.imun.edu.cn/,imun.edu.cn,probed-2xx,200,2026-10-03,本科·内蒙古自治区,枚举:GitHub高校数据集(阳光高考院校库域名+AllShoolData) 2026-10
academic:imust.edu.cn,academic,内蒙古科技大学,https://imust.edu.cn/,imust.edu.cn,probed-000,000,2026-10-03,本科·内蒙古自治区,枚举:GitHub高校数据集(阳光高考院校库域名+AllShoolData) 2026-10
academic:imut.edu.cn,academic,内蒙古工业大学,http://www.imut.edu.cn/,imut.edu.cn,probed-2xx,200,2026-10-03,本科·内蒙古自治区,枚举:GitHub高校数据集(阳光高考院校库域名+AllShoolData) 2026-10
academic:imvcc.cn,academic,内蒙古商贸职业学院,http://imvcc.cn/,imvcc.cn,probed-4xx,403,2026-10-03,专科·内蒙古自治区,枚举:GitHub高校数据集(阳光高考院校库域名+AllShoolData) 2026-10
academic:ipm.edu.mo,academic,澳门理工学院,https://ipm.edu.mo/,ipm.edu.mo,probed-000,000,2026-10-03,本科·澳门特别行政区·Demired源,枚举:GitHub高校数据集(阳光高考院校库域名+AllShoolData) 2026-10
academic:isu.edu.tw,academic,义守大学,https://isu.edu.tw/,isu.edu.tw,probed-000,000,2026-10-03,本科·台湾省·Demired源,枚举:GitHub高校数据集(阳光高考院校库域名+AllShoolData) 2026-10
academic:ivt.edu.cn,academic,苏州工业园区职业技术学院,http://www.ivt.edu.cn,ivt.edu.cn,probed-4xx,421,2026-10-03,专科·江苏省,枚举:GitHub高校数据集(阳光高考院校库域名+AllShoolData) 2026-10
academic:jacedu.cn,academic,安徽汽车职业技术学院,http://www.jacedu.cn/,jacedu.cn,probed-000,000,2026-10-03,专科·安徽省,枚举:GitHub高校数据集(阳光高考院校库域名+AllShoolData) 2026-10
academic:japt.com.cn,academic,吉安职业技术学院,http://www.japt.com.cn/,japt.com.cn,probed-2xx,200,2026-10-03,专科·江西省,枚举:GitHub高校数据集(阳光高考院校库域名+AllShoolData) 2026-10
academic:jatc.edu.cn,academic,江苏航空职业技术学院,http://www.jatc.edu.cn/,jatc.edu.cn,probed-000,000,2026-10-03,专科·江苏省,枚举:GitHub高校数据集(阳光高考院校库域名+AllShoolData) 2026-10
academic:jbzy.com.cn,academic,北京京北职业技术学院,http://www.jbzy.com.cn/,jbzy.com.cn,probed-2xx,200,2026-10-03,专科·北京市,枚举:GitHub高校数据集(阳光高考院校库域名+AllShoolData) 2026-10
academic:jcet.edu.cn,academic,江苏工程职业技术学院,http://www.jcet.edu.cn,jcet.edu.cn,probed-2xx,200,2026-10-03,专科·江苏省,枚举:GitHub高校数据集(阳光高考院校库域名+AllShoolData) 2026-10
academic:jci-ky.cn,academic,景德镇陶瓷大学科技艺术学院,http://www.jci-ky.cn/,jci-ky.cn,probed-2xx,200,2026-10-03,本科·江西省·Fitch源,枚举:GitHub高校数据集(阳光高考院校库域名+AllShoolData) 2026-10
academic:jci.edu.cn,academic,景德镇陶瓷大学,http://www.jci.edu.cn/,jci.edu.cn,probed-2xx,200,2026-10-03,本科·江西省,枚举:GitHub高校数据集(阳光高考院校库域名+AllShoolData) 2026-10
academic:jcivt.com,academic,景德镇陶瓷职业技术学院,http://www.jcivt.com/,jcivt.com,probed-2xx,200,2026-10-03,专科·江西省,枚举:GitHub高校数据集(阳光高考院校库域名+AllShoolData) 2026-10
academic:jcut.edu.cn,academic,荆楚理工学院,http://www.jcut.edu.cn/,jcut.edu.cn,probed-2xx,200,2026-10-03,本科·湖北省,枚举:GitHub高校数据集(阳光高考院校库域名+AllShoolData) 2026-10
academic:jdqy.ujn.edu.cn,academic,济南大学泉城学院,http://jdqy.ujn.edu.cn/,jdqy.ujn.edu.cn,probed-000,000,2026-10-03,本科·山东省·Fitch源,枚举:GitHub高校数据集(阳光高考院校库域名+AllShoolData) 2026-10
academic:jdwlxy.cn,academic,江汉大学文理学院,http://www.jdwlxy.cn/,jdwlxy.cn,probed-000,000,2026-10-03,本科·武汉市·Fitch源,枚举:GitHub高校数据集(阳光高考院校库域名+AllShoolData) 2026-10
academic:jdzu.edu.cn,academic,景德镇学院,https://jdzu.edu.cn/,jdzu.edu.cn,probed-000,000,2026-10-03,本科·江西省,枚举:GitHub高校数据集(阳光高考院校库域名+AllShoolData) 2026-10
academic:jdzvua.edu.cn,academic,景德镇艺术职业大学,https://jdzvua.edu.cn/,jdzvua.edu.cn,probed-2xx,200,2026-10-03,专科,枚举:GitHub高校数据集(阳光高考院校库域名+AllShoolData) 2026-10
academic:jgsu.edu.cn,academic,井冈山大学,http://www.jgsu.edu.cn/,jgsu.edu.cn,probed-2xx,200,2026-10-03,本科·江西省,枚举:GitHub高校数据集(阳光高考院校库域名+AllShoolData) 2026-10
academic:jgy1985.cn,academic,北京科技经营管理学院,http://www.jgy1985.cn,jgy1985.cn,probed-2xx,200,2026-10-03,专科·北京市,枚举:GitHub高校数据集(阳光高考院校库域名+AllShoolData) 2026-10
academic:jhc.cn,academic,金华职业技术学院,http://www.jhc.cn/,jhc.cn,probed-2xx,200,2026-10-03,专科·浙江省,枚举:GitHub高校数据集(阳光高考院校库域名+AllShoolData) 2026-10
academic:jhu.cn,academic,江海职业技术学院,http://www.jhu.cn/,jhu.cn,probed-2xx,200,2026-10-03,专科·江苏省,枚举:GitHub高校数据集(阳光高考院校库域名+AllShoolData) 2026-10
academic:jhun.edu.cn,academic,江汉大学,http://www.jhun.edu.cn/,jhun.edu.cn,probed-2xx,200,2026-10-03,本科·湖北省,枚举:GitHub高校数据集(阳光高考院校库域名+AllShoolData) 2026-10
academic:jhxy.com.cn,academic,江西航空职业技术学院,http://www.jhxy.com.cn/,jhxy.com.cn,probed-2xx,200,2026-10-03,专科·江西省·未核实,枚举:GitHub高校数据集(阳光高考院校库域名+AllShoolData) 2026-10
academic:jiangnan.edu.cn,academic,江南大学,http://www.jiangnan.edu.cn/,jiangnan.edu.cn,probed-2xx,200,2026-10-03,本科·江苏省,枚举:GitHub高校数据集(阳光高考院校库域名+AllShoolData) 2026-10
academic:jiea.cn,academic,江西经济管理职业学院,http://www.jiea.cn/,jiea.cn,probed-000,000,2026-10-03,专科·江西省·Fitch源,枚举:GitHub高校数据集(阳光高考院校库域名+AllShoolData) 2026-10
academic:jift.edu.cn,academic,江西服装学院,http://www.jift.edu.cn,jift.edu.cn,probed-2xx,200,2026-10-03,本科·江西省,枚举:GitHub高校数据集(阳光高考院校库域名+AllShoolData) 2026-10
academic:jilinkj.com,academic,吉林科技职业技术学院,http://www.jilinkj.com/,jilinkj.com,probed-2xx,200,2026-10-03,专科·吉林省,枚举:GitHub高校数据集(阳光高考院校库域名+AllShoolData) 2026-10
academic:jinguxy.cn,academic,天津师范大学津沽学院,http://www.jinguxy.cn/,jinguxy.cn,probed-2xx,200,2026-10-03,本科·天津市·Fitch源,枚举:GitHub高校数据集(阳光高考院校库域名+AllShoolData) 2026-10
academic:jisu.edu.cn,academic,吉林外国语大学,https://jisu.edu.cn/,jisu.edu.cn,probed-2xx,200,2026-10-03,本科·吉林省,枚举:GitHub高校数据集(阳光高考院校库域名+AllShoolData) 2026-10
academic:jit.edu.cn,academic,金陵科技学院,http://www.jit.edu.cn/,jit.edu.cn,probed-2xx,200,2026-10-03,本科·江苏省,枚举:GitHub高校数据集(阳光高考院校库域名+AllShoolData) 2026-10
academic:jjgxy.com.cn,academic,河北司法警官职业学院,http://www.jjgxy.com.cn/,jjgxy.com.cn,probed-2xx,200,2026-10-03,专科·河北省·未核实,枚举:GitHub高校数据集(阳光高考院校库域名+AllShoolData) 2026-10
academic:jjjs.ahau.edu.cn,academic,安徽农业大学经济技术学院,http://jjjs.ahau.edu.cn/,jjjs.ahau.edu.cn,probed-5xx,503,2026-10-03,本科·安徽省·Fitch源,枚举:GitHub高校数据集(阳光高考院校库域名+AllShoolData) 2026-10
academic:jjlgedu.com,academic,九江理工职业学院,http://jjlgedu.com/,jjlgedu.com,probed-2xx,200,2026-10-03,专科·江西省,枚举:GitHub高校数据集(阳光高考院校库域名+AllShoolData) 2026-10
academic:jjtc.com.cn,academic,吉林交通职业技术学院,http://www.jjtc.com.cn/,jjtc.com.cn,probed-2xx,200,2026-10-03,专科·吉林省,枚举:GitHub高校数据集(阳光高考院校库域名+AllShoolData) 2026-10
academic:jju.edu.cn,academic,九江学院,http://www.jju.edu.cn/,jju.edu.cn,probed-2xx,200,2026-10-03,本科·江西省,枚举:GitHub高校数据集(阳光高考院校库域名+AllShoolData) 2026-10
academic:jjvu.jx.cn,academic,九江职业大学,http://www.jjvu.jx.cn/,jjvu.jx.cn,probed-2xx,200,2026-10-03,专科·江西省,枚举:GitHub高校数据集(阳光高考院校库域名+AllShoolData) 2026-10
academic:jkgcxy.cn,academic,西安健康工程职业学院,http://jkgcxy.cn/,jkgcxy.cn,probed-2xx,200,2026-10-03,专科·陕西省,枚举:GitHub高校数据集(阳光高考院校库域名+AllShoolData) 2026-10
academic:jku.edu.cn,academic,金肯职业技术学院,http://www.jku.edu.cn/,jku.edu.cn,probed-000,000,2026-10-03,专科·江苏省,枚举:GitHub高校数据集(阳光高考院校库域名+AllShoolData) 2026-10
academic:jladi.com,academic,长春建筑学院,http://www.jladi.com/,jladi.com,probed-2xx,200,2026-10-03,本科·吉林省,枚举:GitHub高校数据集(阳光高考院校库域名+AllShoolData) 2026-10
academic:jlai.edu.cn,academic,吉林动画学院,https://jlai.edu.cn/,jlai.edu.cn,probed-2xx,200,2026-10-03,本科·吉林省,枚举:GitHub高校数据集(阳光高考院校库域名+AllShoolData) 2026-10
academic:jlart.edu.cn,academic,吉林艺术学院,http://www.jlart.edu.cn/,jlart.edu.cn,probed-2xx,200,2026-10-03,本科·吉林省,枚举:GitHub高校数据集(阳光高考院校库域名+AllShoolData) 2026-10
academic:jlau.edu.cn,academic,吉林农业大学,http://www.jlau.edu.cn/,jlau.edu.cn,probed-2xx,200,2026-10-03,本科·吉林省,枚举:GitHub高校数据集(阳光高考院校库域名+AllShoolData) 2026-10
academic:jlbtc.edu.cn,academic,吉林工商学院,http://www.jlbtc.edu.cn/,jlbtc.edu.cn,probed-2xx,200,2026-10-03,本科·吉林省,枚举:GitHub高校数据集(阳光高考院校库域名+AllShoolData) 2026-10
academic:jlcsxy.com,academic,吉林城市职业技术学院,http://www.jlcsxy.com/,jlcsxy.com,probed-2xx,200,2026-10-03,专科·吉林省,枚举:GitHub高校数据集(阳光高考院校库域名+AllShoolData) 2026-10
academic:jlenu.edu.cn,academic,吉林工程技术师范学院,https://jlenu.edu.cn/,jlenu.edu.cn,probed-000,000,2026-10-03,本科·吉林省,枚举:GitHub高校数据集(阳光高考院校库域名+AllShoolData) 2026-10
academic:jlevc.cn,academic,吉林工程职业学院,http://www.jlevc.cn/,jlevc.cn,probed-000,000,2026-10-03,专科·吉林省,枚举:GitHub高校数据集(阳光高考院校库域名+AllShoolData) 2026-10
academic:jlhtedu.com,academic,吉林职业技术学院,http://www.jlhtedu.com/,jlhtedu.com,probed-2xx,200,2026-10-03,专科·吉林省,枚举:GitHub高校数据集(阳光高考院校库域名+AllShoolData) 2026-10
academic:jlict.edu.cn,academic,吉林化工学院,http://www.jlict.edu.cn/,jlict.edu.cn,probed-2xx,200,2026-10-03,本科·吉林省,枚举:GitHub高校数据集(阳光高考院校库域名+AllShoolData) 2026-10
academic:jljcxy.com,academic,吉林警察学院,http://www.jljcxy.com/,jljcxy.com,probed-2xx,200,2026-10-03,本科·吉林省,枚举:GitHub高校数据集(阳光高考院校库域名+AllShoolData) 2026-10
academic:jlju.edu.cn,academic,吉林建筑大学,https://jlju.edu.cn/,jlju.edu.cn,probed-000,000,2026-10-03,本科·吉林省,枚举:GitHub高校数据集(阳光高考院校库域名+AllShoolData) 2026-10
academic:jlmu.cn,academic,吉林医药学院,http://www.jlmu.cn/,jlmu.cn,probed-2xx,200,2026-10-03,本科·吉林省,枚举:GitHub高校数据集(阳光高考院校库域名+AllShoolData) 2026-10
academic:jlnku.edu.cn,academic,吉林农业科技学院,https://jlnku.edu.cn/,jlnku.edu.cn,probed-000,000,2026-10-03,本科·吉林省,枚举:GitHub高校数据集(阳光高考院校库域名+AllShoolData) 2026-10
academic:jlnu.edu.cn,academic,吉林师范大学,http://www.jlnu.edu.cn/,jlnu.edu.cn,probed-2xx,200,2026-10-03,本科·吉林省,枚举:GitHub高校数据集(阳光高考院校库域名+AllShoolData) 2026-10
academic:jlsfjy.cn,academic,吉林司法警官职业学院,http://www.jlsfjy.cn/,jlsfjy.cn,probed-2xx,200,2026-10-03,专科·吉林省,枚举:GitHub高校数据集(阳光高考院校库域名+AllShoolData) 2026-10
academic:jlsu.edu.cn,academic,吉林体育学院,http://www.jlsu.edu.cn/,jlsu.edu.cn,probed-000,000,2026-10-03,本科·吉林省,枚举:GitHub高校数据集(阳光高考院校库域名+AllShoolData) 2026-10
academic:jlsy.edu.cn,academic,吉林水利电力职业学院,https://jlsy.edu.cn/,jlsy.edu.cn,probed-000,000,2026-10-03,专科·吉林省,枚举:GitHub高校数据集(阳光高考院校库域名+AllShoolData) 2026-10
academic:jltc.edu.cn,academic,吉林电子信息职业技术学院,http://www.jltc.edu.cn/,jltc.edu.cn,probed-2xx,200,2026-10-03,专科·吉林省,枚举:GitHub高校数据集(阳光高考院校库域名+AllShoolData) 2026-10
academic:jlthedu.com,academic,吉林通用航空职业技术学院,http://jlthedu.com/,jlthedu.com,probed-000,000,2026-10-03,专科,枚举:GitHub高校数据集(阳光高考院校库域名+AllShoolData) 2026-10
academic:jlu.edu.cn,academic,吉林大学,http://www.jlu.edu.cn/,jlu.edu.cn,probed-2xx,200,2026-10-03,本科·吉林省,枚举:GitHub高校数据集(阳光高考院校库域名+AllShoolData) 2026-10
academic:jluat.edu.cn,academic,吉林建筑科技学院,https://jluat.edu.cn/,jluat.edu.cn,probed-2xx,200,2026-10-03,本科·吉林省,枚举:GitHub高校数据集(阳光高考院校库域名+AllShoolData) 2026-10
academic:jlucc.net,academic,吉林建筑大学城建学院,http://www.jlucc.net/,jlucc.net,probed-2xx,200,2026-10-03,本科·长春市·Fitch源,枚举:GitHub高校数据集(阳光高考院校库域名+AllShoolData) 2026-10
academic:jlufe.edu.cn,academic,吉林财经大学,http://www.jlufe.edu.cn,jlufe.edu.cn,probed-2xx,200,2026-10-03,本科·吉林省,枚举:GitHub高校数据集(阳光高考院校库域名+AllShoolData) 2026-10
academic:jluzh.com,academic,吉林大学珠海学院,http://www.jluzh.com/,jluzh.com,probed-2xx,200,2026-10-03,本科·广东省·Fitch源,枚举:GitHub高校数据集(阳光高考院校库域名+AllShoolData) 2026-10
academic:jluzh.edu.cn,academic,珠海科技学院,https://jluzh.edu.cn/,jluzh.edu.cn,probed-000,000,2026-10-03,本科,枚举:GitHub高校数据集(阳光高考院校库域名+AllShoolData) 2026-10
academic:jlxy.nju.edu.cn,academic,南京大学金陵学院,http://www.jlxy.nju.edu.cn/,jlxy.nju.edu.cn,probed-000,000,2026-10-03,本科·江苏省·Fitch源,枚举:GitHub高校数据集(阳光高考院校库域名+AllShoolData) 2026-10
academic:jmi.edu.cn,academic,江苏海事职业技术学院,http://www.jmi.edu.cn/,jmi.edu.cn,probed-000,000,2026-10-03,专科·江苏省,枚举:GitHub高校数据集(阳光高考院校库域名+AllShoolData) 2026-10
academic:jmpec.edu.cn,academic,广东江门幼儿师范高等专科学校,https://jmpec.edu.cn/,jmpec.edu.cn,probed-000,000,2026-10-03,专科·广东省,枚举:GitHub高校数据集(阳光高考院校库域名+AllShoolData) 2026-10
academic:jmpt.edu.cn,academic,江门职业技术学院,https://jmpt.edu.cn/,jmpt.edu.cn,probed-000,000,2026-10-03,专科·广东省,枚举:GitHub高校数据集(阳光高考院校库域名+AllShoolData) 2026-10
academic:jmsu.edu.cn,academic,佳木斯大学,https://jmsu.edu.cn/,jmsu.edu.cn,probed-000,000,2026-10-03,本科·黑龙江省,枚举:GitHub高校数据集(阳光高考院校库域名+AllShoolData) 2026-10
academic:jmszy.org.cn,academic,佳木斯职业学院,http://www.jmszy.org.cn/,jmszy.org.cn,probed-000,000,2026-10-03,专科·黑龙江省,枚举:GitHub高校数据集(阳光高考院校库域名+AllShoolData) 2026-10
academic:jmu.edu.cn,academic,集美大学,http://www.jmu.edu.cn/,jmu.edu.cn,probed-2xx,200,2026-10-03,本科·福建省;另含:集美大学诚毅学院,枚举:GitHub高校数据集(阳光高考院校库域名+AllShoolData) 2026-10
academic:jmzyxy.net.cn,academic,荆门职业学院,http://www.jmzyxy.net.cn/,jmzyxy.net.cn,probed-2xx,200,2026-10-03,专科·湖北省,枚举:GitHub高校数据集(阳光高考院校库域名+AllShoolData) 2026-10
academic:jngcxy.edu.cn,academic,济南工程职业技术学院,https://jngcxy.edu.cn/,jngcxy.edu.cn,probed-000,000,2026-10-03,专科·山东省,枚举:GitHub高校数据集(阳光高考院校库域名+AllShoolData) 2026-10
academic:jnmc.edu.cn,academic,济宁医学院,http://www.jnmc.edu.cn/,jnmc.edu.cn,probed-2xx,200,2026-10-03,本科·山东省,枚举:GitHub高校数据集(阳光高考院校库域名+AllShoolData) 2026-10
academic:jnpec.edu.cn,academic,济南幼儿师范高等专科学校,https://jnpec.edu.cn/,jnpec.edu.cn,probed-000,000,2026-10-03,专科·山东省,枚举:GitHub高校数据集(阳光高考院校库域名+AllShoolData) 2026-10
academic:jntc.nm.cn,academic,集宁师范学院,http://www.jntc.nm.cn/,jntc.nm.cn,probed-2xx,200,2026-10-03,本科·内蒙古自治区,枚举:GitHub高校数据集(阳光高考院校库域名+AllShoolData) 2026-10
academic:jnu.edu.cn,academic,暨南大学,http://www.jnu.edu.cn/,jnu.edu.cn,probed-2xx,200,2026-10-03,本科·广东省,枚举:GitHub高校数据集(阳光高考院校库域名+AllShoolData) 2026-10
academic:jnvc.cn,academic,济南职业学院,http://www.jnvc.cn,jnvc.cn,probed-2xx,200,2026-10-03,专科·山东省,枚举:GitHub高校数据集(阳光高考院校库域名+AllShoolData) 2026-10
academic:jnxy.edu.cn,academic,济宁学院,http://www.jnxy.edu.cn/,jnxy.edu.cn,probed-2xx,200,2026-10-03,本科·山东省,枚举:GitHub高校数据集(阳光高考院校库域名+AllShoolData) 2026-10
academic:jnys.cn,academic,江南影视艺术职业学院,http://www.jnys.cn/,jnys.cn,probed-2xx,200,2026-10-03,专科·江苏省,枚举:GitHub高校数据集(阳光高考院校库域名+AllShoolData) 2026-10
academic:jnzyjsxy.cn,academic,济宁职业技术学院,http://www.jnzyjsxy.cn,jnzyjsxy.cn,probed-2xx,200,2026-10-03,专科·山东省,枚举:GitHub高校数据集(阳光高考院校库域名+AllShoolData) 2026-10
academic:jou.edu.cn,academic,江苏海洋大学,https://jou.edu.cn/,jou.edu.cn,probed-000,000,2026-10-03,本科·江苏省,枚举:GitHub高校数据集(阳光高考院校库域名+AllShoolData) 2026-10
academic:jqzy.edu.cn,academic,酒泉职业技术学院,https://jqzy.edu.cn/,jqzy.edu.cn,probed-000,000,2026-10-03,专科·甘肃省,枚举:GitHub高校数据集(阳光高考院校库域名+AllShoolData) 2026-10
academic:jsafc.edu.cn,academic,江苏农林职业技术学院,http://www.jsafc.edu.cn,jsafc.edu.cn,probed-000,000,2026-10-03,专科·江苏省,枚举:GitHub高校数据集(阳光高考院校库域名+AllShoolData) 2026-10
academic:jsahvc.edu.cn,academic,江苏农牧科技职业学院,http://www.jsahvc.edu.cn/,jsahvc.edu.cn,probed-4xx,412,2026-10-03,专科·江苏省,枚举:GitHub高校数据集(阳光高考院校库域名+AllShoolData) 2026-10
academic:jsbc.edu.cn,academic,江苏商贸职业学院,http://www.jsbc.edu.cn,jsbc.edu.cn,probed-2xx,200,2026-10-03,专科·江苏省,枚举:GitHub高校数据集(阳光高考院校库域名+AllShoolData) 2026-10
academic:jscc.edu.cn,academic,江苏城乡建设职业学院,https://jscc.edu.cn/,jscc.edu.cn,probed-4xx,403,2026-10-03,专科·江苏省,枚举:GitHub高校数据集(阳光高考院校库域名+AllShoolData) 2026-10
academic:jscfa.edu.cn,academic,江苏财会职业学院,http://www.jscfa.edu.cn,jscfa.edu.cn,probed-2xx,200,2026-10-03,专科·江苏省,枚举:GitHub高校数据集(阳光高考院校库域名+AllShoolData) 2026-10
academic:jscjxy.cn,academic,江苏财经职业技术学院,http://www.jscjxy.cn/,jscjxy.cn,probed-000,000,2026-10-03,专科·江苏省,枚举:GitHub高校数据集(阳光高考院校库域名+AllShoolData) 2026-10
academic:jscn.edu.cn,academic,江苏护理职业学院,http://www.jscn.edu.cn,jscn.edu.cn,probed-2xx,200,2026-10-03,专科·江苏省,枚举:GitHub高校数据集(阳光高考院校库域名+AllShoolData) 2026-10
academic:jscst.edu.cn,academic,江苏安全技术职业学院,https://jscst.edu.cn/,jscst.edu.cn,probed-000,000,2026-10-03,专科·江苏省,枚举:GitHub高校数据集(阳光高考院校库域名+AllShoolData) 2026-10
academic:jscu.cn,academic,金山职业技术学院,http://www.jscu.cn,jscu.cn,probed-2xx,200,2026-10-03,专科·江苏省,枚举:GitHub高校数据集(阳光高考院校库域名+AllShoolData) 2026-10
academic:jscvc.cn,academic,江苏城市职业学院,http://www.jscvc.cn/,jscvc.cn,probed-2xx,200,2026-10-03,专科·江苏省,枚举:GitHub高校数据集(阳光高考院校库域名+AllShoolData) 2026-10
academic:jsei.edu.cn,academic,江苏电子信息职业学院,https://jsei.edu.cn/,jsei.edu.cn,probed-000,000,2026-10-03,专科·江苏省,枚举:GitHub高校数据集(阳光高考院校库域名+AllShoolData) 2026-10
academic:jsfpc.edu.cn,academic,江苏食品药品职业技术学院,https://jsfpc.edu.cn/,jsfpc.edu.cn,probed-000,000,2026-10-03,专科·江苏省,枚举:GitHub高校数据集(阳光高考院校库域名+AllShoolData) 2026-10
academic:jsit.edu.cn,academic,江苏信息职业技术学院,http://www.jsit.edu.cn/,jsit.edu.cn,probed-4xx,483,2026-10-03,专科·江苏省,枚举:GitHub高校数据集(阳光高考院校库域名+AllShoolData) 2026-10
academic:jsjzi.edu.cn,academic,江苏建筑职业技术学院,http://www.jsjzi.edu.cn,jsjzi.edu.cn,probed-2xx,200,2026-10-03,专科·江苏省,枚举:GitHub高校数据集(阳光高考院校库域名+AllShoolData) 2026-10
academic:jsmc.edu.cn,academic,江苏医药职业学院,https://jsmc.edu.cn/,jsmc.edu.cn,probed-000,000,2026-10-03,专科·江苏省,枚举:GitHub高校数据集(阳光高考院校库域名+AllShoolData) 2026-10
academic:jsnu.edu.cn,academic,江苏师范大学,http://www.jsnu.edu.cn/,jsnu.edu.cn,probed-2xx,200,2026-10-03,本科·江苏省;另含:江苏师范大学科文学院,枚举:GitHub高校数据集(阳光高考院校库域名+AllShoolData) 2026-10
academic:jspi.cn,academic,江苏警官学院,http://www.jspi.cn/,jspi.cn,probed-2xx,200,2026-10-03,本科·江苏省,枚举:GitHub高校数据集(阳光高考院校库域名+AllShoolData) 2026-10
academic:jssmu.edu.cn,academic,江苏卫生健康职业学院,http://www.jssmu.edu.cn/,jssmu.edu.cn,probed-000,000,2026-10-03,专科·江苏省,枚举:GitHub高校数据集(阳光高考院校库域名+AllShoolData) 2026-10
academic:jssnu.edu.cn,academic,江苏第二师范学院,http://www.jssnu.edu.cn/,jssnu.edu.cn,probed-3xx,307,2026-10-03,本科·江苏省,枚举:GitHub高校数据集(阳光高考院校库域名+AllShoolData) 2026-10
academic:jssvc.edu.cn,academic,苏州职业大学,http://www.jssvc.edu.cn/,jssvc.edu.cn,probed-2xx,200,2026-10-03,专科·江苏省,枚举:GitHub高校数据集(阳光高考院校库域名+AllShoolData) 2026-10
academic:jstc.edu.cn,academic,江苏旅游职业学院,http://www.jstc.edu.cn,jstc.edu.cn,probed-2xx,200,2026-10-03,专科·江苏省,枚举:GitHub高校数据集(阳光高考院校库域名+AllShoolData) 2026-10
academic:jstu.edu.cn,academic,江苏理工学院,http://www.jstu.edu.cn/,jstu.edu.cn,probed-2xx,200,2026-10-03,本科·江苏省,枚举:GitHub高校数据集(阳光高考院校库域名+AllShoolData) 2026-10
academic:jsu.edu.cn,academic,吉首大学,http://www.jsu.edu.cn,jsu.edu.cn,probed-2xx,200,2026-10-03,本科·湖南省;另含:吉首大学张家界学院,枚举:GitHub高校数据集(阳光高考院校库域名+AllShoolData) 2026-10
academic:jsxy.nau.edu.cn,academic,南京审计学院金审学院,http://jsxy.nau.edu.cn/,jsxy.nau.edu.cn,probed-000,000,2026-10-03,本科·南京市·Fitch源,枚举:GitHub高校数据集(阳光高考院校库域名+AllShoolData) 2026-10
academic:jtpt.cn,academic,吉林铁道职业技术学院,http://www.jtpt.cn/,jtpt.cn,probed-000,000,2026-10-03,专科·吉林省,枚举:GitHub高校数据集(阳光高考院校库域名+AllShoolData) 2026-10
academic:jtxy.com.cn,academic,北京交通职业技术学院,http://www.jtxy.com.cn/,jtxy.com.cn,probed-2xx,200,2026-10-03,专科·北京市,枚举:GitHub高校数据集(阳光高考院校库域名+AllShoolData) 2026-10
academic:just.edu.cn,academic,江苏科技大学,http://www.just.edu.cn/,just.edu.cn,probed-2xx,200,2026-10-03,本科·江苏省;另含:江苏科技大学苏州理工学院,枚举:GitHub高校数据集(阳光高考院校库域名+AllShoolData) 2026-10
academic:juti.cn,academic,江苏联合职业技术学院,http://www.juti.cn/,juti.cn,probed-000,000,2026-10-03,专科·江苏省·Fitch源,枚举:GitHub高校数据集(阳光高考院校库域名+AllShoolData) 2026-10
academic:jvcfte.com.cn,academic,吉林对外经贸职业学院,http://www.jvcfte.com.cn/,jvcfte.com.cn,probed-2xx,200,2026-10-03,专科·长春市·Fitch源,枚举:GitHub高校数据集(阳光高考院校库域名+AllShoolData) 2026-10
academic:jvcit.edu.cn,academic,吉林工业职业技术学院,http://www.jvcit.edu.cn/,jvcit.edu.cn,probed-2xx,200,2026-10-03,专科·吉林省,枚举:GitHub高校数据集(阳光高考院校库域名+AllShoolData) 2026-10
academic:jvic.edu.cn,academic,江苏经贸职业技术学院,https://jvic.edu.cn/,jvic.edu.cn,probed-000,000,2026-10-03,专科·江苏省·未核实,枚举:GitHub高校数据集(阳光高考院校库域名+AllShoolData) 2026-10
academic:jvtc.jx.cn,academic,九江职业技术学院,http://www.jvtc.jx.cn/,jvtc.jx.cn,probed-000,000,2026-10-03,专科·江西省,枚举:GitHub高校数据集(阳光高考院校库域名+AllShoolData) 2026-10
academic:jxaevc.com,academic,江西农业工程职业学院,http://www.jxaevc.com,jxaevc.com,probed-2xx,200,2026-10-03,专科·江西省,枚举:GitHub高校数据集(阳光高考院校库域名+AllShoolData) 2026-10
academic:jxatei.net,academic,江西应用工程职业学院,http://www.jxatei.net/,jxatei.net,probed-2xx,200,2026-10-03,专科·江西省,枚举:GitHub高校数据集(阳光高考院校库域名+AllShoolData) 2026-10
academic:jxau.edu.cn,academic,江西农业大学,http://www.jxau.edu.cn/,jxau.edu.cn,probed-2xx,200,2026-10-03,本科·江西省;另含:江西农业大学南昌商学院,枚举:GitHub高校数据集(阳光高考院校库域名+AllShoolData) 2026-10
academic:jxcfs.com,academic,江西外语外贸职业学院,http://www.jxcfs.com/,jxcfs.com,probed-2xx,200,2026-10-03,专科·江西省,枚举:GitHub高校数据集(阳光高考院校库域名+AllShoolData) 2026-10
academic:jxcia.com,academic,江西信息应用职业技术学院,http://www.jxcia.com/,jxcia.com,probed-2xx,200,2026-10-03,专科·江西省,枚举:GitHub高校数据集(阳光高考院校库域名+AllShoolData) 2026-10
academic:jxcsedu.com,academic,江西应用科技学院,http://www.jxcsedu.com/,jxcsedu.com,probed-000,000,2026-10-03,本科·江西省,枚举:GitHub高校数据集(阳光高考院校库域名+AllShoolData) 2026-10
academic:jxfte.com,academic,江西枫林涉外经贸职业学院,http://jxfte.com/,jxfte.com,probed-2xx,200,2026-10-03,专科·江西省,枚举:GitHub高校数据集(阳光高考院校库域名+AllShoolData) 2026-10
academic:jxga.edu.cn,academic,江西警察学院,https://jxga.edu.cn/,jxga.edu.cn,probed-000,000,2026-10-03,本科·江西省,枚举:GitHub高校数据集(阳光高考院校库域名+AllShoolData) 2026-10
academic:jxgcxy.net,academic,江西工业工程职业技术学院,http://www.jxgcxy.net/,jxgcxy.net,probed-000,000,2026-10-03,专科·江西省,枚举:GitHub高校数据集(阳光高考院校库域名+AllShoolData) 2026-10
academic:jxgmxy.com,academic,江西工业贸易职业技术学院,http://www.jxgmxy.com/,jxgmxy.com,probed-2xx,200,2026-10-03,专科·江西省,枚举:GitHub高校数据集(阳光高考院校库域名+AllShoolData) 2026-10
academic:jxgsxy.net,academic,江西工商职业技术学院,http://jxgsxy.net/,jxgsxy.net,probed-2xx,200,2026-10-03,专科·江西省,枚举:GitHub高校数据集(阳光高考院校库域名+AllShoolData) 2026-10
academic:jxgymy.com,academic,江西陶瓷工艺美术职业技术学院,http://www.jxgymy.com/,jxgymy.com,probed-2xx,200,2026-10-03,专科·江西省·未核实,枚举:GitHub高校数据集(阳光高考院校库域名+AllShoolData) 2026-10
academic:jxgzy.cn,academic,江西工业职业技术学院,http://www.jxgzy.cn/,jxgzy.cn,probed-2xx,200,2026-10-03,专科·江西省,枚举:GitHub高校数据集(阳光高考院校库域名+AllShoolData) 2026-10
academic:jxhjxy.com,academic,江西环境工程职业学院,http://www.jxhjxy.com/,jxhjxy.com,probed-2xx,200,2026-10-03,专科·江西省,枚举:GitHub高校数据集(阳光高考院校库域名+AllShoolData) 2026-10
academic:jxhlxy.com.cn,academic,江西卫生职业学院,http://www.jxhlxy.com.cn/,jxhlxy.com.cn,probed-000,000,2026-10-03,专科·江西省,枚举:GitHub高校数据集(阳光高考院校库域名+AllShoolData) 2026-10
academic:jxhzxy.com,academic,江西洪州职业学院,http://www.jxhzxy.com,jxhzxy.com,probed-2xx,200,2026-10-03,专科·江西省,枚举:GitHub高校数据集(阳光高考院校库域名+AllShoolData) 2026-10
academic:jxjdxy.edu.cn,academic,江西机电职业技术学院,https://jxjdxy.edu.cn/,jxjdxy.edu.cn,probed-4xx,403,2026-10-03,专科·江西省,枚举:GitHub高校数据集(阳光高考院校库域名+AllShoolData) 2026-10
academic:jxjsxy.edu.cn,academic,江西建设职业技术学院,https://jxjsxy.edu.cn/,jxjsxy.edu.cn,probed-000,000,2026-10-03,专科·江西省,枚举:GitHub高校数据集(阳光高考院校库域名+AllShoolData) 2026-10
academic:jxjtxy.edu.cn,academic,江西交通职业技术学院,https://jxjtxy.edu.cn/,jxjtxy.edu.cn,probed-000,000,2026-10-03,专科·江西省,枚举:GitHub高校数据集(阳光高考院校库域名+AllShoolData) 2026-10
academic:jxkeda.com,academic,江西科技职业学院,http://www.jxkeda.com/,jxkeda.com,probed-2xx,200,2026-10-03,专科·江西省,枚举:GitHub高校数据集(阳光高考院校库域名+AllShoolData) 2026-10
academic:jxlsxy.com,academic,江西旅游商贸职业学院,http://www.jxlsxy.com/,jxlsxy.com,probed-000,000,2026-10-03,专科·江西省,枚举:GitHub高校数据集(阳光高考院校库域名+AllShoolData) 2026-10
academic:jxmtc.com,academic,江西制造职业技术学院,http://www.jxmtc.com/,jxmtc.com,probed-4xx,412,2026-10-03,专科·江西省,枚举:GitHub高校数据集(阳光高考院校库域名+AllShoolData) 2026-10
academic:jxmvc.cn,academic,江西传媒职业学院,http://www.jxmvc.cn,jxmvc.cn,probed-000,000,2026-10-03,专科·江西省,枚举:GitHub高校数据集(阳光高考院校库域名+AllShoolData) 2026-10
academic:jxnhu.edu.cn,academic,嘉兴南湖学院,https://jxnhu.edu.cn/,jxnhu.edu.cn,probed-000,000,2026-10-03,本科,枚举:GitHub高校数据集(阳光高考院校库域名+AllShoolData) 2026-10
academic:jxnu.edu.cn,academic,江西师范大学,http://www.jxnu.edu.cn/,jxnu.edu.cn,probed-2xx,200,2026-10-03,本科·江西省;另含:江西师范大学科学技术学院,枚举:GitHub高校数据集(阳光高考院校库域名+AllShoolData) 2026-10
academic:jxnyi.edu.cn,academic,嘉兴南洋职业技术学院,https://jxnyi.edu.cn/,jxnyi.edu.cn,probed-5xx,503,2026-10-03,专科·浙江省,枚举:GitHub高校数据集(阳光高考院校库域名+AllShoolData) 2026-10
academic:jxqy.edu.cn,academic,江西青年职业学院,https://jxqy.edu.cn/,jxqy.edu.cn,probed-000,000,2026-10-03,专科·江西省,枚举:GitHub高校数据集(阳光高考院校库域名+AllShoolData) 2026-10
academic:jxrtvu.com,academic,江西工程职业学院,http://www.jxrtvu.com,jxrtvu.com,probed-2xx,200,2026-10-03,专科·江西省,枚举:GitHub高校数据集(阳光高考院校库域名+AllShoolData) 2026-10
academic:jxsfgz.com,academic,江西师范高等专科学校,http://www.jxsfgz.com/,jxsfgz.com,probed-2xx,200,2026-10-03,专科·江西省,枚举:GitHub高校数据集(阳光高考院校库域名+AllShoolData) 2026-10
academic:jxsfjy.cn,academic,江西司法警官职业学院,http://www.jxsfjy.cn,jxsfjy.cn,probed-2xx,200,2026-10-03,专科·江西省,枚举:GitHub高校数据集(阳光高考院校库域名+AllShoolData) 2026-10
academic:jxslsd.com,academic,江西水利职业学院,http://www.jxslsd.com/,jxslsd.com,probed-2xx,200,2026-10-03,专科·江西省,枚举:GitHub高校数据集(阳光高考院校库域名+AllShoolData) 2026-10
academic:jxstnu.edu.cn,academic,江西科技师范大学,https://jxstnu.edu.cn/,jxstnu.edu.cn,probed-000,000,2026-10-03,本科·江西省,枚举:GitHub高校数据集(阳光高考院校库域名+AllShoolData) 2026-10
academic:jxstnupi.cn,academic,江西科技师范大学理工学院,http://www.jxstnupi.cn/,jxstnupi.cn,probed-2xx,200,2026-10-03,本科·江西省·Fitch源,枚举:GitHub高校数据集(阳光高考院校库域名+AllShoolData) 2026-10
academic:jxswkj.com,academic,江西生物科技职业学院,http://www.jxswkj.com/,jxswkj.com,probed-2xx,200,2026-10-03,专科·江西省,枚举:GitHub高校数据集(阳光高考院校库域名+AllShoolData) 2026-10
academic:jxtcms.net,academic,江西中医药高等专科学校,http://www.jxtcms.net/,jxtcms.net,probed-2xx,200,2026-10-03,专科·江西省,枚举:GitHub高校数据集(阳光高考院校库域名+AllShoolData) 2026-10
academic:jxtcmstc.com,academic,江西中医药大学科技学院,http://www.jxtcmstc.com/,jxtcmstc.com,probed-4xx,404,2026-10-03,本科·江西省·Fitch源,枚举:GitHub高校数据集(阳光高考院校库域名+AllShoolData) 2026-10
academic:jxtvc.com,academic,江西婺源茶业职业学院,http://jxtvc.com/,jxtvc.com,probed-2xx,200,2026-10-03,专科·江西省,枚举:GitHub高校数据集(阳光高考院校库域名+AllShoolData) 2026-10
academic:jxue.edu.cn,academic,江西工程学院,http://www.jxue.edu.cn,jxue.edu.cn,probed-2xx,200,2026-10-03,本科·江西省,枚举:GitHub高校数据集(阳光高考院校库域名+AllShoolData) 2026-10
academic:jxufe.edu.cn,academic,江西财经大学,http://www.jxufe.edu.cn/,jxufe.edu.cn,probed-2xx,200,2026-10-03,本科·江西省;另含:江西财经大学现代经济管理学院,枚举:GitHub高校数据集(阳光高考院校库域名+AllShoolData) 2026-10
academic:jxuspt.com,academic,江西软件职业技术大学,http://jxuspt.com/,jxuspt.com,probed-000,000,2026-10-03,本科·江西省,枚举:GitHub高校数据集(阳光高考院校库域名+AllShoolData) 2026-10
academic:jxust.edu.cn,academic,江西理工大学,https://www.jxust.edu.cn/,jxust.edu.cn,probed-2xx,200,2026-10-03,本科·江西省,枚举:GitHub高校数据集(阳光高考院校库域名+AllShoolData) 2026-10
academic:jxut.edu.cn,academic,江西科技学院,http://www.jxut.edu.cn/,jxut.edu.cn,probed-2xx,200,2026-10-03,本科·江西省,枚举:GitHub高校数据集(阳光高考院校库域名+AllShoolData) 2026-10
academic:jxutcm.edu.cn,academic,江西中医药大学,http://www.jxutcm.edu.cn,jxutcm.edu.cn,probed-2xx,200,2026-10-03,本科·江西省,枚举:GitHub高校数据集(阳光高考院校库域名+AllShoolData) 2026-10
academic:jxvc.jx.cn,academic,江西财经职业学院,http://www.jxvc.jx.cn/,jxvc.jx.cn,probed-2xx,200,2026-10-03,专科·江西省,枚举:GitHub高校数据集(阳光高考院校库域名+AllShoolData) 2026-10
academic:jxvtc.edu.cn,academic,嘉兴职业技术学院,https://jxvtc.edu.cn/,jxvtc.edu.cn,probed-000,000,2026-10-03,专科·浙江省,枚举:GitHub高校数据集(阳光高考院校库域名+AllShoolData) 2026-10
academic:jxxdxy.edu.cn,academic,江西现代职业技术学院,https://jxxdxy.edu.cn/,jxxdxy.edu.cn,probed-000,000,2026-10-03,专科·江西省,枚举:GitHub高校数据集(阳光高考院校库域名+AllShoolData) 2026-10
academic:jxycu.edu.cn,academic,宜春学院,http://www.jxycu.edu.cn,jxycu.edu.cn,probed-2xx,200,2026-10-03,本科·江西省,枚举:GitHub高校数据集(阳光高考院校库域名+AllShoolData) 2026-10
academic:jxyjxy.com,academic,江西冶金职业技术学院,http://www.jxyjxy.com/,jxyjxy.com,probed-2xx,200,2026-10-03,专科·江西省,枚举:GitHub高校数据集(阳光高考院校库域名+AllShoolData) 2026-10
academic:jxysedu.com,academic,江西艺术职业学院,http://www.jxysedu.com/,jxysedu.com,probed-2xx,200,2026-10-03,专科·江西省,枚举:GitHub高校数据集(阳光高考院校库域名+AllShoolData) 2026-10
academic:jxytxy.cn,academic,鹰潭职业技术学院,http://jxytxy.cn/,jxytxy.cn,probed-2xx,200,2026-10-03,专科·江西省,枚举:GitHub高校数据集(阳光高考院校库域名+AllShoolData) 2026-10
academic:jxyxgz.cn,academic,江西医学高等专科学校,http://www.jxyxgz.cn,jxyxgz.cn,probed-2xx,200,2026-10-03,专科·江西省,枚举:GitHub高校数据集(阳光高考院校库域名+AllShoolData) 2026-10
academic:jxyyxy.com,academic,江西应用技术职业学院,http://www.jxyyxy.com/,jxyyxy.com,probed-2xx,200,2026-10-03,专科·江西省,枚举:GitHub高校数据集(阳光高考院校库域名+AllShoolData) 2026-10
academic:jyc.edu.cn,academic,揭阳职业技术学院,http://www.jyc.edu.cn/,jyc.edu.cn,probed-2xx,200,2026-10-03,专科·广东省,枚举:GitHub高校数据集(阳光高考院校库域名+AllShoolData) 2026-10
academic:jyccc.cn,academic,江阳城建职业学院,http://jyccc.cn/,jyccc.cn,probed-000,000,2026-10-03,专科·四川省,枚举:GitHub高校数据集(阳光高考院校库域名+AllShoolData) 2026-10
academic:jymu.edu.cn,academic,锦州医科大学医疗学院,https://jymu.edu.cn/,jymu.edu.cn,probed-3xx,301,2026-10-03,本科·辽宁省,枚举:GitHub高校数据集(阳光高考院校库域名+AllShoolData) 2026-10
academic:jypc.edu.cn,academic,江阴职业技术学院,https://jypc.edu.cn/,jypc.edu.cn,probed-000,000,2026-10-03,专科·江苏省,枚举:GitHub高校数据集(阳光高考院校库域名+AllShoolData) 2026-10
academic:jyu.edu.cn,academic,嘉应学院,http://www.jyu.edu.cn/,jyu.edu.cn,probed-2xx,200,2026-10-03,本科·广东省,枚举:GitHub高校数据集(阳光高考院校库域名+AllShoolData) 2026-10
academic:jyvtc.edu.cn,academic,济源职业技术学院,https://jyvtc.edu.cn/,jyvtc.edu.cn,probed-2xx,200,2026-10-03,专科·河南省,枚举:GitHub高校数据集(阳光高考院校库域名+AllShoolData) 2026-10
academic:jzci.edu.cn,academic,晋中信息学院,https://jzci.edu.cn/,jzci.edu.cn,probed-000,000,2026-10-03,本科,枚举:GitHub高校数据集(阳光高考院校库域名+AllShoolData) 2026-10
academic:jzgmxy.com,academic,焦作工贸职业学院,http://www.jzgmxy.com/,jzgmxy.com,probed-2xx,200,2026-10-03,专科·河南省,枚举:GitHub高校数据集(阳光高考院校库域名+AllShoolData) 2026-10
academic:jzhxy.com,academic,冀中职业学院,http://www.jzhxy.com/,jzhxy.com,probed-2xx,200,2026-10-03,专科·河北省,枚举:GitHub高校数据集(阳光高考院校库域名+AllShoolData) 2026-10
academic:jzit.net.cn,academic,荆州职业技术学院,http://www.jzit.net.cn/,jzit.net.cn,probed-4xx,404,2026-10-03,专科·湖北省,枚举:GitHub高校数据集(阳光高考院校库域名+AllShoolData) 2026-10
academic:jzlg.cn,academic,荆州理工职业学院,http://www.jzlg.cn,jzlg.cn,probed-000,000,2026-10-03,专科·湖北省,枚举:GitHub高校数据集(阳光高考院校库域名+AllShoolData) 2026-10
academic:jzmu.edu.cn,academic,锦州医科大学,https://jzmu.edu.cn/,jzmu.edu.cn,probed-000,000,2026-10-03,本科·辽宁省,枚举:GitHub高校数据集(阳光高考院校库域名+AllShoolData) 2026-10
academic:jzp.edu.cn,academic,九州职业技术学院,https://jzp.edu.cn/,jzp.edu.cn,probed-000,000,2026-10-03,专科·江苏省,枚举:GitHub高校数据集(阳光高考院校库域名+AllShoolData) 2026-10
academic:jzsz.com.cn,academic,锦州师范高等专科学校,http://www.jzsz.com.cn/,jzsz.com.cn,probed-000,000,2026-10-03,专科·辽宁省,枚举:GitHub高校数据集(阳光高考院校库域名+AllShoolData) 2026-10
academic:jzsz.edu.cn,academic,焦作师范高等专科学校,https://jzsz.edu.cn/,jzsz.edu.cn,probed-000,000,2026-10-03,专科·河南省,枚举:GitHub高校数据集(阳光高考院校库域名+AllShoolData) 2026-10
academic:jzu.edu.cn,academic,焦作大学,http://www.jzu.edu.cn/,jzu.edu.cn,probed-2xx,200,2026-10-03,专科·河南省,枚举:GitHub高校数据集(阳光高考院校库域名+AllShoolData) 2026-10
academic:jzxy.edu.cn,academic,晋中学院,http://www.jzxy.edu.cn,jzxy.edu.cn,probed-2xx,200,2026-10-03,本科·山西省,枚举:GitHub高校数据集(阳光高考院校库域名+AllShoolData) 2026-10
academic:jzxy.net.cn,academic,荆州学院,http://jzxy.net.cn/,jzxy.net.cn,probed-2xx,200,2026-10-03,本科,枚举:GitHub高校数据集(阳光高考院校库域名+AllShoolData) 2026-10
academic:jzzy.sx.cn,academic,晋中职业技术学院,http://www.jzzy.sx.cn/,jzzy.sx.cn,probed-2xx,200,2026-10-03,专科·山西省,枚举:GitHub高校数据集(阳光高考院校库域名+AllShoolData) 2026-10
academic:kdcnu.com,academic,首都师范大学科德学院,http://www.kdcnu.com/,kdcnu.com,probed-5xx,503,2026-10-03,本科·北京市,枚举:GitHub高校数据集(阳光高考院校库域名+AllShoolData) 2026-10
academic:kdhj-edu.net,academic,陕西科技大学镐京学院,http://www.kdhj-edu.net/,kdhj-edu.net,probed-2xx,200,2026-10-03,本科·陕西省,枚举:GitHub高校数据集(阳光高考院校库域名+AllShoolData) 2026-10
academic:kdhk.cn,academic,太原科技大学华科学院,http://www.kdhk.cn/,kdhk.cn,probed-000,000,2026-10-03,本科·山西省·Fitch源,枚举:GitHub高校数据集(阳光高考院校库域名+AllShoolData) 2026-10
academic:kdvtc.edu.cn,academic,广州康大职业技术学院,https://kdvtc.edu.cn/,kdvtc.edu.cn,probed-000,000,2026-10-03,专科·广东省,枚举:GitHub高校数据集(阳光高考院校库域名+AllShoolData) 2026-10
academic:keqysxy.com.cn,academic,科尔沁艺术职业学院,http://www.keqysxy.com.cn/,keqysxy.com.cn,probed-2xx,200,2026-10-03,专科·内蒙古自治区,枚举:GitHub高校数据集(阳光高考院校库域名+AllShoolData) 2026-10
academic:kfu.edu.cn,academic,开封大学,http://www.kfu.edu.cn,kfu.edu.cn,probed-2xx,200,2026-10-03,专科·河南省,枚举:GitHub高校数据集(阳光高考院校库域名+AllShoolData) 2026-10
academic:kfwyxy.edu.cn,academic,开封文化艺术职业学院,https://kfwyxy.edu.cn/,kfwyxy.edu.cn,probed-000,000,2026-10-03,专科·河南省,枚举:GitHub高校数据集(阳光高考院校库域名+AllShoolData) 2026-10
academic:kj.xju.edu.cn,academic,新疆大学科学技术学院,http://www.kj.xju.edu.cn/,kj.xju.edu.cn,probed-000,000,2026-10-03,本科·乌鲁木齐·Fitch源,枚举:GitHub高校数据集(阳光高考院校库域名+AllShoolData) 2026-10
academic:kj.zmc.edu.cn,academic,遵义医学院医学与科技学院,http://kj.zmc.edu.cn/,kj.zmc.edu.cn,probed-000,000,2026-10-03,本科·遵义市·Fitch源,枚举:GitHub高校数据集(阳光高考院校库域名+AllShoolData) 2026-10
academic:kjxy.shzu.edu.cn,academic,石河子大学科技学院,http://kjxy.shzu.edu.cn/struct,kjxy.shzu.edu.cn,probed-000,000,2026-10-03,本科·新疆维吾尔自治区·Fitch源,枚举:GitHub高校数据集(阳光高考院校库域名+AllShoolData) 2026-10
academic:kllyxy.com,academic,黑龙江工程学院昆仑旅游学院,http://www.kllyxy.com/,kllyxy.com,probed-000,000,2026-10-03,本科·黑龙江省,枚举:GitHub高校数据集(阳光高考院校库域名+AllShoolData) 2026-10
academic:kluniv.edu.cn,academic,凯里学院,http://www.kluniv.edu.cn,kluniv.edu.cn,probed-2xx,200,2026-10-03,本科·贵州省,枚举:GitHub高校数据集(阳光高考院校库域名+AllShoolData) 2026-10
academic:kmac.org.cn,academic,昆明艺术职业学院,http://www.kmac.org.cn/,kmac.org.cn,probed-2xx,200,2026-10-03,专科·云南省,枚举:GitHub高校数据集(阳光高考院校库域名+AllShoolData) 2026-10
academic:kmcc.edu.cn,academic,昆明城市学院,https://kmcc.edu.cn/,kmcc.edu.cn,probed-000,000,2026-10-03,本科,枚举:GitHub高校数据集(阳光高考院校库域名+AllShoolData) 2026-10
academic:kmhvc.cn,academic,昆明卫生职业学院,http://kmhvc.cn/,kmhvc.cn,probed-2xx,200,2026-10-03,专科·云南省,枚举:GitHub高校数据集(阳光高考院校库域名+AllShoolData) 2026-10
academic:kmmu.edu.cn,academic,昆明医科大学,https://kmmu.edu.cn/,kmmu.edu.cn,probed-000,000,2026-10-03,本科·云南省,枚举:GitHub高校数据集(阳光高考院校库域名+AllShoolData) 2026-10
academic:kmtdzy.cn,academic,昆明铁道职业技术学院,http://kmtdzy.cn/,kmtdzy.cn,probed-000,000,2026-10-03,专科·云南省,枚举:GitHub高校数据集(阳光高考院校库域名+AllShoolData) 2026-10
academic:kmu.edu.cn,academic,昆明学院,http://www.kmu.edu.cn/,kmu.edu.cn,probed-2xx,200,2026-10-03,本科·云南省,枚举:GitHub高校数据集(阳光高考院校库域名+AllShoolData) 2026-10
academic:kmu.edu.tw,academic,高雄医学大学,https://kmu.edu.tw/,kmu.edu.tw,probed-000,000,2026-10-03,本科·台湾省·Demired源,枚举:GitHub高校数据集(阳光高考院校库域名+AllShoolData) 2026-10
academic:kmust.edu.cn,academic,昆明理工大学,http://www.kmust.edu.cn/,kmust.edu.cn,probed-2xx,200,2026-10-03,本科·云南省,枚举:GitHub高校数据集(阳光高考院校库域名+AllShoolData) 2026-10
academic:kmvtc.net,academic,昆明工业职业技术学院,http://www.kmvtc.net/,kmvtc.net,probed-3xx,302,2026-10-03,专科·云南省,枚举:GitHub高校数据集(阳光高考院校库域名+AllShoolData) 2026-10
academic:kmyesf.cn,academic,昆明幼儿师范高等专科学校,http://kmyesf.cn/,kmyesf.cn,probed-000,000,2026-10-03,专科·云南省,枚举:GitHub高校数据集(阳光高考院校库域名+AllShoolData) 2026-10
academic:kmyz.edu.cn,academic,昆明冶金高等专科学校,http://www.kmyz.edu.cn/,kmyz.edu.cn,probed-2xx,200,2026-10-03,专科·云南省,枚举:GitHub高校数据集(阳光高考院校库域名+AllShoolData) 2026-10
academic:ksu.edu.cn,academic,喀什大学,http://www.ksu.edu.cn/,ksu.edu.cn,probed-2xx,200,2026-10-03,本科·新疆维吾尔自治区,枚举:GitHub高校数据集(阳光高考院校库域名+AllShoolData) 2026-10
academic:kxedu.net,academic,新疆科信职业技术学院,http://kxedu.net/,kxedu.net,probed-3xx,307,2026-10-03,专科·新疆维吾尔自治区,枚举:GitHub高校数据集(阳光高考院校库域名+AllShoolData) 2026-10
academic:kyhyxy.com,academic,昆明医科大学海源学院,http://www.kyhyxy.com/,kyhyxy.com,probed-000,000,2026-10-03,本科·云南省,枚举:GitHub高校数据集(阳光高考院校库域名+AllShoolData) 2026-10
academic:kzjsxy.edu.cn,academic,克拉玛依职业技术学院,https://kzjsxy.edu.cn/,kzjsxy.edu.cn,probed-2xx,200,2026-10-03,专科·新疆维吾尔自治区,枚举:GitHub高校数据集(阳光高考院校库域名+AllShoolData) 2026-10
academic:lacpj.com,academic,辽宁政法职业学院,http://www.lacpj.com/,lacpj.com,probed-2xx,200,2026-10-03,专科·辽宁省·Fitch源,枚举:GitHub高校数据集(阳光高考院校库域名+AllShoolData) 2026-10
academic:lanzhoutbc.cn,academic,兰州工商学院,http://lanzhoutbc.cn/,lanzhoutbc.cn,probed-2xx,200,2026-10-03,本科,枚举:GitHub高校数据集(阳光高考院校库域名+AllShoolData) 2026-10
academic:lazyjsxy.net,academic,潞安职业技术学院,http://lazyjsxy.net/,lazyjsxy.net,probed-000,000,2026-10-03,专科·山西省,枚举:GitHub高校数据集(阳光高考院校库域名+AllShoolData) 2026-10
academic:lcat.edu.cn,academic,林州建筑职业技术学院,https://lcat.edu.cn/,lcat.edu.cn,probed-2xx,200,2026-10-03,专科·河南省,枚举:GitHub高校数据集(阳光高考院校库域名+AllShoolData) 2026-10
academic:lctvu.sd.cn,academic,聊城职业技术学院,http://www.lctvu.sd.cn/,lctvu.sd.cn,probed-2xx,200,2026-10-03,专科·山东省,枚举:GitHub高校数据集(阳光高考院校库域名+AllShoolData) 2026-10
academic:lcu.edu.cn,academic,聊城大学,http://www.lcu.edu.cn/,lcu.edu.cn,probed-2xx,200,2026-10-03,本科·山东省,枚举:GitHub高校数据集(阳光高考院校库域名+AllShoolData) 2026-10
academic:lcudcc.edu.cn,academic,聊城大学东昌学院,https://lcudcc.edu.cn/,lcudcc.edu.cn,probed-000,000,2026-10-03,本科·山东省,枚举:GitHub高校数据集(阳光高考院校库域名+AllShoolData) 2026-10
academic:lcvc.cn,academic,柳州城市职业学院,http://www.lcvc.cn/,lcvc.cn,probed-4xx,483,2026-10-03,专科·广西壮族自治区·未核实,枚举:GitHub高校数据集(阳光高考院校库域名+AllShoolData) 2026-10
academic:ldpoly.edu.cn,academic,罗定职业技术学院,https://ldpoly.edu.cn/,ldpoly.edu.cn,probed-000,000,2026-10-03,专科·广东省,枚举:GitHub高校数据集(阳光高考院校库域名+AllShoolData) 2026-10
academic:ldu.edu.cn,academic,鲁东大学,http://www.ldu.edu.cn/,ldu.edu.cn,probed-2xx,200,2026-10-03,本科·山东省,枚举:GitHub高校数据集(阳光高考院校库域名+AllShoolData) 2026-10
academic:ldxy.edu.cn,academic,陇东学院,http://www.ldxy.edu.cn/,ldxy.edu.cn,probed-2xx,200,2026-10-03,本科·甘肃省,枚举:GitHub高校数据集(阳光高考院校库域名+AllShoolData) 2026-10
academic:ldzy.com,academic,娄底职业技术学院,http://www.ldzy.com/,ldzy.com,probed-2xx,200,2026-10-03,专科·湖南省,枚举:GitHub高校数据集(阳光高考院校库域名+AllShoolData) 2026-10
academic:lfnu.edu.cn,academic,廊坊师范学院,https://lfnu.edu.cn/,lfnu.edu.cn,probed-000,000,2026-10-03,本科·河北省,枚举:GitHub高校数据集(阳光高考院校库域名+AllShoolData) 2026-10
academic:lfvtc.cn,academic,临汾职业技术学院,http://www.lfvtc.cn/,lfvtc.cn,probed-2xx,200,2026-10-03,专科·山西省,枚举:GitHub高校数据集(阳光高考院校库域名+AllShoolData) 2026-10
academic:lfwx.net,academic,廊坊卫生职业学院,http://www.lfwx.net/,lfwx.net,probed-2xx,200,2026-10-03,专科·河北省·未核实,枚举:GitHub高校数据集(阳光高考院校库域名+AllShoolData) 2026-10
academic:lfyjzjxy.com,academic,廊坊燕京职业技术学院,http://www.lfyjzjxy.com/,lfyjzjxy.com,probed-2xx,200,2026-10-03,专科·河北省,枚举:GitHub高校数据集(阳光高考院校库域名+AllShoolData) 2026-10
academic:lfzhjxy.cn,academic,廊坊职业技术学院,http://www.lfzhjxy.cn,lfzhjxy.cn,probed-4xx,404,2026-10-03,专科·河北省,枚举:GitHub高校数据集(阳光高考院校库域名+AllShoolData) 2026-10
academic:lgzy.com.cn,academic,辽宁轨道交通职业学院,http://www.lgzy.com.cn,lgzy.com.cn,probed-000,000,2026-10-03,专科·辽宁省,枚举:GitHub高校数据集(阳光高考院校库域名+AllShoolData) 2026-10
academic:lhmc.edu.cn,academic,漯河医学高等专科学校,http://www.lhmc.edu.cn/,lhmc.edu.cn,probed-2xx,200,2026-10-03,专科·河南省,枚举:GitHub高校数据集(阳光高考院校库域名+AllShoolData) 2026-10
academic:lhptc.com,academic,辽河石油职业技术学院,http://www.lhptc.com/,lhptc.com,probed-2xx,200,2026-10-03,专科·辽宁省·Fitch源,枚举:GitHub高校数据集(阳光高考院校库域名+AllShoolData) 2026-10
academic:lhub.cn,academic,安徽绿海商务职业学院,http://www.lhub.cn/,lhub.cn,probed-2xx,200,2026-10-03,专科·安徽省,枚举:GitHub高校数据集(阳光高考院校库域名+AllShoolData) 2026-10
academic:lhvtc.edu.cn,academic,漯河职业技术学院,http://www.lhvtc.edu.cn/,lhvtc.edu.cn,probed-2xx,200,2026-10-03,专科·河南省,枚举:GitHub高校数据集(阳光高考院校库域名+AllShoolData) 2026-10
academic:lidapoly.com,academic,上海立达职业技术学院,http://www.lidapoly.com/,lidapoly.com,probed-4xx,404,2026-10-03,专科·上海市·Fitch源,枚举:GitHub高校数据集(阳光高考院校库域名+AllShoolData) 2026-10
academic:lidapoly.edu.cn,academic,上海立达学院,http://www.lidapoly.edu.cn,lidapoly.edu.cn,probed-5xx,503,2026-10-03,本科·上海市,枚举:GitHub高校数据集(阳光高考院校库域名+AllShoolData) 2026-10
academic:lingnan.edu.cn,academic,岭南师范学院,http://www.lingnan.edu.cn/,lingnan.edu.cn,probed-2xx,200,2026-10-03,本科·广东省,枚举:GitHub高校数据集(阳光高考院校库域名+AllShoolData) 2026-10
academic:lise.edu.cn,academic,辽宁理工学院,http://www.lise.edu.cn/,lise.edu.cn,probed-2xx,200,2026-10-03,本科·辽宁省,枚举:GitHub高校数据集(阳光高考院校库域名+AllShoolData) 2026-10
academic:lit.edu.cn,academic,洛阳理工学院,http://www.lit.edu.cn/,lit.edu.cn,probed-2xx,200,2026-10-03,本科·河南省,枚举:GitHub高校数据集(阳光高考院校库域名+AllShoolData) 2026-10
academic:lixin.edu.cn,academic,上海立信会计金融学院,http://www.lixin.edu.cn/,lixin.edu.cn,probed-000,000,2026-10-03,本科·上海市,枚举:GitHub高校数据集(阳光高考院校库域名+AllShoolData) 2026-10
academic:lj-edu.cn,academic,丽江师范高等专科学校,http://www.lj-edu.cn/,lj-edu.cn,probed-2xx,200,2026-10-03,专科·云南省,枚举:GitHub高校数据集(阳光高考院校库域名+AllShoolData) 2026-10
academic:ljlyzy.org.cn,academic,黑龙江旅游职业技术学院,http://www.ljlyzy.org.cn,ljlyzy.org.cn,probed-2xx,200,2026-10-03,专科·黑龙江省,枚举:GitHub高校数据集(阳光高考院校库域名+AllShoolData) 2026-10
academic:lksnzyxy.cn,academic,兰考三农职业学院,http://lksnzyxy.cn/,lksnzyxy.cn,probed-2xx,200,2026-10-03,专科·河南省,枚举:GitHub高校数据集(阳光高考院校库域名+AllShoolData) 2026-10
academic:lku.edu.cn,academic,洛阳科技职业学院,https://lku.edu.cn/,lku.edu.cn,probed-2xx,200,2026-10-03,专科·河南省,枚举:GitHub高校数据集(阳光高考院校库域名+AllShoolData) 2026-10
academic:llu.edu.cn,academic,吕梁学院,https://llu.edu.cn/,llu.edu.cn,probed-000,000,2026-10-03,本科·山西省,枚举:GitHub高校数据集(阳光高考院校库域名+AllShoolData) 2026-10
academic:llzy.edu.cn,academic,吕梁职业技术学院,https://llzy.edu.cn/,llzy.edu.cn,probed-000,000,2026-10-03,专科·山西省,枚举:GitHub高校数据集(阳光高考院校库域名+AllShoolData) 2026-10
academic:lmu.edu.cn,academic,黎明职业大学,https://lmu.edu.cn/,lmu.edu.cn,probed-2xx,200,2026-10-03,专科·福建省,枚举:GitHub高校数据集(阳光高考院校库域名+AllShoolData) 2026-10
academic:ln.edu.hk,academic,香港岭南大学,https://ln.edu.hk/,ln.edu.hk,probed-2xx,200,2026-10-03,本科·Demired源,枚举:GitHub高校数据集(阳光高考院校库域名+AllShoolData) 2026-10
academic:lnc.edu.cn,academic,广东岭南职业技术学院,http://www.lnc.edu.cn,lnc.edu.cn,probed-2xx,200,2026-10-03,专科·广东省·未核实,枚举:GitHub高校数据集(阳光高考院校库域名+AllShoolData) 2026-10
academic:lncc.edu.cn,academic,辽宁省交通高等专科学校,http://www.lncc.edu.cn/,lncc.edu.cn,probed-2xx,200,2026-10-03,专科·辽宁省,枚举:GitHub高校数据集(阳光高考院校库域名+AllShoolData) 2026-10
academic:lncjxy.com,academic,辽宁城市建设职业技术学院,http://www.lncjxy.com/,lncjxy.com,probed-000,000,2026-10-03,专科·辽宁省,枚举:GitHub高校数据集(阳光高考院校库域名+AllShoolData) 2026-10
academic:lncmxl.edu.cn,academic,辽宁中医药大学杏林学院,http://www.lncmxl.edu.cn/,lncmxl.edu.cn,probed-2xx,200,2026-10-03,本科·辽宁省,枚举:GitHub高校数据集(阳光高考院校库域名+AllShoolData) 2026-10
academic:lncmxy.com,academic,辽宁财贸学院,http://www.lncmxy.com/,lncmxy.com,probed-000,000,2026-10-03,本科·辽宁省,枚举:GitHub高校数据集(阳光高考院校库域名+AllShoolData) 2026-10
academic:lncu.cn,academic,辽宁传媒学院,http://www.lncu.cn/,lncu.cn,probed-2xx,200,2026-10-03,本科·辽宁省,枚举:GitHub高校数据集(阳光高考院校库域名+AllShoolData) 2026-10
academic:lndhdx.com,academic,辽宁理工职业大学,http://www.lndhdx.com/,lndhdx.com,probed-2xx,200,2026-10-03,本科·辽宁省,枚举:GitHub高校数据集(阳光高考院校库域名+AllShoolData) 2026-10
academic:lndzxy.com,academic,辽宁地质工程职业学院,http://www.lndzxy.com/,lndzxy.com,probed-000,000,2026-10-03,专科·辽宁省,枚举:GitHub高校数据集(阳光高考院校库域名+AllShoolData) 2026-10
academic:lnemci.com,academic,辽宁经济职业技术学院,http://www.lnemci.com/,lnemci.com,probed-2xx,200,2026-10-03,专科·辽宁省,枚举:GitHub高校数据集(阳光高考院校库域名+AllShoolData) 2026-10
academic:lnfvc.edu.cn,academic,辽宁金融职业学院,https://lnfvc.edu.cn/,lnfvc.edu.cn,probed-000,000,2026-10-03,专科·辽宁省,枚举:GitHub高校数据集(阳光高考院校库域名+AllShoolData) 2026-10
academic:lngczyxy.com,academic,辽宁工程职业学院,http://www.lngczyxy.com/,lngczyxy.com,probed-2xx,200,2026-10-03,专科·辽宁省,枚举:GitHub高校数据集(阳光高考院校库域名+AllShoolData) 2026-10
academic:lnist.edu.cn,academic,辽宁科技学院,http://www.lnist.edu.cn/,lnist.edu.cn,probed-000,000,2026-10-03,本科·辽宁省,枚举:GitHub高校数据集(阳光高考院校库域名+AllShoolData) 2026-10
academic:lnjzxy.com,academic,辽宁建筑职业学院,http://www.lnjzxy.com/,lnjzxy.com,probed-2xx,200,2026-10-03,专科·辽宁省,枚举:GitHub高校数据集(阳光高考院校库域名+AllShoolData) 2026-10
academic:lnlzy.cn,academic,辽宁林业职业技术学院,http://www.lnlzy.cn/,lnlzy.cn,probed-2xx,200,2026-10-03,专科·沈阳市·Fitch源,枚举:GitHub高校数据集(阳光高考院校库域名+AllShoolData) 2026-10
academic:lnmec.net.cn,academic,辽宁机电职业技术学院,http://www.lnmec.net.cn/,lnmec.net.cn,probed-2xx,200,2026-10-03,专科·辽宁省,枚举:GitHub高校数据集(阳光高考院校库域名+AllShoolData) 2026-10
academic:lnnc.edu.cn,academic,辽宁民族师范高等专科学校,http://www.lnnc.edu.cn,lnnc.edu.cn,probed-2xx,200,2026-10-03,专科·辽宁省,枚举:GitHub高校数据集(阳光高考院校库域名+AllShoolData) 2026-10
academic:lnnc.ln.cn,academic,辽宁师范高等专科学校,http://lnnc.ln.cn/,lnnc.ln.cn,probed-000,000,2026-10-03,专科·辽宁省,枚举:GitHub高校数据集(阳光高考院校库域名+AllShoolData) 2026-10
academic:lnnu.edu.cn,academic,辽宁师范大学,http://www.lnnu.edu.cn/,lnnu.edu.cn,probed-2xx,200,2026-10-03,本科·辽宁省,枚举:GitHub高校数据集(阳光高考院校库域名+AllShoolData) 2026-10
academic:lnnzy.ln.cn,academic,辽宁农业职业技术学院,http://www.lnnzy.ln.cn/,lnnzy.ln.cn,probed-2xx,200,2026-10-03,专科·辽宁省,枚举:GitHub高校数据集(阳光高考院校库域名+AllShoolData) 2026-10
academic:lnpc.cn,academic,辽宁警察学院,http://www.lnpc.cn/,lnpc.cn,probed-000,000,2026-10-03,本科·辽宁省,枚举:GitHub高校数据集(阳光高考院校库域名+AllShoolData) 2026-10
academic:lnpc.edu.cn,academic,辽宁石化职业技术学院,http://www.lnpc.edu.cn/,lnpc.edu.cn,probed-000,000,2026-10-03,专科·辽宁省,枚举:GitHub高校数据集(阳光高考院校库域名+AllShoolData) 2026-10
academic:lnpu.edu.cn,academic,辽宁石油化工大学,http://www.lnpu.edu.cn/,lnpu.edu.cn,probed-2xx,200,2026-10-03,本科·辽宁省,枚举:GitHub高校数据集(阳光高考院校库域名+AllShoolData) 2026-10
academic:lnqg.com.cn,academic,辽宁轻工职业学院,http://www.lnqg.com.cn/,lnqg.com.cn,probed-2xx,200,2026-10-03,专科·辽宁省,枚举:GitHub高校数据集(阳光高考院校库域名+AllShoolData) 2026-10
academic:lnshny.com,academic,辽宁石油化工大学顺华能源学院,http://www.lnshny.com/,lnshny.com,probed-000,000,2026-10-03,本科·辽宁省·Fitch源,枚举:GitHub高校数据集(阳光高考院校库域名+AllShoolData) 2026-10
academic:lnsmzy.edu.cn,academic,辽宁商贸职业学院,http://www.lnsmzy.edu.cn/,lnsmzy.edu.cn,probed-000,000,2026-10-03,专科·辽宁省·Fitch源,枚举:GitHub高校数据集(阳光高考院校库域名+AllShoolData) 2026-10
academic:lnstzy.cn,academic,辽宁生态工程职业学院,http://lnstzy.cn/,lnstzy.cn,probed-000,000,2026-10-03,专科·辽宁省,枚举:GitHub高校数据集(阳光高考院校库域名+AllShoolData) 2026-10
academic:lntc.edu.cn,academic,陇南师范高等专科学校,http://www.lntc.edu.cn/,lntc.edu.cn,probed-000,000,2026-10-03,专科·甘肃省,枚举:GitHub高校数据集(阳光高考院校库域名+AllShoolData) 2026-10
academic:lntdxy.com,academic,辽宁铁道职业技术学院,http://lntdxy.com/,lntdxy.com,probed-2xx,200,2026-10-03,专科·辽宁省,枚举:GitHub高校数据集(阳光高考院校库域名+AllShoolData) 2026-10
academic:lntjsz.edu.cn,academic,辽宁特殊教育师范高等专科学校,https://lntjsz.edu.cn/,lntjsz.edu.cn,probed-000,000,2026-10-03,专科·辽宁省,枚举:GitHub高校数据集(阳光高考院校库域名+AllShoolData) 2026-10
academic:lntlhc.com,academic,铁岭卫生职业学院,http://www.lntlhc.com/,lntlhc.com,probed-2xx,200,2026-10-03,专科·辽宁省,枚举:GitHub高校数据集(阳光高考院校库域名+AllShoolData) 2026-10
academic:lntu.edu.cn,academic,辽宁工程技术大学,http://www.lntu.edu.cn/,lntu.edu.cn,probed-2xx,200,2026-10-03,本科·辽宁省,枚举:GitHub高校数据集(阳光高考院校库域名+AllShoolData) 2026-10
academic:lnu.edu.cn,academic,辽宁大学,http://www.lnu.edu.cn/,lnu.edu.cn,probed-2xx,200,2026-10-03,本科·辽宁省,枚举:GitHub高校数据集(阳光高考院校库域名+AllShoolData) 2026-10
academic:lnut.edu.cn,academic,辽宁工业大学,https://lnut.edu.cn/,lnut.edu.cn,probed-000,000,2026-10-03,本科·辽宁省,枚举:GitHub高校数据集(阳光高考院校库域名+AllShoolData) 2026-10
academic:lnutcm.edu.cn,academic,辽宁中医药大学,http://www.lnutcm.edu.cn/,lnutcm.edu.cn,probed-2xx,200,2026-10-03,本科·辽宁省,枚举:GitHub高校数据集(阳光高考院校库域名+AllShoolData) 2026-10
academic:lnvc.cn,academic,辽宁职业学院,http://www.lnvc.cn/,lnvc.cn,probed-2xx,200,2026-10-03,专科·辽宁省,枚举:GitHub高校数据集(阳光高考院校库域名+AllShoolData) 2026-10
academic:lnxdfwxy.com,academic,辽宁现代服务职业技术学院,http://www.lnxdfwxy.com/,lnxdfwxy.com,probed-2xx,200,2026-10-03,专科·辽宁省,枚举:GitHub高校数据集(阳光高考院校库域名+AllShoolData) 2026-10
academic:lnyj.net,academic,辽宁冶金职业技术学院,http://www.lnyj.net/,lnyj.net,probed-2xx,200,2026-10-03,专科·辽宁省,枚举:GitHub高校数据集(阳光高考院校库域名+AllShoolData) 2026-10
academic:lnyyzyxy.com,academic,辽宁医药职业学院,http://lnyyzyxy.com/,lnyyzyxy.com,probed-000,000,2026-10-03,专科·辽宁省,枚举:GitHub高校数据集(阳光高考院校库域名+AllShoolData) 2026-10
academic:lpssy.edu.cn,academic,六盘水师范学院,http://www.lpssy.edu.cn/,lpssy.edu.cn,probed-2xx,200,2026-10-03,本科·贵州省,枚举:GitHub高校数据集(阳光高考院校库域名+AllShoolData) 2026-10
academic:lpsyz.cn,academic,六盘水幼儿师范高等专科学校,http://lpsyz.cn/,lpsyz.cn,probed-2xx,200,2026-10-03,专科·贵州省,枚举:GitHub高校数据集(阳光高考院校库域名+AllShoolData) 2026-10
academic:lpszy.cn,academic,六盘水职业技术学院,http://www.lpszy.cn/,lpszy.cn,probed-000,000,2026-10-03,专科·贵州省,枚举:GitHub高校数据集(阳光高考院校库域名+AllShoolData) 2026-10
academic:lsgx.com.cn,academic,漯河食品职业学院,http://www.lsgx.com.cn/,lsgx.com.cn,probed-2xx,200,2026-10-03,专科·河南省,枚举:GitHub高校数据集(阳光高考院校库域名+AllShoolData) 2026-10
academic:lshhxy.edu.cn,academic,辽宁师范大学海华学院,https://lshhxy.edu.cn/,lshhxy.edu.cn,probed-000,000,2026-10-03,本科·辽宁省,枚举:GitHub高校数据集(阳光高考院校库域名+AllShoolData) 2026-10
academic:lsnu.edu.cn,academic,乐山师范学院,https://lsnu.edu.cn/,lsnu.edu.cn,probed-000,000,2026-10-03,本科·四川省,枚举:GitHub高校数据集(阳光高考院校库域名+AllShoolData) 2026-10
academic:lsu.edu.cn,academic,丽水学院,http://www.lsu.edu.cn/,lsu.edu.cn,probed-2xx,200,2026-10-03,本科·浙江省,枚举:GitHub高校数据集(阳光高考院校库域名+AllShoolData) 2026-10
academic:lsxy.sdnu.edu.cn,academic,山东师范大学历山学院,http://www.lsxy.sdnu.edu.cn/,lsxy.sdnu.edu.cn,probed-000,000,2026-10-03,本科·济南市·Fitch源,枚举:GitHub高校数据集(阳光高考院校库域名+AllShoolData) 2026-10
academic:lszjy.com,academic,丽水职业技术学院,http://www.lszjy.com/,lszjy.com,probed-2xx,200,2026-10-03,专科·浙江省,枚举:GitHub高校数据集(阳光高考院校库域名+AllShoolData) 2026-10
academic:lszyxy.edu.cn,academic,乐山职业技术学院,https://lszyxy.edu.cn/,lszyxy.edu.cn,probed-3xx,302,2026-10-03,专科·四川省,枚举:GitHub高校数据集(阳光高考院校库域名+AllShoolData) 2026-10
academic:ltcem.com,academic,辽宁装备制造职业技术学院,http://www.ltcem.com/,ltcem.com,probed-2xx,200,2026-10-03,专科·辽宁省,枚举:GitHub高校数据集(阳光高考院校库域名+AllShoolData) 2026-10
academic:ltzy.edu.cn,academic,柳州铁道职业技术学院,https://ltzy.edu.cn/,ltzy.edu.cn,probed-000,000,2026-10-03,专科·广西壮族自治区,枚举:GitHub高校数据集(阳光高考院校库域名+AllShoolData) 2026-10
academic:luas.edu.cn,academic,兰州文理学院,http://www.luas.edu.cn/,luas.edu.cn,probed-2xx,200,2026-10-03,本科·甘肃省,枚举:GitHub高校数据集(阳光高考院校库域名+AllShoolData) 2026-10
academic:luibe.edu.cn,academic,辽宁对外经贸学院,http://www.luibe.edu.cn/,luibe.edu.cn,probed-2xx,200,2026-10-03,本科·辽宁省,枚举:GitHub高校数据集(阳光高考院校库域名+AllShoolData) 2026-10
academic:lumei.edu.cn,academic,鲁迅美术学院,http://www.lumei.edu.cn/,lumei.edu.cn,probed-2xx,200,2026-10-03,本科·辽宁省,枚举:GitHub高校数据集(阳光高考院校库域名+AllShoolData) 2026-10
academic:lut.edu.cn,academic,兰州理工大学,https://www.lut.edu.cn/,lut.edu.cn,probed-2xx,200,2026-10-03,本科·甘肃省,枚举:GitHub高校数据集(阳光高考院校库域名+AllShoolData) 2026-10
academic:lutcte.cn,academic,兰州理工大学技术工程学院,http://www.lutcte.cn/,lutcte.cn,probed-2xx,200,2026-10-03,本科·甘肃省·Fitch源,枚举:GitHub高校数据集(阳光高考院校库域名+AllShoolData) 2026-10
academic:lvtc.edu.cn,academic,六安职业技术学院,http://www.lvtc.edu.cn/,lvtc.edu.cn,probed-000,000,2026-10-03,专科·安徽省,枚举:GitHub高校数据集(阳光高考院校库域名+AllShoolData) 2026-10
academic:lvu.edu.cn,academic,兰州职业技术学院,http://www.lvu.edu.cn/,lvu.edu.cn,probed-2xx,200,2026-10-03,专科·甘肃省,枚举:GitHub高校数据集(阳光高考院校库域名+AllShoolData) 2026-10
academic:lwvc.edu.cn,academic,莱芜职业技术学院,http://www.lwvc.edu.cn,lwvc.edu.cn,probed-2xx,200,2026-10-03,专科·山东省,枚举:GitHub高校数据集(阳光高考院校库域名+AllShoolData) 2026-10
academic:lxxdzy.com,academic,临夏现代职业学院,http://www.lxxdzy.com,lxxdzy.com,probed-2xx,200,2026-10-03,专科·甘肃省,枚举:GitHub高校数据集(阳光高考院校库域名+AllShoolData) 2026-10
academic:lygsf.cn,academic,连云港师范高等专科学校,http://www.lygsf.cn/,lygsf.cn,probed-2xx,200,2026-10-03,专科·江苏省·未核实,枚举:GitHub高校数据集(阳光高考院校库域名+AllShoolData) 2026-10
academic:lygtc.edu.cn,academic,连云港职业技术学院,https://lygtc.edu.cn/,lygtc.edu.cn,probed-000,000,2026-10-03,专科·江苏省,枚举:GitHub高校数据集(阳光高考院校库域名+AllShoolData) 2026-10
academic:lynu.edu.cn,academic,洛阳师范学院,https://lynu.edu.cn/,lynu.edu.cn,probed-000,000,2026-10-03,本科·河南省,枚举:GitHub高校数据集(阳光高考院校库域名+AllShoolData) 2026-10
academic:lypt.edu.cn,academic,洛阳职业技术学院,https://lypt.edu.cn/,lypt.edu.cn,probed-2xx,200,2026-10-03,专科·河南省,枚举:GitHub高校数据集(阳光高考院校库域名+AllShoolData) 2026-10
academic:lyu.edu.cn,academic,临沂大学,http://www.lyu.edu.cn/,lyu.edu.cn,probed-2xx,200,2026-10-03,本科·山东省,枚举:GitHub高校数据集(阳光高考院校库域名+AllShoolData) 2026-10
academic:lyun.edu.cn,academic,龙岩学院,http://www.lyun.edu.cn/,lyun.edu.cn,probed-2xx,200,2026-10-03,本科·福建省,枚举:GitHub高校数据集(阳光高考院校库域名+AllShoolData) 2026-10
academic:lyvc.edu.cn,academic,临沂职业学院,https://lyvc.edu.cn/,lyvc.edu.cn,probed-5xx,502,2026-10-03,专科·山东省,枚举:GitHub高校数据集(阳光高考院校库域名+AllShoolData) 2026-10
academic:lyvcct.cn,academic,洛阳文化旅游职业学院,http://lyvcct.cn/,lyvcct.cn,probed-2xx,200,2026-10-03,专科,枚举:GitHub高校数据集(阳光高考院校库域名+AllShoolData) 2026-10
academic:lyvtc.cn,academic,辽源职业技术学院,http://www.lyvtc.cn/,lyvtc.cn,probed-000,000,2026-10-03,专科·吉林省·未核实,枚举:GitHub高校数据集(阳光高考院校库域名+AllShoolData) 2026-10
academic:lyvust.cn,academic,临沂科技职业学院,http://lyvust.cn/,lyvust.cn,probed-000,000,2026-10-03,专科·山东省,枚举:GitHub高校数据集(阳光高考院校库域名+AllShoolData) 2026-10
academic:lywhxy.com,academic,丽江文化旅游学院,http://www.lywhxy.com/,lywhxy.com,probed-4xx,404,2026-10-03,本科,枚举:GitHub高校数据集(阳光高考院校库域名+AllShoolData) 2026-10
academic:lzavu.cn,academic,兰州航空职业技术学院,http://www.lzavu.cn,lzavu.cn,probed-000,000,2026-10-03,专科,枚举:GitHub高校数据集(阳光高考院校库域名+AllShoolData) 2026-10
academic:lzcu.edu.cn,academic,兰州城市学院,http://www.lzcu.edu.cn,lzcu.edu.cn,probed-4xx,412,2026-10-03,本科·甘肃省,枚举:GitHub高校数据集(阳光高考院校库域名+AllShoolData) 2026-10
academic:lzhit.edu.cn,academic,柳州工学院,https://lzhit.edu.cn/,lzhit.edu.cn,probed-2xx,200,2026-10-03,本科·广西壮族自治区,枚举:GitHub高校数据集(阳光高考院校库域名+AllShoolData) 2026-10
academic:lzit.edu.cn,academic,兰州工业学院,http://www.lzit.edu.cn,lzit.edu.cn,probed-2xx,200,2026-10-03,本科·甘肃省,枚举:GitHub高校数据集(阳光高考院校库域名+AllShoolData) 2026-10
academic:lzjtu.edu.cn,academic,兰州交通大学,http://www.lzjtu.edu.cn/,lzjtu.edu.cn,probed-2xx,200,2026-10-03,本科·甘肃省,枚举:GitHub高校数据集(阳光高考院校库域名+AllShoolData) 2026-10
academic:lzkjedu.com,academic,兰州科技职业学院,http://lzkjedu.com/,lzkjedu.com,probed-2xx,200,2026-10-03,专科·甘肃省,枚举:GitHub高校数据集(阳光高考院校库域名+AllShoolData) 2026-10
academic:lzlqc.com,academic,兰州财经大学陇桥学院,http://www.lzlqc.com/,lzlqc.com,probed-000,000,2026-10-03,本科·甘肃省·Fitch源,枚举:GitHub高校数据集(阳光高考院校库域名+AllShoolData) 2026-10
academic:lzls.gxut.edu.cn,academic,广西科技大学鹿山学院,http://www.lzls.gxut.edu.cn/,lzls.gxut.edu.cn,probed-000,000,2026-10-03,本科·柳州市·Fitch源,枚举:GitHub高校数据集(阳光高考院校库域名+AllShoolData) 2026-10
academic:lzmvc.edu.cn,academic,兰州现代职业学院,https://lzmvc.edu.cn/,lzmvc.edu.cn,probed-000,000,2026-10-03,专科·甘肃省,枚举:GitHub高校数据集(阳光高考院校库域名+AllShoolData) 2026-10
academic:lzpcc.com.cn,academic,兰州石化职业技术大学,http://www.lzpcc.com.cn/,lzpcc.com.cn,probed-000,000,2026-10-03,专科,枚举:GitHub高校数据集(阳光高考院校库域名+AllShoolData) 2026-10
academic:lzre.edu.cn,academic,兰州资源环境职业技术大学,http://www.lzre.edu.cn/,lzre.edu.cn,probed-2xx,200,2026-10-03,专科,枚举:GitHub高校数据集(阳光高考院校库域名+AllShoolData) 2026-10
academic:lzu.edu.cn,academic,兰州大学,http://www.lzu.edu.cn/,lzu.edu.cn,probed-2xx,200,2026-10-03,本科·甘肃省,枚举:GitHub高校数据集(阳光高考院校库域名+AllShoolData) 2026-10
academic:lzufe.edu.cn,academic,兰州财经大学,http://www.lzufe.edu.cn,lzufe.edu.cn,probed-2xx,200,2026-10-03,本科·甘肃省,枚举:GitHub高校数据集(阳光高考院校库域名+AllShoolData) 2026-10
academic:lzwyedu.com,academic,兰州外语职业学院,http://www.lzwyedu.com/,lzwyedu.com,probed-2xx,200,2026-10-03,专科·甘肃省,枚举:GitHub高校数据集(阳光高考院校库域名+AllShoolData) 2026-10
academic:lzxk.edu.cn,academic,兰州信息科技学院,https://lzxk.edu.cn/,lzxk.edu.cn,probed-000,000,2026-10-03,本科,枚举:GitHub高校数据集(阳光高考院校库域名+AllShoolData) 2026-10
academic:lzy.edu.cn,academic,泸州职业技术学院,http://www.lzy.edu.cn/,lzy.edu.cn,probed-000,000,2026-10-03,专科·四川省,枚举:GitHub高校数据集(阳光高考院校库域名+AllShoolData) 2026-10
academic:lzylqx.cn,academic,泸州医疗器械职业学院,http://lzylqx.cn/,lzylqx.cn,probed-000,000,2026-10-03,专科·四川省,枚举:GitHub高校数据集(阳光高考院校库域名+AllShoolData) 2026-10
academic:lzzy.net,academic,柳州职业技术学院,http://www.lzzy.net/,lzzy.net,probed-4xx,404,2026-10-03,专科·广西壮族自治区,枚举:GitHub高校数据集(阳光高考院校库域名+AllShoolData) 2026-10
academic:massz.edu.cn,academic,马鞍山师范高等专科学校,http://www.massz.edu.cn,massz.edu.cn,probed-2xx,200,2026-10-03,专科·安徽省,枚举:GitHub高校数据集(阳光高考院校库域名+AllShoolData) 2026-10
academic:mastc.edu.cn,academic,马鞍山职业技术学院,http://www.mastc.edu.cn/,mastc.edu.cn,probed-2xx,200,2026-10-03,专科·安徽省,枚举:GitHub高校数据集(阳光高考院校库域名+AllShoolData) 2026-10
academic:masu.edu.cn,academic,马鞍山学院,https://masu.edu.cn/,masu.edu.cn,probed-000,000,2026-10-03,本科·安徽省,枚举:GitHub高校数据集(阳光高考院校库域名+AllShoolData) 2026-10
academic:mbu.cn,academic,闽北职业技术学院,http://www.mbu.cn/,mbu.cn,probed-4xx,404,2026-10-03,专科·福建省,枚举:GitHub高校数据集(阳光高考院校库域名+AllShoolData) 2026-10
academic:mdc.gzu.edu.cn,academic,贵州大学明德学院,http://mdc.gzu.edu.cn/,mdc.gzu.edu.cn,probed-000,000,2026-10-03,本科·贵州省·Fitch源,枚举:GitHub高校数据集(阳光高考院校库域名+AllShoolData) 2026-10
academic:mdit.edu.cn,academic,西安明德理工学院,https://mdit.edu.cn/,mdit.edu.cn,probed-000,000,2026-10-03,本科·陕西省,枚举:GitHub高校数据集(阳光高考院校库域名+AllShoolData) 2026-10
academic:mdjdx.cn,academic,牡丹江大学,http://www.mdjdx.cn/,mdjdx.cn,probed-2xx,200,2026-10-03,专科·黑龙江省,枚举:GitHub高校数据集(阳光高考院校库域名+AllShoolData) 2026-10
academic:mdjmu.cn,academic,牡丹江医学院,http://www.mdjmu.cn/,mdjmu.cn,probed-2xx,200,2026-10-03,本科·黑龙江省,枚举:GitHub高校数据集(阳光高考院校库域名+AllShoolData) 2026-10
academic:mdjnu.cn,academic,牡丹江师范学院,http://www.mdjnu.cn/,mdjnu.cn,probed-2xx,200,2026-10-03,本科·黑龙江省,枚举:GitHub高校数据集(阳光高考院校库域名+AllShoolData) 2026-10
academic:mdut.cn,academic,明达职业技术学院,http://www.mdut.cn/,mdut.cn,probed-5xx,503,2026-10-03,专科·江苏省,枚举:GitHub高校数据集(阳光高考院校库域名+AllShoolData) 2026-10
academic:mgpi.com.cn,academic,湖北孝感美珈职业学院,http://mgpi.com.cn/,mgpi.com.cn,probed-000,000,2026-10-03,专科,枚举:GitHub高校数据集(阳光高考院校库域名+AllShoolData) 2026-10
academic:mhkkmzyjsxy.com,academic,梅河口康美职业技术学院,http://mhkkmzyjsxy.com/,mhkkmzyjsxy.com,probed-2xx,200,2026-10-03,专科·吉林省,枚举:GitHub高校数据集(阳光高考院校库域名+AllShoolData) 2026-10
academic:minsheng.henu.edu.cn,academic,河南大学民生学院,http://minsheng.henu.edu.cn/,minsheng.henu.edu.cn,probed-000,000,2026-10-03,本科·河南省·Fitch源,枚举:GitHub高校数据集(阳光高考院校库域名+AllShoolData) 2026-10
academic:mitu.cn,academic,福建信息职业技术学院,http://www.mitu.cn/,mitu.cn,probed-2xx,200,2026-10-03,专科·福建省,枚举:GitHub高校数据集(阳光高考院校库域名+AllShoolData) 2026-10
academic:mju.edu.cn,academic,闽江学院,http://www.mju.edu.cn/,mju.edu.cn,probed-2xx,200,2026-10-03,本科·福建省,枚举:GitHub高校数据集(阳光高考院校库域名+AllShoolData) 2026-10
academic:mku.edu.cn,academic,闽南科技学院,https://mku.edu.cn/,mku.edu.cn,probed-2xx,200,2026-10-03,本科·福建省,枚举:GitHub高校数据集(阳光高考院校库域名+AllShoolData) 2026-10
academic:mmpt.edu.cn,academic,茂名职业技术学院,https://mmpt.edu.cn/,mmpt.edu.cn,probed-2xx,200,2026-10-03,专科·广东省,枚举:GitHub高校数据集(阳光高考院校库域名+AllShoolData) 2026-10
academic:mnkjxy.com,academic,福建师范大学闽南科技学院,http://www.mnkjxy.com/,mnkjxy.com,probed-000,000,2026-10-03,本科·泉州市·Fitch源,枚举:GitHub高校数据集(阳光高考院校库域名+AllShoolData) 2026-10
academic:mnnu.edu.cn,academic,闽南师范大学,http://www.mnnu.edu.cn,mnnu.edu.cn,probed-2xx,200,2026-10-03,本科·福建省,枚举:GitHub高校数据集(阳光高考院校库域名+AllShoolData) 2026-10
academic:mnust.edu.cn,academic,闽南理工学院,https://mnust.edu.cn/,mnust.edu.cn,probed-000,000,2026-10-03,本科·福建省,枚举:GitHub高校数据集(阳光高考院校库域名+AllShoolData) 2026-10
academic:msvtc.net,academic,眉山职业技术学院,http://www.msvtc.net/,msvtc.net,probed-000,000,2026-10-03,专科·四川省,枚举:GitHub高校数据集(阳光高考院校库域名+AllShoolData) 2026-10
academic:msykxy.cn,academic,眉山药科职业学院,http://msykxy.cn/,msykxy.cn,probed-2xx,200,2026-10-03,专科·四川省,枚举:GitHub高校数据集(阳光高考院校库域名+AllShoolData) 2026-10
academic:mtc.edu.cn,academic,绵阳师范学院,https://mtc.edu.cn/,mtc.edu.cn,probed-2xx,200,2026-10-03,本科·四川省,枚举:GitHub高校数据集(阳光高考院校库域名+AllShoolData) 2026-10
academic:mtotc.com.cn,academic,泰山职业技术学院,http://www.mtotc.com.cn/,mtotc.com.cn,probed-000,000,2026-10-03,专科·山东省,枚举:GitHub高校数据集(阳光高考院校库域名+AllShoolData) 2026-10
academic:mtxy.edu.cn,academic,茅台学院,https://mtxy.edu.cn/,mtxy.edu.cn,probed-2xx,200,2026-10-03,本科·贵州省,枚举:GitHub高校数据集(阳光高考院校库域名+AllShoolData) 2026-10
academic:muc.edu.cn,academic,中央民族大学,http://www.muc.edu.cn/,muc.edu.cn,probed-2xx,200,2026-10-03,本科·北京市,枚举:GitHub高校数据集(阳光高考院校库域名+AllShoolData) 2026-10
academic:must.edu.mo,academic,澳门科技大学,https://must.edu.mo/,must.edu.mo,probed-000,000,2026-10-03,本科·澳门特别行政区·Demired源,枚举:GitHub高校数据集(阳光高考院校库域名+AllShoolData) 2026-10
academic:mxdx.net,academic,闽西职业技术学院,http://www.mxdx.net/,mxdx.net,probed-2xx,200,2026-10-03,专科·福建省,枚举:GitHub高校数据集(阳光高考院校库域名+AllShoolData) 2026-10
academic:mypt.edu.cn,academic,绵阳职业技术学院,https://mypt.edu.cn/,mypt.edu.cn,probed-000,000,2026-10-03,专科·四川省,枚举:GitHub高校数据集(阳光高考院校库域名+AllShoolData) 2026-10
academic:mzwu.edu.cn,academic,湄洲湾职业技术学院,https://mzwu.edu.cn/,mzwu.edu.cn,probed-2xx,200,2026-10-03,专科·福建省,枚举:GitHub高校数据集(阳光高考院校库域名+AllShoolData) 2026-10
academic:nacta.edu.cn,academic,中国戏曲学院,http://www.nacta.edu.cn/,nacta.edu.cn,probed-2xx,200,2026-10-03,本科·北京市,枚举:GitHub高校数据集(阳光高考院校库域名+AllShoolData) 2026-10
academic:nankai.edu.cn,academic,南开大学,http://www.nankai.edu.cn/,nankai.edu.cn,probed-2xx,200,2026-10-03,本科·天津市,枚举:GitHub高校数据集(阳光高考院校库域名+AllShoolData) 2026-10
academic:nanshan.edu.cn,academic,烟台南山学院,http://www.nanshan.edu.cn/,nanshan.edu.cn,probed-2xx,200,2026-10-03,本科·山东省,枚举:GitHub高校数据集(阳光高考院校库域名+AllShoolData) 2026-10
academic:nau.edu.cn,academic,南京审计大学,http://www.nau.edu.cn/,nau.edu.cn,probed-2xx,200,2026-10-03,本科·江苏省,枚举:GitHub高校数据集(阳光高考院校库域名+AllShoolData) 2026-10
academic:naujsc.edu.cn,academic,南京审计大学金审学院,https://naujsc.edu.cn/,naujsc.edu.cn,probed-000,000,2026-10-03,本科·江苏省,枚举:GitHub高校数据集(阳光高考院校库域名+AllShoolData) 2026-10
academic:nbcc.cn,academic,宁波城市职业技术学院,http://www.nbcc.cn/,nbcc.cn,probed-2xx,200,2026-10-03,专科·浙江省,枚举:GitHub高校数据集(阳光高考院校库域名+AllShoolData) 2026-10
academic:nbei.net,academic,宁波幼儿师范高等专科学校,http://www.nbei.net,nbei.net,probed-000,000,2026-10-03,专科·浙江省,枚举:GitHub高校数据集(阳光高考院校库域名+AllShoolData) 2026-10
academic:nbpt.edu.cn,academic,宁波职业技术学院,http://www.nbpt.edu.cn,nbpt.edu.cn,probed-2xx,200,2026-10-03,专科·浙江省,枚举:GitHub高校数据集(阳光高考院校库域名+AllShoolData) 2026-10
academic:nbt.edu.cn,academic,浙大宁波理工学院,https://www.nbt.edu.cn/,nbt.edu.cn,probed-2xx,200,2026-10-03,本科·浙江省,枚举:GitHub高校数据集(阳光高考院校库域名+AllShoolData) 2026-10
academic:nbu.edu.cn,academic,宁波大学,http://www.nbu.edu.cn/,nbu.edu.cn,probed-2xx,200,2026-10-03,本科·浙江省,枚举:GitHub高校数据集(阳光高考院校库域名+AllShoolData) 2026-10
academic:nbufe.edu.cn,academic,宁波财经学院,https://nbufe.edu.cn/,nbufe.edu.cn,probed-000,000,2026-10-03,本科·浙江省,枚举:GitHub高校数据集(阳光高考院校库域名+AllShoolData) 2026-10
academic:nbut.edu.cn,academic,宁波工程学院,https://nbut.edu.cn/,nbut.edu.cn,probed-000,000,2026-10-03,本科·浙江省,枚举:GitHub高校数据集(阳光高考院校库域名+AllShoolData) 2026-10
academic:ncc.edu.cn,academic,南京城市职业学院,http://www.ncc.edu.cn,ncc.edu.cn,probed-000,000,2026-10-03,专科·江苏省,枚举:GitHub高校数据集(阳光高考院校库域名+AllShoolData) 2026-10
academic:nccu.edu.tw,academic,台湾政治大学,https://nccu.edu.tw/,nccu.edu.tw,probed-2xx,200,2026-10-03,本科·Demired源,枚举:GitHub高校数据集(阳光高考院校库域名+AllShoolData) 2026-10
academic:ncepu.edu.cn,academic,华北电力大学(北京),http://www.ncepu.edu.cn/,ncepu.edu.cn,probed-2xx,200,2026-10-03,本科;另含:华北电力大学(保定),枚举:GitHub高校数据集(阳光高考院校库域名+AllShoolData) 2026-10
academic:ncfiva.com,academic,南充电影工业职业学院,http://ncfiva.com/,ncfiva.com,probed-2xx,200,2026-10-03,专科·四川省,枚举:GitHub高校数据集(阳光高考院校库域名+AllShoolData) 2026-10
academic:nchs.edu.cn,academic,宁波卫生职业技术学院,https://nchs.edu.cn/,nchs.edu.cn,probed-000,000,2026-10-03,专科·浙江省,枚举:GitHub高校数据集(阳光高考院校库域名+AllShoolData) 2026-10
academic:nchu.edu.cn,academic,南昌航空大学,http://www.nchu.edu.cn/,nchu.edu.cn,probed-2xx,200,2026-10-03,本科·江西省;另含:南昌航空大学科技学院,枚举:GitHub高校数据集(阳光高考院校库域名+AllShoolData) 2026-10
academic:nchu.edu.tw,academic,中兴大学,https://nchu.edu.tw/,nchu.edu.tw,probed-2xx,200,2026-10-03,本科·Demired源,枚举:GitHub高校数据集(阳光高考院校库域名+AllShoolData) 2026-10
academic:nciae.edu.cn,academic,北华航天工业学院,http://www.nciae.edu.cn/,nciae.edu.cn,probed-2xx,200,2026-10-03,本科·河北省,枚举:GitHub高校数据集(阳光高考院校库域名+AllShoolData) 2026-10
academic:ncist.edu.cn,academic,华北科技学院,http://www.ncist.edu.cn/,ncist.edu.cn,probed-2xx,200,2026-10-03,本科·河北省,枚举:GitHub高校数据集(阳光高考院校库域名+AllShoolData) 2026-10
academic:ncjti.edu.cn,academic,南昌交通学院,https://ncjti.edu.cn/,ncjti.edu.cn,probed-000,000,2026-10-03,本科,枚举:GitHub高校数据集(阳光高考院校库域名+AllShoolData) 2026-10
academic:ncku.edu.tw,academic,台湾成功大学,https://ncku.edu.tw/,ncku.edu.tw,probed-2xx,200,2026-10-03,本科·Demired源,枚举:GitHub高校数据集(阳光高考院校库域名+AllShoolData) 2026-10
academic:ncmc.edu.cn,academic,南昌医学院,https://ncmc.edu.cn/,ncmc.edu.cn,probed-000,000,2026-10-03,本科,枚举:GitHub高校数据集(阳光高考院校库域名+AllShoolData) 2026-10
academic:ncnu.edu.cn,academic,南昌师范学院,https://ncnu.edu.cn/,ncnu.edu.cn,probed-000,000,2026-10-03,本科·江西省,枚举:GitHub高校数据集(阳光高考院校库域名+AllShoolData) 2026-10
academic:ncnu.edu.tw,academic,台湾暨南国际大学,https://ncnu.edu.tw/,ncnu.edu.tw,probed-000,000,2026-10-03,本科·Demired源,枚举:GitHub高校数据集(阳光高考院校库域名+AllShoolData) 2026-10
academic:ncpu.edu.cn,academic,南昌工学院,https://ncpu.edu.cn/,ncpu.edu.cn,probed-2xx,200,2026-10-03,本科·江西省,枚举:GitHub高校数据集(阳光高考院校库域名+AllShoolData) 2026-10
academic:ncst.edu.cn,academic,华北理工大学,http://www.ncst.edu.cn/,ncst.edu.cn,probed-2xx,200,2026-10-03,本科·河北省;另含:华北理工大学冀唐学院,枚举:GitHub高校数据集(阳光高考院校库域名+AllShoolData) 2026-10
academic:nctu.edu.tw,academic,台湾交通大学,https://nctu.edu.tw/,nctu.edu.tw,probed-000,000,2026-10-03,本科·Demired源,枚举:GitHub高校数据集(阳光高考院校库域名+AllShoolData) 2026-10
academic:ncu.edu.cn,academic,南昌大学,http://www.ncu.edu.cn/,ncu.edu.cn,probed-3xx,302,2026-10-03,本科·江西省,枚举:GitHub高校数据集(阳光高考院校库域名+AllShoolData) 2026-10
academic:ncu.edu.tw,academic,台湾中央大学,https://ncu.edu.tw/,ncu.edu.tw,probed-2xx,200,2026-10-03,本科·台湾·Demired源,枚举:GitHub高校数据集(阳光高考院校库域名+AllShoolData) 2026-10
academic:ncue.edu.tw,academic,彰化师范大学,https://ncue.edu.tw/,ncue.edu.tw,probed-2xx,200,2026-10-03,本科·Demired源,枚举:GitHub高校数据集(阳光高考院校库域名+AllShoolData) 2026-10
academic:ncut.edu.cn,academic,北方工业大学,http://www.ncut.edu.cn/,ncut.edu.cn,probed-2xx,200,2026-10-03,本科·北京市,枚举:GitHub高校数据集(阳光高考院校库域名+AllShoolData) 2026-10
academic:ncvcct.com,academic,南充文化旅游职业学院,http://ncvcct.com/,ncvcct.com,probed-2xx,200,2026-10-03,专科·四川省,枚举:GitHub高校数据集(阳光高考院校库域名+AllShoolData) 2026-10
academic:ncwu.edu.cn,academic,华北水利水电大学,http://www.ncwu.edu.cn/,ncwu.edu.cn,probed-2xx,200,2026-10-03,本科·河南省,枚举:GitHub高校数据集(阳光高考院校库域名+AllShoolData) 2026-10
academic:ncyscb.com,academic,南昌影视传播职业学院,http://www.ncyscb.com/,ncyscb.com,probed-4xx,404,2026-10-03,专科·江西省,枚举:GitHub高校数据集(阳光高考院校库域名+AllShoolData) 2026-10
academic:ncyu.edu.tw,academic,台湾嘉义大学,https://ncyu.edu.tw/,ncyu.edu.tw,probed-000,000,2026-10-03,本科·Demired源,枚举:GitHub高校数据集(阳光高考院校库域名+AllShoolData) 2026-10
academic:nczy.com,academic,南充职业技术学院,http://www.nczy.com/,nczy.com,probed-4xx,403,2026-10-03,专科·四川省,枚举:GitHub高校数据集(阳光高考院校库域名+AllShoolData) 2026-10
academic:nczyxy.com,academic,南昌职业学院,http://www.nczyxy.com/,nczyxy.com,probed-000,000,2026-10-03,专科·南昌市·Fitch源,枚举:GitHub高校数据集(阳光高考院校库域名+AllShoolData) 2026-10
academic:ndgy.cn,academic,南昌大学共青学院,http://www.ndgy.cn,ndgy.cn,probed-000,000,2026-10-03,本科·江西省,枚举:GitHub高校数据集(阳光高考院校库域名+AllShoolData) 2026-10
academic:ndgzy.com,academic,宁德职业技术学院,http://www.ndgzy.com/,ndgzy.com,probed-000,000,2026-10-03,专科·福建省,枚举:GitHub高校数据集(阳光高考院校库域名+AllShoolData) 2026-10
academic:ndkj.com.cn,academic,南昌大学科学技术学院,http://www.ndkj.com.cn/,ndkj.com.cn,probed-4xx,404,2026-10-03,本科·江西省,枚举:GitHub高校数据集(阳光高考院校库域名+AllShoolData) 2026-10
academic:ndky.edu.cn,academic,宁波大学科学技术学院,https://ndky.edu.cn/,ndky.edu.cn,probed-000,000,2026-10-03,本科·浙江省,枚举:GitHub高校数据集(阳光高考院校库域名+AllShoolData) 2026-10
academic:ndnu.edu.cn,academic,宁德师范学院,http://www.ndnu.edu.cn,ndnu.edu.cn,probed-2xx,200,2026-10-03,本科·福建省,枚举:GitHub高校数据集(阳光高考院校库域名+AllShoolData) 2026-10
academic:neau.edu.cn,academic,东北农业大学,http://www.neau.edu.cn/,neau.edu.cn,probed-000,000,2026-10-03,本科·黑龙江省,枚举:GitHub高校数据集(阳光高考院校库域名+AllShoolData) 2026-10
academic:neepu.edu.cn,academic,东北电力大学,http://www.neepu.edu.cn/,neepu.edu.cn,probed-2xx,200,2026-10-03,本科·吉林省,枚举:GitHub高校数据集(阳光高考院校库域名+AllShoolData) 2026-10
academic:nefu.edu.cn,academic,东北林业大学,http://www.nefu.edu.cn/,nefu.edu.cn,probed-2xx,200,2026-10-03,本科·黑龙江省,枚举:GitHub高校数据集(阳光高考院校库域名+AllShoolData) 2026-10
academic:nenu.edu.cn,academic,东北师范大学,http://www.nenu.edu.cn/,nenu.edu.cn,probed-2xx,200,2026-10-03,本科·吉林省,枚举:GitHub高校数据集(阳光高考院校库域名+AllShoolData) 2026-10
academic:nepu.edu.cn,academic,东北石油大学,http://www.nepu.edu.cn/,nepu.edu.cn,probed-2xx,200,2026-10-03,本科·黑龙江省,枚举:GitHub高校数据集(阳光高考院校库域名+AllShoolData) 2026-10
academic:neu.edu.cn,academic,东北大学,http://www.neu.edu.cn/,neu.edu.cn,probed-2xx,200,2026-10-03,本科·辽宁省,枚举:GitHub高校数据集(阳光高考院校库域名+AllShoolData) 2026-10
academic:neuq.edu.cn,academic,东北大学秦皇岛分校,https://neuq.edu.cn/,neuq.edu.cn,probed-4xx,403,2026-10-03,本科,枚举:GitHub高校数据集(阳光高考院校库域名+AllShoolData) 2026-10
academic:neusoft.edu.cn,academic,大连东软信息学院,http://www.neusoft.edu.cn/,neusoft.edu.cn,probed-2xx,200,2026-10-03,本科·辽宁省,枚举:GitHub高校数据集(阳光高考院校库域名+AllShoolData) 2026-10
academic:nfdx.net,academic,长沙南方职业学院,http://www.nfdx.net/,nfdx.net,probed-2xx,200,2026-10-03,专科·湖南省,枚举:GitHub高校数据集(阳光高考院校库域名+AllShoolData) 2026-10
academic:nfsysu.cn,academic,中山大学南方学院,http://www.nfsysu.cn/,nfsysu.cn,probed-000,000,2026-10-03,本科·广东省·Fitch源,枚举:GitHub高校数据集(阳光高考院校库域名+AllShoolData) 2026-10
academic:nfu.edu.cn,academic,广州南方学院,https://nfu.edu.cn/,nfu.edu.cn,probed-2xx,200,2026-10-03,本科,枚举:GitHub高校数据集(阳光高考院校库域名+AllShoolData) 2026-10
academic:nhic.edu.cn,academic,广东南华工商职业学院,http://www.nhic.edu.cn/,nhic.edu.cn,probed-2xx,200,2026-10-03,专科·广东省,枚举:GitHub高校数据集(阳光高考院校库域名+AllShoolData) 2026-10
academic:nhu.edu.tw,academic,台湾南华大学,https://nhu.edu.tw/,nhu.edu.tw,probed-2xx,200,2026-10-03,本科·Demired源,枚举:GitHub高校数据集(阳光高考院校库域名+AllShoolData) 2026-10
academic:nhxy.zjxu.edu.cn,academic,嘉兴学院南湖学院,http://nhxy.zjxu.edu.cn/,nhxy.zjxu.edu.cn,probed-000,000,2026-10-03,本科·浙江省·Fitch源,枚举:GitHub高校数据集(阳光高考院校库域名+AllShoolData) 2026-10
academic:niit.edu.cn,academic,南京工业职业技术大学,http://www.niit.edu.cn/,niit.edu.cn,probed-2xx,200,2026-10-03,本科·江苏省,枚举:GitHub高校数据集(阳光高考院校库域名+AllShoolData) 2026-10
academic:nimt.edu.cn,academic,南京机电职业技术学院,https://nimt.edu.cn/,nimt.edu.cn,probed-000,000,2026-10-03,专科·江苏省,枚举:GitHub高校数据集(阳光高考院校库域名+AllShoolData) 2026-10
academic:nipes.cn,academic,南京体育学院,http://www.nipes.cn/,nipes.cn,probed-2xx,200,2026-10-03,本科·江苏省,枚举:GitHub高校数据集(阳光高考院校库域名+AllShoolData) 2026-10
academic:nit.edu.cn,academic,南昌工程学院,http://www.nit.edu.cn/,nit.edu.cn,probed-000,000,2026-10-03,本科·江西省,枚举:GitHub高校数据集(阳光高考院校库域名+AllShoolData) 2026-10
academic:nit.net.cn,academic,浙江大学宁波理工学院,http://www.nit.net.cn/,nit.net.cn,probed-5xx,503,2026-10-03,本科·宁波市·Fitch源,枚举:GitHub高校数据集(阳光高考院校库域名+AllShoolData) 2026-10
academic:nith.edu.cn,academic,南京旅游职业学院,https://nith.edu.cn/,nith.edu.cn,probed-000,000,2026-10-03,专科·江苏省,枚举:GitHub高校数据集(阳光高考院校库域名+AllShoolData) 2026-10
academic:niva.cn,academic,南京视觉艺术职业学院,http://www.niva.cn/,niva.cn,probed-2xx,200,2026-10-03,专科·江苏省,枚举:GitHub高校数据集(阳光高考院校库域名+AllShoolData) 2026-10
academic:nivtc.com,academic,广元中核职业技术学院,http://nivtc.com/,nivtc.com,probed-2xx,200,2026-10-03,专科·四川省,枚举:GitHub高校数据集(阳光高考院校库域名+AllShoolData) 2026-10
academic:njau.edu.cn,academic,南京农业大学,http://www.njau.edu.cn/,njau.edu.cn,probed-2xx,200,2026-10-03,本科·江苏省,枚举:GitHub高校数据集(阳光高考院校库域名+AllShoolData) 2026-10
academic:njcit.cn,academic,南京信息职业技术学院,http://www.njcit.cn,njcit.cn,probed-2xx,200,2026-10-03,专科·江苏省,枚举:GitHub高校数据集(阳光高考院校库域名+AllShoolData) 2026-10
academic:njfu.edu.cn,academic,南京林业大学,http://www.njfu.edu.cn/,njfu.edu.cn,probed-2xx,200,2026-10-03,本科·江苏省,枚举:GitHub高校数据集(阳光高考院校库域名+AllShoolData) 2026-10
academic:njit.edu.cn,academic,南京工程学院,http://www.njit.edu.cn/,njit.edu.cn,probed-4xx,453,2026-10-03,本科·江苏省,枚举:GitHub高校数据集(阳光高考院校库域名+AllShoolData) 2026-10
academic:njitt.edu.cn,academic,南京交通职业技术学院,http://www.njitt.edu.cn,njitt.edu.cn,probed-2xx,200,2026-10-03,专科·江苏省,枚举:GitHub高校数据集(阳光高考院校库域名+AllShoolData) 2026-10
academic:njmu.edu.cn,academic,南京医科大学,http://www.njmu.edu.cn/,njmu.edu.cn,probed-2xx,200,2026-10-03,本科·江苏省;另含:南京医科大学康达学院,枚举:GitHub高校数据集(阳光高考院校库域名+AllShoolData) 2026-10
academic:njnhvc.edu.cn,academic,内江卫生与健康职业学院,https://njnhvc.edu.cn/,njnhvc.edu.cn,probed-000,000,2026-10-03,专科·四川省,枚举:GitHub高校数据集(阳光高考院校库域名+AllShoolData) 2026-10
academic:njnu.edu.cn,academic,南京师范大学,http://www.njnu.edu.cn/,njnu.edu.cn,probed-2xx,200,2026-10-03,本科·江苏省,枚举:GitHub高校数据集(阳光高考院校库域名+AllShoolData) 2026-10
academic:njpi.edu.cn,academic,南京科技职业学院,http://www.njpi.edu.cn,njpi.edu.cn,probed-3xx,301,2026-10-03,专科·江苏省,枚举:GitHub高校数据集(阳光高考院校库域名+AllShoolData) 2026-10
academic:njpji.cn,academic,南京工业大学浦江学院,http://www.njpji.cn/,njpji.cn,probed-2xx,200,2026-10-03,本科·江苏省,枚举:GitHub高校数据集(阳光高考院校库域名+AllShoolData) 2026-10
academic:njrts.edu.cn,academic,南京铁道职业技术学院,http://www.njrts.edu.cn/,njrts.edu.cn,probed-2xx,200,2026-10-03,专科·江苏省,枚举:GitHub高校数据集(阳光高考院校库域名+AllShoolData) 2026-10
academic:njtc.edu.cn,academic,内江师范学院,http://www.njtc.edu.cn/,njtc.edu.cn,probed-2xx,200,2026-10-03,本科·四川省,枚举:GitHub高校数据集(阳光高考院校库域名+AllShoolData) 2026-10
academic:njtech.edu.cn,academic,南京工业大学,http://www.njtech.edu.cn/,njtech.edu.cn,probed-4xx,483,2026-10-03,本科·江苏省,枚举:GitHub高校数据集(阳光高考院校库域名+AllShoolData) 2026-10
academic:njts.edu.cn,academic,南京特殊教育师范学院,http://www.njts.edu.cn/,njts.edu.cn,probed-2xx,200,2026-10-03,本科·江苏省,枚举:GitHub高校数据集(阳光高考院校库域名+AllShoolData) 2026-10
academic:nju.edu.cn,academic,南京大学,http://www.nju.edu.cn/,nju.edu.cn,probed-2xx,200,2026-10-03,本科·江苏省,枚举:GitHub高校数据集(阳光高考院校库域名+AllShoolData) 2026-10
academic:njucm.edu.cn,academic,南京中医药大学,https://njucm.edu.cn/,njucm.edu.cn,probed-000,000,2026-10-03,本科·江苏省,枚举:GitHub高校数据集(阳光高考院校库域名+AllShoolData) 2026-10
academic:njupt.edu.cn,academic,南京邮电大学,http://www.njupt.edu.cn/,njupt.edu.cn,probed-2xx,200,2026-10-03,本科·江苏省,枚举:GitHub高校数据集(阳光高考院校库域名+AllShoolData) 2026-10
academic:njust.edu.cn,academic,南京理工大学,http://www.njust.edu.cn/,njust.edu.cn,probed-2xx,202,2026-10-03,本科·江苏省;另含:南京理工大学紫金学院,枚举:GitHub高校数据集(阳光高考院校库域名+AllShoolData) 2026-10
academic:njvtc.edu.cn,academic,内江职业技术学院,http://www.njvtc.edu.cn,njvtc.edu.cn,probed-2xx,200,2026-10-03,专科·四川省,枚举:GitHub高校数据集(阳光高考院校库域名+AllShoolData) 2026-10
academic:njxzc.edu.cn,academic,南京晓庄学院,http://www.njxzc.edu.cn/,njxzc.edu.cn,probed-2xx,200,2026-10-03,本科·江苏省,枚举:GitHub高校数据集(阳光高考院校库域名+AllShoolData) 2026-10
academic:nkkjxy.org.cn,academic,黑龙江农垦科技职业学院,http://www.nkkjxy.org.cn,nkkjxy.org.cn,probed-000,000,2026-10-03,专科·黑龙江省,枚举:GitHub高校数据集(阳光高考院校库域名+AllShoolData) 2026-10
academic:nkuht.edu.tw,academic,高雄餐旅大学,https://nkuht.edu.tw/,nkuht.edu.tw,probed-000,000,2026-10-03,本科·Demired源,枚举:GitHub高校数据集(阳光高考院校库域名+AllShoolData) 2026-10
academic:nkzy.org.cn,academic,黑龙江农垦职业学院,http://www.nkzy.org.cn,nkzy.org.cn,probed-2xx,200,2026-10-03,专科·黑龙江省,枚举:GitHub高校数据集(阳光高考院校库域名+AllShoolData) 2026-10
academic:nmbfxy.com,academic,内蒙古北方职业技术学院,http://www.nmbfxy.com/,nmbfxy.com,probed-2xx,200,2026-10-03,专科·内蒙古自治区,枚举:GitHub高校数据集(阳光高考院校库域名+AllShoolData) 2026-10
academic:nmgjdxy.com,academic,内蒙古机电职业技术学院,http://www.nmgjdxy.com/,nmgjdxy.com,probed-000,000,2026-10-03,专科·内蒙古自治区,枚举:GitHub高校数据集(阳光高考院校库域名+AllShoolData) 2026-10
academic:nmgjwy.com,academic,内蒙古经贸外语职业学院,http://www.nmgjwy.com/,nmgjwy.com,probed-2xx,200,2026-10-03,专科·内蒙古自治区·Fitch源,枚举:GitHub高校数据集(阳光高考院校库域名+AllShoolData) 2026-10
academic:nmgmsxy.net,academic,内蒙古美术职业学院,http://www.nmgmsxy.net/,nmgmsxy.net,probed-2xx,200,2026-10-03,专科·内蒙古自治区,枚举:GitHub高校数据集(阳光高考院校库域名+AllShoolData) 2026-10
academic:nmjtzy.com,academic,内蒙古交通职业技术学院,http://www.nmjtzy.com/,nmjtzy.com,probed-2xx,200,2026-10-03,专科·内蒙古自治区,枚举:GitHub高校数据集(阳光高考院校库域名+AllShoolData) 2026-10
academic:nmmzyz.org.cn,academic,内蒙古民族幼儿师范高等专科学校,http://www.nmmzyz.org.cn,nmmzyz.org.cn,probed-2xx,200,2026-10-03,专科·内蒙古自治区,枚举:GitHub高校数据集(阳光高考院校库域名+AllShoolData) 2026-10
academic:nmpower.cn,academic,内蒙古能源职业学院,http://www.nmpower.cn/,nmpower.cn,probed-2xx,200,2026-10-03,专科·内蒙古自治区,枚举:GitHub高校数据集(阳光高考院校库域名+AllShoolData) 2026-10
academic:nmtyxy.com,academic,内蒙古体育职业学院,http://www.nmtyxy.com/,nmtyxy.com,probed-000,000,2026-10-03,专科·内蒙古自治区,枚举:GitHub高校数据集(阳光高考院校库域名+AllShoolData) 2026-10
academic:nmu.edu.cn,academic,北方民族大学,https://nmu.edu.cn/,nmu.edu.cn,probed-000,000,2026-10-03,本科·宁夏回族自治区,枚举:GitHub高校数据集(阳光高考院校库域名+AllShoolData) 2026-10
academic:nmxuanyuan.cn,academic,内蒙古工业职业学院,http://www.nmxuanyuan.cn/,nmxuanyuan.cn,probed-4xx,403,2026-10-03,专科·内蒙古自治区·Fitch源,枚举:GitHub高校数据集(阳光高考院校库域名+AllShoolData) 2026-10
academic:nmxzy.cn,academic,兴安职业技术学院,http://www.nmxzy.cn/,nmxzy.cn,probed-2xx,200,2026-10-03,专科·内蒙古自治区,枚举:GitHub高校数据集(阳光高考院校库域名+AllShoolData) 2026-10
academic:nncat.edu.cn,academic,南昌应用技术师范学院,https://nncat.edu.cn/,nncat.edu.cn,probed-2xx,200,2026-10-03,本科,枚举:GitHub高校数据集(阳光高考院校库域名+AllShoolData) 2026-10
academic:nncvt.edu.cn,academic,南宁职业技术学院,https://nncvt.edu.cn/,nncvt.edu.cn,probed-000,000,2026-10-03,专科·广西壮族自治区,枚举:GitHub高校数据集(阳光高考院校库域名+AllShoolData) 2026-10
academic:nnnu.edu.cn,academic,南宁师范大学,https://nnnu.edu.cn/,nnnu.edu.cn,probed-000,000,2026-10-03,本科·广西壮族自治区,枚举:GitHub高校数据集(阳光高考院校库域名+AllShoolData) 2026-10
academic:nnudy.edu.cn,academic,南京师范大学中北学院,https://nnudy.edu.cn/,nnudy.edu.cn,probed-000,000,2026-10-03,本科·江苏省,枚举:GitHub高校数据集(阳光高考院校库域名+AllShoolData) 2026-10
academic:nnutc.edu.cn,academic,南京师范大学泰州学院,http://www.nnutc.edu.cn,nnutc.edu.cn,probed-2xx,200,2026-10-03,本科·江苏省,枚举:GitHub高校数据集(阳光高考院校库域名+AllShoolData) 2026-10
academic:nnxy.edu.cn,academic,南宁学院,https://nnxy.edu.cn/,nnxy.edu.cn,probed-000,000,2026-10-03,本科·广西壮族自治区,枚举:GitHub高校数据集(阳光高考院校库域名+AllShoolData) 2026-10
academic:nottingham.edu.cn,academic,宁波诺丁汉大学,http://www.nottingham.edu.cn/,nottingham.edu.cn,probed-2xx,200,2026-10-03,本科·浙江省,枚举:GitHub高校数据集(阳光高考院校库域名+AllShoolData) 2026-10
academic:npumd.cn,academic,西北工业大学明德学院,http://www.npumd.cn/,npumd.cn,probed-2xx,200,2026-10-03,本科·西安市·Fitch源,枚举:GitHub高校数据集(阳光高考院校库域名+AllShoolData) 2026-10
academic:nsi-soft.com,academic,沈阳北软信息职业技术学院,http://www.nsi-soft.com/,nsi-soft.com,probed-2xx,200,2026-10-03,专科·辽宁省,枚举:GitHub高校数据集(阳光高考院校库域名+AllShoolData) 2026-10
academic:nsjy.com.cn,academic,宁夏警官职业学院,http://www.nsjy.com.cn/,nsjy.com.cn,probed-4xx,404,2026-10-03,专科·宁夏回族自治区,枚举:GitHub高校数据集(阳光高考院校库域名+AllShoolData) 2026-10
academic:nsmc.edu.cn,academic,川北医学院,http://www.nsmc.edu.cn/,nsmc.edu.cn,probed-2xx,200,2026-10-03,本科·四川省,枚举:GitHub高校数据集(阳光高考院校库域名+AllShoolData) 2026-10
academic:nstc.edu.cn,academic,南充科技职业学院,https://nstc.edu.cn/,nstc.edu.cn,probed-000,000,2026-10-03,专科·四川省,枚举:GitHub高校数据集(阳光高考院校库域名+AllShoolData) 2026-10
academic:nstc.sau.edu.cn,academic,沈阳航空航天大学北方科技学院,http://nstc.sau.edu.cn/,nstc.sau.edu.cn,probed-000,000,2026-10-03,本科·辽宁省·Fitch源,枚举:GitHub高校数据集(阳光高考院校库域名+AllShoolData) 2026-10
academic:nsysu.edu.tw,academic,台湾中山大学,https://nsysu.edu.tw/,nsysu.edu.tw,probed-000,000,2026-10-03,本科·Demired源,枚举:GitHub高校数据集(阳光高考院校库域名+AllShoolData) 2026-10
academic:nthu.edu.tw,academic,台湾清华大学,https://nthu.edu.tw/,nthu.edu.tw,probed-000,000,2026-10-03,本科·Demired源,枚举:GitHub高校数据集(阳光高考院校库域名+AllShoolData) 2026-10
academic:ntit.edu.cn,academic,南通理工学院,http://www.ntit.edu.cn,ntit.edu.cn,probed-4xx,412,2026-10-03,本科·江苏省,枚举:GitHub高校数据集(阳光高考院校库域名+AllShoolData) 2026-10
academic:ntnc.edu.cn,academic,南通师范高等专科学校,http://www.ntnc.edu.cn,ntnc.edu.cn,probed-000,000,2026-10-03,专科·江苏省,枚举:GitHub高校数据集(阳光高考院校库域名+AllShoolData) 2026-10
academic:ntnu.edu.tw,academic,台湾师范大学,https://ntnu.edu.tw/,ntnu.edu.tw,probed-000,000,2026-10-03,本科·Demired源,枚举:GitHub高校数据集(阳光高考院校库域名+AllShoolData) 2026-10
academic:ntou.edu.tw,academic,台湾海洋大学,https://ntou.edu.tw/,ntou.edu.tw,probed-2xx,200,2026-10-03,本科·Demired源,枚举:GitHub高校数据集(阳光高考院校库域名+AllShoolData) 2026-10
academic:ntsc.edu.cn,academic,江苏航运职业技术学院,http://www.ntsc.edu.cn/,ntsc.edu.cn,probed-000,000,2026-10-03,专科·江苏省,枚举:GitHub高校数据集(阳光高考院校库域名+AllShoolData) 2026-10
academic:ntst.edu.cn,academic,南通科技职业学院,http://www.ntst.edu.cn,ntst.edu.cn,probed-000,000,2026-10-03,专科·江苏省,枚举:GitHub高校数据集(阳光高考院校库域名+AllShoolData) 2026-10
academic:ntsu.edu.tw,academic,台湾体育大学,https://ntsu.edu.tw/,ntsu.edu.tw,probed-000,000,2026-10-03,本科·Demired源,枚举:GitHub高校数据集(阳光高考院校库域名+AllShoolData) 2026-10
academic:ntu.edu.cn,academic,南通大学,http://www.ntu.edu.cn/,ntu.edu.cn,probed-2xx,200,2026-10-03,本科·江苏省;另含:南通大学杏林学院,枚举:GitHub高校数据集(阳光高考院校库域名+AllShoolData) 2026-10
academic:ntu.edu.tw,academic,台湾大学,https://ntu.edu.tw/,ntu.edu.tw,probed-000,000,2026-10-03,本科·Demired源,枚举:GitHub高校数据集(阳光高考院校库域名+AllShoolData) 2026-10
academic:ntua.edu.tw,academic,台湾艺术大学,https://ntua.edu.tw/,ntua.edu.tw,probed-000,000,2026-10-03,本科·Demired源,枚举:GitHub高校数据集(阳光高考院校库域名+AllShoolData) 2026-10
academic:ntue.edu.tw,academic,台北教育大学,https://ntue.edu.tw/,ntue.edu.tw,probed-000,000,2026-10-03,本科·Demired源,枚举:GitHub高校数据集(阳光高考院校库域名+AllShoolData) 2026-10
academic:ntupes.edu.tw,academic,台湾体育运动大学,https://ntupes.edu.tw/,ntupes.edu.tw,probed-000,000,2026-10-03,本科·Demired源,枚举:GitHub高校数据集(阳光高考院校库域名+AllShoolData) 2026-10
academic:ntust.edu.tw,academic,台湾科技大学,https://ntust.edu.tw/,ntust.edu.tw,probed-000,000,2026-10-03,本科·Demired源,枚举:GitHub高校数据集(阳光高考院校库域名+AllShoolData) 2026-10
academic:ntut.edu.tw,academic,台北科技大学,https://ntut.edu.tw/,ntut.edu.tw,probed-2xx,200,2026-10-03,本科·Demired源,枚举:GitHub高校数据集(阳光高考院校库域名+AllShoolData) 2026-10
academic:ntvu.edu.cn,academic,南通职业大学,http://www.ntvu.edu.cn,ntvu.edu.cn,probed-2xx,200,2026-10-03,专科·江苏省,枚举:GitHub高校数据集(阳光高考院校库域名+AllShoolData) 2026-10
academic:nua.edu.cn,academic,南京艺术学院,http://www.nua.edu.cn/,nua.edu.cn,probed-2xx,200,2026-10-03,本科·江苏省,枚举:GitHub高校数据集(阳光高考院校库域名+AllShoolData) 2026-10
academic:nuaa.edu.cn,academic,南京航空航天大学,http://www.nuaa.edu.cn/,nuaa.edu.cn,probed-4xx,412,2026-10-03,"本科·江苏省;另含:正德职业技术学院,南京航空航天大学金城学院",枚举:GitHub高校数据集(阳光高考院校库域名+AllShoolData) 2026-10
academic:nuc.edu.cn,academic,中北大学,http://www.nuc.edu.cn/,nuc.edu.cn,probed-000,000,2026-10-03,本科·山西省,枚举:GitHub高校数据集(阳光高考院校库域名+AllShoolData) 2026-10
academic:nudt.edu.cn,academic,国防科技大学,https://nudt.edu.cn/,nudt.edu.cn,probed-000,000,2026-10-03,本科,枚举:GitHub高校数据集(阳光高考院校库域名+AllShoolData) 2026-10
academic:nue.edu.cn,academic,海军工程大学,https://nue.edu.cn/,nue.edu.cn,probed-000,000,2026-10-03,本科,枚举:GitHub高校数据集(阳光高考院校库域名+AllShoolData) 2026-10
academic:nufe.edu.cn,academic,南京财经大学,https://nufe.edu.cn/,nufe.edu.cn,probed-000,000,2026-10-03,本科·江苏省;另含:南京财经大学红山学院,枚举:GitHub高校数据集(阳光高考院校库域名+AllShoolData) 2026-10
academic:nuist.edu.cn,academic,南京信息工程大学,http://www.nuist.edu.cn/,nuist.edu.cn,probed-2xx,200,2026-10-03,本科·江苏省,枚举:GitHub高校数据集(阳光高考院校库域名+AllShoolData) 2026-10
academic:nuit.edu.cn,academic,广东东软学院,http://www.nuit.edu.cn,nuit.edu.cn,probed-2xx,200,2026-10-03,本科·广东省,枚举:GitHub高校数据集(阳光高考院校库域名+AllShoolData) 2026-10
academic:nuk.edu.tw,academic,台湾高雄大学,https://nuk.edu.tw/,nuk.edu.tw,probed-000,000,2026-10-03,本科·Demired源,枚举:GitHub高校数据集(阳光高考院校库域名+AllShoolData) 2026-10
academic:nustti.edu.cn,academic,南京理工大学泰州科技学院,http://www.nustti.edu.cn/,nustti.edu.cn,probed-4xx,483,2026-10-03,本科·江苏省,枚举:GitHub高校数据集(阳光高考院校库域名+AllShoolData) 2026-10
academic:nut.edu.cn,academic,南昌理工学院,https://nut.edu.cn/,nut.edu.cn,probed-2xx,200,2026-10-03,本科·江西省,枚举:GitHub高校数据集(阳光高考院校库域名+AllShoolData) 2026-10
academic:nuu.edu.tw,academic,台湾联合大学,https://nuu.edu.tw/,nuu.edu.tw,probed-2xx,200,2026-10-03,本科·Demired源,枚举:GitHub高校数据集(阳光高考院校库域名+AllShoolData) 2026-10
academic:nvu.edu.cn,academic,南昌职业大学,https://nvu.edu.cn/,nvu.edu.cn,probed-000,000,2026-10-03,本科·江西省,枚举:GitHub高校数据集(阳光高考院校库域名+AllShoolData) 2026-10
academic:nwafu.edu.cn,academic,西北农林科技大学,https://nwafu.edu.cn/,nwafu.edu.cn,probed-2xx,200,2026-10-03,本科·陕西省,枚举:GitHub高校数据集(阳光高考院校库域名+AllShoolData) 2026-10
academic:nwnu.edu.cn,academic,西北师范大学,http://www.nwnu.edu.cn/,nwnu.edu.cn,probed-4xx,412,2026-10-03,本科·甘肃省,枚举:GitHub高校数据集(阳光高考院校库域名+AllShoolData) 2026-10
academic:nwpu.edu.cn,academic,西北工业大学,http://www.nwpu.edu.cn/,nwpu.edu.cn,probed-2xx,200,2026-10-03,本科·陕西省,枚举:GitHub高校数据集(阳光高考院校库域名+AllShoolData) 2026-10
academic:nwu.edu.cn,academic,西北大学,http://www.nwu.edu.cn/,nwu.edu.cn,probed-2xx,200,2026-10-03,本科·陕西省,枚举:GitHub高校数据集(阳光高考院校库域名+AllShoolData) 2026-10
academic:nwupl.edu.cn,academic,西北政法大学,http://www.nwupl.edu.cn,nwupl.edu.cn,probed-2xx,200,2026-10-03,本科·陕西省,枚举:GitHub高校数据集(阳光高考院校库域名+AllShoolData) 2026-10
academic:nxcy.edu.cn,academic,宁夏财经职业技术学院,http://www.nxcy.edu.cn/,nxcy.edu.cn,probed-2xx,200,2026-10-03,专科·宁夏回族自治区,枚举:GitHub高校数据集(阳光高考院校库域名+AllShoolData) 2026-10
academic:nxfszs.cn,academic,宁夏葡萄酒与防沙治沙职业技术学院,http://www.nxfszs.cn,nxfszs.cn,probed-2xx,200,2026-10-03,专科·宁夏回族自治区,枚举:GitHub高校数据集(阳光高考院校库域名+AllShoolData) 2026-10
academic:nxgs.edu.cn,academic,宁夏工商职业技术学院,http://www.nxgs.edu.cn/,nxgs.edu.cn,probed-2xx,200,2026-10-03,专科·宁夏回族自治区,枚举:GitHub高校数据集(阳光高考院校库域名+AllShoolData) 2026-10
academic:nxist.com,academic,宁夏理工学院,http://www.nxist.com/,nxist.com,probed-2xx,200,2026-10-03,本科·宁夏回族自治区·未核实,枚举:GitHub高校数据集(阳光高考院校库域名+AllShoolData) 2026-10
academic:nxjy.edu.cn,academic,宁夏建设职业技术学院,http://www.nxjy.edu.cn/,nxjy.edu.cn,probed-5xx,502,2026-10-03,专科·宁夏回族自治区,枚举:GitHub高校数据集(阳光高考院校库域名+AllShoolData) 2026-10
academic:nxmu.edu.cn,academic,宁夏医科大学,http://www.nxmu.edu.cn/,nxmu.edu.cn,probed-2xx,200,2026-10-03,本科·宁夏回族自治区,枚举:GitHub高校数据集(阳光高考院校库域名+AllShoolData) 2026-10
academic:nxmzy.com.cn,academic,宁夏民族职业技术学院,http://www.nxmzy.com.cn/,nxmzy.com.cn,probed-2xx,200,2026-10-03,专科·宁夏回族自治区,枚举:GitHub高校数据集(阳光高考院校库域名+AllShoolData) 2026-10
academic:nxngzy.com,academic,宁夏工业职业学院,http://nxngzy.com/,nxngzy.com,probed-000,000,2026-10-03,专科·宁夏回族自治区·未核实,枚举:GitHub高校数据集(阳光高考院校库域名+AllShoolData) 2026-10
academic:nxnu.edu.cn,academic,宁夏师范学院,https://nxnu.edu.cn/,nxnu.edu.cn,probed-2xx,200,2026-10-03,本科·宁夏回族自治区,枚举:GitHub高校数据集(阳光高考院校库域名+AllShoolData) 2026-10
academic:nxpec.edu.cn,academic,宁夏幼儿师范高等专科学校,https://nxpec.edu.cn/,nxpec.edu.cn,probed-000,000,2026-10-03,专科·宁夏回族自治区·未核实,枚举:GitHub高校数据集(阳光高考院校库域名+AllShoolData) 2026-10
academic:nxszsgm.com,academic,石嘴山工贸职业技术学院,http://nxszsgm.com/,nxszsgm.com,probed-000,000,2026-10-03,专科·宁夏回族自治区,枚举:GitHub高校数据集(阳光高考院校库域名+AllShoolData) 2026-10
academic:nxtc.edu.cn,academic,宁夏职业技术学院,http://www.nxtc.edu.cn/,nxtc.edu.cn,probed-2xx,200,2026-10-03,专科·宁夏回族自治区,枚举:GitHub高校数据集(阳光高考院校库域名+AllShoolData) 2026-10
academic:nxtzy.com.cn,academic,宁夏体育职业学院,http://nxtzy.com.cn/,nxtzy.com.cn,probed-000,000,2026-10-03,专科·宁夏回族自治区,枚举:GitHub高校数据集(阳光高考院校库域名+AllShoolData) 2026-10
academic:nxu.edu.cn,academic,宁夏大学,http://www.nxu.edu.cn/,nxu.edu.cn,probed-2xx,200,2026-10-03,本科·宁夏回族自治区;另含:宁夏大学新华学院,枚举:GitHub高校数据集(阳光高考院校库域名+AllShoolData) 2026-10
academic:nxyszyxy.com,academic,宁夏艺术职业学院,http://nxyszyxy.com/,nxyszyxy.com,probed-2xx,200,2026-10-03,专科·宁夏回族自治区,枚举:GitHub高校数据集(阳光高考院校库域名+AllShoolData) 2026-10
academic:ny2000.com,academic,厦门南洋职业学院,http://www.ny2000.com/,ny2000.com,probed-2xx,200,2026-10-03,专科·福建省,枚举:GitHub高校数据集(阳光高考院校库域名+AllShoolData) 2026-10
academic:nyca.edu.cn,academic,南阳农业职业学院,https://nyca.edu.cn/,nyca.edu.cn,probed-000,000,2026-10-03,专科·河南省,枚举:GitHub高校数据集(阳光高考院校库域名+AllShoolData) 2026-10
academic:nyist.edu.cn,academic,南阳理工学院,http://www.nyist.edu.cn,nyist.edu.cn,probed-2xx,200,2026-10-03,本科·河南省,枚举:GitHub高校数据集(阳光高考院校库域名+AllShoolData) 2026-10
academic:nyjy.cn,academic,广州南洋理工职业学院,http://www.nyjy.cn/,nyjy.cn,probed-4xx,404,2026-10-03,专科·广东省·未核实,枚举:GitHub高校数据集(阳光高考院校库域名+AllShoolData) 2026-10
academic:nykjzyxydz.com,academic,南阳科技职业学院,http://nykjzyxydz.com/,nykjzyxydz.com,probed-4xx,404,2026-10-03,专科·河南省,枚举:GitHub高校数据集(阳光高考院校库域名+AllShoolData) 2026-10
academic:nymc.edu.cn,academic,南阳医学高等专科学校,http://www.nymc.edu.cn,nymc.edu.cn,probed-2xx,200,2026-10-03,专科·河南省,枚举:GitHub高校数据集(阳光高考院校库域名+AllShoolData) 2026-10
academic:nynu.edu.cn,academic,南阳师范学院,http://www.nynu.edu.cn/,nynu.edu.cn,probed-2xx,200,2026-10-03,本科·河南省,枚举:GitHub高校数据集(阳光高考院校库域名+AllShoolData) 2026-10
academic:nytdc.edu.cn,academic,南京邮电大学通达学院,http://www.nytdc.edu.cn,nytdc.edu.cn,probed-2xx,200,2026-10-03,本科·江苏省,枚举:GitHub高校数据集(阳光高考院校库域名+AllShoolData) 2026-10
academic:nyu.edu,academic,上海纽约大学,https://nyu.edu/,nyu.edu,probed-2xx,202,2026-10-03,本科·上海市,枚举:GitHub高校数据集(阳光高考院校库域名+AllShoolData) 2026-10
academic:nyvc.edu.cn,academic,南阳职业学院,https://nyvc.edu.cn/,nyvc.edu.cn,probed-000,000,2026-10-03,专科·河南省·未核实,枚举:GitHub高校数据集(阳光高考院校库域名+AllShoolData) 2026-10
academic:nyxy.hynu.cn,academic,衡阳师范学院南岳学院,http://nyxy.hynu.cn/,nyxy.hynu.cn,probed-000,000,2026-10-03,本科·湖南省,枚举:GitHub高校数据集(阳光高考院校库域名+AllShoolData) 2026-10
academic:oit.edu.cn,academic,鄂尔多斯应用技术学院,http://www.oit.edu.cn/,oit.edu.cn,probed-2xx,200,2026-10-03,本科·内蒙古自治区,枚举:GitHub高校数据集(阳光高考院校库域名+AllShoolData) 2026-10
academic:ojc.zj.cn,academic,温州理工学院,http://www.ojc.zj.cn/,ojc.zj.cn,probed-4xx,404,2026-10-03,本科·未核实,枚举:GitHub高校数据集(阳光高考院校库域名+AllShoolData) 2026-10
academic:ordossthjzyxy.cn,academic,鄂尔多斯生态环境职业学院,http://ordossthjzyxy.cn/,ordossthjzyxy.cn,probed-2xx,200,2026-10-03,专科·内蒙古自治区,枚举:GitHub高校数据集(阳光高考院校库域名+AllShoolData) 2026-10
academic:ordosvc.cn,academic,鄂尔多斯职业学院,http://www.ordosvc.cn/,ordosvc.cn,probed-2xx,200,2026-10-03,专科·内蒙古自治区,枚举:GitHub高校数据集(阳光高考院校库域名+AllShoolData) 2026-10
academic:ouc.edu.cn,academic,中国海洋大学,http://www.ouc.edu.cn/,ouc.edu.cn,probed-2xx,200,2026-10-03,本科·山东省,枚举:GitHub高校数据集(阳光高考院校库域名+AllShoolData) 2026-10
academic:ouhk.edu.hk,academic,香港公开大学,https://ouhk.edu.hk/,ouhk.edu.hk,probed-4xx,403,2026-10-03,本科·Demired源,枚举:GitHub高校数据集(阳光高考院校库域名+AllShoolData) 2026-10
academic:oxbridge.edu.cn,academic,昆明理工大学津桥学院,http://www.oxbridge.edu.cn/,oxbridge.edu.cn,probed-2xx,200,2026-10-03,本科·云南省,枚举:GitHub高校数据集(阳光高考院校库域名+AllShoolData) 2026-10
academic:paisi.edu.cn,academic,重庆工商大学派斯学院,http://www.paisi.edu.cn,paisi.edu.cn,probed-2xx,200,2026-10-03,本科·重庆市,枚举:GitHub高校数据集(阳光高考院校库域名+AllShoolData) 2026-10
academic:pccu.edu.tw,academic,中国文化大学（台湾）,https://pccu.edu.tw/,pccu.edu.tw,probed-000,000,2026-10-03,本科·Demired源,枚举:GitHub高校数据集(阳光高考院校库域名+AllShoolData) 2026-10
academic:pctj.edu.cn,academic,天津工业职业学院,https://pctj.edu.cn/,pctj.edu.cn,probed-000,000,2026-10-03,专科·天津市,枚举:GitHub高校数据集(阳光高考院校库域名+AllShoolData) 2026-10
academic:pdsu.edu.cn,academic,平顶山学院,http://www.pdsu.edu.cn/,pdsu.edu.cn,probed-2xx,200,2026-10-03,本科·河南省,枚举:GitHub高校数据集(阳光高考院校库域名+AllShoolData) 2026-10
academic:pdszy.edu.cn,academic,平顶山职业技术学院,https://pdszy.edu.cn/,pdszy.edu.cn,probed-2xx,200,2026-10-03,专科·河南省,枚举:GitHub高校数据集(阳光高考院校库域名+AllShoolData) 2026-10
academic:peihua.cn,academic,西安培华学院,http://www.peihua.cn/,peihua.cn,probed-2xx,200,2026-10-03,本科·陕西省,枚举:GitHub高校数据集(阳光高考院校库域名+AllShoolData) 2026-10
academic:peixianedu.cn,academic,广西培贤国际职业学院,http://www.peixianedu.cn,peixianedu.cn,probed-2xx,200,2026-10-03,专科·广西壮族自治区,枚举:GitHub高校数据集(阳光高考院校库域名+AllShoolData) 2026-10
academic:peizheng.edu.cn,academic,广东培正学院,https://peizheng.edu.cn/,peizheng.edu.cn,probed-000,000,2026-10-03,本科·广东省,枚举:GitHub高校数据集(阳光高考院校库域名+AllShoolData) 2026-10
academic:peuni.cn,academic,普洱学院,http://www.peuni.cn/,peuni.cn,probed-000,000,2026-10-03,本科·云南省,枚举:GitHub高校数据集(阳光高考院校库域名+AllShoolData) 2026-10
academic:pfc.edu.cn,academic,北京北大方正软件职业技术学院,http://www.pfc.edu.cn/,pfc.edu.cn,probed-2xx,200,2026-10-03,专科·北京市,枚举:GitHub高校数据集(阳光高考院校库域名+AllShoolData) 2026-10
academic:pjvtc.edu.cn,academic,盘锦职业技术学院,https://pjvtc.edu.cn/,pjvtc.edu.cn,probed-000,000,2026-10-03,专科·辽宁省,枚举:GitHub高校数据集(阳光高考院校库域名+AllShoolData) 2026-10
academic:pku.edu.cn,academic,北京大学,http://www.pku.edu.cn/,pku.edu.cn,probed-2xx,200,2026-10-03,本科·北京市,枚举:GitHub高校数据集(阳光高考院校库域名+AllShoolData) 2026-10
academic:plaieu.edu.cn,academic,战略支援部队信息工程大学,https://plaieu.edu.cn/,plaieu.edu.cn,probed-000,000,2026-10-03,本科,枚举:GitHub高校数据集(阳光高考院校库域名+AllShoolData) 2026-10
academic:plvtc.cn,academic,平凉职业技术学院,http://www.plvtc.cn/,plvtc.cn,probed-2xx,200,2026-10-03,专科·甘肃省,枚举:GitHub高校数据集(阳光高考院校库域名+AllShoolData) 2026-10
academic:plzyxy.com,academic,培黎职业学院,http://plzyxy.com/,plzyxy.com,probed-000,000,2026-10-03,专科·甘肃省,枚举:GitHub高校数据集(阳光高考院校库域名+AllShoolData) 2026-10
academic:polus.edu.cn,academic,四川国际标榜职业学院,http://www.polus.edu.cn/,polus.edu.cn,probed-5xx,500,2026-10-03,专科·四川省,枚举:GitHub高校数据集(阳光高考院校库域名+AllShoolData) 2026-10
academic:polyu.edu.hk,academic,香港理工大学,https://polyu.edu.hk/,polyu.edu.hk,probed-2xx,200,2026-10-03,本科·香港特别行政区·Demired源,枚举:GitHub高校数据集(阳光高考院校库域名+AllShoolData) 2026-10
academic:portal.gzife.edu.cn,academic,贵州财经学院商务学院,http://portal.gzife.edu.cn/com,portal.gzife.edu.cn,probed-000,000,2026-10-03,本科·贵阳市·Fitch源,枚举:GitHub高校数据集(阳光高考院校库域名+AllShoolData) 2026-10
academic:ppsuc.edu.cn,academic,中国人民公安大学,http://www.ppsuc.edu.cn,ppsuc.edu.cn,probed-000,000,2026-10-03,本科·北京市,枚举:GitHub高校数据集(阳光高考院校库域名+AllShoolData) 2026-10
academic:ptu.edu.cn,academic,莆田学院,http://www.ptu.edu.cn,ptu.edu.cn,probed-2xx,200,2026-10-03,本科·福建省,枚举:GitHub高校数据集(阳光高考院校库域名+AllShoolData) 2026-10
academic:pu.edu.tw,academic,静宜大学,https://pu.edu.tw/,pu.edu.tw,probed-000,000,2026-10-03,本科·台湾省·Demired源,枚举:GitHub高校数据集(阳光高考院校库域名+AllShoolData) 2026-10
academic:pumc.edu.cn,academic,北京协和医学院,http://www.pumc.edu.cn,pumc.edu.cn,probed-2xx,200,2026-10-03,本科·北京市,枚举:GitHub高校数据集(阳光高考院校库域名+AllShoolData) 2026-10
academic:pvtc.edu.cn,academic,河北石油职业技术学院,http://www.pvtc.edu.cn/,pvtc.edu.cn,probed-000,000,2026-10-03,专科·河北省·Fitch源,枚举:GitHub高校数据集(阳光高考院校库域名+AllShoolData) 2026-10
academic:pxc.jx.cn,academic,萍乡学院,http://www.pxc.jx.cn/,pxc.jx.cn,probed-2xx,200,2026-10-03,本科·江西省,枚举:GitHub高校数据集(阳光高考院校库域名+AllShoolData) 2026-10
academic:pxhvc.com,academic,萍乡卫生职业学院,http://pxhvc.com/,pxhvc.com,probed-000,000,2026-10-03,专科·江西省,枚举:GitHub高校数据集(阳光高考院校库域名+AllShoolData) 2026-10
academic:pymc.edu.cn,academic,濮阳医学高等专科学校,https://pymc.edu.cn/,pymc.edu.cn,probed-000,000,2026-10-03,专科·河南省,枚举:GitHub高校数据集(阳光高考院校库域名+AllShoolData) 2026-10
academic:pypcc.cn,academic,濮阳石油化工职业技术学院,http://pypcc.cn/,pypcc.cn,probed-000,000,2026-10-03,专科·河南省,枚举:GitHub高校数据集(阳光高考院校库域名+AllShoolData) 2026-10
academic:pyvtc.cn,academic,濮阳职业技术学院,http://www.pyvtc.cn/,pyvtc.cn,probed-2xx,200,2026-10-03,专科·河南省,枚举:GitHub高校数据集(阳光高考院校库域名+AllShoolData) 2026-10
academic:pzhpxzyxy.com,academic,攀枝花攀西职业学院,http://pzhpxzyxy.com/,pzhpxzyxy.com,probed-000,000,2026-10-03,专科·四川省,枚举:GitHub高校数据集(阳光高考院校库域名+AllShoolData) 2026-10
academic:pzhu.cn,academic,攀枝花学院,http://pzhu.cn/,pzhu.cn,probed-000,000,2026-10-03,本科·四川省,枚举:GitHub高校数据集(阳光高考院校库域名+AllShoolData) 2026-10
academic:pzxy.edu.cn,academic,平顶山工业职业技术学院,http://www.pzxy.edu.cn/,pzxy.edu.cn,probed-000,000,2026-10-03,专科·河南省·未核实,枚举:GitHub高校数据集(阳光高考院校库域名+AllShoolData) 2026-10
academic:qau.edu.cn,academic,青岛农业大学,http://www.qau.edu.cn/,qau.edu.cn,probed-2xx,200,2026-10-03,本科·山东省,枚举:GitHub高校数据集(阳光高考院校库域名+AllShoolData) 2026-10
academic:qcdx.net,academic,内蒙古丰州职业学院,http://www.qcdx.net/,qcdx.net,probed-2xx,200,2026-10-03,专科·内蒙古自治区,枚举:GitHub高校数据集(阳光高考院校库域名+AllShoolData) 2026-10
academic:qchm.edu.cn,academic,青岛酒店管理职业技术学院,http://www.qchm.edu.cn/,qchm.edu.cn,probed-2xx,200,2026-10-03,专科·山东省,枚举:GitHub高校数据集(阳光高考院校库域名+AllShoolData) 2026-10
academic:qcuwh.cn,academic,武汉晴川学院,http://qcuwh.cn/,qcuwh.cn,probed-000,000,2026-10-03,本科·湖北省,枚举:GitHub高校数据集(阳光高考院校库域名+AllShoolData) 2026-10
academic:qdbhu.edu.cn,academic,青岛滨海学院,http://www.qdbhu.edu.cn,qdbhu.edu.cn,probed-2xx,200,2026-10-03,本科·山东省,枚举:GitHub高校数据集(阳光高考院校库域名+AllShoolData) 2026-10
academic:qdc.cn,academic,青岛理工大学琴岛学院,http://www.qdc.cn/,qdc.cn,probed-000,000,2026-10-03,本科·山东省·Fitch源,枚举:GitHub高校数据集(阳光高考院校库域名+AllShoolData) 2026-10
academic:qdc.edu.cn,academic,青岛城市学院,https://qdc.edu.cn/,qdc.edu.cn,probed-2xx,200,2026-10-03,本科,枚举:GitHub高校数据集(阳光高考院校库域名+AllShoolData) 2026-10
academic:qdec.edu.cn,academic,青岛工程职业学院,https://qdec.edu.cn/,qdec.edu.cn,probed-000,000,2026-10-03,专科·山东省,枚举:GitHub高校数据集(阳光高考院校库域名+AllShoolData) 2026-10
academic:qdgw.edu.cn,academic,青岛港湾职业技术学院,http://www.qdgw.edu.cn,qdgw.edu.cn,probed-2xx,200,2026-10-03,专科·山东省,枚举:GitHub高校数据集(阳光高考院校库域名+AllShoolData) 2026-10
academic:qdhhc.edu.cn,academic,青岛黄海学院,https://qdhhc.edu.cn/,qdhhc.edu.cn,probed-000,000,2026-10-03,本科·山东省,枚举:GitHub高校数据集(阳光高考院校库域名+AllShoolData) 2026-10
academic:qdhkxy.com,academic,青岛航空科技职业学院,http://qdhkxy.com/,qdhkxy.com,probed-2xx,200,2026-10-03,专科·山东省,枚举:GitHub高校数据集(阳光高考院校库域名+AllShoolData) 2026-10
academic:qdnpt.com,academic,黔东南民族职业技术学院,http://www.qdnpt.com/,qdnpt.com,probed-5xx,502,2026-10-03,专科·贵州省,枚举:GitHub高校数据集(阳光高考院校库域名+AllShoolData) 2026-10
academic:qdpecedu.cn,academic,青岛幼儿师范高等专科学校,http://qdpecedu.cn/,qdpecedu.cn,probed-4xx,403,2026-10-03,专科·山东省,枚举:GitHub高校数据集(阳光高考院校库域名+AllShoolData) 2026-10
academic:qdqs.com,academic,青岛求实职业技术学院,http://www.qdqs.com/,qdqs.com,probed-2xx,200,2026-10-03,专科·山东省,枚举:GitHub高校数据集(阳光高考院校库域名+AllShoolData) 2026-10
academic:qdu.edu.cn,academic,青岛大学,http://www.qdu.edu.cn/,qdu.edu.cn,probed-2xx,200,2026-10-03,本科·山东省,枚举:GitHub高校数据集(阳光高考院校库域名+AllShoolData) 2026-10
academic:qfnu.edu.cn,academic,曲阜师范大学,http://www.qfnu.edu.cn/,qfnu.edu.cn,probed-2xx,200,2026-10-03,本科·山东省,枚举:GitHub高校数据集(阳光高考院校库域名+AllShoolData) 2026-10
academic:qgxy.cn,academic,华北理工大学轻工学院,http://www.qgxy.cn/,qgxy.cn,probed-2xx,200,2026-10-03,本科·河北省,枚举:GitHub高校数据集(阳光高考院校库域名+AllShoolData) 2026-10
academic:qhavtc.edu.cn,academic,青海建筑职业技术学院,https://qhavtc.edu.cn/,qhavtc.edu.cn,probed-000,000,2026-10-03,专科·青海省,枚举:GitHub高校数据集(阳光高考院校库域名+AllShoolData) 2026-10
academic:qhcdmzy.com.cn,academic,青海柴达木职业技术学院,http://www.qhcdmzy.com.cn,qhcdmzy.com.cn,probed-2xx,200,2026-10-03,专科·青海省,枚举:GitHub高校数据集(阳光高考院校库域名+AllShoolData) 2026-10
academic:qhctc.edu.cn,academic,青海交通职业技术学院,http://www.qhctc.edu.cn/,qhctc.edu.cn,probed-000,000,2026-10-03,专科·青海省,枚举:GitHub高校数据集(阳光高考院校库域名+AllShoolData) 2026-10
academic:qhjyedu.com,academic,青海警官职业学院,http://www.qhjyedu.com/,qhjyedu.com,probed-000,000,2026-10-03,专科·青海省,枚举:GitHub高校数据集(阳光高考院校库域名+AllShoolData) 2026-10
academic:qhmu.edu.cn,academic,青海民族大学,http://www.qhmu.edu.cn/,qhmu.edu.cn,probed-4xx,412,2026-10-03,本科·青海省,枚举:GitHub高校数据集(阳光高考院校库域名+AllShoolData) 2026-10
academic:qhnu.edu.cn,academic,青海师范大学,http://www.qhnu.edu.cn/,qhnu.edu.cn,probed-2xx,200,2026-10-03,本科·青海省,枚举:GitHub高校数据集(阳光高考院校库域名+AllShoolData) 2026-10
academic:qhu.edu.cn,academic,青海大学,http://www.qhu.edu.cn/,qhu.edu.cn,probed-2xx,200,2026-10-03,本科·青海省;另含:青海大学昆仑学院,枚举:GitHub高校数据集(阳光高考院校库域名+AllShoolData) 2026-10
academic:qhvtc.edu.cn,academic,青海高等职业技术学院,https://qhvtc.edu.cn/,qhvtc.edu.cn,probed-000,000,2026-10-03,专科·青海省,枚举:GitHub高校数据集(阳光高考院校库域名+AllShoolData) 2026-10
academic:qhwszy.edu.cn,academic,青海卫生职业技术学院,http://www.qhwszy.edu.cn/,qhwszy.edu.cn,probed-2xx,200,2026-10-03,专科·青海省,枚举:GitHub高校数据集(阳光高考院校库域名+AllShoolData) 2026-10
academic:qhxmzy.cn,academic,青海农牧科技职业学院,http://qhxmzy.cn/,qhxmzy.cn,probed-000,000,2026-10-03,专科,枚举:GitHub高校数据集(阳光高考院校库域名+AllShoolData) 2026-10
academic:qhxmzy.com.cn,academic,青海畜牧兽医职业技术学院,http://www.qhxmzy.com.cn/,qhxmzy.com.cn,probed-2xx,200,2026-10-03,专科·青海省·Fitch源,枚举:GitHub高校数据集(阳光高考院校库域名+AllShoolData) 2026-10
academic:qicheedu.com,academic,四川希望汽车职业学院,http://www.qicheedu.com/,qicheedu.com,probed-2xx,200,2026-10-03,专科·四川省,枚举:GitHub高校数据集(阳光高考院校库域名+AllShoolData) 2026-10
academic:qit.edu.cn,academic,青岛工学院,https://qit.edu.cn/,qit.edu.cn,probed-2xx,200,2026-10-03,本科·山东省,枚举:GitHub高校数据集(阳光高考院校库域名+AllShoolData) 2026-10
academic:qjnu.edu.cn,academic,曲靖师范学院,http://www.qjnu.edu.cn/,qjnu.edu.cn,probed-2xx,200,2026-10-03,本科·云南省,枚举:GitHub高校数据集(阳光高考院校库域名+AllShoolData) 2026-10
academic:qjxy.hznu.edu.cn,academic,杭州师范大学钱江学院,http://qjxy.hznu.edu.cn/,qjxy.hznu.edu.cn,probed-2xx,200,2026-10-03,本科·浙江省·Fitch源,枚举:GitHub高校数据集(阳光高考院校库域名+AllShoolData) 2026-10
academic:qjyz.org,academic,曲靖医学高等专科学校,http://www.qjyz.org/,qjyz.org,probed-2xx,200,2026-10-03,专科·云南省,枚举:GitHub高校数据集(阳光高考院校库域名+AllShoolData) 2026-10
academic:qjzyxy.com,academic,曲靖职业技术学院,http://qjzyxy.com/,qjzyxy.com,probed-000,000,2026-10-03,专科·云南省,枚举:GitHub高校数据集(阳光高考院校库域名+AllShoolData) 2026-10
academic:qledu.net,academic,山东化工职业学院,http://www.qledu.net/,qledu.net,probed-2xx,200,2026-10-03,专科·山东省,枚举:GitHub高校数据集(阳光高考院校库域名+AllShoolData) 2026-10
academic:qlgxy.com,academic,齐齐哈尔理工职业学院,http://www.qlgxy.com/,qlgxy.com,probed-2xx,200,2026-10-03,专科·黑龙江省,枚举:GitHub高校数据集(阳光高考院校库域名+AllShoolData) 2026-10
academic:qlit.edu.cn,academic,齐鲁理工学院,http://www.qlit.edu.cn/,qlit.edu.cn,probed-2xx,200,2026-10-03,本科·山东省,枚举:GitHub高校数据集(阳光高考院校库域名+AllShoolData) 2026-10
academic:qlmu.edu.cn,academic,齐鲁医药学院,https://qlmu.edu.cn/,qlmu.edu.cn,probed-000,000,2026-10-03,本科·山东省,枚举:GitHub高校数据集(阳光高考院校库域名+AllShoolData) 2026-10
academic:qlnu.edu.cn,academic,齐鲁师范学院,http://www.qlnu.edu.cn/,qlnu.edu.cn,probed-2xx,200,2026-10-03,本科·山东省,枚举:GitHub高校数据集(阳光高考院校库域名+AllShoolData) 2026-10
academic:qlu.edu.cn,academic,齐鲁工业大学,https://www.qlu.edu.cn/,qlu.edu.cn,probed-2xx,200,2026-10-03,本科·山东省,枚举:GitHub高校数据集(阳光高考院校库域名+AllShoolData) 2026-10
academic:qlxyedu.com,academic,武汉铁路桥梁职业学院,http://www.qlxyedu.com,qlxyedu.com,probed-000,000,2026-10-03,专科·湖北省,枚举:GitHub高校数据集(阳光高考院校库域名+AllShoolData) 2026-10
academic:qmc.edu.cn,academic,青岛远洋船员职业学院,https://qmc.edu.cn/,qmc.edu.cn,probed-000,000,2026-10-03,专科·山东省,枚举:GitHub高校数据集(阳光高考院校库域名+AllShoolData) 2026-10
academic:qmu.edu.cn,academic,齐齐哈尔医学院,http://www.qmu.edu.cn,qmu.edu.cn,probed-2xx,200,2026-10-03,本科·黑龙江省,枚举:GitHub高校数据集(阳光高考院校库域名+AllShoolData) 2026-10
academic:qnmc.cn,academic,黔南民族医学高等专科学校,http://www.qnmc.cn/,qnmc.cn,probed-2xx,200,2026-10-03,专科·贵州省,枚举:GitHub高校数据集(阳光高考院校库域名+AllShoolData) 2026-10
academic:qnyzh.cn,academic,黔南民族幼儿师范高等专科学校,http://www.qnyzh.cn,qnyzh.cn,probed-2xx,200,2026-10-03,专科·贵州省,枚举:GitHub高校数据集(阳光高考院校库域名+AllShoolData) 2026-10
academic:qnzy.net,academic,黔南民族职业技术学院,http://www.qnzy.net/,qnzy.net,probed-2xx,200,2026-10-03,专科·贵州省,枚举:GitHub高校数据集(阳光高考院校库域名+AllShoolData) 2026-10
academic:qqhrit.com,academic,齐齐哈尔工程学院,http://www.qqhrit.com/,qqhrit.com,probed-2xx,200,2026-10-03,本科·黑龙江省,枚举:GitHub高校数据集(阳光高考院校库域名+AllShoolData) 2026-10
academic:qqhrtc.com,academic,齐齐哈尔高等师范专科学校,http://www.qqhrtc.com/,qqhrtc.com,probed-2xx,200,2026-10-03,专科·黑龙江省,枚举:GitHub高校数据集(阳光高考院校库域名+AllShoolData) 2026-10
academic:qqhru.edu.cn,academic,齐齐哈尔大学,http://www.qqhru.edu.cn/,qqhru.edu.cn,probed-2xx,200,2026-10-03,本科·黑龙江省,枚举:GitHub高校数据集(阳光高考院校库域名+AllShoolData) 2026-10
academic:qsxy.gznu.edu.cn,academic,贵州师范大学求是学院,http://qsxy.gznu.edu.cn/,qsxy.gznu.edu.cn,probed-2xx,200,2026-10-03,本科·贵州省·Fitch源,枚举:GitHub高校数据集(阳光高考院校库域名+AllShoolData) 2026-10
academic:qtc.edu.cn,academic,青岛职业技术学院,http://www.qtc.edu.cn/,qtc.edu.cn,probed-2xx,200,2026-10-03,专科·山东省,枚举:GitHub高校数据集(阳光高考院校库域名+AllShoolData) 2026-10
academic:qthzyxy.com,academic,七台河职业学院,http://www.qthzyxy.com/,qthzyxy.com,probed-000,000,2026-10-03,专科·黑龙江省·未核实,枚举:GitHub高校数据集(阳光高考院校库域名+AllShoolData) 2026-10
academic:qtnu.edu.cn,academic,琼台师范学院,https://qtnu.edu.cn/,qtnu.edu.cn,probed-000,000,2026-10-03,本科·海南省,枚举:GitHub高校数据集(阳光高考院校库域名+AllShoolData) 2026-10
academic:qtxy.mil.cn,academic,海军潜艇学院,http://qtxy.mil.cn/,qtxy.mil.cn,probed-000,000,2026-10-03,本科,枚举:GitHub高校数据集(阳光高考院校库域名+AllShoolData) 2026-10
academic:qust.edu.cn,academic,青岛科技大学,http://www.qust.edu.cn/,qust.edu.cn,probed-2xx,200,2026-10-03,本科·山东省,枚举:GitHub高校数据集(阳光高考院校库域名+AllShoolData) 2026-10
academic:qut.edu.cn,academic,青岛理工大学,https://qut.edu.cn/,qut.edu.cn,probed-000,000,2026-10-03,本科·山东省,枚举:GitHub高校数据集(阳光高考院校库域名+AllShoolData) 2026-10
academic:qvc.edu.cn,academic,秦皇岛职业技术学院,https://qvc.edu.cn/,qvc.edu.cn,probed-000,000,2026-10-03,专科·河北省,枚举:GitHub高校数据集(阳光高考院校库域名+AllShoolData) 2026-10
academic:qxnvc.edu.cn,academic,黔西南民族职业技术学院,http://www.qxnvc.edu.cn,qxnvc.edu.cn,probed-2xx,200,2026-10-03,专科·贵州省·未核实,枚举:GitHub高校数据集(阳光高考院校库域名+AllShoolData) 2026-10
academic:qypt.edu.cn,academic,清远职业技术学院,https://qypt.edu.cn/,qypt.edu.cn,probed-2xx,200,2026-10-03,专科·广东省,枚举:GitHub高校数据集(阳光高考院校库域名+AllShoolData) 2026-10
academic:qyvtc.com,academic,庆阳职业技术学院,http://www.qyvtc.com,qyvtc.com,probed-2xx,200,2026-10-03,专科·甘肃省,枚举:GitHub高校数据集(阳光高考院校库域名+AllShoolData) 2026-10
academic:qzc.edu.cn,academic,衢州学院,https://qzc.edu.cn/,qzc.edu.cn,probed-000,000,2026-10-03,本科·浙江省,枚举:GitHub高校数据集(阳光高考院校库域名+AllShoolData) 2026-10
academic:qzct.net,academic,衢州职业技术学院,http://www.qzct.net/,qzct.net,probed-000,000,2026-10-03,专科·浙江省,枚举:GitHub高校数据集(阳光高考院校库域名+AllShoolData) 2026-10
academic:qzfzfz.com,academic,泉州纺织服装职业学院,http://www.qzfzfz.com/,qzfzfz.com,probed-2xx,200,2026-10-03,专科·福建省,枚举:GitHub高校数据集(阳光高考院校库域名+AllShoolData) 2026-10
academic:qzgcu.com,academic,泉州工程职业技术学院,http://qzgcu.com/,qzgcu.com,probed-2xx,200,2026-10-03,专科·福建省,枚举:GitHub高校数据集(阳光高考院校库域名+AllShoolData) 2026-10
academic:qzgymy.cn,academic,泉州工艺美术职业学院,http://qzgymy.cn/,qzgymy.cn,probed-4xx,403,2026-10-03,专科·福建省,枚举:GitHub高校数据集(阳光高考院校库域名+AllShoolData) 2026-10
academic:qziedu.cn,academic,泉州信息工程学院,http://www.qziedu.cn/,qziedu.cn,probed-000,000,2026-10-03,本科·福建省,枚举:GitHub高校数据集(阳光高考院校库域名+AllShoolData) 2026-10
academic:qzit.edu.cn,academic,泉州职业技术大学,http://www.qzit.edu.cn/,qzit.edu.cn,probed-000,000,2026-10-03,本科·福建省,枚举:GitHub高校数据集(阳光高考院校库域名+AllShoolData) 2026-10
academic:qzjmc.edu.cn,academic,泉州经贸职业技术学院,https://qzjmc.edu.cn/,qzjmc.edu.cn,probed-000,000,2026-10-03,专科·福建省,枚举:GitHub高校数据集(阳光高考院校库域名+AllShoolData) 2026-10
academic:qzmc.edu.cn,academic,泉州医学高等专科学校,https://qzmc.edu.cn/,qzmc.edu.cn,probed-000,000,2026-10-03,专科·福建省,枚举:GitHub高校数据集(阳光高考院校库域名+AllShoolData) 2026-10
academic:qzoiedu.com,academic,泉州海洋职业学院,http://www.qzoiedu.com/,qzoiedu.com,probed-2xx,200,2026-10-03,专科·福建省,枚举:GitHub高校数据集(阳光高考院校库域名+AllShoolData) 2026-10
academic:qzqgxy.com,academic,泉州轻工职业学院,http://www.qzqgxy.com/,qzqgxy.com,probed-2xx,200,2026-10-03,专科·福建省,枚举:GitHub高校数据集(阳光高考院校库域名+AllShoolData) 2026-10
academic:qztc.edu.cn,academic,泉州师范学院,http://www.qztc.edu.cn/,qztc.edu.cn,probed-2xx,200,2026-10-03,本科·福建省,枚举:GitHub高校数据集(阳光高考院校库域名+AllShoolData) 2026-10
academic:qzu.net.cn,academic,钦州学院,http://www.qzu.net.cn/,qzu.net.cn,probed-000,000,2026-10-03,本科·钦州市·Fitch源,枚举:GitHub高校数据集(阳光高考院校库域名+AllShoolData) 2026-10
academic:qzxy.hutc.zj.cn,academic,湖州师范学院求真学院,http://qzxy.hutc.zj.cn/,qzxy.hutc.zj.cn,probed-2xx,200,2026-10-03,本科·浙江省·Fitch源,枚举:GitHub高校数据集(阳光高考院校库域名+AllShoolData) 2026-10
academic:qzygz.net,academic,泉州幼儿师范高等专科学校,http://www.qzygz.net/,qzygz.net,probed-000,000,2026-10-03,专科·福建省,枚举:GitHub高校数据集(阳光高考院校库域名+AllShoolData) 2026-10
academic:qzyz.edu.cn,academic,钦州幼儿师范高等专科学校,https://qzyz.edu.cn/,qzyz.edu.cn,probed-000,000,2026-10-03,专科·广西壮族自治区,枚举:GitHub高校数据集(阳光高考院校库域名+AllShoolData) 2026-10
academic:rpc.edu.cn,academic,铁道警察学院,http://www.rpc.edu.cn/,rpc.edu.cn,probed-000,000,2026-10-03,本科·河南省,枚举:GitHub高校数据集(阳光高考院校库域名+AllShoolData) 2026-10
academic:ruc.edu.cn,academic,中国人民大学,http://www.ruc.edu.cn/,ruc.edu.cn,probed-2xx,200,2026-10-03,本科·北京市;另含:中国人民大学(苏州校区),枚举:GitHub高校数据集(阳光高考院校库域名+AllShoolData) 2026-10
academic:rzmevc.com,academic,日照航海工程职业学院,http://www.rzmevc.com/,rzmevc.com,probed-000,000,2026-10-03,专科·山东省,枚举:GitHub高校数据集(阳光高考院校库域名+AllShoolData) 2026-10
academic:rzpt.cn,academic,日照职业技术学院,http://www.rzpt.cn/,rzpt.cn,probed-2xx,200,2026-10-03,专科·山东省,枚举:GitHub高校数据集(阳光高考院校库域名+AllShoolData) 2026-10
academic:rzvtc.cn,academic,汝州职业技术学院,http://rzvtc.cn/,rzvtc.cn,probed-2xx,200,2026-10-03,专科·河南省,枚举:GitHub高校数据集(阳光高考院校库域名+AllShoolData) 2026-10
academic:sada.edu.cn,academic,上海工艺美术职业学院,http://www.sada.edu.cn,sada.edu.cn,probed-2xx,200,2026-10-03,专科·上海市,枚举:GitHub高校数据集(阳光高考院校库域名+AllShoolData) 2026-10
academic:sandau.edu.cn,academic,上海杉达学院,http://www.sandau.edu.cn/,sandau.edu.cn,probed-2xx,200,2026-10-03,本科·上海市·未核实,枚举:GitHub高校数据集(阳光高考院校库域名+AllShoolData) 2026-10
academic:sanxiau.edu.cn,academic,重庆三峡学院,http://www.sanxiau.edu.cn,sanxiau.edu.cn,probed-2xx,200,2026-10-03,本科·重庆市,枚举:GitHub高校数据集(阳光高考院校库域名+AllShoolData) 2026-10
academic:sanyau.edu.cn,academic,三亚学院,http://www.sanyau.edu.cn/,sanyau.edu.cn,probed-2xx,200,2026-10-03,本科·海南省,枚举:GitHub高校数据集(阳光高考院校库域名+AllShoolData) 2026-10
academic:sanyedu.com,academic,湖南三一工业职业技术学院,http://www.sanyedu.com/,sanyedu.com,probed-2xx,200,2026-10-03,专科·湖南省,枚举:GitHub高校数据集(阳光高考院校库域名+AllShoolData) 2026-10
academic:sasu.edu.cn,academic,四川文理学院,http://www.sasu.edu.cn/,sasu.edu.cn,probed-2xx,200,2026-10-03,本科·四川省,枚举:GitHub高校数据集(阳光高考院校库域名+AllShoolData) 2026-10
academic:sau.edu.cn,academic,沈阳航空航天大学,http://www.sau.edu.cn/,sau.edu.cn,probed-2xx,200,2026-10-03,本科·辽宁省,枚举:GitHub高校数据集(阳光高考院校库域名+AllShoolData) 2026-10
academic:sbs.edu.cn,academic,上海商学院,http://www.sbs.edu.cn/,sbs.edu.cn,probed-2xx,200,2026-10-03,本科·上海市,枚举:GitHub高校数据集(阳光高考院校库域名+AllShoolData) 2026-10
academic:sca.edu.cn,academic,四川文化艺术学院,https://sca.edu.cn/,sca.edu.cn,probed-2xx,200,2026-10-03,本科·四川省,枚举:GitHub高校数据集(阳光高考院校库域名+AllShoolData) 2026-10
academic:scac.edu.cn,academic,四川建筑职业技术学院,https://scac.edu.cn/,scac.edu.cn,probed-000,000,2026-10-03,专科·四川省,枚举:GitHub高校数据集(阳光高考院校库域名+AllShoolData) 2026-10
academic:scapi.cn,academic,四川艺术职业学院,http://www.scapi.cn/,scapi.cn,probed-2xx,200,2026-10-03,专科·四川省,枚举:GitHub高校数据集(阳光高考院校库域名+AllShoolData) 2026-10
academic:scasc.cn,academic,四川应用技术职业学院,http://scasc.cn/,scasc.cn,probed-000,000,2026-10-03,专科·四川省,枚举:GitHub高校数据集(阳光高考院校库域名+AllShoolData) 2026-10
academic:scau.edu.cn,academic,华南农业大学,http://www.scau.edu.cn/,scau.edu.cn,probed-2xx,200,2026-10-03,本科·广东省,枚举:GitHub高校数据集(阳光高考院校库域名+AllShoolData) 2026-10
academic:scauzj.edu.cn,academic,华南农业大学珠江学院,https://scauzj.edu.cn/,scauzj.edu.cn,probed-5xx,503,2026-10-03,本科·广东省,枚举:GitHub高校数据集(阳光高考院校库域名+AllShoolData) 2026-10
academic:scavc.com,academic,四川航天职业技术学院,http://www.scavc.com,scavc.com,probed-2xx,200,2026-10-03,专科·四川省,枚举:GitHub高校数据集(阳光高考院校库域名+AllShoolData) 2026-10
academic:scavtc.com,academic,四川汽车职业技术学院,http://www.scavtc.com/,scavtc.com,probed-000,000,2026-10-03,专科·四川省,枚举:GitHub高校数据集(阳光高考院校库域名+AllShoolData) 2026-10
academic:scbt.edu.cn,academic,广州华南商贸职业学院,https://scbt.edu.cn/,scbt.edu.cn,probed-000,000,2026-10-03,专科·广东省,枚举:GitHub高校数据集(阳光高考院校库域名+AllShoolData) 2026-10
academic:scc.edu.cn,academic,苏州百年职业学院,http://www.scc.edu.cn/,scc.edu.cn,probed-2xx,200,2026-10-03,专科·江苏省,枚举:GitHub高校数据集(阳光高考院校库域名+AllShoolData) 2026-10
academic:sccc.edu.cn,academic,四川化工职业技术学院,http://www.sccc.edu.cn,sccc.edu.cn,probed-2xx,200,2026-10-03,专科·四川省,枚举:GitHub高校数据集(阳光高考院校库域名+AllShoolData) 2026-10
academic:sccm.cn,academic,四川音乐学院,http://www.sccm.cn/,sccm.cn,probed-000,000,2026-10-03,本科·四川省·未核实,枚举:GitHub高校数据集(阳光高考院校库域名+AllShoolData) 2026-10
academic:scct.cn,academic,陕西交通职业技术学院,http://www.scct.cn/,scct.cn,probed-2xx,200,2026-10-03,专科·陕西省,枚举:GitHub高校数据集(阳光高考院校库域名+AllShoolData) 2026-10
academic:scctcm.cn,academic,四川中医药高等专科学校,http://www.scctcm.cn/,scctcm.cn,probed-000,000,2026-10-03,专科·四川省,枚举:GitHub高校数据集(阳光高考院校库域名+AllShoolData) 2026-10
academic:sccvc.com,academic,四川长江职业学院,http://www.sccvc.com/,sccvc.com,probed-2xx,200,2026-10-03,专科·四川省,枚举:GitHub高校数据集(阳光高考院校库域名+AllShoolData) 2026-10
academic:scdy.edu.cn,academic,四川电力职业技术学院,http://www.scdy.edu.cn/,scdy.edu.cn,probed-2xx,200,2026-10-03,专科·四川省,枚举:GitHub高校数据集(阳光高考院校库域名+AllShoolData) 2026-10
academic:scemi.com,academic,四川机电职业技术学院,http://www.scemi.com/,scemi.com,probed-2xx,200,2026-10-03,专科·四川省,枚举:GitHub高校数据集(阳光高考院校库域名+AllShoolData) 2026-10
academic:scemvtc.com,academic,四川电子机械职业技术学院,http://www.scemvtc.com/,scemvtc.com,probed-2xx,200,2026-10-03,专科·四川省,枚举:GitHub高校数据集(阳光高考院校库域名+AllShoolData) 2026-10
academic:scetc.edu.cn,academic,四川工程职业技术学院,http://www.scetc.edu.cn,scetc.edu.cn,probed-2xx,200,2026-10-03,专科·四川省,枚举:GitHub高校数据集(阳光高考院校库域名+AllShoolData) 2026-10
academic:scetop.com,academic,四川托普信息技术职业学院,http://www.scetop.com/,scetop.com,probed-2xx,200,2026-10-03,专科·四川省,枚举:GitHub高校数据集(阳光高考院校库域名+AllShoolData) 2026-10
academic:scfai.edu.cn,academic,四川美术学院,http://www.scfai.edu.cn/,scfai.edu.cn,probed-2xx,200,2026-10-03,本科·重庆市,枚举:GitHub高校数据集(阳光高考院校库域名+AllShoolData) 2026-10
academic:scftvc.com,academic,四川电影电视学院,http://www.scftvc.com/,scftvc.com,probed-2xx,200,2026-10-03,本科·四川省,枚举:GitHub高校数据集(阳光高考院校库域名+AllShoolData) 2026-10
academic:schk777.com,academic,天府新区航空旅游职业学院,http://schk777.com/,schk777.com,probed-2xx,200,2026-10-03,专科·四川省·未核实,枚举:GitHub高校数据集(阳光高考院校库域名+AllShoolData) 2026-10
academic:schsxy.com,academic,山西财经大学华商学院,http://www.schsxy.com/,schsxy.com,probed-000,000,2026-10-03,本科·山西省·Fitch源,枚举:GitHub高校数据集(阳光高考院校库域名+AllShoolData) 2026-10
academic:schxmvc.com.cn,academic,四川华新现代职业学院,http://www.schxmvc.com.cn/,schxmvc.com.cn,probed-2xx,200,2026-10-03,专科·四川省,枚举:GitHub高校数据集(阳光高考院校库域名+AllShoolData) 2026-10
academic:scit.cn,academic,四川工业科技学院,http://www.scit.cn/,scit.cn,probed-000,000,2026-10-03,本科·四川省,枚举:GitHub高校数据集(阳光高考院校库域名+AllShoolData) 2026-10
academic:scitc.com.cn,academic,四川信息职业技术学院,http://www.scitc.com.cn/,scitc.com.cn,probed-000,000,2026-10-03,专科·四川省,枚举:GitHub高校数据集(阳光高考院校库域名+AllShoolData) 2026-10
academic:sclcys.com,academic,川南幼儿师范专科学校,http://www.sclcys.com/,sclcys.com,probed-2xx,200,2026-10-03,专科·隆昌县·Fitch源,枚举:GitHub高校数据集(阳光高考院校库域名+AllShoolData) 2026-10
academic:scmc.edu.cn,academic,四川传媒学院,http://www.scmc.edu.cn/,scmc.edu.cn,probed-2xx,200,2026-10-03,本科·四川省,枚举:GitHub高校数据集(阳光高考院校库域名+AllShoolData) 2026-10
academic:scmpi.cn,academic,四川管理职业学院,http://www.scmpi.cn/,scmpi.cn,probed-000,000,2026-10-03,专科·成都市·Fitch源,枚举:GitHub高校数据集(阳光高考院校库域名+AllShoolData) 2026-10
academic:scmvc.cn,academic,四川现代职业学院,http://www.scmvc.cn/,scmvc.cn,probed-2xx,200,2026-10-03,专科·四川省,枚举:GitHub高校数据集(阳光高考院校库域名+AllShoolData) 2026-10
academic:scnu.edu.cn,academic,华南师范大学,http://www.scnu.edu.cn/,scnu.edu.cn,probed-2xx,200,2026-10-03,本科·广东省,枚举:GitHub高校数据集(阳光高考院校库域名+AllShoolData) 2026-10
academic:scp.edu.cn,academic,上海交通职业技术学院,http://www.scp.edu.cn/,scp.edu.cn,probed-2xx,200,2026-10-03,专科·上海市,枚举:GitHub高校数据集(阳光高考院校库域名+AllShoolData) 2026-10
academic:scpcfe.cn,academic,四川财经职业学院,http://www.scpcfe.cn/,scpcfe.cn,probed-2xx,200,2026-10-03,专科·四川省,枚举:GitHub高校数据集(阳光高考院校库域名+AllShoolData) 2026-10
academic:scpolicec.edu.cn,academic,四川警察学院,http://www.scpolicec.edu.cn,scpolicec.edu.cn,probed-3xx,301,2026-10-03,本科·四川省,枚举:GitHub高校数据集(阳光高考院校库域名+AllShoolData) 2026-10
academic:scrc.org.cn,academic,四川铁道职业学院,http://scrc.org.cn/,scrc.org.cn,probed-2xx,200,2026-10-03,专科·四川省,枚举:GitHub高校数据集(阳光高考院校库域名+AllShoolData) 2026-10
academic:scsc.edu.cn,academic,四川体育职业学院,https://scsc.edu.cn/,scsc.edu.cn,probed-4xx,403,2026-10-03,专科·四川省,枚举:GitHub高校数据集(阳光高考院校库域名+AllShoolData) 2026-10
academic:scshpc.com,academic,四川三河职业学院,http://www.scshpc.com/,scshpc.com,probed-2xx,200,2026-10-03,专科·四川省,枚举:GitHub高校数据集(阳光高考院校库域名+AllShoolData) 2026-10
academic:scst.edu.cn,academic,上海科学技术职业学院,http://www.scst.edu.cn/,scst.edu.cn,probed-2xx,200,2026-10-03,专科·上海市,枚举:GitHub高校数据集(阳光高考院校库域名+AllShoolData) 2026-10
academic:scstc.cn,academic,四川科技职业学院,http://www.scstc.cn/,scstc.cn,probed-2xx,200,2026-10-03,专科·四川省,枚举:GitHub高校数据集(阳光高考院校库域名+AllShoolData) 2026-10
academic:scsw.edu.cn,academic,四川商务职业学院,https://scsw.edu.cn/,scsw.edu.cn,probed-000,000,2026-10-03,专科·四川省,枚举:GitHub高校数据集(阳光高考院校库域名+AllShoolData) 2026-10
academic:sctbc.net,academic,四川工商职业技术学院,http://www.sctbc.net/,sctbc.net,probed-2xx,200,2026-10-03,专科·四川省,枚举:GitHub高校数据集(阳光高考院校库域名+AllShoolData) 2026-10
academic:sctu.edu.cn,academic,四川旅游学院,http://www.sctu.edu.cn/,sctu.edu.cn,probed-2xx,200,2026-10-03,本科·四川省,枚举:GitHub高校数据集(阳光高考院校库域名+AllShoolData) 2026-10
academic:scu.edu.cn,academic,四川大学,http://www.scu.edu.cn/,scu.edu.cn,probed-2xx,200,2026-10-03,本科·四川省,枚举:GitHub高校数据集(阳光高考院校库域名+AllShoolData) 2026-10
academic:scu.edu.tw,academic,东吴大学,https://scu.edu.tw/,scu.edu.tw,probed-000,000,2026-10-03,本科·台湾省·Demired源,枚举:GitHub高校数据集(阳光高考院校库域名+AllShoolData) 2026-10
academic:scuec.edu.cn,academic,中南民族大学,http://www.scuec.edu.cn/,scuec.edu.cn,probed-2xx,200,2026-10-03,本科·湖北省,枚举:GitHub高校数据集(阳光高考院校库域名+AllShoolData) 2026-10
academic:scujcc.com.cn,academic,四川大学锦城学院,http://www.scujcc.com.cn/,scujcc.com.cn,probed-2xx,200,2026-10-03,本科·四川省·Fitch源,枚举:GitHub高校数据集(阳光高考院校库域名+AllShoolData) 2026-10
academic:scujcc.edu.cn,academic,成都锦城学院,https://scujcc.edu.cn/,scujcc.edu.cn,probed-000,000,2026-10-03,本科,枚举:GitHub高校数据集(阳光高考院校库域名+AllShoolData) 2026-10
academic:scujj.edu.cn,academic,四川大学锦江学院,http://www.scujj.edu.cn,scujj.edu.cn,probed-2xx,200,2026-10-03,本科·四川省,枚举:GitHub高校数据集(阳光高考院校库域名+AllShoolData) 2026-10
academic:scun.edu.cn,academic,四川民族学院,http://www.scun.edu.cn/,scun.edu.cn,probed-4xx,412,2026-10-03,本科·四川省,枚举:GitHub高校数据集(阳光高考院校库域名+AllShoolData) 2026-10
academic:scut.edu.cn,academic,华南理工大学,http://www.scut.edu.cn/,scut.edu.cn,probed-2xx,200,2026-10-03,本科·广东省,枚举:GitHub高校数据集(阳光高考院校库域名+AllShoolData) 2026-10
academic:scuvc.edu.cn,academic,四川城市职业学院,https://scuvc.edu.cn/,scuvc.edu.cn,probed-000,000,2026-10-03,专科·四川省,枚举:GitHub高校数据集(阳光高考院校库域名+AllShoolData) 2026-10
academic:scvtc.edu.cn,academic,四川职业技术学院,https://scvtc.edu.cn/,scvtc.edu.cn,probed-000,000,2026-10-03,专科·四川省,枚举:GitHub高校数据集(阳光高考院校库域名+AllShoolData) 2026-10
academic:scwxzyxy.cn,academic,四川文轩职业学院,http://www.scwxzyxy.cn,scwxzyxy.cn,probed-2xx,200,2026-10-03,专科·四川省,枚举:GitHub高校数据集(阳光高考院校库域名+AllShoolData) 2026-10
academic:scy.cn,academic,陕西财经职业技术学院,http://scy.cn/,scy.cn,probed-000,000,2026-10-03,专科·陕西省,枚举:GitHub高校数据集(阳光高考院校库域名+AllShoolData) 2026-10
academic:scyesz.edu.cn,academic,四川幼儿师范高等专科学校,http://www.scyesz.edu.cn/,scyesz.edu.cn,probed-4xx,403,2026-10-03,专科·四川省,枚举:GitHub高校数据集(阳光高考院校库域名+AllShoolData) 2026-10
academic:sczest.cn,academic,资阳环境科技职业学院,http://sczest.cn/,sczest.cn,probed-2xx,200,2026-10-03,专科·四川省,枚举:GitHub高校数据集(阳光高考院校库域名+AllShoolData) 2026-10
academic:sd-wenhua.com,academic,山东文化产业职业学院,http://sd-wenhua.com/,sd-wenhua.com,probed-000,000,2026-10-03,专科·山东省,枚举:GitHub高校数据集(阳光高考院校库域名+AllShoolData) 2026-10
academic:sdada.edu.cn,academic,山东工艺美术学院,http://www.sdada.edu.cn/,sdada.edu.cn,probed-2xx,200,2026-10-03,本科·山东省,枚举:GitHub高校数据集(阳光高考院校库域名+AllShoolData) 2026-10
academic:sdaeu.edu.cn,academic,山东农业工程学院,http://www.sdaeu.edu.cn,sdaeu.edu.cn,probed-2xx,200,2026-10-03,本科·山东省,枚举:GitHub高校数据集(阳光高考院校库域名+AllShoolData) 2026-10
academic:sdau.edu.cn,academic,山东农业大学,http://www.sdau.edu.cn/,sdau.edu.cn,probed-2xx,200,2026-10-03,本科·山东省,枚举:GitHub高校数据集(阳光高考院校库域名+AllShoolData) 2026-10
academic:sdbi.edu.cn,academic,山东商务职业学院,https://sdbi.edu.cn/,sdbi.edu.cn,probed-2xx,200,2026-10-03,专科·山东省,枚举:GitHub高校数据集(阳光高考院校库域名+AllShoolData) 2026-10
academic:sdbky.cn,academic,滨州科技职业学院,http://sdbky.cn/,sdbky.cn,probed-2xx,200,2026-10-03,专科,枚举:GitHub高校数据集(阳光高考院校库域名+AllShoolData) 2026-10
academic:sdca.edu.cn,academic,山东艺术学院,http://www.sdca.edu.cn/,sdca.edu.cn,probed-2xx,200,2026-10-03,本科·山东省,枚举:GitHub高校数据集(阳光高考院校库域名+AllShoolData) 2026-10
academic:sdcet.cn,academic,山东电子职业技术学院,http://www.sdcet.cn/,sdcet.cn,probed-000,000,2026-10-03,专科·山东省,枚举:GitHub高校数据集(阳光高考院校库域名+AllShoolData) 2026-10
academic:sdcit.edu.cn,academic,山东信息职业技术学院,https://sdcit.edu.cn/,sdcit.edu.cn,probed-000,000,2026-10-03,专科·山东省·未核实,枚举:GitHub高校数据集(阳光高考院校库域名+AllShoolData) 2026-10
academic:sdcmc.net,academic,山东传媒职业学院,http://www.sdcmc.net/,sdcmc.net,probed-2xx,200,2026-10-03,专科·山东省,枚举:GitHub高校数据集(阳光高考院校库域名+AllShoolData) 2026-10
academic:sddfvc.edu.cn,academic,山东药品食品职业学院,https://sddfvc.edu.cn/,sddfvc.edu.cn,probed-000,000,2026-10-03,专科·山东省,枚举:GitHub高校数据集(阳光高考院校库域名+AllShoolData) 2026-10
academic:sdecu.com,academic,山东经贸职业学院,http://www.sdecu.com/,sdecu.com,probed-2xx,200,2026-10-03,专科·山东省,枚举:GitHub高校数据集(阳光高考院校库域名+AllShoolData) 2026-10
academic:sdflc.com,academic,山东外国语职业学院,http://www.sdflc.com/,sdflc.com,probed-2xx,200,2026-10-03,专科·日照市·Fitch源,枚举:GitHub高校数据集(阳光高考院校库域名+AllShoolData) 2026-10
academic:sdfmu.edu.cn,academic,山东第一医科大学,https://sdfmu.edu.cn/,sdfmu.edu.cn,probed-000,000,2026-10-03,本科·山东省,枚举:GitHub高校数据集(阳光高考院校库域名+AllShoolData) 2026-10
academic:sdipct.edu.cn,academic,山东石油化工学院,https://sdipct.edu.cn/,sdipct.edu.cn,probed-2xx,200,2026-10-03,本科,枚举:GitHub高校数据集(阳光高考院校库域名+AllShoolData) 2026-10
academic:sdivc.edu.cn,academic,山东工业职业学院,https://sdivc.edu.cn/,sdivc.edu.cn,probed-4xx,403,2026-10-03,专科·山东省,枚举:GitHub高校数据集(阳光高考院校库域名+AllShoolData) 2026-10
academic:sdjnwx.com,academic,济南护理职业学院,http://www.sdjnwx.com/,sdjnwx.com,probed-2xx,200,2026-10-03,专科·山东省,枚举:GitHub高校数据集(阳光高考院校库域名+AllShoolData) 2026-10
academic:sdjtu.edu.cn,academic,山东交通学院,http://www.sdjtu.edu.cn/,sdjtu.edu.cn,probed-5xx,500,2026-10-03,本科·山东省,枚举:GitHub高校数据集(阳光高考院校库域名+AllShoolData) 2026-10
academic:sdjtzyxy.com,academic,山东交通职业学院,http://www.sdjtzyxy.com/,sdjtzyxy.com,probed-2xx,200,2026-10-03,专科·山东省,枚举:GitHub高校数据集(阳光高考院校库域名+AllShoolData) 2026-10
academic:sdju.edu.cn,academic,上海电机学院,http://www.sdju.edu.cn/,sdju.edu.cn,probed-2xx,200,2026-10-03,本科·上海市,枚举:GitHub高校数据集(阳光高考院校库域名+AllShoolData) 2026-10
academic:sdjzu.edu.cn,academic,山东建筑大学,http://www.sdjzu.edu.cn/,sdjzu.edu.cn,probed-2xx,200,2026-10-03,本科·山东省,枚举:GitHub高校数据集(阳光高考院校库域名+AllShoolData) 2026-10
academic:sdkevin.cn,academic,山东凯文科技职业学院,http://www.sdkevin.cn/,sdkevin.cn,probed-2xx,200,2026-10-03,专科·济南市·Fitch源,枚举:GitHub高校数据集(阳光高考院校库域名+AllShoolData) 2026-10
academic:sdlivc.com,academic,山东轻工职业学院,http://sdlivc.com/,sdlivc.com,probed-000,000,2026-10-03,专科·山东省,枚举:GitHub高校数据集(阳光高考院校库域名+AllShoolData) 2026-10
academic:sdlvtc.cn,academic,山东劳动职业技术学院,http://www.sdlvtc.cn/,sdlvtc.cn,probed-2xx,200,2026-10-03,专科·山东省,枚举:GitHub高校数据集(阳光高考院校库域名+AllShoolData) 2026-10
academic:sdm.net.cn,academic,山东海事职业学院,http://www.sdm.net.cn/,sdm.net.cn,probed-2xx,200,2026-10-03,专科·山东省,枚举:GitHub高校数据集(阳光高考院校库域名+AllShoolData) 2026-10
academic:sdmc.edu.cn,academic,山东医学高等专科学校,https://sdmc.edu.cn/,sdmc.edu.cn,probed-000,000,2026-10-03,专科·山东省,枚举:GitHub高校数据集(阳光高考院校库域名+AllShoolData) 2026-10
academic:sdmu.edu.cn,academic,山东管理学院,http://www.sdmu.edu.cn/,sdmu.edu.cn,probed-000,000,2026-10-03,本科·山东省,枚举:GitHub高校数据集(阳光高考院校库域名+AllShoolData) 2026-10
academic:sdmy.edu.cn,academic,山东畜牧兽医职业学院,https://sdmy.edu.cn/,sdmy.edu.cn,probed-000,000,2026-10-03,专科·山东省,枚举:GitHub高校数据集(阳光高考院校库域名+AllShoolData) 2026-10
academic:sdnu.edu.cn,academic,山东师范大学,http://www.sdnu.edu.cn/,sdnu.edu.cn,probed-2xx,200,2026-10-03,本科·山东省,枚举:GitHub高校数据集(阳光高考院校库域名+AllShoolData) 2026-10
academic:sdor.cn,academic,山东财经大学东方学院,http://www.sdor.cn/,sdor.cn,probed-2xx,200,2026-10-03,本科·山东省,枚举:GitHub高校数据集(阳光高考院校库域名+AllShoolData) 2026-10
academic:sdp.edu.cn,academic,山东职业学院,http://www.sdp.edu.cn/,sdp.edu.cn,probed-2xx,200,2026-10-03,专科·山东省,枚举:GitHub高校数据集(阳光高考院校库域名+AllShoolData) 2026-10
academic:sdpc.edu.cn,academic,山东警察学院,http://www.sdpc.edu.cn/,sdpc.edu.cn,probed-2xx,200,2026-10-03,本科·山东省,枚举:GitHub高校数据集(阳光高考院校库域名+AllShoolData) 2026-10
academic:sdpei.edu.cn,academic,山东体育学院,http://www.sdpei.edu.cn/,sdpei.edu.cn,probed-2xx,200,2026-10-03,本科·山东省,枚举:GitHub高校数据集(阳光高考院校库域名+AllShoolData) 2026-10
academic:sdpt.edu.cn,academic,顺德职业技术学院,https://sdpt.edu.cn/,sdpt.edu.cn,probed-000,000,2026-10-03,专科·广东省,枚举:GitHub高校数据集(阳光高考院校库域名+AllShoolData) 2026-10
academic:sdpu.edu.cn,academic,山东理工职业学院,https://sdpu.edu.cn/,sdpu.edu.cn,probed-000,000,2026-10-03,专科·山东省,枚举:GitHub高校数据集(阳光高考院校库域名+AllShoolData) 2026-10
academic:sdse.cn,academic,山东特殊教育职业学院,http://www.sdse.cn/,sdse.cn,probed-2xx,200,2026-10-03,专科·山东省,枚举:GitHub高校数据集(阳光高考院校库域名+AllShoolData) 2026-10
academic:sdsfjy.com,academic,山东司法警官职业学院,http://www.sdsfjy.com/,sdsfjy.com,probed-4xx,403,2026-10-03,专科·山东省,枚举:GitHub高校数据集(阳光高考院校库域名+AllShoolData) 2026-10
academic:sdshxy.cn,academic,山东圣翰财贸职业学院,http://sdshxy.cn/,sdshxy.cn,probed-3xx,301,2026-10-03,专科·山东省,枚举:GitHub高校数据集(阳光高考院校库域名+AllShoolData) 2026-10
academic:sdslvc.edu.cn,academic,山东胜利职业学院,https://sdslvc.edu.cn/,sdslvc.edu.cn,probed-000,000,2026-10-03,专科·山东省,枚举:GitHub高校数据集(阳光高考院校库域名+AllShoolData) 2026-10
academic:sdsy.sxu.edu.cn,academic,山西大学商务学院,http://www.sdsy.sxu.edu.cn/,sdsy.sxu.edu.cn,probed-000,000,2026-10-03,本科·山西省·Fitch源,枚举:GitHub高校数据集(阳光高考院校库域名+AllShoolData) 2026-10
academic:sdtbu.edu.cn,academic,山东工商学院,https://sdtbu.edu.cn/,sdtbu.edu.cn,probed-000,000,2026-10-03,本科·山东省,枚举:GitHub高校数据集(阳光高考院校库域名+AllShoolData) 2026-10
academic:sdts.net.cn,academic,山东旅游职业学院,http://www.sdts.net.cn/,sdts.net.cn,probed-2xx,200,2026-10-03,专科·山东省,枚举:GitHub高校数据集(阳光高考院校库域名+AllShoolData) 2026-10
academic:sdu.edu.cn,academic,山东大学,http://www.sdu.edu.cn/,sdu.edu.cn,probed-2xx,200,2026-10-03,本科·山东省;另含:山东大学威海分校,枚举:GitHub高校数据集(阳光高考院校库域名+AllShoolData) 2026-10
academic:sduc.edu.cn,academic,山东城市建设职业学院,https://sduc.edu.cn/,sduc.edu.cn,probed-000,000,2026-10-03,专科·山东省,枚举:GitHub高校数据集(阳光高考院校库域名+AllShoolData) 2026-10
academic:sdufe.edu.cn,academic,山东财经大学,http://www.sdufe.edu.cn/,sdufe.edu.cn,probed-2xx,200,2026-10-03,本科·山东省,枚举:GitHub高校数据集(阳光高考院校库域名+AllShoolData) 2026-10
academic:sdupsl.edu.cn,academic,山东政法学院,http://www.sdupsl.edu.cn/,sdupsl.edu.cn,probed-2xx,200,2026-10-03,本科·山东省,枚举:GitHub高校数据集(阳光高考院校库域名+AllShoolData) 2026-10
academic:sdust.edu.cn,academic,山东科技大学,http://www.sdust.edu.cn/,sdust.edu.cn,probed-2xx,200,2026-10-03,本科·山东省,枚举:GitHub高校数据集(阳光高考院校库域名+AllShoolData) 2026-10
academic:sdut.edu.cn,academic,山东理工大学,http://www.sdut.edu.cn/,sdut.edu.cn,probed-2xx,200,2026-10-03,本科·山东省,枚举:GitHub高校数据集(阳光高考院校库域名+AllShoolData) 2026-10
academic:sdutcm.edu.cn,academic,山东中医药大学,http://www.sdutcm.edu.cn/,sdutcm.edu.cn,probed-2xx,200,2026-10-03,本科·山东省,枚举:GitHub高校数据集(阳光高考院校库域名+AllShoolData) 2026-10
academic:sdvcst.edu.cn,academic,山东科技职业学院,http://www.sdvcst.edu.cn,sdvcst.edu.cn,probed-2xx,200,2026-10-03,专科·山东省,枚举:GitHub高校数据集(阳光高考院校库域名+AllShoolData) 2026-10
academic:sdwcvc.edu.cn,academic,山东水利职业学院,https://sdwcvc.edu.cn/,sdwcvc.edu.cn,probed-000,000,2026-10-03,专科·山东省,枚举:GitHub高校数据集(阳光高考院校库域名+AllShoolData) 2026-10
academic:sdwfvc.com,academic,潍坊职业学院,http://www.sdwfvc.com/,sdwfvc.com,probed-2xx,200,2026-10-03,专科·山东省,枚举:GitHub高校数据集(阳光高考院校库域名+AllShoolData) 2026-10
academic:sdwm.cn,academic,山东外贸职业学院,http://sdwm.cn/,sdwm.cn,probed-4xx,403,2026-10-03,专科·山东省,枚举:GitHub高校数据集(阳光高考院校库域名+AllShoolData) 2026-10
academic:sdws.edu.cn,academic,山东外事职业大学,https://sdws.edu.cn/,sdws.edu.cn,probed-2xx,200,2026-10-03,本科·山东省,枚举:GitHub高校数据集(阳光高考院校库域名+AllShoolData) 2026-10
academic:sdwu.edu.cn,academic,山东女子学院,http://www.sdwu.edu.cn/,sdwu.edu.cn,probed-2xx,200,2026-10-03,本科·山东省,枚举:GitHub高校数据集(阳光高考院校库域名+AllShoolData) 2026-10
academic:sdwz.cn,academic,苏州大学文正学院,http://www.sdwz.cn/,sdwz.cn,probed-000,000,2026-10-03,本科·江苏省·Fitch源,枚举:GitHub高校数据集(阳光高考院校库域名+AllShoolData) 2026-10
academic:sdxd.edu.cn,academic,山东现代学院,https://sdxd.edu.cn/,sdxd.edu.cn,probed-000,000,2026-10-03,本科·山东省,枚举:GitHub高校数据集(阳光高考院校库域名+AllShoolData) 2026-10
academic:sdxiehe.edu.cn,academic,山东协和学院,https://sdxiehe.edu.cn/,sdxiehe.edu.cn,probed-2xx,200,2026-10-03,本科·山东省,枚举:GitHub高校数据集(阳光高考院校库域名+AllShoolData) 2026-10
academic:sdxlxy.com,academic,山东杏林科技职业学院,http://www.sdxlxy.com/,sdxlxy.com,probed-2xx,200,2026-10-03,专科·山东省·Fitch源,枚举:GitHub高校数据集(阳光高考院校库域名+AllShoolData) 2026-10
academic:sdycu.edu.cn,academic,山东英才学院,https://sdycu.edu.cn/,sdycu.edu.cn,probed-2xx,200,2026-10-03,本科·山东省,枚举:GitHub高校数据集(阳光高考院校库域名+AllShoolData) 2026-10
academic:sdyu.edu.cn,academic,山东青年政治学院,http://www.sdyu.edu.cn/,sdyu.edu.cn,probed-4xx,404,2026-10-03,本科·山东省,枚举:GitHub高校数据集(阳光高考院校库域名+AllShoolData) 2026-10
academic:sdzzvc.edu.cn,academic,枣庄职业学院,http://www.sdzzvc.edu.cn,sdzzvc.edu.cn,probed-2xx,200,2026-10-03,专科·山东省,枚举:GitHub高校数据集(阳光高考院校库域名+AllShoolData) 2026-10
academic:seig.edu.cn,academic,广州软件学院,https://seig.edu.cn/,seig.edu.cn,probed-000,000,2026-10-03,本科,枚举:GitHub高校数据集(阳光高考院校库域名+AllShoolData) 2026-10
academic:sepc.edu.cn,academic,山东电力高等专科学校,http://www.sepc.edu.cn/,sepc.edu.cn,probed-2xx,200,2026-10-03,专科·山东省,枚举:GitHub高校数据集(阳光高考院校库域名+AllShoolData) 2026-10
academic:seu.edu.cn,academic,东南大学,http://www.seu.edu.cn/,seu.edu.cn,probed-2xx,200,2026-10-03,本科·江苏省;另含:东南大学成贤学院,枚举:GitHub高校数据集(阳光高考院校库域名+AllShoolData) 2026-10
academic:sgap.edu.cn,academic,山西通用航空职业技术学院,https://sgap.edu.cn/,sgap.edu.cn,probed-000,000,2026-10-03,专科·山西省,枚举:GitHub高校数据集(阳光高考院校库域名+AllShoolData) 2026-10
academic:sgcc.com.cn,academic,哈尔滨电力职业技术学院,http://sgcc.com.cn/,sgcc.com.cn,probed-000,000,2026-10-03,专科·黑龙江省,枚举:GitHub高校数据集(阳光高考院校库域名+AllShoolData) 2026-10
academic:sgit.edu.cn,academic,首钢工学院,http://www.sgit.edu.cn/,sgit.edu.cn,probed-2xx,200,2026-10-03,本科·北京市,枚举:GitHub高校数据集(阳光高考院校库域名+AllShoolData) 2026-10
academic:sgmart.edu.cn,academic,苏州工艺美术职业技术学院,https://sgmart.edu.cn/,sgmart.edu.cn,probed-000,000,2026-10-03,专科·江苏省,枚举:GitHub高校数据集(阳光高考院校库域名+AllShoolData) 2026-10
academic:sgmtu.edu.cn,academic,黔南民族师范学院,http://www.sgmtu.edu.cn/,sgmtu.edu.cn,probed-2xx,200,2026-10-03,本科·贵州省,枚举:GitHub高校数据集(阳光高考院校库域名+AllShoolData) 2026-10
academic:sgu.edu.cn,academic,韶关学院,http://www.sgu.edu.cn/,sgu.edu.cn,probed-000,000,2026-10-03,本科·广东省,枚举:GitHub高校数据集(阳光高考院校库域名+AllShoolData) 2026-10
academic:shafc.edu.cn,academic,上海农林职业技术学院,http://www.shafc.edu.cn/,shafc.edu.cn,probed-2xx,200,2026-10-03,专科·上海市,枚举:GitHub高校数据集(阳光高考院校库域名+AllShoolData) 2026-10
academic:shanghaitech.edu.cn,academic,上海科技大学,http://www.shanghaitech.edu.cn,shanghaitech.edu.cn,probed-2xx,200,2026-10-03,本科·上海市,枚举:GitHub高校数据集(阳光高考院校库域名+AllShoolData) 2026-10
academic:shanxixjxy.com,academic,山西戏剧职业学院,http://www.shanxixjxy.com/,shanxixjxy.com,probed-2xx,200,2026-10-03,专科·山西省·Fitch源,枚举:GitHub高校数据集(阳光高考院校库域名+AllShoolData) 2026-10
academic:shaolinkungfu.edu.cn,academic,嵩山少林武术职业学院,http://www.shaolinkungfu.edu.cn,shaolinkungfu.edu.cn,probed-2xx,200,2026-10-03,专科·河南省,枚举:GitHub高校数据集(阳光高考院校库域名+AllShoolData) 2026-10
academic:shbangde.com,academic,上海邦德职业技术学院,http://www.shbangde.com/,shbangde.com,probed-000,000,2026-10-03,专科·上海市,枚举:GitHub高校数据集(阳光高考院校库域名+AllShoolData) 2026-10
academic:shcac.edu.cn,academic,上海民航职业技术学院,http://www.shcac.edu.cn/,shcac.edu.cn,probed-2xx,200,2026-10-03,专科·上海市,枚举:GitHub高校数据集(阳光高考院校库域名+AllShoolData) 2026-10
academic:shcc.edu.cn,academic,上海海关学院,https://shcc.edu.cn/,shcc.edu.cn,probed-000,000,2026-10-03,本科·上海市,枚举:GitHub高校数据集(阳光高考院校库域名+AllShoolData) 2026-10
academic:shcmusic.edu.cn,academic,上海音乐学院,http://www.shcmusic.edu.cn/,shcmusic.edu.cn,probed-2xx,200,2026-10-03,本科·上海市,枚举:GitHub高校数据集(阳光高考院校库域名+AllShoolData) 2026-10
academic:shengda.edu.cn,academic,郑州升达经贸管理学院,http://www.shengda.edu.cn/,shengda.edu.cn,probed-2xx,200,2026-10-03,本科·河南省,枚举:GitHub高校数据集(阳光高考院校库域名+AllShoolData) 2026-10
academic:shfilmart.com,academic,上海电影艺术职业学院,http://www.shfilmart.com,shfilmart.com,probed-000,000,2026-10-03,专科·上海市·未核实,枚举:GitHub高校数据集(阳光高考院校库域名+AllShoolData) 2026-10
academic:shghxyedu.net,academic,上海工会管理职业学院,http://www.shghxyedu.net/,shghxyedu.net,probed-2xx,200,2026-10-03,专科·上海市·Fitch源,枚举:GitHub高校数据集(阳光高考院校库域名+AllShoolData) 2026-10
academic:shiep.edu.cn,academic,上海电力大学,http://www.shiep.edu.cn,shiep.edu.cn,probed-2xx,200,2026-10-03,本科·上海市,枚举:GitHub高校数据集(阳光高考院校库域名+AllShoolData) 2026-10
academic:shisu.edu.cn,academic,上海外国语大学,http://www.shisu.edu.cn/,shisu.edu.cn,probed-2xx,200,2026-10-03,本科·上海市,枚举:GitHub高校数据集(阳光高考院校库域名+AllShoolData) 2026-10
academic:shjgu.edu.cn,academic,上海济光职业技术学院,http://www.shjgu.edu.cn,shjgu.edu.cn,probed-4xx,403,2026-10-03,专科·上海市·未核实,枚举:GitHub高校数据集(阳光高考院校库域名+AllShoolData) 2026-10
academic:shmtu.edu.cn,academic,上海海事大学,http://www.shmtu.edu.cn/,shmtu.edu.cn,probed-2xx,200,2026-10-03,本科·上海市,枚举:GitHub高校数据集(阳光高考院校库域名+AllShoolData) 2026-10
academic:shmy.edu.cn,academic,上海民远职业技术学院,http://www.shmy.edu.cn,shmy.edu.cn,probed-2xx,200,2026-10-03,专科·上海市,枚举:GitHub高校数据集(阳光高考院校库域名+AllShoolData) 2026-10
academic:shnhzx.com,academic,上海南湖职业技术学院,http://shnhzx.com/,shnhzx.com,probed-000,000,2026-10-03,专科,枚举:GitHub高校数据集(阳光高考院校库域名+AllShoolData) 2026-10
academic:shnu.edu.cn,academic,上海师范大学,http://www.shnu.edu.cn,shnu.edu.cn,probed-2xx,200,2026-10-03,本科·上海市,枚举:GitHub高校数据集(阳光高考院校库域名+AllShoolData) 2026-10
academic:shou.edu.cn,academic,上海海洋大学,http://www.shou.edu.cn/,shou.edu.cn,probed-2xx,200,2026-10-03,本科·上海市,枚举:GitHub高校数据集(阳光高考院校库域名+AllShoolData) 2026-10
academic:shouhua.net.cn,academic,上海欧华职业技术学院,http://www.shouhua.net.cn/,shouhua.net.cn,probed-4xx,403,2026-10-03,专科·上海市·Fitch源,枚举:GitHub高校数据集(阳光高考院校库域名+AllShoolData) 2026-10
academic:shpc.edu.cn,academic,上海公安学院,http://www.shpc.edu.cn/,shpc.edu.cn,probed-2xx,200,2026-10-03,本科·上海市·Fitch源,枚举:GitHub高校数据集(阳光高考院校库域名+AllShoolData) 2026-10
academic:shsipo.com,academic,上海思博职业技术学院,http://www.shsipo.com/,shsipo.com,probed-2xx,200,2026-10-03,专科·上海市,枚举:GitHub高校数据集(阳光高考院校库域名+AllShoolData) 2026-10
academic:shsmu.edu.cn,academic,上海交通大学医学院,https://shsmu.edu.cn/,shsmu.edu.cn,probed-000,000,2026-10-03,本科,枚举:GitHub高校数据集(阳光高考院校库域名+AllShoolData) 2026-10
academic:shu.edu.cn,academic,上海大学,http://www.shu.edu.cn/,shu.edu.cn,probed-2xx,200,2026-10-03,本科·上海市,枚举:GitHub高校数据集(阳光高考院校库域名+AllShoolData) 2026-10
academic:shu.edu.tw,academic,世新大学,https://shu.edu.tw/,shu.edu.tw,probed-3xx,301,2026-10-03,本科·台湾省·Demired源,枚举:GitHub高校数据集(阳光高考院校库域名+AllShoolData) 2026-10
academic:shufe-zj.edu.cn,academic,上海财经大学浙江学院,http://www.shufe-zj.edu.cn/,shufe-zj.edu.cn,probed-2xx,200,2026-10-03,本科·浙江省,枚举:GitHub高校数据集(阳光高考院校库域名+AllShoolData) 2026-10
academic:shupl.edu.cn,academic,上海政法学院,http://www.shupl.edu.cn/,shupl.edu.cn,probed-2xx,200,2026-10-03,本科·上海市,枚举:GitHub高校数据集(阳光高考院校库域名+AllShoolData) 2026-10
academic:shutcm.edu.cn,academic,上海中医药大学,http://www.shutcm.edu.cn/,shutcm.edu.cn,probed-2xx,200,2026-10-03,本科·上海市,枚举:GitHub高校数据集(阳光高考院校库域名+AllShoolData) 2026-10
academic:shxj.edu.cn,academic,上海行健职业学院,https://shxj.edu.cn/,shxj.edu.cn,probed-000,000,2026-10-03,专科·上海市,枚举:GitHub高校数据集(阳光高考院校库域名+AllShoolData) 2026-10
academic:shxy.edu.cn,academic,绥化学院,http://www.shxy.edu.cn,shxy.edu.cn,probed-2xx,200,2026-10-03,本科·黑龙江省,枚举:GitHub高校数据集(阳光高考院校库域名+AllShoolData) 2026-10
academic:shzq.edu.cn,academic,上海中侨职业技术大学,http://www.shzq.edu.cn/,shzq.edu.cn,probed-4xx,400,2026-10-03,本科·上海市,枚举:GitHub高校数据集(阳光高考院校库域名+AllShoolData) 2026-10
academic:shzu.edu.cn,academic,石河子大学,http://www.shzu.edu.cn/,shzu.edu.cn,probed-2xx,200,2026-10-03,本科·新疆维吾尔自治区,枚举:GitHub高校数据集(阳光高考院校库域名+AllShoolData) 2026-10
academic:shzv.edu.cn,academic,新疆石河子职业技术学院,https://shzv.edu.cn/,shzv.edu.cn,probed-000,000,2026-10-03,专科·新疆维吾尔自治区,枚举:GitHub高校数据集(阳光高考院校库域名+AllShoolData) 2026-10
academic:shzvce.cn,academic,石河子工程职业技术学院,http://shzvce.cn/,shzvce.cn,probed-2xx,200,2026-10-03,专科·新疆维吾尔自治区,枚举:GitHub高校数据集(阳光高考院校库域名+AllShoolData) 2026-10
academic:sias.edu.cn,academic,郑州西亚斯学院,https://sias.edu.cn/,sias.edu.cn,probed-000,000,2026-10-03,本科·河南省,枚举:GitHub高校数据集(阳光高考院校库域名+AllShoolData) 2026-10
academic:sicau.edu.cn,academic,四川农业大学,http://www.sicau.edu.cn/,sicau.edu.cn,probed-2xx,200,2026-10-03,本科·四川省,枚举:GitHub高校数据集(阳光高考院校库域名+AllShoolData) 2026-10
academic:sicfl.edu.cn,academic,上海工商外国语职业学院,http://www.sicfl.edu.cn/,sicfl.edu.cn,probed-2xx,200,2026-10-03,专科·上海市,枚举:GitHub高校数据集(阳光高考院校库域名+AllShoolData) 2026-10
academic:sicnu.edu.cn,academic,四川师范大学,http://www.sicnu.edu.cn/,sicnu.edu.cn,probed-2xx,200,2026-10-03,本科·四川省,枚举:GitHub高校数据集(阳光高考院校库域名+AllShoolData) 2026-10
academic:sicp.edu.cn,academic,上海工商职业技术学院,https://sicp.edu.cn/,sicp.edu.cn,probed-000,000,2026-10-03,专科·上海市,枚举:GitHub高校数据集(阳光高考院校库域名+AllShoolData) 2026-10
academic:sict.edu.cn,academic,山东商业职业技术学院,http://www.sict.edu.cn/,sict.edu.cn,probed-4xx,412,2026-10-03,专科·山东省,枚举:GitHub高校数据集(阳光高考院校库域名+AllShoolData) 2026-10
academic:sie.edu.cn,academic,沈阳工程学院,http://www.sie.edu.cn/,sie.edu.cn,probed-2xx,200,2026-10-03,本科·辽宁省,枚举:GitHub高校数据集(阳光高考院校库域名+AllShoolData) 2026-10
academic:siit.edu.cn,academic,苏州工业职业技术学院,https://siit.edu.cn/,siit.edu.cn,probed-000,000,2026-10-03,专科·江苏省,枚举:GitHub高校数据集(阳光高考院校库域名+AllShoolData) 2026-10
academic:sirt.edu.cn,academic,石家庄铁路职业技术学院,http://www.sirt.edu.cn/,sirt.edu.cn,probed-2xx,200,2026-10-03,专科·河北省,枚举:GitHub高校数据集(阳光高考院校库域名+AllShoolData) 2026-10
academic:sise.com.cn,academic,广州大学华软软件学院,http://www.sise.com.cn/,sise.com.cn,probed-2xx,200,2026-10-03,本科·广东省·Fitch源,枚举:GitHub高校数据集(阳光高考院校库域名+AllShoolData) 2026-10
academic:siso.edu.cn,academic,苏州工业园区服务外包职业学院,http://www.siso.edu.cn/,siso.edu.cn,probed-000,000,2026-10-03,专科·江苏省,枚举:GitHub高校数据集(阳光高考院校库域名+AllShoolData) 2026-10
academic:sisu.edu.cn,academic,四川外国语大学,http://www.sisu.edu.cn/,sisu.edu.cn,probed-2xx,200,2026-10-03,本科·重庆市,枚举:GitHub高校数据集(阳光高考院校库域名+AllShoolData) 2026-10
academic:sit.edu.cn,academic,上海应用技术大学,http://www.sit.edu.cn/,sit.edu.cn,probed-000,000,2026-10-03,本科·上海市,枚举:GitHub高校数据集(阳光高考院校库域名+AllShoolData) 2026-10
academic:sitsh.edu.cn,academic,上海旅游高等专科学校,http://www.sitsh.edu.cn,sitsh.edu.cn,probed-2xx,200,2026-10-03,专科·上海市,枚举:GitHub高校数据集(阳光高考院校库域名+AllShoolData) 2026-10
academic:situ.edu.cn,academic,沈阳工学院,http://www.situ.edu.cn,situ.edu.cn,probed-2xx,200,2026-10-03,本科·辽宁省,枚举:GitHub高校数据集(阳光高考院校库域名+AllShoolData) 2026-10
academic:siva.edu.cn,academic,上海视觉艺术学院,http://www.siva.edu.cn/,siva.edu.cn,probed-2xx,200,2026-10-03,本科·上海市,枚举:GitHub高校数据集(阳光高考院校库域名+AllShoolData) 2026-10
academic:sjmsxy.net.cn,academic,黑龙江三江美术职业学院,http://www.sjmsxy.net.cn/,sjmsxy.net.cn,probed-2xx,200,2026-10-03,专科·黑龙江省,枚举:GitHub高校数据集(阳光高考院校库域名+AllShoolData) 2026-10
academic:sjpopc.edu.cn,academic,四川司法警官职业学院,http://www.sjpopc.edu.cn,sjpopc.edu.cn,probed-2xx,200,2026-10-03,专科·四川省,枚举:GitHub高校数据集(阳光高考院校库域名+AllShoolData) 2026-10
academic:sjtu.edu.cn,academic,上海交通大学,http://www.sjtu.edu.cn/,sjtu.edu.cn,probed-2xx,200,2026-10-03,本科·上海市,枚举:GitHub高校数据集(阳光高考院校库域名+AllShoolData) 2026-10
academic:sju.edu.cn,academic,三江学院,http://www.sju.edu.cn/,sju.edu.cn,probed-2xx,200,2026-10-03,本科·江苏省,枚举:GitHub高校数据集(阳光高考院校库域名+AllShoolData) 2026-10
academic:sjzc.edu.cn,academic,石家庄学院,http://www.sjzc.edu.cn/,sjzc.edu.cn,probed-2xx,200,2026-10-03,本科·河北省,枚举:GitHub高校数据集(阳光高考院校库域名+AllShoolData) 2026-10
academic:sjzcsjjxy.com,academic,石家庄城市经济职业学院,http://www.sjzcsjjxy.com/,sjzcsjjxy.com,probed-2xx,200,2026-10-03,专科·河北省,枚举:GitHub高校数据集(阳光高考院校库域名+AllShoolData) 2026-10
academic:sjzevc.com,academic,石家庄工程职业学院,http://www.sjzevc.com,sjzevc.com,probed-2xx,200,2026-10-03,专科·河北省,枚举:GitHub高校数据集(阳光高考院校库域名+AllShoolData) 2026-10
academic:sjzgsxy.com,academic,石家庄工商职业学院,http://www.sjzgsxy.com/,sjzgsxy.com,probed-2xx,200,2026-10-03,专科·河北省,枚举:GitHub高校数据集(阳光高考院校库域名+AllShoolData) 2026-10
academic:sjziei.edu.cn,academic,石家庄信息工程职业学院,https://sjziei.edu.cn/,sjziei.edu.cn,probed-000,000,2026-10-03,专科·河北省,枚举:GitHub高校数据集(阳光高考院校库域名+AllShoolData) 2026-10
academic:sjzjjxy.com,academic,石家庄经济职业学院,http://sjzjjxy.com/,sjzjjxy.com,probed-2xx,200,2026-10-03,专科·河北省,枚举:GitHub高校数据集(阳光高考院校库域名+AllShoolData) 2026-10
academic:sjzkg.edu.cn,academic,河北正定师范高等专科学校,http://www.sjzkg.edu.cn,sjzkg.edu.cn,probed-2xx,200,2026-10-03,专科,枚举:GitHub高校数据集(阳光高考院校库域名+AllShoolData) 2026-10
academic:sjzkjxy.com,academic,石家庄科技职业学院,http://sjzkjxy.com/,sjzkjxy.com,probed-2xx,200,2026-10-03,专科·河北省,枚举:GitHub高校数据集(阳光高考院校库域名+AllShoolData) 2026-10
academic:sjzlg.com,academic,石家庄理工职业学院,http://www.sjzlg.com/,sjzlg.com,probed-2xx,200,2026-10-03,专科·河北省,枚举:GitHub高校数据集(阳光高考院校库域名+AllShoolData) 2026-10
academic:sjzmc.cn,academic,石家庄医学高等专科学校,http://www.sjzmc.cn/,sjzmc.cn,probed-2xx,200,2026-10-03,专科·河北省,枚举:GitHub高校数据集(阳光高考院校库域名+AllShoolData) 2026-10
academic:sjzpc.edu.cn,academic,石家庄邮电职业技术学院,http://www.sjzpc.edu.cn/,sjzpc.edu.cn,probed-2xx,200,2026-10-03,专科·河北省,枚举:GitHub高校数据集(阳光高考院校库域名+AllShoolData) 2026-10
academic:sjzpt.edu.cn,academic,石家庄职业技术学院,http://www.sjzpt.edu.cn/,sjzpt.edu.cn,probed-2xx,200,2026-10-03,专科·河北省,枚举:GitHub高校数据集(阳光高考院校库域名+AllShoolData) 2026-10
academic:sjzrmyz.com,academic,石家庄人民医学高等专科学校,http://www.sjzrmyz.com/,sjzrmyz.com,probed-2xx,200,2026-10-03,专科·河北省,枚举:GitHub高校数据集(阳光高考院校库域名+AllShoolData) 2026-10
academic:sjzu.edu.cn,academic,沈阳建筑大学,http://www.sjzu.edu.cn/,sjzu.edu.cn,probed-4xx,403,2026-10-03,本科·辽宁省,枚举:GitHub高校数据集(阳光高考院校库域名+AllShoolData) 2026-10
academic:sjzuehx.cn,academic,河北地质大学华信学院,http://www.sjzuehx.cn/,sjzuehx.cn,probed-2xx,200,2026-10-03,本科·河北省,枚举:GitHub高校数据集(阳光高考院校库域名+AllShoolData) 2026-10
academic:sjzysgz.com,academic,石家庄幼儿师范高等专科学校,http://sjzysgz.com/,sjzysgz.com,probed-000,000,2026-10-03,专科·河北省,枚举:GitHub高校数据集(阳光高考院校库域名+AllShoolData) 2026-10
academic:slcupc.edu.cn,academic,中国石油大学胜利学院,http://www.slcupc.edu.cn/,slcupc.edu.cn,probed-000,000,2026-10-03,本科·山东省·Fitch源,枚举:GitHub高校数据集(阳光高考院校库域名+AllShoolData) 2026-10
academic:slt.hubei.gov.cn,academic,湖北水利水电职业技术学院,http://slt.hubei.gov.cn/,slt.hubei.gov.cn,probed-4xx,412,2026-10-03,专科·湖北省,枚举:GitHub高校数据集(阳光高考院校库域名+AllShoolData) 2026-10
academic:slu.edu.cn,academic,安徽三联学院,https://slu.edu.cn/,slu.edu.cn,probed-4xx,404,2026-10-03,本科·安徽省,枚举:GitHub高校数据集(阳光高考院校库域名+AllShoolData) 2026-10
academic:slxy.edu.cn,academic,商洛学院,http://www.slxy.edu.cn,slxy.edu.cn,probed-2xx,200,2026-10-03,本科·陕西省,枚举:GitHub高校数据集(阳光高考院校库域名+AllShoolData) 2026-10
academic:slzyjsxy.com,academic,商洛职业技术学院,http://www.slzyjsxy.com/,slzyjsxy.com,probed-2xx,200,2026-10-03,专科·陕西省,枚举:GitHub高校数据集(阳光高考院校库域名+AllShoolData) 2026-10
academic:sma.edu.cn,academic,上海海事职业技术学院,http://www.sma.edu.cn/,sma.edu.cn,probed-2xx,200,2026-10-03,专科·上海市,枚举:GitHub高校数据集(阳光高考院校库域名+AllShoolData) 2026-10
academic:smbu.edu.cn,academic,深圳北理莫斯科大学,https://smbu.edu.cn/,smbu.edu.cn,probed-4xx,403,2026-10-03,本科·广东省,枚举:GitHub高校数据集(阳光高考院校库域名+AllShoolData) 2026-10
academic:smmu.edu.cn,academic,海军军医大学,https://smmu.edu.cn/,smmu.edu.cn,probed-000,000,2026-10-03,本科,枚举:GitHub高校数据集(阳光高考院校库域名+AllShoolData) 2026-10
academic:smu.edu.cn,academic,南方医科大学,https://smu.edu.cn/,smu.edu.cn,probed-000,000,2026-10-03,本科·广东省,枚举:GitHub高校数据集(阳光高考院校库域名+AllShoolData) 2026-10
academic:smxcsa.com,academic,三门峡社会管理职业学院,http://www.smxcsa.com/,smxcsa.com,probed-2xx,200,2026-10-03,专科·河南省,枚举:GitHub高校数据集(阳光高考院校库域名+AllShoolData) 2026-10
academic:smxpt.cn,academic,三门峡职业技术学院,http://www.smxpt.cn/,smxpt.cn,probed-2xx,200,2026-10-03,专科·河南省,枚举:GitHub高校数据集(阳光高考院校库域名+AllShoolData) 2026-10
academic:smykzy.cn,academic,三明医学科技职业学院,http://smykzy.cn/,smykzy.cn,probed-4xx,403,2026-10-03,专科·福建省,枚举:GitHub高校数据集(阳光高考院校库域名+AllShoolData) 2026-10
academic:smzy.edu.cn,academic,神木职业技术学院,https://smzy.edu.cn/,smzy.edu.cn,probed-2xx,200,2026-10-03,专科·陕西省,枚举:GitHub高校数据集(阳光高考院校库域名+AllShoolData) 2026-10
academic:snbcedu.cn,academic,陕西工商职业学院,http://www.snbcedu.cn/,snbcedu.cn,probed-2xx,200,2026-10-03,专科·陕西省,枚举:GitHub高校数据集(阳光高考院校库域名+AllShoolData) 2026-10
academic:sngzy.cn,academic,辽宁水利职业学院,http://www.sngzy.cn/,sngzy.cn,probed-2xx,200,2026-10-03,专科·沈阳市·Fitch源,枚举:GitHub高校数据集(阳光高考院校库域名+AllShoolData) 2026-10
academic:snnu.edu.cn,academic,陕西师范大学,http://www.snnu.edu.cn/,snnu.edu.cn,probed-2xx,200,2026-10-03,本科·陕西省,枚举:GitHub高校数据集(阳光高考院校库域名+AllShoolData) 2026-10
academic:snsy.edu.cn,academic,陕西学前师范学院,http://www.snsy.edu.cn,snsy.edu.cn,probed-2xx,200,2026-10-03,本科·陕西省,枚举:GitHub高校数据集(阳光高考院校库域名+AllShoolData) 2026-10
academic:sntcc.cn,academic,陕西旅游烹饪职业学院,http://www.sntcc.cn/,sntcc.cn,probed-2xx,200,2026-10-03,专科·陕西省·未核实,枚举:GitHub高校数据集(阳光高考院校库域名+AllShoolData) 2026-10
academic:sntcm.edu.cn,academic,陕西中医药大学,http://www.sntcm.edu.cn/,sntcm.edu.cn,probed-2xx,200,2026-10-03,本科·陕西省,枚举:GitHub高校数据集(阳光高考院校库域名+AllShoolData) 2026-10
academic:snut.edu.cn,academic,陕西理工大学,http://www.snut.edu.cn/,snut.edu.cn,probed-3xx,302,2026-10-03,本科·陕西省,枚举:GitHub高校数据集(阳光高考院校库域名+AllShoolData) 2026-10
academic:sontan.net,academic,广州大学松田学院,http://www.sontan.net/,sontan.net,probed-2xx,200,2026-10-03,本科·广东省·Fitch源,枚举:GitHub高校数据集(阳光高考院校库域名+AllShoolData) 2026-10
academic:sppc.edu.cn,academic,上海出版印刷高等专科学校,http://www.sppc.edu.cn/,sppc.edu.cn,probed-3xx,301,2026-10-03,专科·上海市,枚举:GitHub高校数据集(阳光高考院校库域名+AllShoolData) 2026-10
academic:sptc.sn.cn,academic,陕西邮电职业技术学院,http://www.sptc.sn.cn/,sptc.sn.cn,probed-000,000,2026-10-03,专科·陕西省,枚举:GitHub高校数据集(阳光高考院校库域名+AllShoolData) 2026-10
academic:sptpc.com,academic,四川邮电职业技术学院,http://www.sptpc.com/,sptpc.com,probed-000,000,2026-10-03,专科·四川省·未核实,枚举:GitHub高校数据集(阳光高考院校库域名+AllShoolData) 2026-10
academic:spvec.com.cn,academic,陕西职业技术学院,http://www.spvec.com.cn/,spvec.com.cn,probed-000,000,2026-10-03,专科·陕西省,枚举:GitHub高校数据集(阳光高考院校库域名+AllShoolData) 2026-10
academic:spvu.edu.cn,academic,四平职业大学,https://spvu.edu.cn/,spvu.edu.cn,probed-000,000,2026-10-03,专科·吉林省,枚举:GitHub高校数据集(阳光高考院校库域名+AllShoolData) 2026-10
academic:sqgxy.edu.cn,academic,商丘工学院,https://sqgxy.edu.cn/,sqgxy.edu.cn,probed-000,000,2026-10-03,本科·河南省,枚举:GitHub高校数据集(阳光高考院校库域名+AllShoolData) 2026-10
academic:sqmc.edu.cn,academic,新乡医学院三全学院,http://www.sqmc.edu.cn/,sqmc.edu.cn,probed-2xx,200,2026-10-03,本科·河南省,枚举:GitHub高校数据集(阳光高考院校库域名+AllShoolData) 2026-10
academic:sqnu.edu.cn,academic,商丘师范学院,http://www.sqnu.edu.cn,sqnu.edu.cn,probed-2xx,200,2026-10-03,本科·河南省,枚举:GitHub高校数据集(阳光高考院校库域名+AllShoolData) 2026-10
academic:squ.edu.cn,academic,宿迁学院,https://squ.edu.cn/,squ.edu.cn,probed-000,000,2026-10-03,本科·江苏省,枚举:GitHub高校数据集(阳光高考院校库域名+AllShoolData) 2026-10
academic:sqxy.edu.cn,academic,商丘学院,https://sqxy.edu.cn/,sqxy.edu.cn,probed-000,000,2026-10-03,本科·河南省,枚举:GitHub高校数据集(阳光高考院校库域名+AllShoolData) 2026-10
academic:sqxy.gmc.edu.cn,academic,贵阳医学院神奇民族医药学院,http://sqxy.gmc.edu.cn/,sqxy.gmc.edu.cn,probed-000,000,2026-10-03,本科·贵阳市·Fitch源,枚举:GitHub高校数据集(阳光高考院校库域名+AllShoolData) 2026-10
academic:sqyx.edu.cn,academic,商丘医学高等专科学校,http://www.sqyx.edu.cn/,sqyx.edu.cn,probed-2xx,200,2026-10-03,专科·河南省,枚举:GitHub高校数据集(阳光高考院校库域名+AllShoolData) 2026-10
academic:sqzy.edu.cn,academic,商丘职业技术学院,http://www.sqzy.edu.cn,sqzy.edu.cn,probed-2xx,200,2026-10-03,专科·河南省,枚举:GitHub高校数据集(阳光高考院校库域名+AllShoolData) 2026-10
academic:sqzyxy.com,academic,宿迁职业技术学院,http://www.sqzyxy.com/,sqzyxy.com,probed-2xx,200,2026-10-03,专科·江苏省,枚举:GitHub高校数据集(阳光高考院校库域名+AllShoolData) 2026-10
academic:sru.edu.cn,academic,上饶师范学院,https://sru.edu.cn/,sru.edu.cn,probed-2xx,200,2026-10-03,本科·江西省,枚举:GitHub高校数据集(阳光高考院校库域名+AllShoolData) 2026-10
academic:srygz.com,academic,上饶幼儿师范高等专科学校,http://srygz.com/,srygz.com,probed-2xx,200,2026-10-03,专科·江西省·未核实,枚举:GitHub高校数据集(阳光高考院校库域名+AllShoolData) 2026-10
academic:srzy.cn,academic,上饶职业技术学院,http://www.srzy.cn/,srzy.cn,probed-000,000,2026-10-03,专科·江西省,枚举:GitHub高校数据集(阳光高考院校库域名+AllShoolData) 2026-10
academic:ssi.edu.cn,academic,上海体育职业学院,http://www.ssi.edu.cn/,ssi.edu.cn,probed-000,000,2026-10-03,专科·上海市·Fitch源,枚举:GitHub高校数据集(阳光高考院校库域名+AllShoolData) 2026-10
academic:sspu.edu.cn,academic,上海第二工业大学,http://www.sspu.edu.cn/,sspu.edu.cn,probed-2xx,200,2026-10-03,本科·上海市,枚举:GitHub高校数据集(阳光高考院校库域名+AllShoolData) 2026-10
academic:sszss.com,academic,北海艺术设计学院,http://www.sszss.com/,sszss.com,probed-4xx,400,2026-10-03,本科·广西壮族自治区,枚举:GitHub高校数据集(阳光高考院校库域名+AllShoolData) 2026-10
academic:sta.edu.cn,academic,上海戏剧学院,http://www.sta.edu.cn/,sta.edu.cn,probed-2xx,200,2026-10-03,本科·上海市,枚举:GitHub高校数据集(阳光高考院校库域名+AllShoolData) 2026-10
academic:stbu.edu.cn,academic,四川工商学院,http://www.stbu.edu.cn/,stbu.edu.cn,probed-2xx,200,2026-10-03,本科·四川省,枚举:GitHub高校数据集(阳光高考院校库域名+AllShoolData) 2026-10
academic:stcmchina.com,academic,山东中医药高等专科学校,http://www.stcmchina.com/,stcmchina.com,probed-4xx,404,2026-10-03,专科·山东省,枚举:GitHub高校数据集(阳光高考院校库域名+AllShoolData) 2026-10
academic:stdu.edu.cn,academic,石家庄铁道大学,http://www.stdu.edu.cn/,stdu.edu.cn,probed-2xx,200,2026-10-03,本科·河北省,枚举:GitHub高校数据集(阳光高考院校库域名+AllShoolData) 2026-10
academic:stdusfc.edu.cn,academic,石家庄铁道大学四方学院,https://stdusfc.edu.cn/,stdusfc.edu.cn,probed-2xx,200,2026-10-03,本科·河北省,枚举:GitHub高校数据集(阳光高考院校库域名+AllShoolData) 2026-10
academic:sthu.cn,academic,上海师范大学天华学院,http://www.sthu.cn/,sthu.cn,probed-2xx,200,2026-10-03,本科·上海市,枚举:GitHub高校数据集(阳光高考院校库域名+AllShoolData) 2026-10
academic:stiei.edu.cn,academic,上海电子信息职业技术学院,http://www.stiei.edu.cn/,stiei.edu.cn,probed-2xx,200,2026-10-03,专科·上海市,枚举:GitHub高校数据集(阳光高考院校库域名+AllShoolData) 2026-10
academic:stpt.edu.cn,academic,汕头职业技术学院,https://stpt.edu.cn/,stpt.edu.cn,probed-000,000,2026-10-03,专科·广东省,枚举:GitHub高校数据集(阳光高考院校库域名+AllShoolData) 2026-10
academic:stu.edu.cn,academic,汕头大学,http://www.stu.edu.cn/,stu.edu.cn,probed-2xx,200,2026-10-03,本科·广东省,枚举:GitHub高校数据集(阳光高考院校库域名+AllShoolData) 2026-10
academic:succ.edu.cn,academic,上海城建职业学院,http://www.succ.edu.cn/,succ.edu.cn,probed-2xx,200,2026-10-03,专科·上海市,枚举:GitHub高校数据集(阳光高考院校库域名+AllShoolData) 2026-10
academic:suda.edu.cn,academic,苏州大学,http://www.suda.edu.cn/,suda.edu.cn,probed-2xx,200,2026-10-03,本科·江苏省;另含:苏州大学应用技术学院,枚举:GitHub高校数据集(阳光高考院校库域名+AllShoolData) 2026-10
academic:sues.edu.cn,academic,上海工程技术大学,http://www.sues.edu.cn/,sues.edu.cn,probed-2xx,200,2026-10-03,本科·上海市,枚举:GitHub高校数据集(阳光高考院校库域名+AllShoolData) 2026-10
academic:suet.edu.cn,academic,山东工程职业技术大学,https://suet.edu.cn/,suet.edu.cn,probed-000,000,2026-10-03,本科·山东省,枚举:GitHub高校数据集(阳光高考院校库域名+AllShoolData) 2026-10
academic:sufe.edu.cn,academic,上海财经大学,https://sufe.edu.cn/,sufe.edu.cn,probed-000,000,2026-10-03,本科·上海市,枚举:GitHub高校数据集(阳光高考院校库域名+AllShoolData) 2026-10
academic:suibe.edu.cn,academic,上海对外经贸大学,http://www.suibe.edu.cn/,suibe.edu.cn,probed-4xx,403,2026-10-03,本科·上海市,枚举:GitHub高校数据集(阳光高考院校库域名+AllShoolData) 2026-10
academic:sumhs.edu.cn,academic,上海健康医学院,http://www.sumhs.edu.cn/,sumhs.edu.cn,probed-2xx,200,2026-10-03,本科·上海市,枚举:GitHub高校数据集(阳光高考院校库域名+AllShoolData) 2026-10
academic:suoyuan.com.cn,academic,天津机电职业技术学院,http://www.suoyuan.com.cn/,suoyuan.com.cn,probed-2xx,200,2026-10-03,专科·天津市,枚举:GitHub高校数据集(阳光高考院校库域名+AllShoolData) 2026-10
academic:sus.edu.cn,academic,上海体育学院,http://www.sus.edu.cn/,sus.edu.cn,probed-2xx,200,2026-10-03,本科·上海市,枚举:GitHub高校数据集(阳光高考院校库域名+AllShoolData) 2026-10
academic:suse.edu.cn,academic,四川轻化工大学,http://www.suse.edu.cn/,suse.edu.cn,probed-2xx,200,2026-10-03,本科·四川省,枚举:GitHub高校数据集(阳光高考院校库域名+AllShoolData) 2026-10
academic:sust.edu.cn,academic,陕西科技大学,http://www.sust.edu.cn/,sust.edu.cn,probed-2xx,200,2026-10-03,本科·陕西省,枚举:GitHub高校数据集(阳光高考院校库域名+AllShoolData) 2026-10
academic:sustech.edu.cn,academic,南方科技大学,http://www.sustech.edu.cn/,sustech.edu.cn,probed-2xx,200,2026-10-03,本科·广东省,枚举:GitHub高校数据集(阳光高考院校库域名+AllShoolData) 2026-10
academic:sut.edu.cn,academic,沈阳工业大学,http://www.sut.edu.cn,sut.edu.cn,probed-000,000,2026-10-03,本科·辽宁省,枚举:GitHub高校数据集(阳光高考院校库域名+AllShoolData) 2026-10
academic:svccc.net,academic,四川文化传媒职业学院,http://www.svccc.net/,svccc.net,probed-2xx,200,2026-10-03,专科·四川省,枚举:GitHub高校数据集(阳光高考院校库域名+AllShoolData) 2026-10
academic:svcci.cn,academic,四川文化产业职业学院,http://www.svcci.cn,svcci.cn,probed-000,000,2026-10-03,专科·四川省,枚举:GitHub高校数据集(阳光高考院校库域名+AllShoolData) 2026-10
academic:svchr.edu.cn,academic,四川卫生康复职业学院,http://www.svchr.edu.cn,svchr.edu.cn,probed-2xx,200,2026-10-03,专科·四川省,枚举:GitHub高校数据集(阳光高考院校库域名+AllShoolData) 2026-10
academic:svict.com,academic,山东服装职业学院,http://www.svict.com/,svict.com,probed-000,000,2026-10-03,专科·山东省,枚举:GitHub高校数据集(阳光高考院校库域名+AllShoolData) 2026-10
academic:svtcc.edu.cn,academic,四川交通职业技术学院,http://www.svtcc.edu.cn,svtcc.edu.cn,probed-000,000,2026-10-03,专科·四川省,枚举:GitHub高校数据集(阳光高考院校库域名+AllShoolData) 2026-10
academic:swcvc.edu.cn,academic,四川水利职业技术学院,https://swcvc.edu.cn/,swcvc.edu.cn,probed-2xx,200,2026-10-03,专科·四川省,枚举:GitHub高校数据集(阳光高考院校库域名+AllShoolData) 2026-10
academic:swfu.edu.cn,academic,西南林业大学,https://swfu.edu.cn/,swfu.edu.cn,probed-000,000,2026-10-03,本科·云南省,枚举:GitHub高校数据集(阳光高考院校库域名+AllShoolData) 2026-10
academic:swjtu.edu.cn,academic,西南交通大学,http://www.swjtu.edu.cn/,swjtu.edu.cn,probed-2xx,200,2026-10-03,本科·四川省,枚举:GitHub高校数据集(阳光高考院校库域名+AllShoolData) 2026-10
academic:swjtuhc.cn,academic,西南交通大学希望学院,http://www.swjtuhc.cn/,swjtuhc.cn,probed-2xx,200,2026-10-03,本科·四川省,枚举:GitHub高校数据集(阳光高考院校库域名+AllShoolData) 2026-10
academic:swmu.edu.cn,academic,西南医科大学,http://www.swmu.edu.cn,swmu.edu.cn,probed-2xx,200,2026-10-03,本科·四川省,枚举:GitHub高校数据集(阳光高考院校库域名+AllShoolData) 2026-10
academic:swpu.edu.cn,academic,西南石油大学,http://www.swpu.edu.cn/,swpu.edu.cn,probed-2xx,200,2026-10-03,本科·四川省,枚举:GitHub高校数据集(阳光高考院校库域名+AllShoolData) 2026-10
academic:swsm.cn,academic,重庆师范大学涉外商贸学院,http://www.swsm.cn/,swsm.cn,probed-000,000,2026-10-03,本科·重庆市·Fitch源,枚举:GitHub高校数据集(阳光高考院校库域名+AllShoolData) 2026-10
academic:swu.edu.cn,academic,西南大学,http://www.swu.edu.cn/,swu.edu.cn,probed-2xx,200,2026-10-03,本科·重庆市;另含:西南大学(荣昌校区),枚举:GitHub高校数据集(阳光高考院校库域名+AllShoolData) 2026-10
academic:swufe.edu.cn,academic,西南财经大学,http://www.swufe.edu.cn/,swufe.edu.cn,probed-2xx,200,2026-10-03,本科·四川省,枚举:GitHub高校数据集(阳光高考院校库域名+AllShoolData) 2026-10
academic:swun.edu.cn,academic,西南民族大学,http://www.swun.edu.cn/,swun.edu.cn,probed-4xx,412,2026-10-03,本科·四川省,枚举:GitHub高校数据集(阳光高考院校库域名+AllShoolData) 2026-10
academic:swupl.edu.cn,academic,西南政法大学,http://www.swupl.edu.cn/,swupl.edu.cn,probed-2xx,200,2026-10-03,本科·重庆市,枚举:GitHub高校数据集(阳光高考院校库域名+AllShoolData) 2026-10
academic:swust.edu.cn,academic,西南科技大学,http://www.swust.edu.cn/,swust.edu.cn,probed-000,000,2026-10-03,本科·四川省,枚举:GitHub高校数据集(阳光高考院校库域名+AllShoolData) 2026-10
academic:swut.edu.cn,academic,山东外国语职业技术大学,https://swut.edu.cn/,swut.edu.cn,probed-000,000,2026-10-03,本科·山东省,枚举:GitHub高校数据集(阳光高考院校库域名+AllShoolData) 2026-10
academic:swvtc.cn,academic,汕尾职业技术学院,http://www.swvtc.cn/,swvtc.cn,probed-4xx,403,2026-10-03,专科·广东省,枚举:GitHub高校数据集(阳光高考院校库域名+AllShoolData) 2026-10
academic:swxyzsw.cn,academic,新疆财经大学商务学院,http://www.swxyzsw.cn/,swxyzsw.cn,probed-000,000,2026-10-03,本科·乌鲁木齐·Fitch源,枚举:GitHub高校数据集(阳光高考院校库域名+AllShoolData) 2026-10
academic:sxatc.com,academic,山西建筑职业技术学院,http://www.sxatc.com/,sxatc.com,probed-2xx,200,2026-10-03,专科·山西省·Fitch源,枚举:GitHub高校数据集(阳光高考院校库域名+AllShoolData) 2026-10
academic:sxau.edu.cn,academic,山西农业大学,http://www.sxau.edu.cn/,sxau.edu.cn,probed-2xx,200,2026-10-03,本科·山西省,枚举:GitHub高校数据集(阳光高考院校库域名+AllShoolData) 2026-10
academic:sxavc.com,academic,陕西艺术职业学院,http://www.sxavc.com/,sxavc.com,probed-2xx,200,2026-10-03,专科·陕西省,枚举:GitHub高校数据集(阳光高考院校库域名+AllShoolData) 2026-10
academic:sxbac.net.cn,academic,山西药科职业学院,http://www.sxbac.net.cn/,sxbac.net.cn,probed-2xx,200,2026-10-03,专科·山西省,枚举:GitHub高校数据集(阳光高考院校库域名+AllShoolData) 2026-10
academic:sxcmvc.com,academic,山西财贸职业技术学院,http://www.sxcmvc.com/,sxcmvc.com,probed-2xx,200,2026-10-03,专科·山西省,枚举:GitHub高校数据集(阳光高考院校库域名+AllShoolData) 2026-10
academic:sxct.edu.cn,academic,山西工学院,https://sxct.edu.cn/,sxct.edu.cn,probed-000,000,2026-10-03,本科,枚举:GitHub高校数据集(阳光高考院校库域名+AllShoolData) 2026-10
academic:sxdtdx.edu.cn,academic,山西大同大学,http://www.sxdtdx.edu.cn/,sxdtdx.edu.cn,probed-2xx,200,2026-10-03,本科·山西省,枚举:GitHub高校数据集(阳光高考院校库域名+AllShoolData) 2026-10
academic:sxdtgz.com,academic,大同师范高等专科学校,http://sxdtgz.com/,sxdtgz.com,probed-4xx,404,2026-10-03,专科·山西省·未核实,枚举:GitHub高校数据集(阳光高考院校库域名+AllShoolData) 2026-10
academic:sxemc.com,academic,山西经贸职业学院,http://www.sxemc.com/,sxemc.com,probed-2xx,200,2026-10-03,专科·山西省,枚举:GitHub高校数据集(阳光高考院校库域名+AllShoolData) 2026-10
academic:sxetcedu.com,academic,陕西电子科技职业学院,http://www.sxetcedu.com/,sxetcedu.com,probed-2xx,200,2026-10-03,专科·西安市·Fitch源,枚举:GitHub高校数据集(阳光高考院校库域名+AllShoolData) 2026-10
academic:sxftc.edu.cn,academic,山西省财政税务专科学校,http://www.sxftc.edu.cn/,sxftc.edu.cn,probed-2xx,200,2026-10-03,专科·山西省,枚举:GitHub高校数据集(阳光高考院校库域名+AllShoolData) 2026-10
academic:sxfu.org,academic,陕西服装工程学院,http://www.sxfu.org/,sxfu.org,probed-2xx,200,2026-10-03,本科·陕西省,枚举:GitHub高校数据集(阳光高考院校库域名+AllShoolData) 2026-10
academic:sxgcxy.cn,academic,山西工程职业学院,http://sxgcxy.cn/,sxgcxy.cn,probed-4xx,403,2026-10-03,专科·山西省,枚举:GitHub高校数据集(阳光高考院校库域名+AllShoolData) 2026-10
academic:sxgkd.edu.cn,academic,山西工程科技职业大学,https://sxgkd.edu.cn/,sxgkd.edu.cn,probed-000,000,2026-10-03,专科,枚举:GitHub高校数据集(阳光高考院校库域名+AllShoolData) 2026-10
academic:sxglzyxy.com.cn,academic,山西管理职业学院,http://www.sxglzyxy.com.cn/,sxglzyxy.com.cn,probed-2xx,200,2026-10-03,专科·山西省,枚举:GitHub高校数据集(阳光高考院校库域名+AllShoolData) 2026-10
academic:sxgy.edu.cn,academic,山西工程职业技术学院,http://www.sxgy.edu.cn/,sxgy.edu.cn,probed-2xx,200,2026-10-03,专科·太原市·Fitch源,枚举:GitHub高校数据集(阳光高考院校库域名+AllShoolData) 2026-10
academic:sxhkxy.com,academic,陕西航空职业技术学院,http://www.sxhkxy.com/,sxhkxy.com,probed-2xx,200,2026-10-03,专科·陕西省,枚举:GitHub高校数据集(阳光高考院校库域名+AllShoolData) 2026-10
academic:sxhvc.com,academic,山西卫生健康职业学院,http://sxhvc.com/,sxhvc.com,probed-2xx,200,2026-10-03,专科·山西省,枚举:GitHub高校数据集(阳光高考院校库域名+AllShoolData) 2026-10
academic:sxibs.com,academic,山西国际商务职业学院,http://www.sxibs.com/,sxibs.com,probed-2xx,200,2026-10-03,专科·山西省,枚举:GitHub高校数据集(阳光高考院校库域名+AllShoolData) 2026-10
academic:sxie.edu.cn,academic,山西能源学院,https://sxie.edu.cn/,sxie.edu.cn,probed-000,000,2026-10-03,本科·山西省,枚举:GitHub高校数据集(阳光高考院校库域名+AllShoolData) 2026-10
academic:sxist.edu.cn,academic,山西科技学院,https://sxist.edu.cn/,sxist.edu.cn,probed-000,000,2026-10-03,本科,枚举:GitHub高校数据集(阳光高考院校库域名+AllShoolData) 2026-10
academic:sxit.edu.cn,academic,山西工程技术学院,http://www.sxit.edu.cn/,sxit.edu.cn,probed-2xx,200,2026-10-03,本科·山西省,枚举:GitHub高校数据集(阳光高考院校库域名+AllShoolData) 2026-10
academic:sxitu.com,academic,陕西电子信息职业技术学院,http://www.sxitu.com/,sxitu.com,probed-2xx,200,2026-10-03,专科·陕西省,枚举:GitHub高校数据集(阳光高考院校库域名+AllShoolData) 2026-10
academic:sxjczy.cn,academic,晋城职业技术学院,http://www.sxjczy.cn/,sxjczy.cn,probed-2xx,200,2026-10-03,专科·山西省,枚举:GitHub高校数据集(阳光高考院校库域名+AllShoolData) 2026-10
academic:sxjdxy.org,academic,山西机电职业技术学院,http://www.sxjdxy.org/,sxjdxy.org,probed-000,000,2026-10-03,专科·山西省·未核实,枚举:GitHub高校数据集(阳光高考院校库域名+AllShoolData) 2026-10
academic:sxjdzy.cn,academic,陕西机电职业技术学院,http://www.sxjdzy.cn/,sxjdzy.cn,probed-2xx,200,2026-10-03,专科·陕西省,枚举:GitHub高校数据集(阳光高考院校库域名+AllShoolData) 2026-10
academic:sxjgxy.edu.cn,academic,陕西警官职业学院,http://www.sxjgxy.edu.cn/,sxjgxy.edu.cn,probed-000,000,2026-10-03,专科·陕西省,枚举:GitHub高校数据集(阳光高考院校库域名+AllShoolData) 2026-10
academic:sxjgy.com,academic,陕西经济管理职业技术学院,http://www.sxjgy.com/,sxjgy.com,probed-2xx,200,2026-10-03,专科·陕西省·Fitch源,枚举:GitHub高校数据集(阳光高考院校库域名+AllShoolData) 2026-10
academic:sxjrzyxy.com,academic,山西金融职业学院,http://www.sxjrzyxy.com/,sxjrzyxy.com,probed-4xx,403,2026-10-03,专科·山西省,枚举:GitHub高校数据集(阳光高考院校库域名+AllShoolData) 2026-10
academic:sxjt.edu.cn,academic,山西交通职业技术学院,http://www.sxjt.edu.cn/,sxjt.edu.cn,probed-000,000,2026-10-03,专科·山西省·Fitch源,枚举:GitHub高校数据集(阳光高考院校库域名+AllShoolData) 2026-10
academic:sxjzsf.edu.cn,academic,晋中师范高等专科学校,https://sxjzsf.edu.cn/,sxjzsf.edu.cn,probed-000,000,2026-10-03,专科·山西省,枚举:GitHub高校数据集(阳光高考院校库域名+AllShoolData) 2026-10
academic:sxlqzy.cn,academic,山西老区职业技术学院,http://www.sxlqzy.cn/,sxlqzy.cn,probed-2xx,200,2026-10-03,专科·山西省,枚举:GitHub高校数据集(阳光高考院校库域名+AllShoolData) 2026-10
academic:sxly.com.cn,academic,山西林业职业技术学院,http://www.sxly.com.cn/,sxly.com.cn,probed-4xx,404,2026-10-03,专科·山西省,枚举:GitHub高校数据集(阳光高考院校库域名+AllShoolData) 2026-10
academic:sxlyzy.com.cn,academic,三峡旅游职业技术学院,http://www.sxlyzy.com.cn,sxlyzy.com.cn,probed-5xx,503,2026-10-03,专科·湖北省,枚举:GitHub高校数据集(阳光高考院校库域名+AllShoolData) 2026-10
academic:sxmtxy.com.cn,academic,山西煤炭职业技术学院,http://www.sxmtxy.com.cn/,sxmtxy.com.cn,probed-2xx,200,2026-10-03,专科·太原市·Fitch源,枚举:GitHub高校数据集(阳光高考院校库域名+AllShoolData) 2026-10
academic:sxmu-jcc.com,academic,山西医科大学晋祠学院,http://www.sxmu-jcc.com/,sxmu-jcc.com,probed-000,000,2026-10-03,本科·山西省·Fitch源,枚举:GitHub高校数据集(阳光高考院校库域名+AllShoolData) 2026-10
academic:sxmu.edu.cn,academic,山西医科大学,http://www.sxmu.edu.cn/,sxmu.edu.cn,probed-2xx,200,2026-10-03,本科·山西省,枚举:GitHub高校数据集(阳光高考院校库域名+AllShoolData) 2026-10
academic:sxnu.edu.cn,academic,山西师范大学,http://www.sxnu.edu.cn/,sxnu.edu.cn,probed-2xx,200,2026-10-03,本科·山西省;另含:山西师范大学现代文理学院,枚举:GitHub高校数据集(阳光高考院校库域名+AllShoolData) 2026-10
academic:sxny.cn,academic,陕西能源职业技术学院,http://www.sxny.cn/,sxny.cn,probed-2xx,200,2026-10-03,专科·陕西省,枚举:GitHub高校数据集(阳光高考院校库域名+AllShoolData) 2026-10
academic:sxpc.edu.cn,academic,山西警察学院,http://www.sxpc.edu.cn/,sxpc.edu.cn,probed-3xx,302,2026-10-03,本科·山西省,枚举:GitHub高校数据集(阳光高考院校库域名+AllShoolData) 2026-10
academic:sxpi.edu.cn,academic,陕西工业职业技术学院,http://www.sxpi.edu.cn,sxpi.edu.cn,probed-000,000,2026-10-03,专科·陕西省,枚举:GitHub高校数据集(阳光高考院校库域名+AllShoolData) 2026-10
academic:sxpolice.org,academic,山西警官职业学院,http://www.sxpolice.org,sxpolice.org,probed-000,000,2026-10-03,专科·山西省,枚举:GitHub高校数据集(阳光高考院校库域名+AllShoolData) 2026-10
academic:sxptc.net.cn,academic,山西体育职业学院,http://sxptc.net.cn/,sxptc.net.cn,probed-000,000,2026-10-03,专科·山西省,枚举:GitHub高校数据集(阳光高考院校库域名+AllShoolData) 2026-10
academic:sxqgzy.cn,academic,山西轻工职业技术学院,http://www.sxqgzy.cn/,sxqgzy.cn,probed-2xx,200,2026-10-03,专科·太原市·Fitch源,枚举:GitHub高校数据集(阳光高考院校库域名+AllShoolData) 2026-10
academic:sxqzy.cn,academic,山西青年职业学院,http://www.sxqzy.cn/,sxqzy.cn,probed-2xx,200,2026-10-03,专科·山西省,枚举:GitHub高校数据集(阳光高考院校库域名+AllShoolData) 2026-10
academic:sxqzy.com,academic,陕西青年职业学院,http://www.sxqzy.com/,sxqzy.com,probed-2xx,200,2026-10-03,专科·陕西省,枚举:GitHub高校数据集(阳光高考院校库域名+AllShoolData) 2026-10
academic:sxri.net,academic,陕西铁路工程职业技术学院,http://www.sxri.net/,sxri.net,probed-2xx,200,2026-10-03,专科·陕西省,枚举:GitHub高校数据集(阳光高考院校库域名+AllShoolData) 2026-10
academic:sxshxy.cn,academic,宝鸡三和职业学院,http://sxshxy.cn/,sxshxy.cn,probed-2xx,200,2026-10-03,专科·陕西省,枚举:GitHub高校数据集(阳光高考院校库域名+AllShoolData) 2026-10
academic:sxsy.com.cn,academic,山西水利职业技术学院,http://www.sxsy.com.cn/,sxsy.com.cn,probed-5xx,503,2026-10-03,专科·山西省,枚举:GitHub高校数据集(阳光高考院校库域名+AllShoolData) 2026-10
academic:sxszsfdx.com,academic,朔州师范高等专科学校,http://www.sxszsfdx.com,sxszsfdx.com,probed-4xx,403,2026-10-03,专科·山西省·未核实,枚举:GitHub高校数据集(阳光高考院校库域名+AllShoolData) 2026-10
academic:sxtbu.net,academic,山西工商学院,http://www.sxtbu.net/,sxtbu.net,probed-2xx,200,2026-10-03,本科·山西省,枚举:GitHub高校数据集(阳光高考院校库域名+AllShoolData) 2026-10
academic:sxtcm.edu.cn,academic,山西中医药大学,http://www.sxtcm.edu.cn,sxtcm.edu.cn,probed-2xx,200,2026-10-03,本科·山西省,枚举:GitHub高校数据集(阳光高考院校库域名+AllShoolData) 2026-10
academic:sxtdzy.cn,academic,山西铁道职业技术学院,http://sxtdzy.cn/,sxtdzy.cn,probed-000,000,2026-10-03,专科·山西省,枚举:GitHub高校数据集(阳光高考院校库域名+AllShoolData) 2026-10
academic:sxtvi.edu.cn,academic,山西旅游职业学院,https://sxtvi.edu.cn/,sxtvi.edu.cn,probed-000,000,2026-10-03,专科·山西省,枚举:GitHub高校数据集(阳光高考院校库域名+AllShoolData) 2026-10
academic:sxtwedu.com,academic,山西同文职业技术学院,http://www.sxtwedu.com/,sxtwedu.com,probed-2xx,200,2026-10-03,专科·山西省,枚举:GitHub高校数据集(阳光高考院校库域名+AllShoolData) 2026-10
academic:sxu.edu.cn,academic,山西大学,http://www.sxu.edu.cn/,sxu.edu.cn,probed-2xx,200,2026-10-03,本科·山西省,枚举:GitHub高校数据集(阳光高考院校库域名+AllShoolData) 2026-10
academic:sxufe.edu.cn,academic,山西财经大学,http://www.sxufe.edu.cn/,sxufe.edu.cn,probed-000,000,2026-10-03,本科·山西省,枚举:GitHub高校数据集(阳光高考院校库域名+AllShoolData) 2026-10
academic:sxvtc.com,academic,绍兴职业技术学院,http://www.sxvtc.com/,sxvtc.com,probed-000,000,2026-10-03,专科·浙江省,枚举:GitHub高校数据集(阳光高考院校库域名+AllShoolData) 2026-10
academic:sxycsf.com,academic,运城师范高等专科学校,http://www.sxycsf.com/,sxycsf.com,probed-2xx,200,2026-10-03,专科·山西省,枚举:GitHub高校数据集(阳光高考院校库域名+AllShoolData) 2026-10
academic:sxycys.com,academic,运城幼儿师范高等专科学校,http://www.sxycys.com/,sxycys.com,probed-2xx,200,2026-10-03,专科·山西省,枚举:GitHub高校数据集(阳光高考院校库域名+AllShoolData) 2026-10
academic:sxyqsz.cn,academic,阳泉师范高等专科学校,http://www.sxyqsz.cn/,sxyqsz.cn,probed-2xx,200,2026-10-03,专科·山西省,枚举:GitHub高校数据集(阳光高考院校库域名+AllShoolData) 2026-10
academic:sxyyc.net,academic,重庆三峡医药高等专科学校,http://www.sxyyc.net/,sxyyc.net,probed-2xx,200,2026-10-03,专科·重庆市,枚举:GitHub高校数据集(阳光高考院校库域名+AllShoolData) 2026-10
academic:sxyz.com,academic,山西艺术职业学院,http://www.sxyz.com/,sxyz.com,probed-000,000,2026-10-03,专科·山西省,枚举:GitHub高校数据集(阳光高考院校库域名+AllShoolData) 2026-10
academic:sxzbxy.com,academic,宝鸡中北职业学院,http://sxzbxy.com/,sxzbxy.com,probed-2xx,200,2026-10-03,专科,枚举:GitHub高校数据集(阳光高考院校库域名+AllShoolData) 2026-10
academic:sxzy.edu.cn,academic,山西职业技术学院,https://sxzy.edu.cn/,sxzy.edu.cn,probed-000,000,2026-10-03,专科·山西省,枚举:GitHub高校数据集(阳光高考院校库域名+AllShoolData) 2026-10
academic:syau.edu.cn,academic,沈阳农业大学,http://www.syau.edu.cn/,syau.edu.cn,probed-2xx,200,2026-10-03,本科·辽宁省,枚举:GitHub高校数据集(阳光高考院校库域名+AllShoolData) 2026-10
academic:sycm.edu.cn,academic,沈阳音乐学院,https://sycm.edu.cn/,sycm.edu.cn,probed-000,000,2026-10-03,本科·辽宁省,枚举:GitHub高校数据集(阳光高考院校库域名+AllShoolData) 2026-10
academic:sycsxy.cn,academic,三亚城市职业学院,http://www.sycsxy.cn/,sycsxy.cn,probed-2xx,200,2026-10-03,专科·海南省,枚举:GitHub高校数据集(阳光高考院校库域名+AllShoolData) 2026-10
academic:sycu.cn,academic,沈阳城市学院,http://www.sycu.cn,sycu.cn,probed-2xx,200,2026-10-03,本科·辽宁省,枚举:GitHub高校数据集(阳光高考院校库域名+AllShoolData) 2026-10
academic:syhzy.cn,academic,沈阳航空职业技术学院,http://www.syhzy.cn/,syhzy.cn,probed-2xx,200,2026-10-03,专科·辽宁省·Fitch源,枚举:GitHub高校数据集(阳光高考院校库域名+AllShoolData) 2026-10
academic:syist.edu.cn,academic,沈阳科技学院,https://syist.edu.cn/,syist.edu.cn,probed-2xx,200,2026-10-03,本科·辽宁省,枚举:GitHub高校数据集(阳光高考院校库域名+AllShoolData) 2026-10
academic:sylu.edu.cn,academic,沈阳理工大学,http://www.sylu.edu.cn,sylu.edu.cn,probed-2xx,200,2026-10-03,本科·辽宁省,枚举:GitHub高校数据集(阳光高考院校库域名+AllShoolData) 2026-10
academic:symc.edu.cn,academic,沈阳医学院,http://www.symc.edu.cn/,symc.edu.cn,probed-2xx,200,2026-10-03,本科·辽宁省,枚举:GitHub高校数据集(阳光高考院校库域名+AllShoolData) 2026-10
academic:synu.edu.cn,academic,沈阳师范大学,http://www.synu.edu.cn,synu.edu.cn,probed-000,000,2026-10-03,本科·辽宁省,枚举:GitHub高校数据集(阳光高考院校库域名+AllShoolData) 2026-10
academic:syphu.edu.cn,academic,沈阳药科大学,http://www.syphu.edu.cn/,syphu.edu.cn,probed-2xx,200,2026-10-03,本科·辽宁省,枚举:GitHub高校数据集(阳光高考院校库域名+AllShoolData) 2026-10
academic:sypt.cn,academic,松原职业技术学院,http://www.sypt.cn/,sypt.cn,probed-2xx,200,2026-10-03,专科·吉林省,枚举:GitHub高校数据集(阳光高考院校库域名+AllShoolData) 2026-10
academic:sysu.edu.cn,academic,中山大学,http://www.sysu.edu.cn/,sysu.edu.cn,probed-2xx,200,2026-10-03,本科·广东省,枚举:GitHub高校数据集(阳光高考院校库域名+AllShoolData) 2026-10
academic:sysy.com.cn,academic,山东艺术设计职业学院,http://www.sysy.com.cn/,sysy.com.cn,probed-000,000,2026-10-03,专科·山东省,枚举:GitHub高校数据集(阳光高考院校库域名+AllShoolData) 2026-10
academic:syty.edu.cn,academic,沈阳体育学院,http://www.syty.edu.cn/,syty.edu.cn,probed-000,000,2026-10-03,本科·辽宁省,枚举:GitHub高校数据集(阳光高考院校库域名+AllShoolData) 2026-10
academic:syu.edu.cn,academic,沈阳大学,http://www.syu.edu.cn/,syu.edu.cn,probed-2xx,200,2026-10-03,本科·辽宁省,枚举:GitHub高校数据集(阳光高考院校库域名+AllShoolData) 2026-10
academic:syuct.edu.cn,academic,沈阳化工大学,http://www.syuct.edu.cn/,syuct.edu.cn,probed-2xx,200,2026-10-03,本科·辽宁省,枚举:GitHub高校数据集(阳光高考院校库域名+AllShoolData) 2026-10
academic:syucu.edu.cn,academic,沈阳城市建设学院,https://syucu.edu.cn/,syucu.edu.cn,probed-4xx,488,2026-10-03,本科·辽宁省,枚举:GitHub高校数据集(阳光高考院校库域名+AllShoolData) 2026-10
academic:syzyedu.com,academic,邵阳职业技术学院,http://www.syzyedu.com/,syzyedu.com,probed-000,000,2026-10-03,专科·湖南省·未核实,枚举:GitHub高校数据集(阳光高考院校库域名+AllShoolData) 2026-10
academic:szai.edu.cn,academic,苏州农业职业技术学院,https://szai.edu.cn/,szai.edu.cn,probed-000,000,2026-10-03,专科·江苏省,枚举:GitHub高校数据集(阳光高考院校库域名+AllShoolData) 2026-10
academic:szcu.edu.cn,academic,苏州城市学院,https://szcu.edu.cn/,szcu.edu.cn,probed-000,000,2026-10-03,本科,枚举:GitHub高校数据集(阳光高考院校库域名+AllShoolData) 2026-10
academic:szetop.com,academic,苏州托普信息职业技术学院,http://www.szetop.com/,szetop.com,probed-000,000,2026-10-03,专科·江苏省,枚举:GitHub高校数据集(阳光高考院校库域名+AllShoolData) 2026-10
academic:szhct.edu.cn,academic,苏州卫生职业技术学院,https://szhct.edu.cn/,szhct.edu.cn,probed-000,000,2026-10-03,专科·江苏省,枚举:GitHub高校数据集(阳光高考院校库域名+AllShoolData) 2026-10
academic:szhkxy.com,academic,宿州航空职业学院,http://szhkxy.com/,szhkxy.com,probed-4xx,403,2026-10-03,专科,枚举:GitHub高校数据集(阳光高考院校库域名+AllShoolData) 2026-10
academic:sziit.edu.cn,academic,深圳信息职业技术学院,https://sziit.edu.cn/,sziit.edu.cn,probed-000,000,2026-10-03,专科·广东省,枚举:GitHub高校数据集(阳光高考院校库域名+AllShoolData) 2026-10
academic:szit.edu.cn,academic,沙洲职业工学院,http://www.szit.edu.cn/,szit.edu.cn,probed-2xx,200,2026-10-03,专科·江苏省·未核实,枚举:GitHub高校数据集(阳光高考院校库域名+AllShoolData) 2026-10
academic:szitu.edu.cn,academic,苏州信息职业技术学院,https://szitu.edu.cn/,szitu.edu.cn,probed-2xx,200,2026-10-03,专科·江苏省,枚举:GitHub高校数据集(阳光高考院校库域名+AllShoolData) 2026-10
academic:szjm.edu.cn,academic,苏州经贸职业技术学院,http://www.szjm.edu.cn/,szjm.edu.cn,probed-4xx,421,2026-10-03,专科·江苏省,枚举:GitHub高校数据集(阳光高考院校库域名+AllShoolData) 2026-10
academic:szpt.edu.cn,academic,深圳职业技术学院,http://www.szpt.edu.cn/,szpt.edu.cn,probed-000,000,2026-10-03,专科·广东省,枚举:GitHub高校数据集(阳光高考院校库域名+AllShoolData) 2026-10
academic:sztczyjsxy.com,academic,朔州陶瓷职业技术学院,http://sztczyjsxy.com/,sztczyjsxy.com,probed-2xx,200,2026-10-03,专科·山西省,枚举:GitHub高校数据集(阳光高考院校库域名+AllShoolData) 2026-10
academic:sztu.edu.cn,academic,深圳技术大学,https://sztu.edu.cn/,sztu.edu.cn,probed-2xx,200,2026-10-03,本科·广东省,枚举:GitHub高校数据集(阳光高考院校库域名+AllShoolData) 2026-10
academic:szu.edu.cn,academic,深圳大学,http://www.szu.edu.cn/,szu.edu.cn,probed-2xx,200,2026-10-03,本科·广东省,枚举:GitHub高校数据集(阳光高考院校库域名+AllShoolData) 2026-10
academic:szvtc.cn,academic,随州职业技术学院,http://www.szvtc.cn/,szvtc.cn,probed-2xx,200,2026-10-03,专科·湖北省,枚举:GitHub高校数据集(阳光高考院校库域名+AllShoolData) 2026-10
academic:szvtc.com,academic,朔州职业技术学院,http://www.szvtc.com,szvtc.com,probed-2xx,200,2026-10-03,专科·山西省,枚举:GitHub高校数据集(阳光高考院校库域名+AllShoolData) 2026-10
academic:szys.net,academic,苏州幼儿师范高等专科学校,http://www.szys.net/,szys.net,probed-2xx,200,2026-10-03,专科·江苏省,枚举:GitHub高校数据集(阳光高考院校库域名+AllShoolData) 2026-10
academic:szzy.edu.cn,academic,宿州职业技术学院,https://szzy.edu.cn/,szzy.edu.cn,probed-2xx,200,2026-10-03,专科·安徽省,枚举:GitHub高校数据集(阳光高考院校库域名+AllShoolData) 2026-10
academic:taru.edu.cn,academic,塔里木大学,http://www.taru.edu.cn/,taru.edu.cn,probed-2xx,200,2026-10-03,本科·新疆维吾尔自治区,枚举:GitHub高校数据集(阳光高考院校库域名+AllShoolData) 2026-10
academic:tcc1955.edu.cn,academic,天津商务职业学院,http://www.tcc1955.edu.cn,tcc1955.edu.cn,probed-2xx,200,2026-10-03,专科·天津市,枚举:GitHub高校数据集(阳光高考院校库域名+AllShoolData) 2026-10
academic:tccu.edu.cn,academic,长春大学旅游学院,https://tccu.edu.cn/,tccu.edu.cn,probed-000,000,2026-10-03,本科·吉林省,枚举:GitHub高校数据集(阳光高考院校库域名+AllShoolData) 2026-10
academic:tcpa.edu.tw,academic,台湾戏曲学院,https://tcpa.edu.tw/,tcpa.edu.tw,probed-000,000,2026-10-03,本科·Demired源,枚举:GitHub高校数据集(阳光高考院校库域名+AllShoolData) 2026-10
academic:tcsisu.com,academic,重庆外语外事学院,http://www.tcsisu.com/,tcsisu.com,probed-2xx,200,2026-10-03,本科,枚举:GitHub高校数据集(阳光高考院校库域名+AllShoolData) 2026-10
academic:tctc.edu.cn,academic,桐城师范高等专科学校,http://www.tctc.edu.cn,tctc.edu.cn,probed-2xx,200,2026-10-03,专科·安徽省,枚举:GitHub高校数据集(阳光高考院校库域名+AllShoolData) 2026-10
academic:tcu.edu.cn,academic,天津城建大学,http://www.tcu.edu.cn,tcu.edu.cn,probed-2xx,200,2026-10-03,本科·天津市,枚举:GitHub高校数据集(阳光高考院校库域名+AllShoolData) 2026-10
academic:tcu.edu.tw,academic,慈济大学,https://tcu.edu.tw/,tcu.edu.tw,probed-000,000,2026-10-03,本科·台湾省·Demired源,枚举:GitHub高校数据集(阳光高考院校库域名+AllShoolData) 2026-10
academic:tczyxy.net,academic,铜川职业技术学院,http://www.tczyxy.net/,tczyxy.net,probed-2xx,200,2026-10-03,专科·陕西省,枚举:GitHub高校数据集(阳光高考院校库域名+AllShoolData) 2026-10
academic:techcollege.cn,academic,郑州信息科技职业学院,http://www.techcollege.cn/,techcollege.cn,probed-2xx,200,2026-10-03,专科·河南省,枚举:GitHub高校数据集(阳光高考院校库域名+AllShoolData) 2026-10
academic:tedazj.com,academic,天津开发区职业技术学院,http://www.tedazj.com/,tedazj.com,probed-2xx,200,2026-10-03,专科·天津市·Fitch源,枚举:GitHub高校数据集(阳光高考院校库域名+AllShoolData) 2026-10
academic:tficedu.com,academic,天府新区信息职业学院,http://tficedu.com/,tficedu.com,probed-4xx,404,2026-10-03,专科·四川省,枚举:GitHub高校数据集(阳光高考院校库域名+AllShoolData) 2026-10
academic:tfswufe.edu.cn,academic,西南财经大学天府学院,http://www.tfswufe.edu.cn,tfswufe.edu.cn,probed-2xx,200,2026-10-03,本科·四川省,枚举:GitHub高校数据集(阳光高考院校库域名+AllShoolData) 2026-10
academic:tftc.edu.cn,academic,漳州科技职业学院,http://www.tftc.edu.cn/,tftc.edu.cn,probed-000,000,2026-10-03,专科·福建省,枚举:GitHub高校数据集(阳光高考院校库域名+AllShoolData) 2026-10
academic:tgc.edu.cn,academic,湖北三峡职业技术学院,http://www.tgc.edu.cn/,tgc.edu.cn,probed-2xx,200,2026-10-03,专科·湖北省,枚举:GitHub高校数据集(阳光高考院校库域名+AllShoolData) 2026-10
academic:tgcep.cn,academic,三峡电力职业学院,http://www.tgcep.cn/,tgcep.cn,probed-2xx,200,2026-10-03,专科·湖北省,枚举:GitHub高校数据集(阳光高考院校库域名+AllShoolData) 2026-10
academic:thcyzy.org,academic,太湖创意职业技术学院,http://www.thcyzy.org/,thcyzy.org,probed-5xx,503,2026-10-03,专科·江苏省·未核实,枚举:GitHub高校数据集(阳光高考院校库域名+AllShoolData) 2026-10
academic:thdm.edu.cn,academic,江西泰豪动漫职业学院,https://thdm.edu.cn/,thdm.edu.cn,probed-000,000,2026-10-03,专科·江西省,枚举:GitHub高校数据集(阳光高考院校库域名+AllShoolData) 2026-10
academic:thnu.edu.cn,academic,通化师范学院,http://www.thnu.edu.cn/,thnu.edu.cn,probed-4xx,429,2026-10-03,本科·吉林省,枚举:GitHub高校数据集(阳光高考院校库域名+AllShoolData) 2026-10
academic:thu.edu.tw,academic,东海大学,https://thu.edu.tw/,thu.edu.tw,probed-000,000,2026-10-03,本科·台湾省·Demired源,枚举:GitHub高校数据集(阳光高考院校库域名+AllShoolData) 2026-10
academic:thxy.cn,academic,广东技术师范学院天河学院,http://www.thxy.cn/,thxy.cn,probed-000,000,2026-10-03,本科·广州市·Fitch源,枚举:GitHub高校数据集(阳光高考院校库域名+AllShoolData) 2026-10
academic:thyyjkzyxy.org.cn,academic,通化医药健康职业学院,http://thyyjkzyxy.org.cn/,thyyjkzyxy.org.cn,probed-4xx,403,2026-10-03,专科,枚举:GitHub高校数据集(阳光高考院校库域名+AllShoolData) 2026-10
academic:tiangong.edu.cn,academic,天津工业大学,https://www.tiangong.edu.cn/,tiangong.edu.cn,probed-2xx,200,2026-10-03,本科·天津市,枚举:GitHub高校数据集(阳光高考院校库域名+AllShoolData) 2026-10
academic:tianshi.edu.cn,academic,天津天狮学院,http://www.tianshi.edu.cn/,tianshi.edu.cn,probed-2xx,200,2026-10-03,本科·天津市,枚举:GitHub高校数据集(阳光高考院校库域名+AllShoolData) 2026-10
academic:tianyi.edu.cn,academic,民办四川天一学院,https://tianyi.edu.cn/,tianyi.edu.cn,probed-000,000,2026-10-03,专科·四川省·未核实,枚举:GitHub高校数据集(阳光高考院校库域名+AllShoolData) 2026-10
academic:tit.edu.cn,academic,太原工业学院,http://www.tit.edu.cn/,tit.edu.cn,probed-2xx,200,2026-10-03,本科·山西省,枚举:GitHub高校数据集(阳光高考院校库域名+AllShoolData) 2026-10
academic:tjarts.edu.cn,academic,天津美术学院,http://www.tjarts.edu.cn/,tjarts.edu.cn,probed-2xx,200,2026-10-03,本科·天津市,枚举:GitHub高校数据集(阳光高考院校库域名+AllShoolData) 2026-10
academic:tjau.edu.cn,academic,天津农学院,https://tjau.edu.cn/,tjau.edu.cn,probed-000,000,2026-10-03,本科·天津市,枚举:GitHub高校数据集(阳光高考院校库域名+AllShoolData) 2026-10
academic:tjbhzy.com,academic,天津渤海职业技术学院,http://www.tjbhzy.com/,tjbhzy.com,probed-000,000,2026-10-03,专科·天津市,枚举:GitHub高校数据集(阳光高考院校库域名+AllShoolData) 2026-10
academic:tjbio.cn,academic,天津生物工程职业技术学院,http://www.tjbio.cn/,tjbio.cn,probed-000,000,2026-10-03,专科·天津市,枚举:GitHub高校数据集(阳光高考院校库域名+AllShoolData) 2026-10
academic:tjbpi.com,academic,天津滨海职业学院,http://www.tjbpi.com/,tjbpi.com,probed-2xx,200,2026-10-03,专科·天津市,枚举:GitHub高校数据集(阳光高考院校库域名+AllShoolData) 2026-10
academic:tjchengjian.com,academic,天津城市建设管理职业技术学院,http://www.tjchengjian.com/,tjchengjian.com,probed-2xx,200,2026-10-03,专科·天津市,枚举:GitHub高校数据集(阳光高考院校库域名+AllShoolData) 2026-10
academic:tjcm.edu.cn,academic,天津音乐学院,http://www.tjcm.edu.cn/,tjcm.edu.cn,probed-2xx,200,2026-10-03,本科·天津市,枚举:GitHub高校数据集(阳光高考院校库域名+AllShoolData) 2026-10
academic:tjcsxy.cn,academic,天津城市职业学院,http://www.tjcsxy.cn/,tjcsxy.cn,probed-000,000,2026-10-03,专科·天津市·未核实,枚举:GitHub高校数据集(阳光高考院校库域名+AllShoolData) 2026-10
academic:tjcu.edu.cn,academic,天津商业大学,http://www.tjcu.edu.cn/,tjcu.edu.cn,probed-2xx,200,2026-10-03,本科·天津市,枚举:GitHub高校数据集(阳光高考院校库域名+AllShoolData) 2026-10
academic:tjdz.edu.cn,academic,天津电子信息职业技术学院,https://tjdz.edu.cn/,tjdz.edu.cn,probed-000,000,2026-10-03,专科·天津市,枚举:GitHub高校数据集(阳光高考院校库域名+AllShoolData) 2026-10
academic:tjeti.com,academic,天津工程职业技术学院,http://www.tjeti.com/,tjeti.com,probed-000,000,2026-10-03,专科·天津市·Fitch源,枚举:GitHub高校数据集(阳光高考院校库域名+AllShoolData) 2026-10
academic:tjfsu.edu.cn,academic,天津外国语大学,http://www.tjfsu.edu.cn/,tjfsu.edu.cn,probed-2xx,200,2026-10-03,本科·天津市;另含:天津外国语大学滨海外事学院,枚举:GitHub高校数据集(阳光高考院校库域名+AllShoolData) 2026-10
academic:tjgbys.com,academic,天津广播影视职业学院,http://www.tjgbys.com/,tjgbys.com,probed-000,000,2026-10-03,专科·天津市·Fitch源,枚举:GitHub高校数据集(阳光高考院校库域名+AllShoolData) 2026-10
academic:tjgfxy.com.cn,academic,天津国土资源和房屋职业学院,http://www.tjgfxy.com.cn,tjgfxy.com.cn,probed-2xx,200,2026-10-03,专科·天津市,枚举:GitHub高校数据集(阳光高考院校库域名+AllShoolData) 2026-10
academic:tjjingyuan.cn,academic,天津公安警官职业学院,http://www.tjjingyuan.cn/,tjjingyuan.cn,probed-2xx,200,2026-10-03,专科·天津市,枚举:GitHub高校数据集(阳光高考院校库域名+AllShoolData) 2026-10
academic:tjlivtc.edu.cn,academic,天津轻工职业技术学院,http://www.tjlivtc.edu.cn/,tjlivtc.edu.cn,probed-2xx,200,2026-10-03,专科·天津市,枚举:GitHub高校数据集(阳光高考院校库域名+AllShoolData) 2026-10
academic:tjmc.edu.cn,academic,天津海运职业学院,https://tjmc.edu.cn/,tjmc.edu.cn,probed-000,000,2026-10-03,专科·天津市,枚举:GitHub高校数据集(阳光高考院校库域名+AllShoolData) 2026-10
academic:tjmvti.cn,academic,天津冶金职业技术学院,http://www.tjmvti.cn/,tjmvti.cn,probed-2xx,200,2026-10-03,专科·天津市·Fitch源,枚举:GitHub高校数据集(阳光高考院校库域名+AllShoolData) 2026-10
academic:tjnu.edu.cn,academic,天津师范大学,http://www.tjnu.edu.cn/,tjnu.edu.cn,probed-2xx,200,2026-10-03,本科·天津市,枚举:GitHub高校数据集(阳光高考院校库域名+AllShoolData) 2026-10
academic:tjqnzyxy.cn,academic,天津青年职业学院,http://www.tjqnzyxy.cn/,tjqnzyxy.cn,probed-4xx,403,2026-10-03,专科·天津市·Fitch源,枚举:GitHub高校数据集(阳光高考院校库域名+AllShoolData) 2026-10
academic:tjrac.edu.cn,academic,天津仁爱学院,http://www.tjrac.edu.cn/,tjrac.edu.cn,probed-2xx,200,2026-10-03,本科·未核实,枚举:GitHub高校数据集(阳光高考院校库域名+AllShoolData) 2026-10
academic:tjsyxy.com,academic,天津石油职业技术学院,http://www.tjsyxy.com/,tjsyxy.com,probed-2xx,200,2026-10-03,专科·天津市,枚举:GitHub高校数据集(阳光高考院校库域名+AllShoolData) 2026-10
academic:tjtc.edu.cn,academic,天津职业大学,http://www.tjtc.edu.cn/,tjtc.edu.cn,probed-2xx,200,2026-10-03,专科·天津市,枚举:GitHub高校数据集(阳光高考院校库域名+AllShoolData) 2026-10
academic:tjtdxy.cn,academic,天津铁道职业技术学院,http://www.tjtdxy.cn/,tjtdxy.cn,probed-000,000,2026-10-03,专科·天津市,枚举:GitHub高校数据集(阳光高考院校库域名+AllShoolData) 2026-10
academic:tjtwy.cn,academic,天津传媒学院,http://www.tjtwy.cn/,tjtwy.cn,probed-000,000,2026-10-03,本科,枚举:GitHub高校数据集(阳光高考院校库域名+AllShoolData) 2026-10
academic:tju.edu.cn,academic,天津大学,http://www.tju.edu.cn/,tju.edu.cn,probed-2xx,200,2026-10-03,本科·天津市,枚举:GitHub高校数据集(阳光高考院校库域名+AllShoolData) 2026-10
academic:tjufe.edu.cn,academic,天津财经大学,http://www.tjufe.edu.cn/,tjufe.edu.cn,probed-2xx,200,2026-10-03,本科·天津市;另含:天津财经大学珠江学院,枚举:GitHub高校数据集(阳光高考院校库域名+AllShoolData) 2026-10
academic:tjus.edu.cn,academic,天津体育学院,http://www.tjus.edu.cn/,tjus.edu.cn,probed-2xx,200,2026-10-03,本科·天津市,枚举:GitHub高校数据集(阳光高考院校库域名+AllShoolData) 2026-10
academic:tjut.edu.cn,academic,天津理工大学,http://www.tjut.edu.cn/,tjut.edu.cn,probed-2xx,200,2026-10-03,本科·天津市,枚举:GitHub高校数据集(阳光高考院校库域名+AllShoolData) 2026-10
academic:tjutcm.edu.cn,academic,天津中医药大学,http://www.tjutcm.edu.cn/,tjutcm.edu.cn,probed-2xx,200,2026-10-03,本科·天津市,枚举:GitHub高校数据集(阳光高考院校库域名+AllShoolData) 2026-10
academic:tjvcs.cn,academic,天津体育职业学院,http://tjvcs.cn/,tjvcs.cn,probed-000,000,2026-10-03,专科·天津市,枚举:GitHub高校数据集(阳光高考院校库域名+AllShoolData) 2026-10
academic:tjyzh.cn,academic,天津医学高等专科学校,http://www.tjyzh.cn/,tjyzh.cn,probed-000,000,2026-10-03,专科·天津市,枚举:GitHub高校数据集(阳光高考院校库域名+AllShoolData) 2026-10
academic:tjzhic.edu.cn,academic,天津理工大学中环信息学院,https://tjzhic.edu.cn/,tjzhic.edu.cn,probed-000,000,2026-10-03,本科·天津市,枚举:GitHub高校数据集(阳光高考院校库域名+AllShoolData) 2026-10
academic:tjzj.edu.cn,academic,同济大学浙江学院,http://www.tjzj.edu.cn/,tjzj.edu.cn,probed-2xx,200,2026-10-03,本科·浙江省·Fitch源,枚举:GitHub高校数据集(阳光高考院校库域名+AllShoolData) 2026-10
academic:tku.edu.tw,academic,台湾淡江大学,https://tku.edu.tw/,tku.edu.tw,probed-000,000,2026-10-03,本科·Demired源,枚举:GitHub高校数据集(阳光高考院校库域名+AllShoolData) 2026-10
academic:tlfzj.com,academic,吐鲁番职业技术学院,http://tlfzj.com/,tlfzj.com,probed-000,000,2026-10-03,专科·新疆维吾尔自治区,枚举:GitHub高校数据集(阳光高考院校库域名+AllShoolData) 2026-10
academic:tlmzy.com,academic,塔里木职业技术学院,http://tlmzy.com/,tlmzy.com,probed-4xx,403,2026-10-03,专科·新疆维吾尔自治区,枚举:GitHub高校数据集(阳光高考院校库域名+AllShoolData) 2026-10
academic:tlpt.edu.cn,academic,铜陵职业技术学院,https://tlpt.edu.cn/,tlpt.edu.cn,probed-000,000,2026-10-03,专科·安徽省,枚举:GitHub高校数据集(阳光高考院校库域名+AllShoolData) 2026-10
academic:tlsz.com.cn,academic,铁岭师范高等专科学校,http://www.tlsz.com.cn/,tlsz.com.cn,probed-2xx,200,2026-10-03,专科·辽宁省,枚举:GitHub高校数据集(阳光高考院校库域名+AllShoolData) 2026-10
academic:tlu.edu.cn,academic,铜陵学院,http://www.tlu.edu.cn,tlu.edu.cn,probed-2xx,200,2026-10-03,本科·安徽省,枚举:GitHub高校数据集(阳光高考院校库域名+AllShoolData) 2026-10
academic:tlzyxy.com,academic,通辽职业学院,http://www.tlzyxy.com/,tlzyxy.com,probed-4xx,404,2026-10-03,专科·内蒙古自治区,枚举:GitHub高校数据集(阳光高考院校库域名+AllShoolData) 2026-10
academic:tmgxy.edu.cn,academic,铁门关职业技术学院,https://tmgxy.edu.cn/,tmgxy.edu.cn,probed-2xx,200,2026-10-03,专科·新疆维吾尔自治区,枚举:GitHub高校数据集(阳光高考院校库域名+AllShoolData) 2026-10
academic:tmi.edu.cn,academic,唐山海运职业学院,https://tmi.edu.cn/,tmi.edu.cn,probed-000,000,2026-10-03,专科·河北省,枚举:GitHub高校数据集(阳光高考院校库域名+AllShoolData) 2026-10
academic:tmmu.edu.cn,academic,陆军军医大学,https://tmmu.edu.cn/,tmmu.edu.cn,probed-4xx,404,2026-10-03,本科,枚举:GitHub高校数据集(阳光高考院校库域名+AllShoolData) 2026-10
academic:tmu.edu.cn,academic,天津医科大学,https://tmu.edu.cn/,tmu.edu.cn,probed-000,000,2026-10-03,本科·天津市,枚举:GitHub高校数据集(阳光高考院校库域名+AllShoolData) 2026-10
academic:tmu.edu.tw,academic,台北医学大学,https://tmu.edu.tw/,tmu.edu.tw,probed-000,000,2026-10-03,本科·台湾省·Demired源,枚举:GitHub高校数据集(阳光高考院校库域名+AllShoolData) 2026-10
academic:tmucmc.edu.cn,academic,天津医科大学临床医学院,http://www.tmucmc.edu.cn,tmucmc.edu.cn,probed-000,000,2026-10-03,本科·天津市,枚举:GitHub高校数据集(阳光高考院校库域名+AllShoolData) 2026-10
academic:tmzyxy.cn,academic,天门职业学院,http://www.tmzyxy.cn/,tmzyxy.cn,probed-5xx,500,2026-10-03,专科·湖北省,枚举:GitHub高校数据集(阳光高考院校库域名+AllShoolData) 2026-10
academic:tnnua.edu.tw,academic,台南艺术大学,https://tnnua.edu.tw/,tnnua.edu.tw,probed-000,000,2026-10-03,本科·Demired源,枚举:GitHub高校数据集(阳光高考院校库域名+AllShoolData) 2026-10
academic:tongji.edu.cn,academic,同济大学,http://www.tongji.edu.cn/,tongji.edu.cn,probed-2xx,200,2026-10-03,本科·上海市,枚举:GitHub高校数据集(阳光高考院校库域名+AllShoolData) 2026-10
academic:topflying.com.cn,academic,绵阳飞行职业学院,http://topflying.com.cn/,topflying.com.cn,probed-2xx,200,2026-10-03,专科·四川省,枚举:GitHub高校数据集(阳光高考院校库域名+AllShoolData) 2026-10
academic:tourzj.edu.cn,academic,浙江旅游职业学院,https://tourzj.edu.cn/,tourzj.edu.cn,probed-2xx,200,2026-10-03,专科·浙江省,枚举:GitHub高校数据集(阳光高考院校库域名+AllShoolData) 2026-10
academic:tpa.net.cn,academic,西藏警官高等专科学校,http://www.tpa.net.cn/,tpa.net.cn,probed-000,000,2026-10-03,专科·西藏自治区·Fitch源,枚举:GitHub高校数据集(阳光高考院校库域名+AllShoolData) 2026-10
academic:tqzyxy.com,academic,天津滨海汽车工程职业学院,http://www.tqzyxy.com/,tqzyxy.com,probed-000,000,2026-10-03,专科·天津市,枚举:GitHub高校数据集(阳光高考院校库域名+AllShoolData) 2026-10
academic:trpec.edu.cn,academic,铜仁幼儿师范高等专科学校,https://trpec.edu.cn/,trpec.edu.cn,probed-2xx,200,2026-10-03,专科·贵州省,枚举:GitHub高校数据集(阳光高考院校库域名+AllShoolData) 2026-10
academic:trzy.edu.cn,academic,铜仁职业技术学院,https://trzy.edu.cn/,trzy.edu.cn,probed-000,000,2026-10-03,专科·贵州省,枚举:GitHub高校数据集(阳光高考院校库域名+AllShoolData) 2026-10
academic:tsc.edu.cn,academic,唐山学院,http://www.tsc.edu.cn/,tsc.edu.cn,probed-000,000,2026-10-03,本科·河北省,枚举:GitHub高校数据集(阳光高考院校库域名+AllShoolData) 2026-10
academic:tsguas.edu.cn,academic,天津中德应用技术大学,http://www.tsguas.edu.cn,tsguas.edu.cn,probed-000,000,2026-10-03,本科·天津市,枚举:GitHub高校数据集(阳光高考院校库域名+AllShoolData) 2026-10
academic:tsgzy.edu.cn,academic,唐山工业职业技术学院,http://www.tsgzy.edu.cn/,tsgzy.edu.cn,probed-2xx,200,2026-10-03,专科·河北省,枚举:GitHub高校数据集(阳光高考院校库域名+AllShoolData) 2026-10
academic:tshlzyxy.com,academic,泰山护理职业学院,http://www.tshlzyxy.com,tshlzyxy.com,probed-000,000,2026-10-03,专科·山东省,枚举:GitHub高校数据集(阳光高考院校库域名+AllShoolData) 2026-10
academic:tsinghua.edu.cn,academic,清华大学,http://www.tsinghua.edu.cn/,tsinghua.edu.cn,probed-2xx,200,2026-10-03,本科·北京市,枚举:GitHub高校数据集(阳光高考院校库域名+AllShoolData) 2026-10
academic:tskjxy.com.cn,academic,泰山科技学院,http://tskjxy.com.cn/,tskjxy.com.cn,probed-4xx,403,2026-10-03,本科,枚举:GitHub高校数据集(阳光高考院校库域名+AllShoolData) 2026-10
academic:tskjxy.sdust.edu.cn,academic,山东科技大学泰山科技学院,http://tskjxy.sdust.edu.cn/,tskjxy.sdust.edu.cn,probed-000,000,2026-10-03,本科·山东省·Fitch源,枚举:GitHub高校数据集(阳光高考院校库域名+AllShoolData) 2026-10
academic:tskjzy.cn,academic,唐山科技职业技术学院,http://www.tskjzy.cn/,tskjzy.cn,probed-000,000,2026-10-03,专科·河北省,枚举:GitHub高校数据集(阳光高考院校库域名+AllShoolData) 2026-10
academic:tsmc.edu.cn,academic,泰山医学院,http://www.tsmc.edu.cn/,tsmc.edu.cn,probed-000,000,2026-10-03,本科·泰安市·Fitch源,枚举:GitHub高校数据集(阳光高考院校库域名+AllShoolData) 2026-10
academic:tsnu.edu.cn,academic,天水师范学院,http://www.tsnu.edu.cn,tsnu.edu.cn,probed-2xx,200,2026-10-03,本科·甘肃省,枚举:GitHub高校数据集(阳光高考院校库域名+AllShoolData) 2026-10
academic:tstc.edu.cn,academic,唐山师范学院,http://www.tstc.edu.cn/,tstc.edu.cn,probed-000,000,2026-10-03,本科·河北省,枚举:GitHub高校数据集(阳光高考院校库域名+AllShoolData) 2026-10
academic:tsu.edu.cn,academic,泰山学院,http://www.tsu.edu.cn/,tsu.edu.cn,probed-2xx,200,2026-10-03,本科·山东省,枚举:GitHub高校数据集(阳光高考院校库域名+AllShoolData) 2026-10
academic:tsvtc.edu.cn,academic,唐山职业技术学院,https://tsvtc.edu.cn/,tsvtc.edu.cn,probed-000,000,2026-10-03,专科·河北省,枚举:GitHub高校数据集(阳光高考院校库域名+AllShoolData) 2026-10
academic:tsyzh.com,academic,唐山幼儿师范高等专科学校,http://www.tsyzh.com/,tsyzh.com,probed-000,000,2026-10-03,专科·河北省,枚举:GitHub高校数据集(阳光高考院校库域名+AllShoolData) 2026-10
academic:ttmc.edu.cn,academic,西藏藏医药大学,http://www.ttmc.edu.cn/,ttmc.edu.cn,probed-2xx,200,2026-10-03,本科·西藏自治区,枚举:GitHub高校数据集(阳光高考院校库域名+AllShoolData) 2026-10
academic:tttc.edu.cn,academic,天津交通职业学院,https://tttc.edu.cn/,tttc.edu.cn,probed-5xx,502,2026-10-03,专科·天津市,枚举:GitHub高校数据集(阳光高考院校库域名+AllShoolData) 2026-10
academic:ttu.edu.tw,academic,大同大学,https://ttu.edu.tw/,ttu.edu.tw,probed-2xx,200,2026-10-03,本科·台湾省·Demired源,枚举:GitHub高校数据集(阳光高考院校库域名+AllShoolData) 2026-10
academic:tust.edu.cn,academic,天津科技大学,https://www.tust.edu.cn/,tust.edu.cn,probed-2xx,200,2026-10-03,本科·天津市,枚举:GitHub高校数据集(阳光高考院校库域名+AllShoolData) 2026-10
academic:tute.edu.cn,academic,天津职业技术师范大学,http://www.tute.edu.cn/,tute.edu.cn,probed-2xx,200,2026-10-03,本科·天津市,枚举:GitHub高校数据集(阳光高考院校库域名+AllShoolData) 2026-10
academic:tylyzyxy.com,academic,太原旅游职业学院,http://www.tylyzyxy.com/,tylyzyxy.com,probed-2xx,200,2026-10-03,专科·山西省,枚举:GitHub高校数据集(阳光高考院校库域名+AllShoolData) 2026-10
academic:tynu.edu.cn,academic,太原师范学院,http://www.tynu.edu.cn/,tynu.edu.cn,probed-2xx,200,2026-10-03,本科·山西省,枚举:GitHub高校数据集(阳光高考院校库域名+AllShoolData) 2026-10
academic:tynxy.com,academic,江西新能源科技职业学院,http://www.tynxy.com/,tynxy.com,probed-4xx,404,2026-10-03,专科·江西省,枚举:GitHub高校数据集(阳光高考院校库域名+AllShoolData) 2026-10
academic:tyu.edu.cn,academic,太原学院,http://www.tyu.edu.cn,tyu.edu.cn,probed-2xx,200,2026-10-03,本科·山西省,枚举:GitHub高校数据集(阳光高考院校库域名+AllShoolData) 2026-10
academic:tyust.edu.cn,academic,太原科技大学,http://www.tyust.edu.cn/,tyust.edu.cn,probed-000,000,2026-10-03,本科·山西省,枚举:GitHub高校数据集(阳光高考院校库域名+AllShoolData) 2026-10
academic:tyut.edu.cn,academic,太原理工大学,http://www.tyut.edu.cn/,tyut.edu.cn,probed-2xx,200,2026-10-03,本科·山西省,枚举:GitHub高校数据集(阳光高考院校库域名+AllShoolData) 2026-10
academic:tyyouzhuan.com,academic,太原幼儿师范高等专科学校,http://tyyouzhuan.com/,tyyouzhuan.com,probed-4xx,403,2026-10-03,专科·山西省·未核实,枚举:GitHub高校数据集(阳光高考院校库域名+AllShoolData) 2026-10
academic:tzc.edu.cn,academic,台州学院,http://www.tzc.edu.cn/,tzc.edu.cn,probed-2xx,200,2026-10-03,本科·浙江省,枚举:GitHub高校数据集(阳光高考院校库域名+AllShoolData) 2026-10
academic:tzpc.edu.cn,academic,泰州职业技术学院,http://www.tzpc.edu.cn/,tzpc.edu.cn,probed-000,000,2026-10-03,专科·江苏省,枚举:GitHub高校数据集(阳光高考院校库域名+AllShoolData) 2026-10
academic:tzu.edu.cn,academic,泰州学院,https://tzu.edu.cn/,tzu.edu.cn,probed-2xx,200,2026-10-03,本科·江苏省,枚举:GitHub高校数据集(阳光高考院校库域名+AllShoolData) 2026-10
academic:tzvcst.edu.cn,academic,台州科技职业学院,http://www.tzvcst.edu.cn,tzvcst.edu.cn,probed-2xx,200,2026-10-03,专科·浙江省,枚举:GitHub高校数据集(阳光高考院校库域名+AllShoolData) 2026-10
academic:tzvtc.edu.cn,academic,台州职业技术学院,http://www.tzvtc.edu.cn,tzvtc.edu.cn,probed-2xx,200,2026-10-03,专科·浙江省,枚举:GitHub高校数据集(阳光高考院校库域名+AllShoolData) 2026-10
academic:ucas.edu.cn,academic,中国科学院大学,https://ucas.edu.cn/,ucas.edu.cn,probed-000,000,2026-10-03,本科·北京市,枚举:GitHub高校数据集(阳光高考院校库域名+AllShoolData) 2026-10
academic:ucass.edu.cn,academic,中国社会科学院大学,https://ucass.edu.cn/,ucass.edu.cn,probed-2xx,200,2026-10-03,本科·北京市,枚举:GitHub高校数据集(阳光高考院校库域名+AllShoolData) 2026-10
academic:ucsanya.com,academic,三亚理工职业学院,http://www.ucsanya.com/,ucsanya.com,probed-2xx,200,2026-10-03,专科·海南省,枚举:GitHub高校数据集(阳光高考院校库域名+AllShoolData) 2026-10
academic:uestc.edu.cn,academic,电子科技大学,http://www.uestc.edu.cn/,uestc.edu.cn,probed-2xx,200,2026-10-03,本科·四川省;另含:电子科技大学(沙河校区),枚举:GitHub高校数据集(阳光高考院校库域名+AllShoolData) 2026-10
academic:uibe.edu.cn,academic,对外经济贸易大学,http://www.uibe.edu.cn/,uibe.edu.cn,probed-2xx,200,2026-10-03,本科·北京市,枚举:GitHub高校数据集(阳光高考院校库域名+AllShoolData) 2026-10
academic:uic.edu.cn,academic,北京师范大学-香港浸会大学联合国际学院,https://uic.edu.cn/,uic.edu.cn,probed-2xx,200,2026-10-03,本科·广东省,枚举:GitHub高校数据集(阳光高考院校库域名+AllShoolData) 2026-10
academic:uic.edu.hk,academic,北京师范大学－香港浸会大学联合国际学院,http://uic.edu.hk/cn,uic.edu.hk,probed-4xx,404,2026-10-03,本科·珠海市·Fitch源,枚举:GitHub高校数据集(阳光高考院校库域名+AllShoolData) 2026-10
academic:uir.edu.cn,academic,国际关系学院,https://uir.edu.cn/,uir.edu.cn,probed-000,000,2026-10-03,本科·北京市,枚举:GitHub高校数据集(阳光高考院校库域名+AllShoolData) 2026-10
academic:ujn.edu.cn,academic,济南大学,http://www.ujn.edu.cn/,ujn.edu.cn,probed-2xx,200,2026-10-03,本科·山东省,枚举:GitHub高校数据集(阳光高考院校库域名+AllShoolData) 2026-10
academic:ujs.edu.cn,academic,江苏大学,http://www.ujs.edu.cn/,ujs.edu.cn,probed-2xx,200,2026-10-03,本科·江苏省;另含:江苏大学京江学院,枚举:GitHub高校数据集(阳光高考院校库域名+AllShoolData) 2026-10
academic:umac.mo,academic,澳门大学,http://umac.mo/,umac.mo,probed-2xx,200,2026-10-03,本科·澳门特别行政区·Demired源,枚举:GitHub高校数据集(阳光高考院校库域名+AllShoolData) 2026-10
academic:uoh.edu.cn,academic,红河学院,http://www.uoh.edu.cn/,uoh.edu.cn,probed-2xx,200,2026-10-03,本科·云南省,枚举:GitHub高校数据集(阳光高考院校库域名+AllShoolData) 2026-10
academic:upc.edu.cn,academic,中国石油大学(华东),http://www.upc.edu.cn/,upc.edu.cn,probed-2xx,200,2026-10-03,本科·山东省,枚举:GitHub高校数据集(阳光高考院校库域名+AllShoolData) 2026-10
academic:usc.edu.cn,academic,南华大学,http://www.usc.edu.cn/,usc.edu.cn,probed-2xx,200,2026-10-03,本科;另含:南华大学船山学院,枚举:GitHub高校数据集(阳光高考院校库域名+AllShoolData) 2026-10
academic:usc.edu.tw,academic,实践大学,https://usc.edu.tw/,usc.edu.tw,probed-000,000,2026-10-03,本科·台湾省·Demired源,枚举:GitHub高校数据集(阳光高考院校库域名+AllShoolData) 2026-10
academic:usl.edu.cn,academic,硅湖职业技术学院,http://www.usl.edu.cn/,usl.edu.cn,probed-4xx,403,2026-10-03,专科·江苏省,枚举:GitHub高校数据集(阳光高考院校库域名+AllShoolData) 2026-10
academic:usst.edu.cn,academic,上海理工大学,http://www.usst.edu.cn/,usst.edu.cn,probed-2xx,200,2026-10-03,本科·上海市,枚举:GitHub高校数据集(阳光高考院校库域名+AllShoolData) 2026-10
academic:ust.hk,academic,香港科技大学,http://ust.hk/,ust.hk,probed-000,000,2026-10-03,本科·香港特别行政区·Demired源,枚举:GitHub高校数据集(阳光高考院校库域名+AllShoolData) 2026-10
academic:ustb.edu.cn,academic,北京科技大学,http://www.ustb.edu.cn/,ustb.edu.cn,probed-2xx,200,2026-10-03,本科·北京市;另含:北京科技大学天津学院,枚举:GitHub高校数据集(阳光高考院校库域名+AllShoolData) 2026-10
academic:ustc.edu.cn,academic,中国科学技术大学,http://www.ustc.edu.cn/,ustc.edu.cn,probed-2xx,200,2026-10-03,本科·安徽省,枚举:GitHub高校数据集(阳光高考院校库域名+AllShoolData) 2026-10
academic:usth.edu.cn,academic,黑龙江科技大学,http://www.usth.edu.cn/,usth.edu.cn,probed-2xx,200,2026-10-03,本科·黑龙江省,枚举:GitHub高校数据集(阳光高考院校库域名+AllShoolData) 2026-10
academic:ustl.edu.cn,academic,辽宁科技大学,http://www.ustl.edu.cn/,ustl.edu.cn,probed-2xx,200,2026-10-03,本科·辽宁省,枚举:GitHub高校数据集(阳光高考院校库域名+AllShoolData) 2026-10
academic:usts.edu.cn,academic,苏州科技大学,http://www.usts.edu.cn/,usts.edu.cn,probed-2xx,200,2026-10-03,本科·江苏省;另含:苏州科技大学天平学院,枚举:GitHub高校数据集(阳光高考院校库域名+AllShoolData) 2026-10
academic:usx.edu.cn,academic,绍兴文理学院,http://www.usx.edu.cn/,usx.edu.cn,probed-2xx,200,2026-10-03,本科·浙江省,枚举:GitHub高校数据集(阳光高考院校库域名+AllShoolData) 2026-10
academic:uta.edu.cn,academic,安徽职业技术学院,http://www.uta.edu.cn,uta.edu.cn,probed-2xx,200,2026-10-03,专科·安徽省,枚举:GitHub高校数据集(阳光高考院校库域名+AllShoolData) 2026-10
academic:utibet.edu.cn,academic,西藏大学,http://www.utibet.edu.cn/,utibet.edu.cn,probed-2xx,200,2026-10-03,本科·西藏自治区,枚举:GitHub高校数据集(阳光高考院校库域名+AllShoolData) 2026-10
academic:uvu.edu.cn,academic,乌鲁木齐职业大学,http://www.uvu.edu.cn/,uvu.edu.cn,probed-000,000,2026-10-03,专科·新疆维吾尔自治区,枚举:GitHub高校数据集(阳光高考院校库域名+AllShoolData) 2026-10
academic:uzz.edu.cn,academic,枣庄学院,http://www.uzz.edu.cn/,uzz.edu.cn,probed-2xx,200,2026-10-03,本科·山东省,枚举:GitHub高校数据集(阳光高考院校库域名+AllShoolData) 2026-10
academic:vcit.cn,academic,山西信息职业技术学院,http://www.vcit.cn/,vcit.cn,probed-2xx,200,2026-10-03,专科·山西省,枚举:GitHub高校数据集(阳光高考院校库域名+AllShoolData) 2026-10
academic:vcws.org.cn,academic,黑龙江冰雪体育职业学院,http://www.vcws.org.cn,vcws.org.cn,probed-2xx,200,2026-10-03,专科·黑龙江省,枚举:GitHub高校数据集(阳光高考院校库域名+AllShoolData) 2026-10
academic:vtcsy.com,academic,沈阳职业技术学院,http://www.vtcsy.com/,vtcsy.com,probed-2xx,200,2026-10-03,专科·辽宁省,枚举:GitHub高校数据集(阳光高考院校库域名+AllShoolData) 2026-10
academic:vtep.edu.cn,academic,山西电力职业技术学院,http://www.vtep.edu.cn/,vtep.edu.cn,probed-000,000,2026-10-03,专科·山西省·未核实,枚举:GitHub高校数据集(阳光高考院校库域名+AllShoolData) 2026-10
academic:w3.tnua.edu.tw,academic,台北艺术大学,https://w3.tnua.edu.tw/,w3.tnua.edu.tw,probed-2xx,200,2026-10-03,本科·Demired源,枚举:GitHub高校数据集(阳光高考院校库域名+AllShoolData) 2026-10
academic:wahvc.edu.cn,academic,皖西卫生职业学院,http://www.wahvc.edu.cn,wahvc.edu.cn,probed-2xx,200,2026-10-03,专科·安徽省,枚举:GitHub高校数据集(阳光高考院校库域名+AllShoolData) 2026-10
academic:wbc.edu.cn,academic,民办万博科技职业学院,http://www.wbc.edu.cn/,wbc.edu.cn,probed-2xx,200,2026-10-03,专科·安徽省,枚举:GitHub高校数据集(阳光高考院校库域名+AllShoolData) 2026-10
academic:wbu.edu.cn,academic,武汉商学院,http://www.wbu.edu.cn/,wbu.edu.cn,probed-2xx,200,2026-10-03,本科·湖北省,枚举:GitHub高校数据集(阳光高考院校库域名+AllShoolData) 2026-10
academic:wbws.edu.cn,academic,皖北卫生职业学院,https://wbws.edu.cn/,wbws.edu.cn,probed-000,000,2026-10-03,专科·安徽省,枚举:GitHub高校数据集(阳光高考院校库域名+AllShoolData) 2026-10
academic:wczy.cn,academic,武昌职业学院,http://www.wczy.cn,wczy.cn,probed-000,000,2026-10-03,专科·湖北省,枚举:GitHub高校数据集(阳光高考院校库域名+AllShoolData) 2026-10
academic:wdu.edu.cn,academic,武汉东湖学院,http://www.wdu.edu.cn/,wdu.edu.cn,probed-2xx,200,2026-10-03,本科·湖北省,枚举:GitHub高校数据集(阳光高考院校库域名+AllShoolData) 2026-10
academic:web.mcu.edu.tw,academic,台湾铭传大学,https://web.mcu.edu.tw/,web.mcu.edu.tw,probed-2xx,200,2026-10-03,本科·Demired源,枚举:GitHub高校数据集(阳光高考院校库域名+AllShoolData) 2026-10
academic:web.tsu.edu.tw,academic,台湾首府大学,https://web.tsu.edu.tw/,web.tsu.edu.tw,probed-000,000,2026-10-03,本科·台湾省·Demired源,枚举:GitHub高校数据集(阳光高考院校库域名+AllShoolData) 2026-10
academic:web.ym.edu.tw,academic,台湾阳明大学,https://web.ym.edu.tw/,web.ym.edu.tw,probed-000,000,2026-10-03,本科·Demired源,枚举:GitHub高校数据集(阳光高考院校库域名+AllShoolData) 2026-10
academic:wenda.edu.cn,academic,安徽文达信息工程学院,https://wenda.edu.cn/,wenda.edu.cn,probed-000,000,2026-10-03,本科·安徽省,枚举:GitHub高校数据集(阳光高考院校库域名+AllShoolData) 2026-10
academic:wenjing.ytu.edu.cn,academic,烟台大学文经学院,http://wenjing.ytu.edu.cn/,wenjing.ytu.edu.cn,probed-000,000,2026-10-03,本科·山东省·Fitch源,枚举:GitHub高校数据集(阳光高考院校库域名+AllShoolData) 2026-10
academic:wfec.cn,academic,潍坊工程职业学院,http://www.wfec.cn/,wfec.cn,probed-000,000,2026-10-03,专科·山东省,枚举:GitHub高校数据集(阳光高考院校库域名+AllShoolData) 2026-10
academic:wfgsxy.com,academic,潍坊工商职业学院,http://www.wfgsxy.com/,wfgsxy.com,probed-2xx,200,2026-10-03,专科·山东省,枚举:GitHub高校数据集(阳光高考院校库域名+AllShoolData) 2026-10
academic:wfhgzxy.com,academic,潍坊环境工程职业学院,http://wfhgzxy.com/,wfhgzxy.com,probed-4xx,403,2026-10-03,专科·山东省,枚举:GitHub高校数据集(阳光高考院校库域名+AllShoolData) 2026-10
academic:wfhlxy.com,academic,潍坊护理职业学院,http://www.wfhlxy.com/,wfhlxy.com,probed-2xx,200,2026-10-03,专科·山东省,枚举:GitHub高校数据集(阳光高考院校库域名+AllShoolData) 2026-10
academic:wfit.edu.cn,academic,潍坊理工学院,https://wfit.edu.cn/,wfit.edu.cn,probed-000,000,2026-10-03,本科·山东省,枚举:GitHub高校数据集(阳光高考院校库域名+AllShoolData) 2026-10
academic:wfmc.edu.cn,academic,潍坊医学院,http://www.wfmc.edu.cn/,wfmc.edu.cn,probed-2xx,200,2026-10-03,本科·山东省,枚举:GitHub高校数据集(阳光高考院校库域名+AllShoolData) 2026-10
academic:wfu.edu.cn,academic,潍坊学院,http://www.wfu.edu.cn/,wfu.edu.cn,probed-2xx,200,2026-10-03,本科·山东省,枚举:GitHub高校数据集(阳光高考院校库域名+AllShoolData) 2026-10
academic:wfust.edu.cn,academic,潍坊科技学院,https://wfust.edu.cn/,wfust.edu.cn,probed-4xx,412,2026-10-03,本科·山东省,枚举:GitHub高校数据集(阳光高考院校库域名+AllShoolData) 2026-10
academic:wgxy.net,academic,武汉工程职业技术学院,http://www.wgxy.net/,wgxy.net,probed-000,000,2026-10-03,专科·湖北省,枚举:GitHub高校数据集(阳光高考院校库域名+AllShoolData) 2026-10
academic:wgy.cn,academic,武汉工业职业技术学院,http://www.wgy.cn/,wgy.cn,probed-000,000,2026-10-03,专科·武汉市·Fitch源,枚举:GitHub高校数据集(阳光高考院校库域名+AllShoolData) 2026-10
academic:whcibe.com,academic,武汉纺织大学外经贸学院,http://whcibe.com/,whcibe.com,probed-000,000,2026-10-03,本科·湖北省,枚举:GitHub高校数据集(阳光高考院校库域名+AllShoolData) 2026-10
academic:whcm.edu.cn,academic,武汉音乐学院,http://www.whcm.edu.cn/,whcm.edu.cn,probed-000,000,2026-10-03,本科·湖北省,枚举:GitHub高校数据集(阳光高考院校库域名+AllShoolData) 2026-10
academic:whcvc.edu.cn,academic,武汉城市职业学院,http://www.whcvc.edu.cn,whcvc.edu.cn,probed-000,000,2026-10-03,专科·湖北省,枚举:GitHub高校数据集(阳光高考院校库域名+AllShoolData) 2026-10
academic:whetc.com,academic,武汉电力职业技术学院,http://www.whetc.com/,whetc.com,probed-2xx,200,2026-10-03,专科·湖北省,枚举:GitHub高校数据集(阳光高考院校库域名+AllShoolData) 2026-10
academic:whggvc.net,academic,武汉光谷职业学院,http://www.whggvc.net/,whggvc.net,probed-4xx,421,2026-10-03,专科·湖北省,枚举:GitHub高校数据集(阳光高考院校库域名+AllShoolData) 2026-10
academic:whgmxy.com,academic,武汉工贸职业学院,http://www.whgmxy.com/,whgmxy.com,probed-2xx,200,2026-10-03,专科·湖北省,枚举:GitHub高校数据集(阳光高考院校库域名+AllShoolData) 2026-10
academic:whhhxy.com,academic,武汉航海职业技术学院,http://www.whhhxy.com/,whhhxy.com,probed-5xx,504,2026-10-03,专科·湖北省,枚举:GitHub高校数据集(阳光高考院校库域名+AllShoolData) 2026-10
academic:whicu.com,academic,武汉商贸职业学院,http://www.whicu.com/,whicu.com,probed-4xx,421,2026-10-03,专科·湖北省,枚举:GitHub高校数据集(阳光高考院校库域名+AllShoolData) 2026-10
academic:whinfo.cn,academic,武汉信息传播职业技术学院,http://www.whinfo.cn/,whinfo.cn,probed-000,000,2026-10-03,专科·湖北省,枚举:GitHub高校数据集(阳光高考院校库域名+AllShoolData) 2026-10
academic:whit.edu.cn,academic,芜湖职业技术学院,http://www.whit.edu.cn,whit.edu.cn,probed-2xx,200,2026-10-03,专科·安徽省,枚举:GitHub高校数据集(阳光高考院校库域名+AllShoolData) 2026-10
academic:whkjz.com,academic,武汉科技职业学院,http://whkjz.com/,whkjz.com,probed-2xx,200,2026-10-03,专科·湖北省,枚举:GitHub高校数据集(阳光高考院校库域名+AllShoolData) 2026-10
academic:whmc.edu.cn,academic,武汉传媒学院,http://www.whmc.edu.cn/,whmc.edu.cn,probed-2xx,200,2026-10-03,本科·湖北省,枚举:GitHub高校数据集(阳光高考院校库域名+AllShoolData) 2026-10
academic:whmvc.net,academic,武汉海事职业学院,http://www.whmvc.net/,whmvc.net,probed-000,000,2026-10-03,专科·湖北省·未核实,枚举:GitHub高校数据集(阳光高考院校库域名+AllShoolData) 2026-10
academic:whmzxy.cn,academic,武汉民政职业学院,http://www.whmzxy.cn/,whmzxy.cn,probed-000,000,2026-10-03,专科·湖北省,枚举:GitHub高校数据集(阳光高考院校库域名+AllShoolData) 2026-10
academic:whovc.edu.cn,academic,威海海洋职业学院,https://whovc.edu.cn/,whovc.edu.cn,probed-000,000,2026-10-03,专科·山东省,枚举:GitHub高校数据集(阳光高考院校库域名+AllShoolData) 2026-10
academic:whpa.cn,academic,武汉警官职业学院,http://www.whpa.cn/,whpa.cn,probed-2xx,200,2026-10-03,专科·湖北省,枚举:GitHub高校数据集(阳光高考院校库域名+AllShoolData) 2026-10
academic:whpu.edu.cn,academic,武汉轻工大学,http://www.whpu.edu.cn/,whpu.edu.cn,probed-2xx,200,2026-10-03,本科·湖北省,枚举:GitHub高校数据集(阳光高考院校库域名+AllShoolData) 2026-10
academic:whsu.edu.cn,academic,武汉体育学院,http://www.whsu.edu.cn/,whsu.edu.cn,probed-3xx,302,2026-10-03,本科·湖北省;另含:武汉体育学院体育科技学院,枚举:GitHub高校数据集(阳光高考院校库域名+AllShoolData) 2026-10
academic:whsw.cn,academic,武汉生物工程学院,http://www.whsw.cn/,whsw.cn,probed-2xx,200,2026-10-03,本科·湖北省,枚举:GitHub高校数据集(阳光高考院校库域名+AllShoolData) 2026-10
academic:whtcc.edu.cn,academic,武汉交通职业学院,https://whtcc.edu.cn/,whtcc.edu.cn,probed-5xx,502,2026-10-03,专科·湖北省,枚举:GitHub高校数据集(阳光高考院校库域名+AllShoolData) 2026-10
academic:whu.edu.cn,academic,武汉大学,http://www.whu.edu.cn/,whu.edu.cn,probed-2xx,200,2026-10-03,本科·湖北省,枚举:GitHub高校数据集(阳光高考院校库域名+AllShoolData) 2026-10
academic:whut.edu.cn,academic,武汉理工大学,http://www.whut.edu.cn/,whut.edu.cn,probed-2xx,200,2026-10-03,本科·湖北省,枚举:GitHub高校数据集(阳光高考院校库域名+AllShoolData) 2026-10
academic:whvc.edu.cn,academic,威海职业学院,https://whvc.edu.cn/,whvc.edu.cn,probed-000,000,2026-10-03,专科·山东省,枚举:GitHub高校数据集(阳光高考院校库域名+AllShoolData) 2026-10
academic:whvcse.edu.cn,academic,武汉软件工程职业学院,https://whvcse.edu.cn/,whvcse.edu.cn,probed-000,000,2026-10-03,专科·湖北省,枚举:GitHub高校数据集(阳光高考院校库域名+AllShoolData) 2026-10
academic:whvtc.net,academic,乌海职业技术学院,http://www.whvtc.net/,whvtc.net,probed-2xx,200,2026-10-03,专科·内蒙古自治区·未核实,枚举:GitHub高校数据集(阳光高考院校库域名+AllShoolData) 2026-10
academic:whwl.edu.cn,academic,武汉文理学院,https://whwl.edu.cn/,whwl.edu.cn,probed-000,000,2026-10-03,本科·湖北省,枚举:GitHub高校数据集(阳光高考院校库域名+AllShoolData) 2026-10
academic:whxy.edu.cn,academic,武汉学院,http://www.whxy.edu.cn,whxy.edu.cn,probed-000,000,2026-10-03,本科·湖北省,枚举:GitHub高校数据集(阳光高考院校库域名+AllShoolData) 2026-10
academic:whxyart.cn,academic,云南艺术学院文华学院,http://whxyart.cn/,whxyart.cn,probed-4xx,404,2026-10-03,本科·云南省,枚举:GitHub高校数据集(阳光高考院校库域名+AllShoolData) 2026-10
academic:wic.edu.cn,academic,武汉城市学院,https://wic.edu.cn/,wic.edu.cn,probed-000,000,2026-10-03,本科,枚举:GitHub高校数据集(阳光高考院校库域名+AllShoolData) 2026-10
academic:wids.edu.cn,academic,武汉设计工程学院,https://wids.edu.cn/,wids.edu.cn,probed-000,000,2026-10-03,本科·湖北省,枚举:GitHub高校数据集(阳光高考院校库域名+AllShoolData) 2026-10
academic:wifa.edu.cn,academic,武汉外语外事职业学院,https://wifa.edu.cn/,wifa.edu.cn,probed-000,000,2026-10-03,专科·湖北省,枚举:GitHub高校数据集(阳光高考院校库域名+AllShoolData) 2026-10
academic:wit.edu.cn,academic,武汉工程大学,http://www.wit.edu.cn/,wit.edu.cn,probed-2xx,200,2026-10-03,本科·湖北省,枚举:GitHub高校数据集(阳光高考院校库域名+AllShoolData) 2026-10
academic:witpt.edu.cn,academic,武汉工程大学邮电与信息工程学院,http://www.witpt.edu.cn/,witpt.edu.cn,probed-000,000,2026-10-03,本科·湖北省,枚举:GitHub高校数据集(阳光高考院校库域名+AllShoolData) 2026-10
academic:wjut.edu.cn,academic,皖江工学院,https://wjut.edu.cn/,wjut.edu.cn,probed-000,000,2026-10-03,本科·安徽省,枚举:GitHub高校数据集(阳光高考院校库域名+AllShoolData) 2026-10
academic:wjxy.edu.cn,academic,中国人民武装警察部队学院,http://www.wjxy.edu.cn/,wjxy.edu.cn,probed-000,000,2026-10-03,本科·廊坊市·Fitch源,枚举:GitHub高校数据集(阳光高考院校库域名+AllShoolData) 2026-10
academic:wku.edu.cn,academic,温州肯恩大学,http://www.wku.edu.cn/,wku.edu.cn,probed-2xx,200,2026-10-03,本科·浙江省,枚举:GitHub高校数据集(阳光高考院校库域名+AllShoolData) 2026-10
academic:wlcbyz.org.cn,academic,乌兰察布医学高等专科学校,http://wlcbyz.org.cn/,wlcbyz.org.cn,probed-2xx,200,2026-10-03,专科·内蒙古自治区,枚举:GitHub高校数据集(阳光高考院校库域名+AllShoolData) 2026-10
academic:wlcbzyxy.com.cn,academic,乌兰察布职业学院,http://www.wlcbzyxy.com.cn/,wlcbzyxy.com.cn,probed-000,000,2026-10-03,专科·内蒙古自治区,枚举:GitHub高校数据集(阳光高考院校库域名+AllShoolData) 2026-10
academic:wlxy.hbnu.edu.cn,academic,湖北师范学院文理学院,http://www.wlxy.hbnu.edu.cn/,wlxy.hbnu.edu.cn,probed-000,000,2026-10-03,本科·黄石市·Fitch源,枚举:GitHub高校数据集(阳光高考院校库域名+AllShoolData) 2026-10
academic:wmu.edu.cn,academic,温州医科大学,https://wmu.edu.cn/,wmu.edu.cn,probed-000,000,2026-10-03,本科·浙江省;另含:温州医科大学仁济学院,枚举:GitHub高校数据集(阳光高考院校库域名+AllShoolData) 2026-10
academic:wnmc.edu.cn,academic,皖南医学院,http://www.wnmc.edu.cn/,wnmc.edu.cn,probed-2xx,200,2026-10-03,本科·安徽省,枚举:GitHub高校数据集(阳光高考院校库域名+AllShoolData) 2026-10
academic:wnu.edu.cn,academic,渭南师范学院,https://wnu.edu.cn/,wnu.edu.cn,probed-2xx,200,2026-10-03,本科·陕西省,枚举:GitHub高校数据集(阳光高考院校库域名+AllShoolData) 2026-10
academic:wnzy.net,academic,渭南职业技术学院,http://www.wnzy.net/,wnzy.net,probed-2xx,200,2026-10-03,专科·陕西省,枚举:GitHub高校数据集(阳光高考院校库域名+AllShoolData) 2026-10
academic:wru.edu.cn,academic,武汉铁路职业技术学院,https://wru.edu.cn/,wru.edu.cn,probed-000,000,2026-10-03,专科·湖北省,枚举:GitHub高校数据集(阳光高考院校库域名+AllShoolData) 2026-10
academic:wsfy.cn,academic,山东外事翻译职业学院,http://www.wsfy.cn/,wsfy.cn,probed-2xx,200,2026-10-03,专科·威海市·Fitch源,枚举:GitHub高校数据集(阳光高考院校库域名+AllShoolData) 2026-10
academic:wsoc.edu.cn,academic,无锡南洋职业技术学院,http://www.wsoc.edu.cn/,wsoc.edu.cn,probed-2xx,200,2026-10-03,专科·江苏省·未核实,枚举:GitHub高校数据集(阳光高考院校库域名+AllShoolData) 2026-10
academic:wspc.edu.cn,academic,武汉船舶职业技术学院,http://www.wspc.edu.cn/,wspc.edu.cn,probed-000,000,2026-10-03,专科·湖北省,枚举:GitHub高校数据集(阳光高考院校库域名+AllShoolData) 2026-10
academic:wsu.edu.cn,academic,文山学院,http://www.wsu.edu.cn,wsu.edu.cn,probed-2xx,200,2026-10-03,本科·云南省,枚举:GitHub高校数据集(阳光高考院校库域名+AllShoolData) 2026-10
academic:wsyu.edu.cn,academic,武昌首义学院,http://www.wsyu.edu.cn/,wsyu.edu.cn,probed-000,000,2026-10-03,本科·湖北省,枚举:GitHub高校数据集(阳光高考院校库域名+AllShoolData) 2026-10
academic:wtbu.edu.cn,academic,武汉工商学院,http://www.wtbu.edu.cn/,wtbu.edu.cn,probed-000,000,2026-10-03,本科·湖北省,枚举:GitHub高校数据集(阳光高考院校库域名+AllShoolData) 2026-10
academic:wtc.edu.cn,academic,武汉职业技术学院,http://www.wtc.edu.cn/,wtc.edu.cn,probed-4xx,403,2026-10-03,专科·湖北省·未核实,枚举:GitHub高校数据集(阳光高考院校库域名+AllShoolData) 2026-10
academic:wtian.hhu.edu.cn,academic,河海大学文天学院,http://wtian.hhu.edu.cn/,wtian.hhu.edu.cn,probed-000,000,2026-10-03,本科·马鞍山市·Fitch源,枚举:GitHub高校数据集(阳光高考院校库域名+AllShoolData) 2026-10
academic:wtu.edu.cn,academic,武汉纺织大学,http://www.wtu.edu.cn/,wtu.edu.cn,probed-2xx,200,2026-10-03,本科·湖北省,枚举:GitHub高校数据集(阳光高考院校库域名+AllShoolData) 2026-10
academic:wuantc.com,academic,邯郸幼儿师范高等专科学校,http://wuantc.com/,wuantc.com,probed-4xx,404,2026-10-03,专科·河北省,枚举:GitHub高校数据集(阳光高考院校库域名+AllShoolData) 2026-10
academic:wuhues.com,academic,武汉工程科技学院,http://www.wuhues.com/,wuhues.com,probed-5xx,503,2026-10-03,本科·湖北省,枚举:GitHub高校数据集(阳光高考院校库域名+AllShoolData) 2026-10
academic:wuit.cn,academic,武昌工学院,http://www.wuit.cn/,wuit.cn,probed-2xx,200,2026-10-03,本科·湖北省,枚举:GitHub高校数据集(阳光高考院校库域名+AllShoolData) 2026-10
academic:wust.edu.cn,academic,武汉科技大学,http://www.wust.edu.cn/,wust.edu.cn,probed-2xx,200,2026-10-03,本科·湖北省,枚举:GitHub高校数据集(阳光高考院校库域名+AllShoolData) 2026-10
academic:wut.edu.cn,academic,武昌理工学院,http://www.wut.edu.cn/,wut.edu.cn,probed-2xx,200,2026-10-03,本科·湖北省,枚举:GitHub高校数据集(阳光高考院校库域名+AllShoolData) 2026-10
academic:wuyiu.edu.cn,academic,武夷学院,http://www.wuyiu.edu.cn,wuyiu.edu.cn,probed-000,000,2026-10-03,本科·福建省,枚举:GitHub高校数据集(阳光高考院校库域名+AllShoolData) 2026-10
academic:wwoc.cn,academic,武威职业学院,http://www.wwoc.cn/,wwoc.cn,probed-2xx,200,2026-10-03,专科·甘肃省,枚举:GitHub高校数据集(阳光高考院校库域名+AllShoolData) 2026-10
academic:www1.chu.edu.tw,academic,中华大学,https://www1.chu.edu.tw/,www1.chu.edu.tw,probed-2xx,200,2026-10-03,本科·台湾省·Demired源,枚举:GitHub高校数据集(阳光高考院校库域名+AllShoolData) 2026-10
academic:www1.xjmu.edu.cn,academic,新疆医科大学厚博学院,http://www1.xjmu.edu.cn/hbxy/i,www1.xjmu.edu.cn,probed-4xx,404,2026-10-03,本科·新疆维吾尔自治区·Fitch源,枚举:GitHub高校数据集(阳光高考院校库域名+AllShoolData) 2026-10
academic:wxc.edu.cn,academic,皖西学院,http://www.wxc.edu.cn/,wxc.edu.cn,probed-000,000,2026-10-03,本科·安徽省,枚举:GitHub高校数据集(阳光高考院校库域名+AllShoolData) 2026-10
academic:wxcu.edu.cn,academic,无锡城市职业技术学院,http://www.wxcu.edu.cn,wxcu.edu.cn,probed-000,000,2026-10-03,专科·江苏省,枚举:GitHub高校数据集(阳光高考院校库域名+AllShoolData) 2026-10
academic:wxgyxy.cn,academic,无锡工艺职业技术学院,http://www.wxgyxy.cn/,wxgyxy.cn,probed-2xx,200,2026-10-03,专科·江苏省,枚举:GitHub高校数据集(阳光高考院校库域名+AllShoolData) 2026-10
academic:wxic.edu.cn,academic,无锡商业职业技术学院,http://www.wxic.edu.cn,wxic.edu.cn,probed-000,000,2026-10-03,专科·江苏省,枚举:GitHub高校数据集(阳光高考院校库域名+AllShoolData) 2026-10
academic:wxit.edu.cn,academic,无锡职业技术学院,http://www.wxit.edu.cn/,wxit.edu.cn,probed-2xx,200,2026-10-03,专科·江苏省,枚举:GitHub高校数据集(阳光高考院校库域名+AllShoolData) 2026-10
academic:wxpoly.cn,academic,杭州万向职业技术学院,http://www.wxpoly.cn/,wxpoly.cn,probed-2xx,200,2026-10-03,专科·浙江省,枚举:GitHub高校数据集(阳光高考院校库域名+AllShoolData) 2026-10
academic:wxstc.cn,academic,无锡科技职业学院,http://www.wxstc.cn/,wxstc.cn,probed-2xx,200,2026-10-03,专科·江苏省,枚举:GitHub高校数据集(阳光高考院校库域名+AllShoolData) 2026-10
academic:wxu.edu.cn,academic,无锡太湖学院,https://wxu.edu.cn/,wxu.edu.cn,probed-000,000,2026-10-03,本科·江苏省,枚举:GitHub高校数据集(阳光高考院校库域名+AllShoolData) 2026-10
academic:wynu.edu.cn,academic,滇西科技师范学院,https://wynu.edu.cn/,wynu.edu.cn,probed-000,000,2026-10-03,本科·云南省,枚举:GitHub高校数据集(阳光高考院校库域名+AllShoolData) 2026-10
academic:wyszyxy.com,academic,武夷山职业学院,http://www.wyszyxy.com/,wyszyxy.com,probed-2xx,200,2026-10-03,专科·福建省,枚举:GitHub高校数据集(阳光高考院校库域名+AllShoolData) 2026-10
academic:wyu.edu.cn,academic,五邑大学,http://www.wyu.edu.cn/,wyu.edu.cn,probed-2xx,200,2026-10-03,本科·广东省,枚举:GitHub高校数据集(阳光高考院校库域名+AllShoolData) 2026-10
academic:wyuas.edu.cn,academic,滇西应用技术大学,https://wyuas.edu.cn/,wyuas.edu.cn,probed-2xx,200,2026-10-03,本科·云南省,枚举:GitHub高校数据集(阳光高考院校库域名+AllShoolData) 2026-10
academic:wzbc.edu.cn,academic,温州商学院,http://www.wzbc.edu.cn/,wzbc.edu.cn,probed-2xx,200,2026-10-03,本科·浙江省,枚举:GitHub高校数据集(阳光高考院校库域名+AllShoolData) 2026-10
academic:wzu.edu.cn,academic,温州大学,http://www.wzu.edu.cn/,wzu.edu.cn,probed-2xx,200,2026-10-03,本科·浙江省,枚举:GitHub高校数据集(阳光高考院校库域名+AllShoolData) 2026-10
academic:wzvcst.edu.cn,academic,温州科技职业学院,https://wzvcst.edu.cn/,wzvcst.edu.cn,probed-000,000,2026-10-03,专科·浙江省,枚举:GitHub高校数据集(阳光高考院校库域名+AllShoolData) 2026-10
academic:wzvtc.cn,academic,温州职业技术学院,http://www.wzvtc.cn/,wzvtc.cn,probed-2xx,200,2026-10-03,专科·浙江省,枚举:GitHub高校数据集(阳光高考院校库域名+AllShoolData) 2026-10
academic:wzzyedu.com,academic,梧州职业学院,http://www.wzzyedu.com/,wzzyedu.com,probed-000,000,2026-10-03,专科·广西壮族自治区,枚举:GitHub高校数据集(阳光高考院校库域名+AllShoolData) 2026-10
academic:xaau.edu.cn,academic,西安航空学院,http://www.xaau.edu.cn/,xaau.edu.cn,probed-2xx,200,2026-10-03,本科·陕西省,枚举:GitHub高校数据集(阳光高考院校库域名+AllShoolData) 2026-10
academic:xacom.edu.cn,academic,西安音乐学院,http://www.xacom.edu.cn/,xacom.edu.cn,probed-000,000,2026-10-03,本科·陕西省,枚举:GitHub高校数据集(阳光高考院校库域名+AllShoolData) 2026-10
academic:xacsjsedu.com,academic,西安城市建设职业学院,http://www.xacsjsedu.com/,xacsjsedu.com,probed-2xx,200,2026-10-03,专科·陕西省,枚举:GitHub高校数据集(阳光高考院校库域名+AllShoolData) 2026-10
academic:xacxxy.com,academic,延安大学西安创新学院,http://www.xacxxy.com/,xacxxy.com,probed-2xx,200,2026-10-03,本科·陕西省,枚举:GitHub高校数据集(阳光高考院校库域名+AllShoolData) 2026-10
academic:xaepi.edu.cn,academic,西安电力高等专科学校,http://www.xaepi.edu.cn/,xaepi.edu.cn,probed-2xx,200,2026-10-03,专科·陕西省,枚举:GitHub高校数据集(阳光高考院校库域名+AllShoolData) 2026-10
academic:xafa.edu.cn,academic,西安美术学院,http://www.xafa.edu.cn/,xafa.edu.cn,probed-2xx,200,2026-10-03,本科·陕西省,枚举:GitHub高校数据集(阳光高考院校库域名+AllShoolData) 2026-10
academic:xafy.edu.cn,academic,西安翻译学院,http://www.xafy.edu.cn/,xafy.edu.cn,probed-2xx,200,2026-10-03,本科·陕西省,枚举:GitHub高校数据集(阳光高考院校库域名+AllShoolData) 2026-10
academic:xagdyz.com,academic,西安医学高等专科学校,http://www.xagdyz.com/,xagdyz.com,probed-2xx,200,2026-10-03,专科·陕西省,枚举:GitHub高校数据集(阳光高考院校库域名+AllShoolData) 2026-10
academic:xahtxy.cn,academic,西安海棠职业学院,http://www.xahtxy.cn/,xahtxy.cn,probed-2xx,200,2026-10-03,专科·陕西省,枚举:GitHub高校数据集(阳光高考院校库域名+AllShoolData) 2026-10
academic:xaipe.edu.cn,academic,西安体育学院,http://www.xaipe.edu.cn/,xaipe.edu.cn,probed-2xx,200,2026-10-03,本科·陕西省,枚举:GitHub高校数据集(阳光高考院校库域名+AllShoolData) 2026-10
academic:xaiu.edu.cn,academic,西安外事学院,http://www.xaiu.edu.cn/,xaiu.edu.cn,probed-4xx,412,2026-10-03,本科·陕西省,枚举:GitHub高校数据集(阳光高考院校库域名+AllShoolData) 2026-10
academic:xasyu.cn,academic,西安思源学院,http://www.xasyu.cn/,xasyu.cn,probed-000,000,2026-10-03,本科·陕西省,枚举:GitHub高校数据集(阳光高考院校库域名+AllShoolData) 2026-10
academic:xatu.edu.cn,academic,西安工业大学,https://www.xatu.edu.cn/,xatu.edu.cn,probed-2xx,200,2026-10-03,本科·陕西省,枚举:GitHub高校数据集(阳光高考院校库域名+AllShoolData) 2026-10
academic:xatzy.com,academic,西安铁路职业技术学院,http://xatzy.com/,xatzy.com,probed-000,000,2026-10-03,专科·陕西省·未核实,枚举:GitHub高校数据集(阳光高考院校库域名+AllShoolData) 2026-10
academic:xauat-hqc.com,academic,西安建筑科技大学华清学院,http://www.xauat-hqc.com/,xauat-hqc.com,probed-2xx,200,2026-10-03,本科·陕西省,枚举:GitHub高校数据集(阳光高考院校库域名+AllShoolData) 2026-10
academic:xauat.edu.cn,academic,西安建筑科技大学,http://www.xauat.edu.cn/,xauat.edu.cn,probed-2xx,200,2026-10-03,本科·陕西省,枚举:GitHub高校数据集(阳光高考院校库域名+AllShoolData) 2026-10
academic:xaufe.edu.cn,academic,西安财经大学,http://www.xaufe.edu.cn/,xaufe.edu.cn,probed-2xx,200,2026-10-03,本科·陕西省,枚举:GitHub高校数据集(阳光高考院校库域名+AllShoolData) 2026-10
academic:xaut.edu.cn,academic,西安理工大学,http://www.xaut.edu.cn/,xaut.edu.cn,probed-2xx,200,2026-10-03,本科·陕西省,枚举:GitHub高校数据集(阳光高考院校库域名+AllShoolData) 2026-10
academic:xawl.edu.cn,academic,西安文理学院,https://xawl.edu.cn/,xawl.edu.cn,probed-000,000,2026-10-03,本科·陕西省,枚举:GitHub高校数据集(阳光高考院校库域名+AllShoolData) 2026-10
academic:xbmu.edu.cn,academic,西北民族大学,http://www.xbmu.edu.cn/,xbmu.edu.cn,probed-2xx,200,2026-10-03,本科·甘肃省,枚举:GitHub高校数据集(阳光高考院校库域名+AllShoolData) 2026-10
academic:xcc.edu.cn,academic,西昌学院,https://xcc.edu.cn/,xcc.edu.cn,probed-2xx,200,2026-10-03,本科·四川省,枚举:GitHub高校数据集(阳光高考院校库域名+AllShoolData) 2026-10
academic:xccvc.com,academic,许昌陶瓷职业学院,http://www.xccvc.com/,xccvc.com,probed-2xx,200,2026-10-03,专科·河南省,枚举:GitHub高校数据集(阳光高考院校库域名+AllShoolData) 2026-10
academic:xcevc.cn,academic,许昌电气职业学院,http://www.xcevc.cn/,xcevc.cn,probed-2xx,200,2026-10-03,专科·河南省,枚举:GitHub高校数据集(阳光高考院校库域名+AllShoolData) 2026-10
academic:xcitc.edu.cn,academic,许昌职业技术学院,http://www.xcitc.edu.cn/,xcitc.edu.cn,probed-2xx,200,2026-10-03,专科·河南省,枚举:GitHub高校数据集(阳光高考院校库域名+AllShoolData) 2026-10
academic:xcmzyz.com,academic,西昌民族幼儿师范高等专科学校,http://xcmzyz.com/,xcmzyz.com,probed-000,000,2026-10-03,专科·四川省,枚举:GitHub高校数据集(阳光高考院校库域名+AllShoolData) 2026-10
academic:xcu.edu.cn,academic,许昌学院,http://www.xcu.edu.cn/,xcu.edu.cn,probed-2xx,200,2026-10-03,本科·河南省,枚举:GitHub高校数据集(阳光高考院校库域名+AllShoolData) 2026-10
academic:xcvtc.edu.cn,academic,宣城职业技术学院,http://www.xcvtc.edu.cn,xcvtc.edu.cn,probed-2xx,200,2026-10-03,专科·安徽省,枚举:GitHub高校数据集(阳光高考院校库域名+AllShoolData) 2026-10
academic:xcxz.com.cn,academic,西安财经大学行知学院,http://www.xcxz.com.cn/,xcxz.com.cn,probed-000,000,2026-10-03,本科·陕西省,枚举:GitHub高校数据集(阳光高考院校库域名+AllShoolData) 2026-10
academic:xdca.com.cn,academic,西安电子科技大学长安学院,http://www.xdca.com.cn/,xdca.com.cn,probed-4xx,404,2026-10-03,本科·陕西省·Fitch源,枚举:GitHub高校数据集(阳光高考院校库域名+AllShoolData) 2026-10
academic:xdkj.tyut.edu.cn,academic,太原理工大学现代科技学院,http://www.xdkj.tyut.edu.cn/,xdkj.tyut.edu.cn,probed-2xx,200,2026-10-03,本科·山西省·Fitch源,枚举:GitHub高校数据集(阳光高考院校库域名+AllShoolData) 2026-10
academic:xdpxedu.com,academic,西安电力机械制造公司机电学院,http://xdpxedu.com/,xdpxedu.com,probed-000,000,2026-10-03,本科,枚举:GitHub高校数据集(阳光高考院校库域名+AllShoolData) 2026-10
academic:xdsisu.edu.cn,academic,上海外国语大学贤达经济人文学院,http://www.xdsisu.edu.cn/,xdsisu.edu.cn,probed-2xx,200,2026-10-03,本科·上海市,枚举:GitHub高校数据集(阳光高考院校库域名+AllShoolData) 2026-10
academic:xdxd.cn,academic,西北大学现代学院,http://www.xdxd.cn/,xdxd.cn,probed-2xx,200,2026-10-03,本科·陕西省,枚举:GitHub高校数据集(阳光高考院校库域名+AllShoolData) 2026-10
academic:xdxy.com.cn,academic,天津现代职业技术学院,http://www.xdxy.com.cn/,xdxy.com.cn,probed-2xx,200,2026-10-03,专科·天津市,枚举:GitHub高校数据集(阳光高考院校库域名+AllShoolData) 2026-10
academic:xh.sysu.edu.cn,academic,中山大学新华学院,http://xh.sysu.edu.cn/,xh.sysu.edu.cn,probed-000,000,2026-10-03,本科·广东省·Fitch源,枚举:GitHub高校数据集(阳光高考院校库域名+AllShoolData) 2026-10
academic:xhcom.edu.cn,academic,星海音乐学院,http://www.xhcom.edu.cn/,xhcom.edu.cn,probed-000,000,2026-10-03,本科·广东省,枚举:GitHub高校数据集(阳光高考院校库域名+AllShoolData) 2026-10
academic:xhkjzyxy.cn,academic,宣化科技职业学院,http://www.xhkjzyxy.cn,xhkjzyxy.cn,probed-000,000,2026-10-03,专科·河北省,枚举:GitHub高校数据集(阳光高考院校库域名+AllShoolData) 2026-10
academic:xhsysu.edu.cn,academic,广州新华学院,https://xhsysu.edu.cn/,xhsysu.edu.cn,probed-4xx,483,2026-10-03,本科,枚举:GitHub高校数据集(阳光高考院校库域名+AllShoolData) 2026-10
academic:xhtu.com.cn,academic,西安高新科技职业学院,http://www.xhtu.com.cn/,xhtu.com.cn,probed-2xx,200,2026-10-03,专科·陕西省·未核实,枚举:GitHub高校数据集(阳光高考院校库域名+AllShoolData) 2026-10
academic:xhu.edu.cn,academic,西华大学,http://www.xhu.edu.cn/,xhu.edu.cn,probed-4xx,412,2026-10-03,本科·四川省,枚举:GitHub高校数据集(阳光高考院校库域名+AllShoolData) 2026-10
academic:xianyangzhiyuan.cn,academic,咸阳职业技术学院,http://www.xianyangzhiyuan.cn/,xianyangzhiyuan.cn,probed-2xx,200,2026-10-03,专科·陕西省,枚举:GitHub高校数据集(阳光高考院校库域名+AllShoolData) 2026-10
academic:xidian.edu.cn,academic,西安电子科技大学,http://www.xidian.edu.cn/,xidian.edu.cn,probed-2xx,200,2026-10-03,本科·陕西省,枚举:GitHub高校数据集(阳光高考院校库域名+AllShoolData) 2026-10
academic:xihang.edu.cn,academic,西安航空职业技术学院,https://xihang.edu.cn/,xihang.edu.cn,probed-000,000,2026-10-03,专科·陕西省,枚举:GitHub高校数据集(阳光高考院校库域名+AllShoolData) 2026-10
academic:xijing.edu.cn,academic,西京学院,http://www.xijing.edu.cn,xijing.edu.cn,probed-2xx,200,2026-10-03,本科·陕西省,枚举:GitHub高校数据集(阳光高考院校库域名+AllShoolData) 2026-10
academic:xingjian.gxu.edu.cn,academic,广西大学行健文理学院,http://xingjian.gxu.edu.cn/,xingjian.gxu.edu.cn,probed-4xx,483,2026-10-03,本科·广西壮族自治区·Fitch源,枚举:GitHub高校数据集(阳光高考院校库域名+AllShoolData) 2026-10
academic:xingwei.edu.cn,academic,上海兴伟学院,http://www.xingwei.edu.cn/,xingwei.edu.cn,probed-2xx,200,2026-10-03,本科·上海市,枚举:GitHub高校数据集(阳光高考院校库域名+AllShoolData) 2026-10
academic:xisu.edu.cn,academic,西安外国语大学,http://www.xisu.edu.cn/,xisu.edu.cn,probed-2xx,200,2026-10-03,本科·陕西省,枚举:GitHub高校数据集(阳光高考院校库域名+AllShoolData) 2026-10
academic:xit.edu.cn,academic,厦门工学院,http://www.xit.edu.cn/,xit.edu.cn,probed-2xx,200,2026-10-03,本科·福建省,枚举:GitHub高校数据集(阳光高考院校库域名+AllShoolData) 2026-10
academic:xitedu.cn,academic,湘潭理工学院,http://xitedu.cn/,xitedu.cn,probed-2xx,200,2026-10-03,本科·湖南省,枚举:GitHub高校数据集(阳光高考院校库域名+AllShoolData) 2026-10
academic:xivuedu.com,academic,西安信息职业大学,http://xivuedu.com/,xivuedu.com,probed-000,000,2026-10-03,本科·陕西省,枚举:GitHub高校数据集(阳光高考院校库域名+AllShoolData) 2026-10
academic:xiyi.edu.cn,academic,西安医学院,http://www.xiyi.edu.cn/,xiyi.edu.cn,probed-2xx,200,2026-10-03,本科·陕西省,枚举:GitHub高校数据集(阳光高考院校库域名+AllShoolData) 2026-10
academic:xjart.edu.cn,academic,新疆艺术学院,http://www.xjart.edu.cn/,xjart.edu.cn,probed-2xx,200,2026-10-03,本科·新疆维吾尔自治区,枚举:GitHub高校数据集(阳光高考院校库域名+AllShoolData) 2026-10
academic:xjau.edu.cn,academic,新疆农业大学,http://www.xjau.edu.cn/,xjau.edu.cn,probed-2xx,200,2026-10-03,本科·新疆维吾尔自治区,枚举:GitHub高校数据集(阳光高考院校库域名+AllShoolData) 2026-10
academic:xjbtjx.com,academic,新疆兵团警官高等专科学校,http://www.xjbtjx.com/,xjbtjx.com,probed-2xx,200,2026-10-03,专科·新疆维吾尔自治区·Fitch源,枚举:GitHub高校数据集(阳光高考院校库域名+AllShoolData) 2026-10
academic:xjbyxy.cn,academic,巴音郭楞职业技术学院,http://www.xjbyxy.cn/,xjbyxy.cn,probed-2xx,200,2026-10-03,专科·新疆维吾尔自治区,枚举:GitHub高校数据集(阳光高考院校库域名+AllShoolData) 2026-10
academic:xjei.edu.cn,academic,新疆师范高等专科学校,http://www.xjei.edu.cn,xjei.edu.cn,probed-000,000,2026-10-03,专科·新疆维吾尔自治区,枚举:GitHub高校数据集(阳光高考院校库域名+AllShoolData) 2026-10
academic:xjgzy.edu.cn,academic,新疆工业职业技术学院,https://xjgzy.edu.cn/,xjgzy.edu.cn,probed-000,000,2026-10-03,专科·新疆维吾尔自治区·未核实,枚举:GitHub高校数据集(阳光高考院校库域名+AllShoolData) 2026-10
academic:xjie.edu.cn,academic,新疆工程学院,http://www.xjie.edu.cn/,xjie.edu.cn,probed-2xx,200,2026-10-03,本科·新疆维吾尔自治区,枚举:GitHub高校数据集(阳光高考院校库域名+AllShoolData) 2026-10
academic:xjistedu.cn,academic,新疆理工学院,http://xjistedu.cn/,xjistedu.cn,probed-000,000,2026-10-03,本科·新疆维吾尔自治区,枚举:GitHub高校数据集(阳光高考院校库域名+AllShoolData) 2026-10
academic:xjjsxy.net,academic,新疆建设职业技术学院,http://xjjsxy.net/,xjjsxy.net,probed-000,000,2026-10-03,专科·新疆维吾尔自治区,枚举:GitHub高校数据集(阳光高考院校库域名+AllShoolData) 2026-10
academic:xjjtedu.com,academic,新疆交通职业技术学院,http://www.xjjtedu.com/,xjjtedu.com,probed-2xx,200,2026-10-03,专科·新疆维吾尔自治区,枚举:GitHub高校数据集(阳光高考院校库域名+AllShoolData) 2026-10
academic:xjkjzyjsxy.com,academic,新疆科技职业技术学院,http://www.xjkjzyjsxy.com/,xjkjzyjsxy.com,probed-2xx,200,2026-10-03,专科·新疆维吾尔自治区,枚举:GitHub高校数据集(阳光高考院校库域名+AllShoolData) 2026-10
academic:xjmu.edu.cn,academic,新疆医科大学,http://www.xjmu.edu.cn/,xjmu.edu.cn,probed-2xx,200,2026-10-03,本科·新疆维吾尔自治区;另含:新疆第二医学院,枚举:GitHub高校数据集(阳光高考院校库域名+AllShoolData) 2026-10
academic:xjnu.edu.cn,academic,新疆师范大学,http://www.xjnu.edu.cn/,xjnu.edu.cn,probed-2xx,200,2026-10-03,本科·新疆维吾尔自治区,枚举:GitHub高校数据集(阳光高考院校库域名+AllShoolData) 2026-10
academic:xjnyedu.com,academic,新疆能源职业技术学院,http://www.xjnyedu.com/,xjnyedu.com,probed-2xx,200,2026-10-03,专科·新疆维吾尔自治区,枚举:GitHub高校数据集(阳光高考院校库域名+AllShoolData) 2026-10
academic:xjnzy.edu.cn,academic,新疆农业职业技术学院,http://www.xjnzy.edu.cn/,xjnzy.edu.cn,probed-000,000,2026-10-03,专科·新疆维吾尔自治区,枚举:GitHub高校数据集(阳光高考院校库域名+AllShoolData) 2026-10
academic:xjpcedu.cn,academic,新疆警察学院,http://www.xjpcedu.cn,xjpcedu.cn,probed-2xx,200,2026-10-03,本科·新疆维吾尔自治区,枚举:GitHub高校数据集(阳光高考院校库域名+AllShoolData) 2026-10
academic:xjqg.edu.cn,academic,新疆轻工职业技术学院,http://www.xjqg.edu.cn/,xjqg.edu.cn,probed-2xx,200,2026-10-03,专科·新疆维吾尔自治区,枚举:GitHub高校数据集(阳光高考院校库域名+AllShoolData) 2026-10
academic:xjstc.net,academic,新疆农业大学科学技术学院,http://www.xjstc.net/,xjstc.net,probed-000,000,2026-10-03,本科·新疆维吾尔自治区·Fitch源,枚举:GitHub高校数据集(阳光高考院校库域名+AllShoolData) 2026-10
academic:xjsvtc.com,academic,新疆体育职业技术学院,http://www.xjsvtc.com/,xjsvtc.com,probed-000,000,2026-10-03,专科·新疆维吾尔自治区·未核实,枚举:GitHub高校数据集(阳光高考院校库域名+AllShoolData) 2026-10
academic:xjtlu.edu.cn,academic,西交利物浦大学,http://www.xjtlu.edu.cn/,xjtlu.edu.cn,probed-2xx,200,2026-10-03,本科·江苏省,枚举:GitHub高校数据集(阳光高考院校库域名+AllShoolData) 2026-10
academic:xjtsxy.cn,academic,新疆天山职业技术大学,http://www.xjtsxy.cn/,xjtsxy.cn,probed-2xx,200,2026-10-03,本科·新疆维吾尔自治区,枚举:GitHub高校数据集(阳光高考院校库域名+AllShoolData) 2026-10
academic:xjtu.edu.cn,academic,西安交通大学,http://www.xjtu.edu.cn/,xjtu.edu.cn,probed-2xx,200,2026-10-03,本科·陕西省,枚举:GitHub高校数据集(阳光高考院校库域名+AllShoolData) 2026-10
academic:xjtucc.cn,academic,西安交通大学城市学院,http://www.xjtucc.cn/,xjtucc.cn,probed-000,000,2026-10-03,本科·陕西省,枚举:GitHub高校数据集(阳光高考院校库域名+AllShoolData) 2026-10
academic:xjtzy.net,academic,新疆铁道职业技术学院,http://www.xjtzy.net/,xjtzy.net,probed-000,000,2026-10-03,专科·新疆维吾尔自治区,枚举:GitHub高校数据集(阳光高考院校库域名+AllShoolData) 2026-10
academic:xju.edu.cn,academic,新疆大学,http://www.xju.edu.cn/,xju.edu.cn,probed-2xx,200,2026-10-03,本科·新疆维吾尔自治区,枚举:GitHub高校数据集(阳光高考院校库域名+AllShoolData) 2026-10
academic:xjufe.edu.cn,academic,新疆财经大学,http://www.xjufe.edu.cn/,xjufe.edu.cn,probed-2xx,200,2026-10-03,本科·新疆维吾尔自治区,枚举:GitHub高校数据集(阳光高考院校库域名+AllShoolData) 2026-10
academic:xjumc.com,academic,新疆维吾尔医学专科学校,http://www.xjumc.com/,xjumc.com,probed-2xx,200,2026-10-03,专科·新疆维吾尔自治区·未核实,枚举:GitHub高校数据集(阳光高考院校库域名+AllShoolData) 2026-10
academic:xjust.edu.cn,academic,新疆科技学院,https://xjust.edu.cn/,xjust.edu.cn,probed-000,000,2026-10-03,本科·新疆维吾尔自治区,枚举:GitHub高校数据集(阳光高考院校库域名+AllShoolData) 2026-10
academic:xjvu.edu.cn,academic,新疆职业大学,http://www.xjvu.edu.cn/,xjvu.edu.cn,probed-2xx,200,2026-10-03,专科·新疆维吾尔自治区,枚举:GitHub高校数据集(阳光高考院校库域名+AllShoolData) 2026-10
academic:xjxdxy.edude.net,academic,新疆现代职业技术学院,http://xjxdxy.edude.net/,xjxdxy.edude.net,probed-4xx,404,2026-10-03,专科·新疆维吾尔自治区·未核实,枚举:GitHub高校数据集(阳光高考院校库域名+AllShoolData) 2026-10
academic:xjy.edu.cn,academic,西安交通工程学院,https://xjy.edu.cn/,xjy.edu.cn,probed-2xx,200,2026-10-03,本科·陕西省,枚举:GitHub高校数据集(阳光高考院校库域名+AllShoolData) 2026-10
academic:xjyyedu.cn,academic,新疆应用职业技术学院,http://www.xjyyedu.cn,xjyyedu.cn,probed-2xx,200,2026-10-03,专科·新疆维吾尔自治区,枚举:GitHub高校数据集(阳光高考院校库域名+AllShoolData) 2026-10
academic:xjzfu.edu.cn,academic,新疆政法学院,https://xjzfu.edu.cn/,xjzfu.edu.cn,probed-000,000,2026-10-03,本科,枚举:GitHub高校数据集(阳光高考院校库域名+AllShoolData) 2026-10
academic:xkxy.hist.edu.cn,academic,河南科技学院新科学院,http://xkxy.hist.edu.cn/,xkxy.hist.edu.cn,probed-000,000,2026-10-03,本科·河南省·Fitch源,枚举:GitHub高校数据集(阳光高考院校库域名+AllShoolData) 2026-10
academic:xlglvc.cn,academic,锡林郭勒职业学院,http://www.xlglvc.cn/,xlglvc.cn,probed-4xx,404,2026-10-03,专科·内蒙古自治区,枚举:GitHub高校数据集(阳光高考院校库域名+AllShoolData) 2026-10
academic:xlxy.edu.cn,academic,河南师范大学新联学院,http://www.xlxy.edu.cn/,xlxy.edu.cn,probed-000,000,2026-10-03,本科·河南省·Fitch源,枚举:GitHub高校数据集(阳光高考院校库域名+AllShoolData) 2026-10
academic:xmafkj.com,academic,厦门安防科技职业学院,http://www.xmafkj.com/,xmafkj.com,probed-2xx,200,2026-10-03,专科·福建省·未核实,枚举:GitHub高校数据集(阳光高考院校库域名+AllShoolData) 2026-10
academic:xmcu.edu.cn,academic,厦门城市职业学院,https://xmcu.edu.cn/,xmcu.edu.cn,probed-000,000,2026-10-03,专科·福建省,枚举:GitHub高校数据集(阳光高考院校库域名+AllShoolData) 2026-10
academic:xmdh.com,academic,厦门东海职业技术学院,http://www.xmdh.com/,xmdh.com,probed-2xx,200,2026-10-03,专科·福建省,枚举:GitHub高校数据集(阳光高考院校库域名+AllShoolData) 2026-10
academic:xmgcedu.cn,academic,甘肃畜牧工程职业技术学院,http://xmgcedu.cn,xmgcedu.cn,probed-2xx,200,2026-10-03,专科·甘肃省,枚举:GitHub高校数据集(阳光高考院校库域名+AllShoolData) 2026-10
academic:xmht.com,academic,厦门华天涉外职业技术学院,http://www.xmht.com/,xmht.com,probed-2xx,200,2026-10-03,专科·福建省,枚举:GitHub高校数据集(阳光高考院校库域名+AllShoolData) 2026-10
academic:xmist.edu.cn,academic,厦门软件职业技术学院,http://www.xmist.edu.cn,xmist.edu.cn,probed-2xx,200,2026-10-03,专科·福建省,枚举:GitHub高校数据集(阳光高考院校库域名+AllShoolData) 2026-10
academic:xmmc.edu.cn,academic,厦门医学院,http://www.xmmc.edu.cn/,xmmc.edu.cn,probed-2xx,200,2026-10-03,本科·福建省,枚举:GitHub高校数据集(阳光高考院校库域名+AllShoolData) 2026-10
academic:xmoc.edu.cn,academic,厦门海洋职业技术学院,https://xmoc.edu.cn/,xmoc.edu.cn,probed-000,000,2026-10-03,专科·福建省,枚举:GitHub高校数据集(阳光高考院校库域名+AllShoolData) 2026-10
academic:xmu.edu.cn,academic,厦门大学,http://www.xmu.edu.cn/,xmu.edu.cn,probed-2xx,200,2026-10-03,本科·福建省,枚举:GitHub高校数据集(阳光高考院校库域名+AllShoolData) 2026-10
academic:xmut.edu.cn,academic,厦门理工学院,http://www.xmut.edu.cn/,xmut.edu.cn,probed-2xx,200,2026-10-03,本科·福建省,枚举:GitHub高校数据集(阳光高考院校库域名+AllShoolData) 2026-10
academic:xmxc.com,academic,厦门兴才职业技术学院,http://www.xmxc.com/,xmxc.com,probed-2xx,200,2026-10-03,专科·福建省,枚举:GitHub高校数据集(阳光高考院校库域名+AllShoolData) 2026-10
academic:xmyanyi.com,academic,厦门演艺职业学院,http://www.xmyanyi.com/,xmyanyi.com,probed-2xx,200,2026-10-03,专科·福建省,枚举:GitHub高校数据集(阳光高考院校库域名+AllShoolData) 2026-10
academic:xncszy.com,academic,西宁城市职业技术学院,http://www.xncszy.com/,xncszy.com,probed-000,000,2026-10-03,专科·青海省·未核实,枚举:GitHub高校数据集(阳光高考院校库域名+AllShoolData) 2026-10
academic:xnec.cn,academic,咸宁职业技术学院,http://www.xnec.cn/,xnec.cn,probed-000,000,2026-10-03,专科·湖北省·未核实,枚举:GitHub高校数据集(阳光高考院校库域名+AllShoolData) 2026-10
academic:xnhkxy.edu.cn,academic,四川西南航空职业学院,http://www.xnhkxy.edu.cn/,xnhkxy.edu.cn,probed-2xx,200,2026-10-03,专科·四川省,枚举:GitHub高校数据集(阳光高考院校库域名+AllShoolData) 2026-10
academic:xnu.edu.cn,academic,湘南学院,http://www.xnu.edu.cn/,xnu.edu.cn,probed-2xx,200,2026-10-03,本科·湖南省,枚举:GitHub高校数据集(阳光高考院校库域名+AllShoolData) 2026-10
academic:xnyesz.com,academic,湘南幼儿师范高等专科学校,http://www.xnyesz.com,xnyesz.com,probed-2xx,200,2026-10-03,专科·湖南省,枚举:GitHub高校数据集(阳光高考院校库域名+AllShoolData) 2026-10
academic:xpc.edu.cn,academic,河北科技工程职业技术大学,http://www.xpc.edu.cn/,xpc.edu.cn,probed-000,000,2026-10-03,专科,枚举:GitHub高校数据集(阳光高考院校库域名+AllShoolData) 2026-10
academic:xpu.edu.cn,academic,西安工程大学,http://www.xpu.edu.cn/,xpu.edu.cn,probed-2xx,200,2026-10-03,本科·陕西省,枚举:GitHub高校数据集(阳光高考院校库域名+AllShoolData) 2026-10
academic:xsbnzy.cn,academic,西双版纳职业技术学院,http://xsbnzy.cn/,xsbnzy.cn,probed-000,000,2026-10-03,专科·云南省,枚举:GitHub高校数据集(阳光高考院校库域名+AllShoolData) 2026-10
academic:xshxy.cn,academic,广西民族大学相思湖学院,http://www.xshxy.cn,xshxy.cn,probed-5xx,502,2026-10-03,本科·广西壮族自治区,枚举:GitHub高校数据集(阳光高考院校库域名+AllShoolData) 2026-10
academic:xsyu.edu.cn,academic,西安石油大学,http://www.xsyu.edu.cn/,xsyu.edu.cn,probed-2xx,200,2026-10-03,本科·陕西省,枚举:GitHub高校数据集(阳光高考院校库域名+AllShoolData) 2026-10
academic:xthtc.com,academic,西安理工大学高科学院,http://www.xthtc.com/,xthtc.com,probed-2xx,200,2026-10-03,本科·陕西省,枚举:GitHub高校数据集(阳光高考院校库域名+AllShoolData) 2026-10
academic:xtmc.net,academic,邢台医学高等专科学校,http://www.xtmc.net/,xtmc.net,probed-4xx,404,2026-10-03,专科·河北省,枚举:GitHub高校数据集(阳光高考院校库域名+AllShoolData) 2026-10
academic:xttc.edu.cn,academic,邢台学院,http://www.xttc.edu.cn/,xttc.edu.cn,probed-2xx,200,2026-10-03,本科·河北省,枚举:GitHub高校数据集(阳光高考院校库域名+AllShoolData) 2026-10
academic:xtu.edu.cn,academic,湘潭大学,http://www.xtu.edu.cn/,xtu.edu.cn,probed-2xx,200,2026-10-03,本科·湖南省;另含:湘潭大学兴湘学院,枚举:GitHub高校数据集(阳光高考院校库域名+AllShoolData) 2026-10
academic:xtyzy.cn,academic,邢台应用技术职业学院,http://xtyzy.cn/,xtyzy.cn,probed-2xx,200,2026-10-03,专科,枚举:GitHub高校数据集(阳光高考院校库域名+AllShoolData) 2026-10
academic:xtzy.com,academic,湘潭医卫职业技术学院,http://www.xtzy.com/,xtzy.com,probed-000,000,2026-10-03,专科·湖南省,枚举:GitHub高校数据集(阳光高考院校库域名+AllShoolData) 2026-10
academic:xujc.com,academic,厦门大学嘉庚学院,http://xujc.com/,xujc.com,probed-2xx,200,2026-10-03,本科·福建省,枚举:GitHub高校数据集(阳光高考院校库域名+AllShoolData) 2026-10
academic:xupt.edu.cn,academic,西安邮电大学,https://xupt.edu.cn/,xupt.edu.cn,probed-2xx,200,2026-10-03,本科·陕西省,枚举:GitHub高校数据集(阳光高考院校库域名+AllShoolData) 2026-10
academic:xust.edu.cn,academic,西安科技大学,http://www.xust.edu.cn/,xust.edu.cn,probed-2xx,200,2026-10-03,本科·陕西省,枚举:GitHub高校数据集(阳光高考院校库域名+AllShoolData) 2026-10
academic:xvua.edu.cn,academic,西安汽车职业大学,https://xvua.edu.cn/,xvua.edu.cn,probed-2xx,200,2026-10-03,本科·陕西省,枚举:GitHub高校数据集(阳光高考院校库域名+AllShoolData) 2026-10
academic:xxmu.edu.cn,academic,新乡医学院,http://www.xxmu.edu.cn/,xxmu.edu.cn,probed-2xx,200,2026-10-03,本科·河南省,枚举:GitHub高校数据集(阳光高考院校库域名+AllShoolData) 2026-10
academic:xxmzy.org.cn,academic,湘西民族职业技术学院,http://xxmzy.org.cn/,xxmzy.org.cn,probed-2xx,200,2026-10-03,专科·湖南省,枚举:GitHub高校数据集(阳光高考院校库域名+AllShoolData) 2026-10
academic:xxsw.nuc.edu.cn,academic,中北大学信息商务学院,http://xxsw.nuc.edu.cn/,xxsw.nuc.edu.cn,probed-000,000,2026-10-03,本科·山西省·Fitch源,枚举:GitHub高校数据集(阳光高考院校库域名+AllShoolData) 2026-10
academic:xxu.edu.cn,academic,新乡学院,http://www.xxu.edu.cn/,xxu.edu.cn,probed-2xx,200,2026-10-03,本科·河南省,枚举:GitHub高校数据集(阳光高考院校库域名+AllShoolData) 2026-10
academic:xxvtc.edu.cn,academic,新乡职业技术学院,https://xxvtc.edu.cn/,xxvtc.edu.cn,probed-2xx,200,2026-10-03,专科·河南省,枚举:GitHub高校数据集(阳光高考院校库域名+AllShoolData) 2026-10
academic:xyafu.edu.cn,academic,信阳农林学院,https://xyafu.edu.cn/,xyafu.edu.cn,probed-000,000,2026-10-03,本科·河南省,枚举:GitHub高校数据集(阳光高考院校库域名+AllShoolData) 2026-10
academic:xyc.edu.cn,academic,新余学院,http://www.xyc.edu.cn/,xyc.edu.cn,probed-2xx,200,2026-10-03,本科·江西省,枚举:GitHub高校数据集(阳光高考院校库域名+AllShoolData) 2026-10
academic:xyhkxy.com,academic,信阳航空职业学院,http://xyhkxy.com/,xyhkxy.com,probed-000,000,2026-10-03,专科·河南省,枚举:GitHub高校数据集(阳光高考院校库域名+AllShoolData) 2026-10
academic:xync.edu.cn,academic,咸阳师范学院,http://www.xync.edu.cn,xync.edu.cn,probed-2xx,200,2026-10-03,本科·陕西省,枚举:GitHub高校数据集(阳光高考院校库域名+AllShoolData) 2026-10
academic:xynu.edu.cn,academic,信阳师范学院,https://xynu.edu.cn/,xynu.edu.cn,probed-000,000,2026-10-03,本科·河南省,枚举:GitHub高校数据集(阳光高考院校库域名+AllShoolData) 2026-10
academic:xynun.edu.cn,academic,兴义民族师范学院,http://www.xynun.edu.cn,xynun.edu.cn,probed-2xx,200,2026-10-03,本科·贵州省·未核实,枚举:GitHub高校数据集(阳光高考院校库域名+AllShoolData) 2026-10
academic:xyqczy.com,academic,襄阳汽车职业技术学院,http://www.xyqczy.com/,xyqczy.com,probed-000,000,2026-10-03,专科·湖北省,枚举:GitHub高校数据集(阳光高考院校库域名+AllShoolData) 2026-10
academic:xyswxy.com,academic,信阳涉外职业技术学院,http://www.xyswxy.com/,xyswxy.com,probed-2xx,200,2026-10-03,专科·河南省,枚举:GitHub高校数据集(阳光高考院校库域名+AllShoolData) 2026-10
academic:xyu.edu.cn,academic,信阳学院,http://www.xyu.edu.cn,xyu.edu.cn,probed-2xx,200,2026-10-03,本科·河南省,枚举:GitHub高校数据集(阳光高考院校库域名+AllShoolData) 2026-10
academic:xyvtc.edu.cn,academic,信阳职业技术学院,http://www.xyvtc.edu.cn/,xyvtc.edu.cn,probed-2xx,200,2026-10-03,专科·河南省,枚举:GitHub高校数据集(阳光高考院校库域名+AllShoolData) 2026-10
academic:xyyzyedu.cn,academic,信阳艺术职业学院,http://xyyzyedu.cn/,xyyzyedu.cn,probed-2xx,200,2026-10-03,专科,枚举:GitHub高校数据集(阳光高考院校库域名+AllShoolData) 2026-10
academic:xza.edu.cn,academic,西藏农牧学院,https://xza.edu.cn/,xza.edu.cn,probed-000,000,2026-10-03,本科·西藏自治区,枚举:GitHub高校数据集(阳光高考院校库域名+AllShoolData) 2026-10
academic:xzcit.edu.cn,academic,徐州工业职业技术学院,http://www.xzcit.edu.cn,xzcit.edu.cn,probed-2xx,200,2026-10-03,专科·江苏省,枚举:GitHub高校数据集(阳光高考院校库域名+AllShoolData) 2026-10
academic:xzgzy.cn,academic,西藏职业技术学院,http://www.xzgzy.cn/,xzgzy.cn,probed-2xx,200,2026-10-03,专科·西藏自治区·未核实,枚举:GitHub高校数据集(阳光高考院校库域名+AllShoolData) 2026-10
academic:xzhmu.edu.cn,academic,徐州医科大学,https://xzhmu.edu.cn/,xzhmu.edu.cn,probed-000,000,2026-10-03,本科·江苏省,枚举:GitHub高校数据集(阳光高考院校库域名+AllShoolData) 2026-10
academic:xzit.edu.cn,academic,徐州工程学院,http://www.xzit.edu.cn/,xzit.edu.cn,probed-2xx,200,2026-10-03,本科·江苏省,枚举:GitHub高校数据集(阳光高考院校库域名+AllShoolData) 2026-10
academic:xzlssf.org,academic,拉萨师范高等专科学校,http://www.xzlssf.org/,xzlssf.org,probed-2xx,200,2026-10-03,专科·西藏自治区·未核实,枚举:GitHub高校数据集(阳光高考院校库域名+AllShoolData) 2026-10
academic:xzmu.edu.cn,academic,西藏民族大学,https://xzmu.edu.cn/,xzmu.edu.cn,probed-000,000,2026-10-03,本科·西藏自治区,枚举:GitHub高校数据集(阳光高考院校库域名+AllShoolData) 2026-10
academic:xzsw.net,academic,徐州生物工程职业技术学院,http://www.xzsw.net/,xzsw.net,probed-000,000,2026-10-03,专科·江苏省,枚举:GitHub高校数据集(阳光高考院校库域名+AllShoolData) 2026-10
academic:xztu.edu.cn,academic,忻州师范学院,https://xztu.edu.cn/,xztu.edu.cn,probed-000,000,2026-10-03,本科·山西省,枚举:GitHub高校数据集(阳光高考院校库域名+AllShoolData) 2026-10
academic:xzvtc.org.cn,academic,忻州职业技术学院,http://xzvtc.org.cn/,xzvtc.org.cn,probed-000,000,2026-10-03,专科·山西省,枚举:GitHub高校数据集(阳光高考院校库域名+AllShoolData) 2026-10
academic:xzyedu.com.cn,academic,西安职业技术学院,http://www.xzyedu.com.cn/,xzyedu.com.cn,probed-2xx,200,2026-10-03,专科·陕西省,枚举:GitHub高校数据集(阳光高考院校库域名+AllShoolData) 2026-10
academic:xzyesf.cn,academic,湘中幼儿师范高等专科学校,http://xzyesf.cn/,xzyesf.cn,probed-2xx,200,2026-10-03,专科·湖南省,枚举:GitHub高校数据集(阳光高考院校库域名+AllShoolData) 2026-10
academic:xzyz.edu.cn,academic,徐州幼儿师范高等专科学校,http://www.xzyz.edu.cn,xzyz.edu.cn,probed-2xx,200,2026-10-03,专科·江苏省,枚举:GitHub高校数据集(阳光高考院校库域名+AllShoolData) 2026-10
academic:yangtzeu.edu.cn,academic,长江大学,http://www.yangtzeu.edu.cn/,yangtzeu.edu.cn,probed-2xx,200,2026-10-03,本科·湖北省;另含:长江大学文理学院,枚举:GitHub高校数据集(阳光高考院校库域名+AllShoolData) 2026-10
academic:yanshanxueyuan.com,academic,山东经济学院燕山学院,http://www.yanshanxueyuan.com/,yanshanxueyuan.com,probed-2xx,200,2026-10-03,本科·济南市·Fitch源,枚举:GitHub高校数据集(阳光高考院校库域名+AllShoolData) 2026-10
academic:yapt.cn,academic,延安职业技术学院,http://www.yapt.cn/,yapt.cn,probed-2xx,200,2026-10-03,专科·陕西省,枚举:GitHub高校数据集(阳光高考院校库域名+AllShoolData) 2026-10
academic:yau.edu.cn,academic,延安大学,http://www.yau.edu.cn/,yau.edu.cn,probed-2xx,200,2026-10-03,本科·陕西省,枚举:GitHub高校数据集(阳光高考院校库域名+AllShoolData) 2026-10
academic:yazjy.com,academic,雅安职业技术学院,http://www.yazjy.com/,yazjy.com,probed-4xx,404,2026-10-03,专科·四川省,枚举:GitHub高校数据集(阳光高考院校库域名+AllShoolData) 2026-10
academic:ybu.edu.cn,academic,延边大学,http://www.ybu.edu.cn/,ybu.edu.cn,probed-2xx,200,2026-10-03,本科·吉林省,枚举:GitHub高校数据集(阳光高考院校库域名+AllShoolData) 2026-10
academic:ybvtc.com,academic,延边职业技术学院,http://www.ybvtc.com/,ybvtc.com,probed-000,000,2026-10-03,专科·吉林省,枚举:GitHub高校数据集(阳光高考院校库域名+AllShoolData) 2026-10
academic:ybzy.cn,academic,宜宾职业技术学院,http://www.ybzy.cn/,ybzy.cn,probed-000,000,2026-10-03,专科·四川省,枚举:GitHub高校数据集(阳光高考院校库域名+AllShoolData) 2026-10
academic:ychlxy.com,academic,运城护理职业学院,http://www.ychlxy.com/,ychlxy.com,probed-2xx,200,2026-10-03,专科·山西省,枚举:GitHub高校数据集(阳光高考院校库域名+AllShoolData) 2026-10
academic:ycit.edu.cn,academic,盐城工学院,https://ycit.edu.cn/,ycit.edu.cn,probed-000,000,2026-10-03,本科·江苏省,枚举:GitHub高校数据集(阳光高考院校库域名+AllShoolData) 2026-10
academic:ycnxy.com,academic,山西运城农业职业技术学院,http://www.ycnxy.com,ycnxy.com,probed-2xx,200,2026-10-03,专科·山西省,枚举:GitHub高校数据集(阳光高考院校库域名+AllShoolData) 2026-10
academic:ycptu.com,academic,运城职业技术学院,http://www.ycptu.com/,ycptu.com,probed-000,000,2026-10-03,专科·运城市·Fitch源,枚举:GitHub高校数据集(阳光高考院校库域名+AllShoolData) 2026-10
academic:ycptu.edu.cn,academic,运城职业技术大学,http://www.ycptu.edu.cn,ycptu.edu.cn,probed-2xx,200,2026-10-03,本科·山西省,枚举:GitHub高校数据集(阳光高考院校库域名+AllShoolData) 2026-10
academic:yctei.cn,academic,盐城工业职业技术学院,http://www.yctei.cn/,yctei.cn,probed-000,000,2026-10-03,专科·江苏省,枚举:GitHub高校数据集(阳光高考院校库域名+AllShoolData) 2026-10
academic:yctu.edu.cn,academic,盐城师范学院,https://yctu.edu.cn/,yctu.edu.cn,probed-4xx,404,2026-10-03,本科·江苏省,枚举:GitHub高校数据集(阳光高考院校库域名+AllShoolData) 2026-10
academic:ycu.com.cn,academic,银川能源学院,http://www.ycu.com.cn/,ycu.com.cn,probed-2xx,200,2026-10-03,本科·宁夏回族自治区,枚举:GitHub高校数据集(阳光高考院校库域名+AllShoolData) 2026-10
academic:ycu.edu.cn,academic,运城学院,http://www.ycu.edu.cn/,ycu.edu.cn,probed-2xx,200,2026-10-03,本科·山西省,枚举:GitHub高校数据集(阳光高考院校库域名+AllShoolData) 2026-10
academic:ycust.com,academic,银川科技学院,http://ycust.com/,ycust.com,probed-000,000,2026-10-03,本科,枚举:GitHub高校数据集(阳光高考院校库域名+AllShoolData) 2026-10
academic:ycvc.edu.cn,academic,永城职业学院,https://ycvc.edu.cn/,ycvc.edu.cn,probed-000,000,2026-10-03,专科·河南省,枚举:GitHub高校数据集(阳光高考院校库域名+AllShoolData) 2026-10
academic:ycvc.jx.cn,academic,宜春职业技术学院,http://www.ycvc.jx.cn/,ycvc.jx.cn,probed-2xx,200,2026-10-03,专科·江西省,枚举:GitHub高校数据集(阳光高考院校库域名+AllShoolData) 2026-10
academic:yczyxy.org.cn,academic,伊春职业学院,http://yczyxy.org.cn/,yczyxy.org.cn,probed-000,000,2026-10-03,专科·黑龙江省,枚举:GitHub高校数据集(阳光高考院校库域名+AllShoolData) 2026-10
academic:yeu.edu.cn,academic,仰恩大学,http://www.yeu.edu.cn/,yeu.edu.cn,probed-2xx,200,2026-10-03,本科·福建省,枚举:GitHub高校数据集(阳光高考院校库域名+AllShoolData) 2026-10
academic:ygu.edu.cn,academic,阳光学院,http://www.ygu.edu.cn,ygu.edu.cn,probed-000,000,2026-10-03,本科·福建省,枚举:GitHub高校数据集(阳光高考院校库域名+AllShoolData) 2026-10
academic:yhiedu.cn,academic,扬州中瑞酒店职业学院,http://www.yhiedu.cn,yhiedu.cn,probed-4xx,404,2026-10-03,专科·江苏省,枚举:GitHub高校数据集(阳光高考院校库域名+AllShoolData) 2026-10
academic:yhjyjt.cn,academic,炎黄职业技术学院,http://www.yhjyjt.cn,yhjyjt.cn,probed-2xx,200,2026-10-03,专科·江苏省,枚举:GitHub高校数据集(阳光高考院校库域名+AllShoolData) 2026-10
academic:yibinu.edu.cn,academic,宜宾学院,http://www.yibinu.edu.cn,yibinu.edu.cn,probed-2xx,200,2026-10-03,本科·四川省,枚举:GitHub高校数据集(阳光高考院校库域名+AllShoolData) 2026-10
academic:yihms.com,academic,成都信息工程大学银杏酒店管理学院,http://www.yihms.com/,yihms.com,probed-000,000,2026-10-03,本科·成都市·Fitch源,枚举:GitHub高校数据集(阳光高考院校库域名+AllShoolData) 2026-10
academic:yit.edu.cn,academic,燕京理工学院,http://www.yit.edu.cn,yit.edu.cn,probed-000,000,2026-10-03,本科·河北省,枚举:GitHub高校数据集(阳光高考院校库域名+AllShoolData) 2026-10
academic:yitsd.edu.cn,academic,烟台理工学院,https://yitsd.edu.cn/,yitsd.edu.cn,probed-2xx,200,2026-10-03,本科,枚举:GitHub高校数据集(阳光高考院校库域名+AllShoolData) 2026-10
academic:yjpt.edu.cn,academic,阳江职业技术学院,https://yjpt.edu.cn/,yjpt.edu.cn,probed-2xx,200,2026-10-03,专科·广东省,枚举:GitHub高校数据集(阳光高考院校库域名+AllShoolData) 2026-10
academic:yku.edu.cn,academic,营口理工学院,http://www.yku.edu.cn/,yku.edu.cn,probed-5xx,502,2026-10-03,本科·辽宁省,枚举:GitHub高校数据集(阳光高考院校库域名+AllShoolData) 2026-10
academic:ylnkxy.com,academic,榆林能源科技职业学院,http://ylnkxy.com/,ylnkxy.com,probed-2xx,200,2026-10-03,专科·陕西省,枚举:GitHub高校数据集(阳光高考院校库域名+AllShoolData) 2026-10
academic:ylnu.edu.cn,academic,伊犁师范大学,https://ylnu.edu.cn/,ylnu.edu.cn,probed-2xx,200,2026-10-03,本科·新疆维吾尔自治区,枚举:GitHub高校数据集(阳光高考院校库域名+AllShoolData) 2026-10
academic:ylsy.edu.cn,academic,伊犁师范学院,http://www.ylsy.edu.cn/,ylsy.edu.cn,probed-000,000,2026-10-03,本科·伊宁市·Fitch源,枚举:GitHub高校数据集(阳光高考院校库域名+AllShoolData) 2026-10
academic:ylu.edu.cn,academic,玉林师范学院,http://www.ylu.edu.cn/,ylu.edu.cn,probed-2xx,200,2026-10-03,本科·广西壮族自治区,枚举:GitHub高校数据集(阳光高考院校库域名+AllShoolData) 2026-10
academic:ylvtc.cn,academic,杨凌职业技术学院,http://www.ylvtc.cn/,ylvtc.cn,probed-2xx,200,2026-10-03,专科·陕西省,枚举:GitHub高校数据集(阳光高考院校库域名+AllShoolData) 2026-10
academic:ylzyjs.cn,academic,伊犁职业技术学院,http://www.ylzyjs.cn/,ylzyjs.cn,probed-2xx,200,2026-10-03,专科·新疆维吾尔自治区,枚举:GitHub高校数据集(阳光高考院校库域名+AllShoolData) 2026-10
academic:ymun.edu.cn,academic,右江民族医学院,https://ymun.edu.cn/,ymun.edu.cn,probed-000,000,2026-10-03,本科·广西壮族自治区,枚举:GitHub高校数据集(阳光高考院校库域名+AllShoolData) 2026-10
academic:ynart.edu.cn,academic,云南艺术学院,http://www.ynart.edu.cn/,ynart.edu.cn,probed-2xx,200,2026-10-03,本科·云南省,枚举:GitHub高校数据集(阳光高考院校库域名+AllShoolData) 2026-10
academic:ynarts.cn,academic,云南文化艺术职业学院,http://www.ynarts.cn/,ynarts.cn,probed-2xx,200,2026-10-03,专科·云南省,枚举:GitHub高校数据集(阳光高考院校库域名+AllShoolData) 2026-10
academic:ynau.edu.cn,academic,云南农业大学,http://www.ynau.edu.cn/,ynau.edu.cn,probed-4xx,412,2026-10-03,本科·云南省,枚举:GitHub高校数据集(阳光高考院校库域名+AllShoolData) 2026-10
academic:ynavc.com,academic,云南农业职业技术学院,http://www.ynavc.com/,ynavc.com,probed-000,000,2026-10-03,专科·云南省,枚举:GitHub高校数据集(阳光高考院校库域名+AllShoolData) 2026-10
academic:ynbvc.com,academic,云南商务职业学院,http://ynbvc.com/,ynbvc.com,probed-2xx,200,2026-10-03,专科·云南省,枚举:GitHub高校数据集(阳光高考院校库域名+AllShoolData) 2026-10
academic:yncjxy.com,academic,云南城市建设职业学院,http://www.yncjxy.com/,yncjxy.com,probed-2xx,200,2026-10-03,专科·云南省,枚举:GitHub高校数据集(阳光高考院校库域名+AllShoolData) 2026-10
academic:yncpu.net,academic,云南司法警官职业学院,http://www.yncpu.net/,yncpu.net,probed-2xx,200,2026-10-03,专科·云南省,枚举:GitHub高校数据集(阳光高考院校库域名+AllShoolData) 2026-10
academic:ynctv.edu.cn,academic,云南旅游职业学院,https://ynctv.edu.cn/,ynctv.edu.cn,probed-2xx,200,2026-10-03,专科·云南省,枚举:GitHub高校数据集(阳光高考院校库域名+AllShoolData) 2026-10
academic:yndhvc.com,academic,德宏职业学院,http://www.yndhvc.com/,yndhvc.com,probed-2xx,200,2026-10-03,专科·云南省,枚举:GitHub高校数据集(阳光高考院校库域名+AllShoolData) 2026-10
academic:ynenc.cn,academic,云南工程职业学院,http://www.ynenc.cn,ynenc.cn,probed-2xx,200,2026-10-03,专科·云南省,枚举:GitHub高校数据集(阳光高考院校库域名+AllShoolData) 2026-10
academic:ynftc.cn,academic,云南林业职业技术学院,http://www.ynftc.cn/,ynftc.cn,probed-2xx,200,2026-10-03,专科·云南省,枚举:GitHub高校数据集(阳光高考院校库域名+AllShoolData) 2026-10
academic:yngsxy.net,academic,云南工商学院,http://www.yngsxy.net/,yngsxy.net,probed-2xx,200,2026-10-03,本科·云南省,枚举:GitHub高校数据集(阳光高考院校库域名+AllShoolData) 2026-10
academic:yngtxy.edu.cn,academic,云南国土资源职业学院,https://yngtxy.edu.cn/,yngtxy.edu.cn,probed-000,000,2026-10-03,专科·云南省,枚举:GitHub高校数据集(阳光高考院校库域名+AllShoolData) 2026-10
academic:ynit.edu.cn,academic,云南工贸职业技术学院,https://ynit.edu.cn/,ynit.edu.cn,probed-000,000,2026-10-03,专科·云南省,枚举:GitHub高校数据集(阳光高考院校库域名+AllShoolData) 2026-10
academic:ynjgy.com,academic,云南经济管理学院,http://www.ynjgy.com,ynjgy.com,probed-2xx,200,2026-10-03,本科·云南省,枚举:GitHub高校数据集(阳光高考院校库域名+AllShoolData) 2026-10
academic:ynjtc.com,academic,云南交通职业技术学院,http://www.ynjtc.com,ynjtc.com,probed-2xx,200,2026-10-03,专科·云南省,枚举:GitHub高校数据集(阳光高考院校库域名+AllShoolData) 2026-10
academic:ynjw.net,academic,云南经贸外事职业学院,http://www.ynjw.net/,ynjw.net,probed-4xx,403,2026-10-03,专科·云南省,枚举:GitHub高校数据集(阳光高考院校库域名+AllShoolData) 2026-10
academic:ynkexin.cn,academic,云南科技信息职业学院,http://www.ynkexin.cn/,ynkexin.cn,probed-2xx,200,2026-10-03,专科·云南省,枚举:GitHub高校数据集(阳光高考院校库域名+AllShoolData) 2026-10
academic:ynlg.com,academic,云南理工职业学院,http://ynlg.com/,ynlg.com,probed-2xx,200,2026-10-03,专科·云南省,枚举:GitHub高校数据集(阳光高考院校库域名+AllShoolData) 2026-10
academic:ynmec.edu.cn,academic,云南机电职业技术学院,https://ynmec.edu.cn/,ynmec.edu.cn,probed-2xx,200,2026-10-03,专科·云南省,枚举:GitHub高校数据集(阳光高考院校库域名+AllShoolData) 2026-10
academic:ynmhc.com,academic,云南医药健康职业学院,http://ynmhc.com/,ynmhc.com,probed-2xx,200,2026-10-03,专科·云南省,枚举:GitHub高校数据集(阳光高考院校库域名+AllShoolData) 2026-10
academic:ynmvtc.edu.cn,academic,云南现代职业技术学院,https://ynmvtc.edu.cn/,ynmvtc.edu.cn,probed-000,000,2026-10-03,专科·云南省,枚举:GitHub高校数据集(阳光高考院校库域名+AllShoolData) 2026-10
academic:ynni.edu.cn,academic,云南民族大学,http://www.ynni.edu.cn/,ynni.edu.cn,probed-2xx,200,2026-10-03,本科·云南省,枚举:GitHub高校数据集(阳光高考院校库域名+AllShoolData) 2026-10
academic:ynnu.edu.cn,academic,云南师范大学,http://www.ynnu.edu.cn/,ynnu.edu.cn,probed-2xx,200,2026-10-03,本科·云南省,枚举:GitHub高校数据集(阳光高考院校库域名+AllShoolData) 2026-10
academic:ynnubs.com,academic,云南师范大学商学院,http://www.ynnubs.com/,ynnubs.com,probed-2xx,200,2026-10-03,本科·云南省·Fitch源,枚举:GitHub高校数据集(阳光高考院校库域名+AllShoolData) 2026-10
academic:ynny.cn,academic,云南能源职业技术学院,http://www.ynny.cn/,ynny.cn,probed-2xx,200,2026-10-03,专科·云南省,枚举:GitHub高校数据集(阳光高考院校库域名+AllShoolData) 2026-10
academic:ynou.edu.cn,academic,云南国防工业职业技术学院,https://ynou.edu.cn/,ynou.edu.cn,probed-000,000,2026-10-03,专科·云南省,枚举:GitHub高校数据集(阳光高考院校库域名+AllShoolData) 2026-10
academic:ynpc.edu.cn,academic,云南警官学院,https://ynpc.edu.cn/,ynpc.edu.cn,probed-000,000,2026-10-03,本科·云南省,枚举:GitHub高校数据集(阳光高考院校库域名+AllShoolData) 2026-10
academic:ynqfzyxy.cn,academic,云南轻纺职业学院,http://ynqfzyxy.cn/,ynqfzyxy.cn,probed-2xx,200,2026-10-03,专科·云南省,枚举:GitHub高校数据集(阳光高考院校库域名+AllShoolData) 2026-10
academic:ynsvu.cn,academic,云南体育运动职业技术学院,http://ynsvu.cn/,ynsvu.cn,probed-2xx,200,2026-10-03,专科·云南省,枚举:GitHub高校数据集(阳光高考院校库域名+AllShoolData) 2026-10
academic:ynsxzy.com,academic,云南三鑫职业技术学院,http://www.ynsxzy.com/,ynsxzy.com,probed-2xx,200,2026-10-03,专科·云南省,枚举:GitHub高校数据集(阳光高考院校库域名+AllShoolData) 2026-10
academic:ynszy.net,academic,云南水利水电职业学院,http://ynszy.net/,ynszy.net,probed-000,000,2026-10-03,专科·云南省,枚举:GitHub高校数据集(阳光高考院校库域名+AllShoolData) 2026-10
academic:ynu.edu.cn,academic,云南大学,http://www.ynu.edu.cn/,ynu.edu.cn,probed-2xx,200,2026-10-03,本科·云南省,枚举:GitHub高校数据集(阳光高考院校库域名+AllShoolData) 2026-10
academic:ynufe.edu.cn,academic,云南财经大学,http://www.ynufe.edu.cn/,ynufe.edu.cn,probed-2xx,200,2026-10-03,本科·云南省,枚举:GitHub高校数据集(阳光高考院校库域名+AllShoolData) 2026-10
academic:ynutcm.edu.cn,academic,云南中医药大学,http://www.ynutcm.edu.cn/,ynutcm.edu.cn,probed-000,000,2026-10-03,本科·云南省,枚举:GitHub高校数据集(阳光高考院校库域名+AllShoolData) 2026-10
academic:ynvcse.ynhxzz.cn,academic,云南特殊教育职业学院,http://ynvcse.ynhxzz.cn/,ynvcse.ynhxzz.cn,probed-5xx,502,2026-10-03,专科·云南省·未核实,枚举:GitHub高校数据集(阳光高考院校库域名+AllShoolData) 2026-10
academic:ynvct.com,academic,云南交通运输职业学院,http://www.ynvct.com/,ynvct.com,probed-2xx,200,2026-10-03,专科·云南省,枚举:GitHub高校数据集(阳光高考院校库域名+AllShoolData) 2026-10
academic:ynxzy.com,academic,云南新兴职业学院,http://www.ynxzy.com/,ynxzy.com,probed-2xx,200,2026-10-03,专科·云南省,枚举:GitHub高校数据集(阳光高考院校库域名+AllShoolData) 2026-10
academic:ypc.edu.cn,academic,绍兴文理学院元培学院,http://www.ypc.edu.cn,ypc.edu.cn,probed-2xx,200,2026-10-03,本科·浙江省,枚举:GitHub高校数据集(阳光高考院校库域名+AllShoolData) 2026-10
academic:ypi.edu.cn,academic,扬州工业职业技术学院,http://www.ypi.edu.cn/,ypi.edu.cn,probed-2xx,200,2026-10-03,专科·江苏省,枚举:GitHub高校数据集(阳光高考院校库域名+AllShoolData) 2026-10
academic:yqzyjsxy.cn,academic,阳泉职业技术学院,http://yqzyjsxy.cn/,yqzyjsxy.cn,probed-4xx,404,2026-10-03,专科·山西省,枚举:GitHub高校数据集(阳光高考院校库域名+AllShoolData) 2026-10
academic:yrcti.edu.cn,academic,黄河水利职业技术学院,http://www.yrcti.edu.cn/,yrcti.edu.cn,probed-2xx,200,2026-10-03,专科·河南省,枚举:GitHub高校数据集(阳光高考院校库域名+AllShoolData) 2026-10
academic:ys.sdufe.edu.cn,academic,山东财经大学燕山学院,https://ys.sdufe.edu.cn/,ys.sdufe.edu.cn,probed-2xx,200,2026-10-03,本科·山东省·Demired源,枚举:GitHub高校数据集(阳光高考院校库域名+AllShoolData) 2026-10
academic:ysdwl.cn,academic,云南师范大学文理学院,http://www.ysdwl.cn/,ysdwl.cn,probed-000,000,2026-10-03,本科·云南省·Fitch源,枚举:GitHub高校数据集(阳光高考院校库域名+AllShoolData) 2026-10
academic:ysu.edu.cn,academic,燕山大学,http://www.ysu.edu.cn/,ysu.edu.cn,probed-2xx,200,2026-10-03,本科·河北省;另含:燕山大学里仁学院,枚举:GitHub高校数据集(阳光高考院校库域名+AllShoolData) 2026-10
academic:yt-edu.cn,academic,西安东方亚太职业技术学院,http://www.yt-edu.cn/,yt-edu.cn,probed-4xx,403,2026-10-03,专科·西安市·Fitch源,枚举:GitHub高校数据集(阳光高考院校库域名+AllShoolData) 2026-10
academic:ytc.ecit.edu.cn,academic,东华理工大学长江学院,http://ytc.ecit.edu.cn/,ytc.ecit.edu.cn,probed-000,000,2026-10-03,本科·江西省·Fitch源,枚举:GitHub高校数据集(阳光高考院校库域名+AllShoolData) 2026-10
academic:ytetc.edu.cn,academic,烟台工程职业技术学院,http://www.ytetc.edu.cn/,ytetc.edu.cn,probed-2xx,200,2026-10-03,专科·山东省,枚举:GitHub高校数据集(阳光高考院校库域名+AllShoolData) 2026-10
academic:ytgc.edu.cn,academic,烟台黄金职业学院,https://ytgc.edu.cn/,ytgc.edu.cn,probed-000,000,2026-10-03,专科·山东省,枚举:GitHub高校数据集(阳光高考院校库域名+AllShoolData) 2026-10
academic:ytkj.edu.cn,academic,烟台科技学院,https://ytkj.edu.cn/,ytkj.edu.cn,probed-000,000,2026-10-03,本科,枚举:GitHub高校数据集(阳光高考院校库域名+AllShoolData) 2026-10
academic:ytqcvc.cn,academic,烟台汽车工程职业学院,http://www.ytqcvc.cn/,ytqcvc.cn,probed-2xx,200,2026-10-03,专科·山东省,枚举:GitHub高校数据集(阳光高考院校库域名+AllShoolData) 2026-10
academic:ytu.edu.cn,academic,烟台大学,http://www.ytu.edu.cn/,ytu.edu.cn,probed-2xx,200,2026-10-03,本科·山东省,枚举:GitHub高校数据集(阳光高考院校库域名+AllShoolData) 2026-10
academic:ytvc.edu.cn,academic,烟台职业学院,https://ytvc.edu.cn/,ytvc.edu.cn,probed-2xx,200,2026-10-03,专科·山东省,枚举:GitHub高校数据集(阳光高考院校库域名+AllShoolData) 2026-10
academic:ytvtc.com,academic,云南锡业职业技术学院,http://www.ytvtc.com/,ytvtc.com,probed-2xx,200,2026-10-03,专科·云南省,枚举:GitHub高校数据集(阳光高考院校库域名+AllShoolData) 2026-10
academic:ytysgzzsw.com,academic,烟台幼儿师范高等专科学校,http://ytysgzzsw.com/,ytysgzzsw.com,probed-000,000,2026-10-03,专科·山东省,枚举:GitHub高校数据集(阳光高考院校库域名+AllShoolData) 2026-10
academic:ytzyjsxy.cn,academic,应天职业技术学院,http://ytzyjsxy.cn/,ytzyjsxy.cn,probed-000,000,2026-10-03,专科·江苏省,枚举:GitHub高校数据集(阳光高考院校库域名+AllShoolData) 2026-10
academic:yulinu.edu.cn,academic,榆林学院,http://www.yulinu.edu.cn/,yulinu.edu.cn,probed-000,000,2026-10-03,本科·陕西省,枚举:GitHub高校数据集(阳光高考院校库域名+AllShoolData) 2026-10
academic:yulinvtc.edu.cn,academic,榆林职业技术学院,https://yulinvtc.edu.cn/,yulinvtc.edu.cn,probed-000,000,2026-10-03,专科·陕西省,枚举:GitHub高校数据集(阳光高考院校库域名+AllShoolData) 2026-10
academic:yuznu.edu.cn,academic,豫章师范学院,https://yuznu.edu.cn/,yuznu.edu.cn,probed-5xx,502,2026-10-03,本科·江西省;另含:南昌健康职业技术学院,枚举:GitHub高校数据集(阳光高考院校库域名+AllShoolData) 2026-10
academic:yvcct.edu.cn,academic,烟台文化旅游职业学院,https://yvcct.edu.cn/,yvcct.edu.cn,probed-000,000,2026-10-03,专科·山东省,枚举:GitHub高校数据集(阳光高考院校库域名+AllShoolData) 2026-10
academic:yvtc.edu.cn,academic,岳阳职业技术学院,http://www.yvtc.edu.cn/,yvtc.edu.cn,probed-2xx,200,2026-10-03,专科·湖南省,枚举:GitHub高校数据集(阳光高考院校库域名+AllShoolData) 2026-10
academic:ywicc.edu.cn,academic,义乌工商职业技术学院,https://ywicc.edu.cn/,ywicc.edu.cn,probed-2xx,200,2026-10-03,专科·浙江省,枚举:GitHub高校数据集(阳光高考院校库域名+AllShoolData) 2026-10
academic:yxnu.edu.cn,academic,玉溪师范学院,https://yxnu.edu.cn/,yxnu.edu.cn,probed-000,000,2026-10-03,本科·云南省,枚举:GitHub高校数据集(阳光高考院校库域名+AllShoolData) 2026-10
academic:yxnzy.net,academic,玉溪农业职业技术学院,http://www.yxnzy.net/,yxnzy.net,probed-2xx,200,2026-10-03,专科·云南省,枚举:GitHub高校数据集(阳光高考院校库域名+AllShoolData) 2026-10
academic:yxwy.org,academic,浙江宇翔职业技术学院,http://yxwy.org/,yxwy.org,probed-4xx,404,2026-10-03,专科·浙江省,枚举:GitHub高校数据集(阳光高考院校库域名+AllShoolData) 2026-10
academic:yyvtc.cn,academic,益阳职业技术学院,http://www.yyvtc.cn/,yyvtc.cn,probed-2xx,200,2026-10-03,专科·湖南省,枚举:GitHub高校数据集(阳光高考院校库域名+AllShoolData) 2026-10
academic:yyz.edu.cn,academic,盐城幼儿师范高等专科学校,http://www.yyz.edu.cn,yyz.edu.cn,probed-2xx,200,2026-10-03,专科·江苏省,枚举:GitHub高校数据集(阳光高考院校库域名+AllShoolData) 2026-10
academic:yzerc.org,academic,扬州环境资源职业技术学院,http://www.yzerc.org/,yzerc.org,probed-5xx,502,2026-10-03,专科·江苏省·Fitch源,枚举:GitHub高校数据集(阳光高考院校库域名+AllShoolData) 2026-10
academic:yznu.edu.cn,academic,长江师范学院,https://yznu.edu.cn/,yznu.edu.cn,probed-2xx,200,2026-10-03,本科·重庆市,枚举:GitHub高校数据集(阳光高考院校库域名+AllShoolData) 2026-10
academic:yzpc.edu.cn,academic,扬州市职业大学,http://www.yzpc.edu.cn/,yzpc.edu.cn,probed-000,000,2026-10-03,专科·江苏省,枚举:GitHub高校数据集(阳光高考院校库域名+AllShoolData) 2026-10
academic:yzu.edu.cn,academic,扬州大学,http://www.yzu.edu.cn/,yzu.edu.cn,probed-4xx,412,2026-10-03,本科·江苏省;另含:扬州大学广陵学院,枚举:GitHub高校数据集(阳光高考院校库域名+AllShoolData) 2026-10
academic:yzu.edu.tw,academic,元智大学,https://yzu.edu.tw/,yzu.edu.tw,probed-000,000,2026-10-03,本科·台湾省·Demired源,枚举:GitHub高校数据集(阳光高考院校库域名+AllShoolData) 2026-10
academic:zafu.edu.cn,academic,浙江农林大学,http://www.zafu.edu.cn/,zafu.edu.cn,probed-2xx,200,2026-10-03,本科·浙江省;另含:浙江农林大学暨阳学院,枚举:GitHub高校数据集(阳光高考院校库域名+AllShoolData) 2026-10
academic:zazy.cn,academic,郑州工业安全职业学院,http://www.zazy.cn/,zazy.cn,probed-2xx,200,2026-10-03,专科·河南省,枚举:GitHub高校数据集(阳光高考院校库域名+AllShoolData) 2026-10
academic:zbnc.edu.cn,academic,淄博师范高等专科学校,http://www.zbnc.edu.cn/,zbnc.edu.cn,probed-2xx,200,2026-10-03,专科·山东省,枚举:GitHub高校数据集(阳光高考院校库域名+AllShoolData) 2026-10
academic:zbti.edu.cn,academic,浙江工商职业技术学院,https://zbti.edu.cn/,zbti.edu.cn,probed-000,000,2026-10-03,专科·浙江省,枚举:GitHub高校数据集(阳光高考院校库域名+AllShoolData) 2026-10
academic:zbu.edu.cn,academic,郑州商学院,https://zbu.edu.cn/,zbu.edu.cn,probed-000,000,2026-10-03,本科·河南省,枚举:GitHub高校数据集(阳光高考院校库域名+AllShoolData) 2026-10
academic:zbvc.edu.cn,academic,淄博职业学院,http://www.zbvc.edu.cn,zbvc.edu.cn,probed-2xx,200,2026-10-03,专科·山东省,枚举:GitHub高校数据集(阳光高考院校库域名+AllShoolData) 2026-10
academic:zcib.edu.cn,academic,中原工学院信息商务学院,http://www.zcib.edu.cn/,zcib.edu.cn,probed-000,000,2026-10-03,本科·郑州市·Fitch源,枚举:GitHub高校数据集(阳光高考院校库域名+AllShoolData) 2026-10
academic:zcmu.edu.cn,academic,浙江中医药大学,https://zcmu.edu.cn/,zcmu.edu.cn,probed-000,000,2026-10-03,本科·浙江省;另含:浙江中医药大学滨江学院,枚举:GitHub高校数据集(阳光高考院校库域名+AllShoolData) 2026-10
academic:zcse.edu.cn,academic,浙江特殊教育职业学院,https://zcse.edu.cn/,zcse.edu.cn,probed-000,000,2026-10-03,专科·浙江省,枚举:GitHub高校数据集(阳光高考院校库域名+AllShoolData) 2026-10
academic:zcu.edu.cn,academic,郑州城市职业学院,http://www.zcu.edu.cn,zcu.edu.cn,probed-2xx,200,2026-10-03,专科·河南省,枚举:GitHub高校数据集(阳光高考院校库域名+AllShoolData) 2026-10
academic:zcvc.cn,academic,漳州城市职业学院,http://www.zcvc.cn/,zcvc.cn,probed-2xx,200,2026-10-03,专科·福建省,枚举:GitHub高校数据集(阳光高考院校库域名+AllShoolData) 2026-10
academic:zdct.cn,academic,宿迁泽达职业技术学院,http://www.zdct.cn/,zdct.cn,probed-2xx,200,2026-10-03,专科·江苏省,枚举:GitHub高校数据集(阳光高考院校库域名+AllShoolData) 2026-10
academic:zdsf.net,academic,石家庄科技工程职业学院,http://www.zdsf.net/,zdsf.net,probed-4xx,404,2026-10-03,专科·河北省·Fitch源,枚举:GitHub高校数据集(阳光高考院校库域名+AllShoolData) 2026-10
academic:zepc.edu.cn,academic,郑州电力高等专科学校,http://www.zepc.edu.cn/,zepc.edu.cn,probed-2xx,200,2026-10-03,专科·河南省,枚举:GitHub高校数据集(阳光高考院校库域名+AllShoolData) 2026-10
academic:zfc.edu.cn,academic,浙江金融职业学院,http://www.zfc.edu.cn/,zfc.edu.cn,probed-2xx,200,2026-10-03,专科·浙江省,枚举:GitHub高校数据集(阳光高考院校库域名+AllShoolData) 2026-10
academic:zgzyjsxy.com,academic,自贡职业技术学院,http://zgzyjsxy.com/,zgzyjsxy.com,probed-2xx,200,2026-10-03,专科,枚举:GitHub高校数据集(阳光高考院校库域名+AllShoolData) 2026-10
academic:zhac.net,academic,珠海艺术职业学院,http://www.zhac.net/,zhac.net,probed-000,000,2026-10-03,专科·广东省,枚举:GitHub高校数据集(阳光高考院校库域名+AllShoolData) 2026-10
academic:zhaojiu.gzcsxy.cn,academic,贵州城市职业学院,http://zhaojiu.gzcsxy.cn/,zhaojiu.gzcsxy.cn,probed-2xx,200,2026-10-03,专科·贵州省·未核实,枚举:GitHub高校数据集(阳光高考院校库域名+AllShoolData) 2026-10
academic:zhcpt.edu.cn,academic,珠海城市职业技术学院,http://www.zhcpt.edu.cn/,zhcpt.edu.cn,probed-2xx,200,2026-10-03,专科·广东省,枚举:GitHub高校数据集(阳光高考院校库域名+AllShoolData) 2026-10
academic:zhengzhoutiyuan.com,academic,郑州体育职业学院,http://zhengzhoutiyuan.com/,zhengzhoutiyuan.com,probed-2xx,200,2026-10-03,专科·河南省,枚举:GitHub高校数据集(阳光高考院校库域名+AllShoolData) 2026-10
academic:zhjpec.edu.cn,academic,湛江幼儿师范专科学校,https://zhjpec.edu.cn/,zhjpec.edu.cn,probed-000,000,2026-10-03,专科·广东省,枚举:GitHub高校数据集(阳光高考院校库域名+AllShoolData) 2026-10
academic:zhku.edu.cn,academic,仲恺农业工程学院,http://www.zhku.edu.cn/,zhku.edu.cn,probed-2xx,200,2026-10-03,本科·广东省,枚举:GitHub高校数据集(阳光高考院校库域名+AllShoolData) 2026-10
academic:zhonghuacollege.com,academic,上海中华职业技术学院,http://www.zhonghuacollege.com,zhonghuacollege.com,probed-2xx,200,2026-10-03,专科·上海市·Fitch源,枚举:GitHub高校数据集(阳光高考院校库域名+AllShoolData) 2026-10
academic:zimc.cn,academic,浙江国际海运职业技术学院,http://www.zimc.cn/,zimc.cn,probed-2xx,200,2026-10-03,专科·浙江省,枚举:GitHub高校数据集(阳光高考院校库域名+AllShoolData) 2026-10
academic:zime.zj.cn,academic,浙江机电职业技术学院,http://www.zime.zj.cn,zime.zj.cn,probed-000,000,2026-10-03,专科·浙江省·未核实,枚举:GitHub高校数据集(阳光高考院校库域名+AllShoolData) 2026-10
academic:zisu.edu.cn,academic,浙江外国语学院,http://www.zisu.edu.cn/,zisu.edu.cn,probed-2xx,200,2026-10-03,本科·浙江省,枚举:GitHub高校数据集(阳光高考院校库域名+AllShoolData) 2026-10
academic:zit.edu.cn,academic,郑州科技学院,http://www.zit.edu.cn,zit.edu.cn,probed-2xx,200,2026-10-03,本科·河南省,枚举:GitHub高校数据集(阳光高考院校库域名+AllShoolData) 2026-10
academic:zj-art.com,academic,浙江艺术职业学院,http://www.zj-art.com/,zj-art.com,probed-000,000,2026-10-03,专科·浙江省,枚举:GitHub高校数据集(阳光高考院校库域名+AllShoolData) 2026-10
academic:zjabc.edu.cn,academic,浙江农业商贸职业学院,https://zjabc.edu.cn/,zjabc.edu.cn,probed-000,000,2026-10-03,专科·浙江省,枚举:GitHub高校数据集(阳光高考院校库域名+AllShoolData) 2026-10
academic:zjbc.edu.cn,academic,浙江商业职业技术学院,https://zjbc.edu.cn/,zjbc.edu.cn,probed-4xx,412,2026-10-03,专科·浙江省·未核实,枚举:GitHub高校数据集(阳光高考院校库域名+AllShoolData) 2026-10
academic:zjc.edu.cn,academic,镇江市高等专科学校,http://www.zjc.edu.cn/,zjc.edu.cn,probed-2xx,200,2026-10-03,专科·江苏省,枚举:GitHub高校数据集(阳光高考院校库域名+AllShoolData) 2026-10
academic:zjcm.edu.cn,academic,浙江音乐学院,http://www.zjcm.edu.cn/,zjcm.edu.cn,probed-2xx,200,2026-10-03,本科·浙江省,枚举:GitHub高校数据集(阳光高考院校库域名+AllShoolData) 2026-10
academic:zjcs.net.cn,academic,浙江体育职业技术学院,http://www.zjcs.net.cn/,zjcs.net.cn,probed-2xx,200,2026-10-03,专科·浙江省,枚举:GitHub高校数据集(阳光高考院校库域名+AllShoolData) 2026-10
academic:zjcst.edu.cn,academic,浙江安防职业技术学院,https://zjcst.edu.cn/,zjcst.edu.cn,probed-000,000,2026-10-03,专科·浙江省,枚举:GitHub高校数据集(阳光高考院校库域名+AllShoolData) 2026-10
academic:zjczxy.cn,academic,浙江长征职业技术学院,http://www.zjczxy.cn/,zjczxy.cn,probed-2xx,200,2026-10-03,专科·浙江省,枚举:GitHub高校数据集(阳光高考院校库域名+AllShoolData) 2026-10
academic:zjdfc.com,academic,浙江东方职业技术学院,http://www.zjdfc.com/,zjdfc.com,probed-2xx,200,2026-10-03,专科·浙江省,枚举:GitHub高校数据集(阳光高考院校库域名+AllShoolData) 2026-10
academic:zjff.edu.cn,academic,浙江纺织服装职业技术学院,https://zjff.edu.cn/,zjff.edu.cn,probed-000,000,2026-10-03,专科·浙江省,枚举:GitHub高校数据集(阳光高考院校库域名+AllShoolData) 2026-10
academic:zjhu.edu.cn,academic,湖州师范学院,http://www.zjhu.edu.cn/,zjhu.edu.cn,probed-000,000,2026-10-03,本科·浙江省,枚举:GitHub高校数据集(阳光高考院校库域名+AllShoolData) 2026-10
academic:zjhzcc.edu.cn,academic,浙江工商大学杭州商学院,https://zjhzcc.edu.cn/,zjhzcc.edu.cn,probed-2xx,200,2026-10-03,本科·浙江省,枚举:GitHub高校数据集(阳光高考院校库域名+AllShoolData) 2026-10
academic:zjhzu.edu.cn,academic,湖州学院,https://zjhzu.edu.cn/,zjhzu.edu.cn,probed-000,000,2026-10-03,本科,枚举:GitHub高校数据集(阳光高考院校库域名+AllShoolData) 2026-10
academic:zjiet.edu.cn,academic,浙江经贸职业技术学院,http://www.zjiet.edu.cn/,zjiet.edu.cn,probed-2xx,200,2026-10-03,专科·浙江省·未核实,枚举:GitHub高校数据集(阳光高考院校库域名+AllShoolData) 2026-10
academic:zjipc.com,academic,浙江工业职业技术学院,http://www.zjipc.com/,zjipc.com,probed-2xx,200,2026-10-03,专科·浙江省,枚举:GitHub高校数据集(阳光高考院校库域名+AllShoolData) 2026-10
academic:zjitc.net,academic,浙江工贸职业技术学院,http://www.zjitc.net/,zjitc.net,probed-2xx,200,2026-10-03,专科·浙江省,枚举:GitHub高校数据集(阳光高考院校库域名+AllShoolData) 2026-10
academic:zjjcxy.cn,academic,浙江警察学院,http://www.zjjcxy.cn/,zjjcxy.cn,probed-2xx,200,2026-10-03,本科·浙江省,枚举:GitHub高校数据集(阳光高考院校库域名+AllShoolData) 2026-10
academic:zjjhy.net,academic,张家界航空工业职业技术学院,http://www.zjjhy.net/,zjjhy.net,probed-000,000,2026-10-03,专科·湖南省,枚举:GitHub高校数据集(阳光高考院校库域名+AllShoolData) 2026-10
academic:zjjs.edu.cn,academic,浙江建设职业技术学院,https://zjjs.edu.cn/,zjjs.edu.cn,probed-2xx,200,2026-10-03,专科·浙江省,枚举:GitHub高校数据集(阳光高考院校库域名+AllShoolData) 2026-10
academic:zjjy.com.cn,academic,浙江警官职业学院,http://www.zjjy.com.cn/,zjjy.com.cn,probed-2xx,200,2026-10-03,专科·浙江省,枚举:GitHub高校数据集(阳光高考院校库域名+AllShoolData) 2026-10
academic:zjkju.edu.cn,academic,湛江科技学院,https://zjkju.edu.cn/,zjkju.edu.cn,probed-000,000,2026-10-03,本科,枚举:GitHub高校数据集(阳光高考院校库域名+AllShoolData) 2026-10
academic:zjkm.com.cn,academic,浙江金华科贸职业技术学院,http://zjkm.com.cn/,zjkm.com.cn,probed-4xx,403,2026-10-03,专科,枚举:GitHub高校数据集(阳光高考院校库域名+AllShoolData) 2026-10
academic:zjkptc.edu.cn,academic,张家口职业技术学院,https://zjkptc.edu.cn/,zjkptc.edu.cn,probed-000,000,2026-10-03,专科·河北省,枚举:GitHub高校数据集(阳光高考院校库域名+AllShoolData) 2026-10
academic:zjku.edu.cn,academic,张家口学院,http://www.zjku.edu.cn/,zjku.edu.cn,probed-2xx,200,2026-10-03,本科·河北省,枚举:GitHub高校数据集(阳光高考院校库域名+AllShoolData) 2026-10
academic:zjnu.edu.cn,academic,浙江师范大学,http://www.zjnu.edu.cn/,zjnu.edu.cn,probed-2xx,200,2026-10-03,本科·浙江省,枚举:GitHub高校数据集(阳光高考院校库域名+AllShoolData) 2026-10
academic:zjou.edu.cn,academic,浙江海洋大学,http://www.zjou.edu.cn/,zjou.edu.cn,probed-2xx,200,2026-10-03,本科·浙江省,枚举:GitHub高校数据集(阳光高考院校库域名+AllShoolData) 2026-10
academic:zjpc.net.cn,academic,浙江医药高等专科学校,http://www.zjpc.net.cn/,zjpc.net.cn,probed-2xx,200,2026-10-03,专科·浙江省·Fitch源,枚举:GitHub高校数据集(阳光高考院校库域名+AllShoolData) 2026-10
academic:zjsru.edu.cn,academic,浙江树人学院,http://www.zjsru.edu.cn/,zjsru.edu.cn,probed-2xx,200,2026-10-03,本科·浙江省,枚举:GitHub高校数据集(阳光高考院校库域名+AllShoolData) 2026-10
academic:zjsu.edu.cn,academic,浙江工商大学,https://zjsu.edu.cn/,zjsu.edu.cn,probed-2xx,200,2026-10-03,本科·浙江省,枚举:GitHub高校数据集(阳光高考院校库域名+AllShoolData) 2026-10
academic:zjtie.edu.cn,academic,浙江经济职业技术学院,http://www.zjtie.edu.cn/,zjtie.edu.cn,probed-2xx,200,2026-10-03,专科·浙江省,枚举:GitHub高校数据集(阳光高考院校库域名+AllShoolData) 2026-10
academic:zjtongji.edu.cn,academic,浙江同济科技职业学院,http://www.zjtongji.edu.cn/,zjtongji.edu.cn,probed-2xx,200,2026-10-03,专科·浙江省,枚举:GitHub高校数据集(阳光高考院校库域名+AllShoolData) 2026-10
academic:zjtu.edu.cn,academic,黄河交通学院,http://www.zjtu.edu.cn/,zjtu.edu.cn,probed-2xx,200,2026-10-03,本科·河南省,枚举:GitHub高校数据集(阳光高考院校库域名+AllShoolData) 2026-10
academic:zju.edu.cn,academic,浙江大学,http://www.zju.edu.cn/,zju.edu.cn,probed-2xx,200,2026-10-03,本科·浙江省;另含:浙江大学医学院,枚举:GitHub高校数据集(阳光高考院校库域名+AllShoolData) 2026-10
academic:zjut.edu.cn,academic,浙江工业大学,http://www.zjut.edu.cn/,zjut.edu.cn,probed-2xx,200,2026-10-03,本科·浙江省;另含:浙江工业大学之江学院,枚举:GitHub高校数据集(阳光高考院校库域名+AllShoolData) 2026-10
academic:zjvtit.edu.cn,academic,浙江交通职业技术学院,http://www.zjvtit.edu.cn/,zjvtit.edu.cn,probed-2xx,200,2026-10-03,专科·浙江省,枚举:GitHub高校数据集(阳光高考院校库域名+AllShoolData) 2026-10
academic:zjweu.edu.cn,academic,浙江水利水电学院,http://www.zjweu.edu.cn/,zjweu.edu.cn,probed-4xx,403,2026-10-03,本科·浙江省,枚举:GitHub高校数据集(阳光高考院校库域名+AllShoolData) 2026-10
academic:zjxu.edu.cn,academic,嘉兴学院,http://www.zjxu.edu.cn/,zjxu.edu.cn,probed-2xx,200,2026-10-03,本科·浙江省,枚举:GitHub高校数据集(阳光高考院校库域名+AllShoolData) 2026-10
academic:zjxz.edu.cn,academic,浙江师范大学行知学院,https://zjxz.edu.cn/,zjxz.edu.cn,probed-3xx,302,2026-10-03,本科·浙江省,枚举:GitHub高校数据集(阳光高考院校库域名+AllShoolData) 2026-10
academic:zjys.net,academic,湛江市幼儿师范学校,http://www.zjys.net/,zjys.net,probed-4xx,403,2026-10-03,专科·湛江市·Fitch源,枚举:GitHub高校数据集(阳光高考院校库域名+AllShoolData) 2026-10
academic:zjyyc.com,academic,浙江育英职业技术学院,http://www.zjyyc.com/,zjyyc.com,probed-2xx,200,2026-10-03,专科·浙江省,枚举:GitHub高校数据集(阳光高考院校库域名+AllShoolData) 2026-10
academic:zkkjxy.net,academic,周口科技职业学院,http://www.zkkjxy.net/,zkkjxy.net,probed-2xx,200,2026-10-03,专科·周口市·Fitch源,枚举:GitHub高校数据集(阳光高考院校库域名+AllShoolData) 2026-10
academic:zknu.edu.cn,academic,周口师范学院,http://www.zknu.edu.cn/,zknu.edu.cn,probed-2xx,200,2026-10-03,本科·河南省,枚举:GitHub高校数据集(阳光高考院校库域名+AllShoolData) 2026-10
academic:zkvtc.edu.cn,academic,周口职业技术学院,http://www.zkvtc.edu.cn/,zkvtc.edu.cn,probed-2xx,200,2026-10-03,专科·河南省,枚举:GitHub高校数据集(阳光高考院校库域名+AllShoolData) 2026-10
academic:zkwl.edu.cn,academic,周口文理职业学院,https://zkwl.edu.cn/,zkwl.edu.cn,probed-000,000,2026-10-03,专科,枚举:GitHub高校数据集(阳光高考院校库域名+AllShoolData) 2026-10
academic:zltzyxy.com,academic,扎兰屯职业学院,http://www.zltzyxy.com/,zltzyxy.com,probed-4xx,404,2026-10-03,专科·内蒙古自治区,枚举:GitHub高校数据集(阳光高考院校库域名+AllShoolData) 2026-10
academic:zlxy.edu.cn,academic,河南质量工程职业学院,https://zlxy.edu.cn/,zlxy.edu.cn,probed-000,000,2026-10-03,专科·河南省,枚举:GitHub高校数据集(阳光高考院校库域名+AllShoolData) 2026-10
academic:zmc.edu.cn,academic,遵义医学院,http://www.zmc.edu.cn/,zmc.edu.cn,probed-000,000,2026-10-03,本科·遵义市·Fitch源,枚举:GitHub高校数据集(阳光高考院校库域名+AllShoolData) 2026-10
academic:zmdvtc.cn,academic,驻马店职业技术学院,http://www.zmdvtc.cn/,zmdvtc.cn,probed-000,000,2026-10-03,专科·河南省,枚举:GitHub高校数据集(阳光高考院校库域名+AllShoolData) 2026-10
academic:zmu.edu.cn,academic,遵义医科大学,https://zmu.edu.cn/,zmu.edu.cn,probed-000,000,2026-10-03,本科·贵州省;另含:遵义医科大学医学与科技学院,枚举:GitHub高校数据集(阳光高考院校库域名+AllShoolData) 2026-10
academic:zptc.edu.cn,academic,浙江邮电职业技术学院,https://zptc.edu.cn/,zptc.edu.cn,probed-000,000,2026-10-03,专科·浙江省,枚举:GitHub高校数据集(阳光高考院校库域名+AllShoolData) 2026-10
academic:zqmc.edu.cn,academic,肇庆医学高等专科学校,https://zqmc.edu.cn/,zqmc.edu.cn,probed-000,000,2026-10-03,专科·广东省,枚举:GitHub高校数据集(阳光高考院校库域名+AllShoolData) 2026-10
academic:zqtbu.com,academic,广东工商职业学院,http://www.zqtbu.com/,zqtbu.com,probed-5xx,503,2026-10-03,专科·肇庆市·Fitch源,枚举:GitHub高校数据集(阳光高考院校库域名+AllShoolData) 2026-10
academic:zqu.edu.cn,academic,肇庆学院,http://www.zqu.edu.cn/,zqu.edu.cn,probed-2xx,200,2026-10-03,本科·广东省,枚举:GitHub高校数据集(阳光高考院校库域名+AllShoolData) 2026-10
academic:zrevc.com,academic,郑州轨道工程职业学院,http://zrevc.com/,zrevc.com,probed-000,000,2026-10-03,专科·河南省,枚举:GitHub高校数据集(阳光高考院校库域名+AllShoolData) 2026-10
academic:zsc.edu.cn,academic,电子科技大学中山学院,http://www.zsc.edu.cn/,zsc.edu.cn,probed-2xx,200,2026-10-03,本科·广东省,枚举:GitHub高校数据集(阳光高考院校库域名+AllShoolData) 2026-10
academic:zscollege.com,academic,钟山职业技术学院,http://www.zscollege.com/,zscollege.com,probed-2xx,200,2026-10-03,专科·江苏省,枚举:GitHub高校数据集(阳光高考院校库域名+AllShoolData) 2026-10
academic:zspt.edu.cn,academic,中山职业技术学院,https://zspt.edu.cn/,zspt.edu.cn,probed-000,000,2026-10-03,专科·广东省,枚举:GitHub高校数据集(阳光高考院校库域名+AllShoolData) 2026-10
academic:zsthc.com,academic,浙江舟山群岛新区旅游与健康职业学院,http://www.zsthc.com/,zsthc.com,probed-000,000,2026-10-03,专科·浙江省,枚举:GitHub高校数据集(阳光高考院校库域名+AllShoolData) 2026-10
academic:zstp.edu.cn,academic,中山火炬职业技术学院,https://zstp.edu.cn/,zstp.edu.cn,probed-000,000,2026-10-03,专科·广东省,枚举:GitHub高校数据集(阳光高考院校库域名+AllShoolData) 2026-10
academic:zstu.edu.cn,academic,浙江理工大学,http://www.zstu.edu.cn/,zstu.edu.cn,probed-2xx,200,2026-10-03,本科·浙江省;另含:浙江理工大学科技与艺术学院,枚举:GitHub高校数据集(阳光高考院校库域名+AllShoolData) 2026-10
academic:zsw.ynczy.cn,academic,云南财经职业学院,http://zsw.ynczy.cn/,zsw.ynczy.cn,probed-000,000,2026-10-03,专科·云南省·未核实,枚举:GitHub高校数据集(阳光高考院校库域名+AllShoolData) 2026-10
academic:ztbu.edu.cn,academic,郑州工商学院,http://www.ztbu.edu.cn,ztbu.edu.cn,probed-2xx,200,2026-10-03,本科·河南省,枚举:GitHub高校数据集(阳光高考院校库域名+AllShoolData) 2026-10
academic:ztu.edu.cn,academic,昭通学院,http://www.ztu.edu.cn,ztu.edu.cn,probed-2xx,200,2026-10-03,本科·云南省,枚举:GitHub高校数据集(阳光高考院校库域名+AllShoolData) 2026-10
academic:ztwzy.cn,academic,昭通卫生职业学院,http://ztwzy.cn/,ztwzy.cn,probed-000,000,2026-10-03,专科·云南省,枚举:GitHub高校数据集(阳光高考院校库域名+AllShoolData) 2026-10
academic:zua.edu.cn,academic,郑州航空工业管理学院,https://zua.edu.cn/,zua.edu.cn,probed-2xx,200,2026-10-03,本科·河南省,枚举:GitHub高校数据集(阳光高考院校库域名+AllShoolData) 2026-10
academic:zucc.edu.cn,academic,浙大城市学院,http://www.zucc.edu.cn/,zucc.edu.cn,probed-2xx,200,2026-10-03,本科·浙江省,枚举:GitHub高校数据集(阳光高考院校库域名+AllShoolData) 2026-10
academic:zueb.edu.cn,academic,郑州经贸学院,https://zueb.edu.cn/,zueb.edu.cn,probed-000,000,2026-10-03,本科·河南省,枚举:GitHub高校数据集(阳光高考院校库域名+AllShoolData) 2026-10
academic:zuel.edu.cn,academic,中南财经政法大学,http://www.zuel.edu.cn/,zuel.edu.cn,probed-000,000,2026-10-03,本科·湖北省,枚举:GitHub高校数据集(阳光高考院校库域名+AllShoolData) 2026-10
academic:zufe.edu.cn,academic,浙江财经大学,http://www.zufe.edu.cn/,zufe.edu.cn,probed-2xx,200,2026-10-03,本科·浙江省,枚举:GitHub高校数据集(阳光高考院校库域名+AllShoolData) 2026-10
academic:zufedfc.edu.cn,academic,浙江财经大学东方学院,http://www.zufedfc.edu.cn/,zufedfc.edu.cn,probed-2xx,200,2026-10-03,本科·浙江省,枚举:GitHub高校数据集(阳光高考院校库域名+AllShoolData) 2026-10
academic:zunyiyizhuan.cn,academic,遵义医药高等专科学校,http://zunyiyizhuan.cn/,zunyiyizhuan.cn,probed-4xx,403,2026-10-03,专科·贵州省,枚举:GitHub高校数据集(阳光高考院校库域名+AllShoolData) 2026-10
academic:zust.edu.cn,academic,浙江科技学院,http://www.zust.edu.cn/,zust.edu.cn,probed-2xx,200,2026-10-03,本科·浙江省,枚举:GitHub高校数据集(阳光高考院校库域名+AllShoolData) 2026-10
academic:zut.edu.cn,academic,中原工学院,http://www.zut.edu.cn,zut.edu.cn,probed-2xx,200,2026-10-03,本科·河南省,枚举:GitHub高校数据集(阳光高考院校库域名+AllShoolData) 2026-10
academic:zwu.edu.cn,academic,浙江万里学院,https://zwu.edu.cn/,zwu.edu.cn,probed-2xx,200,2026-10-03,本科·浙江省,枚举:GitHub高校数据集(阳光高考院校库域名+AllShoolData) 2026-10
academic:zxxy.nwnu.edu.cn,academic,西北师范大学知行学院,http://zxxy.nwnu.edu.cn/,zxxy.nwnu.edu.cn,probed-4xx,403,2026-10-03,本科·甘肃省·Fitch源,枚举:GitHub高校数据集(阳光高考院校库域名+AllShoolData) 2026-10
academic:zxxyedu.com,academic,郑州信息工程职业学院,http://www.zxxyedu.com/,zxxyedu.com,probed-2xx,200,2026-10-03,专科·河南省,枚举:GitHub高校数据集(阳光高考院校库域名+AllShoolData) 2026-10
academic:zyedu.org,academic,郑州幼儿师范高等专科学校,http://www.zyedu.org/,zyedu.org,probed-2xx,200,2026-10-03,专科·河南省,枚举:GitHub高校数据集(阳光高考院校库域名+AllShoolData) 2026-10
academic:zyfb.com,academic,郑州电子信息职业技术学院,http://www.zyfb.com/,zyfb.com,probed-2xx,200,2026-10-03,专科·河南省,枚举:GitHub高校数据集(阳光高考院校库域名+AllShoolData) 2026-10
academic:zykj.edu.cn,academic,中原科技学院,https://zykj.edu.cn/,zykj.edu.cn,probed-4xx,404,2026-10-03,本科,枚举:GitHub高校数据集(阳光高考院校库域名+AllShoolData) 2026-10
academic:zykqxy.com,academic,资阳口腔职业学院,http://zykqxy.com/,zykqxy.com,probed-2xx,200,2026-10-03,专科·四川省,枚举:GitHub高校数据集(阳光高考院校库域名+AllShoolData) 2026-10
academic:zync.edu.cn,academic,遵义师范学院,http://www.zync.edu.cn/,zync.edu.cn,probed-2xx,200,2026-10-03,本科·贵州省·未核实,枚举:GitHub高校数据集(阳光高考院校库域名+AllShoolData) 2026-10
academic:zyrnvc.com,academic,郑州黄河护理职业学院,http://www.zyrnvc.com/,zyrnvc.com,probed-000,000,2026-10-03,专科·河南省,枚举:GitHub高校数据集(阳光高考院校库域名+AllShoolData) 2026-10
academic:zyufl.edu.cn,academic,浙江越秀外国语学院,http://www.zyufl.edu.cn/,zyufl.edu.cn,probed-2xx,200,2026-10-03,本科·浙江省,枚举:GitHub高校数据集(阳光高考院校库域名+AllShoolData) 2026-10
academic:zyxy.mzlxy.cn,academic,满洲里俄语职业学院,http://zyxy.mzlxy.cn/,zyxy.mzlxy.cn,probed-000,000,2026-10-03,专科·内蒙古自治区,枚举:GitHub高校数据集(阳光高考院校库域名+AllShoolData) 2026-10
academic:zyz.edu.cn,academic,驻马店幼儿师范高等专科学校,https://zyz.edu.cn/,zyz.edu.cn,probed-2xx,200,2026-10-03,专科·河南省,枚举:GitHub高校数据集(阳光高考院校库域名+AllShoolData) 2026-10
academic:zyzy.edu.cn,academic,遵义职业技术学院,http://www.zyzy.edu.cn,zyzy.edu.cn,probed-2xx,200,2026-10-03,专科·贵州省,枚举:GitHub高校数据集(阳光高考院校库域名+AllShoolData) 2026-10
academic:zzcsjr.edu.cn,academic,郑州财税金融职业学院,http://www.zzcsjr.edu.cn/,zzcsjr.edu.cn,probed-2xx,200,2026-10-03,专科·河南省,枚举:GitHub高校数据集(阳光高考院校库域名+AllShoolData) 2026-10
academic:zzdl.com,academic,郑州电力职业技术学院,http://www.zzdl.com/,zzdl.com,probed-000,000,2026-10-03,专科·河南省,枚举:GitHub高校数据集(阳光高考院校库域名+AllShoolData) 2026-10
academic:zzdsxy.cn,academic,郑州电子商务职业学院,http://zzdsxy.cn/,zzdsxy.cn,probed-2xx,200,2026-10-03,专科·河南省,枚举:GitHub高校数据集(阳光高考院校库域名+AllShoolData) 2026-10
academic:zzhvc.com,academic,郑州卫生健康职业学院,http://zzhvc.com/,zzhvc.com,probed-000,000,2026-10-03,专科·河南省,枚举:GitHub高校数据集(阳光高考院校库域名+AllShoolData) 2026-10
academic:zzili.edu.cn,academic,郑州轻工业学院,http://www.zzili.edu.cn/,zzili.edu.cn,probed-000,000,2026-10-03,本科·郑州市·Fitch源,枚举:GitHub高校数据集(阳光高考院校库域名+AllShoolData) 2026-10
academic:zzjm.edu.cn,academic,郑州财经学院,http://www.zzjm.edu.cn/,zzjm.edu.cn,probed-000,000,2026-10-03,本科·河南省·未核实,枚举:GitHub高校数据集(阳光高考院校库域名+AllShoolData) 2026-10
academic:zzkjxy.com,academic,枣庄科技职业学院,http://www.zzkjxy.com/,zzkjxy.com,probed-2xx,200,2026-10-03,专科·山东省,枚举:GitHub高校数据集(阳光高考院校库域名+AllShoolData) 2026-10
academic:zzlg.org,academic,漳州理工职业学院,http://www.zzlg.org/,zzlg.org,probed-2xx,200,2026-10-03,专科·福建省,枚举:GitHub高校数据集(阳光高考院校库域名+AllShoolData) 2026-10
academic:zzlgxy.net,academic,郑州理工职业学院,http://www.zzlgxy.net/,zzlgxy.net,probed-2xx,200,2026-10-03,专科·河南省,枚举:GitHub高校数据集(阳光高考院校库域名+AllShoolData) 2026-10
academic:zznu.edu.cn,academic,郑州师范学院,https://zznu.edu.cn/,zznu.edu.cn,probed-000,000,2026-10-03,本科·河南省,枚举:GitHub高校数据集(阳光高考院校库域名+AllShoolData) 2026-10
academic:zzrvtc.edu.cn,academic,郑州铁路职业技术学院,http://www.zzrvtc.edu.cn,zzrvtc.edu.cn,probed-2xx,200,2026-10-03,专科·河南省,枚举:GitHub高校数据集(阳光高考院校库域名+AllShoolData) 2026-10
academic:zzsqmc.edu.cn,academic,郑州澍青医学高等专科学校,https://zzsqmc.edu.cn/,zzsqmc.edu.cn,probed-000,000,2026-10-03,专科·河南省,枚举:GitHub高校数据集(阳光高考院校库域名+AllShoolData) 2026-10
academic:zztrc.edu.cn,academic,郑州旅游职业学院,http://www.zztrc.edu.cn/,zztrc.edu.cn,probed-2xx,200,2026-10-03,专科·河南省,枚举:GitHub高校数据集(阳光高考院校库域名+AllShoolData) 2026-10
academic:zzu.edu.cn,academic,郑州大学,http://www.zzu.edu.cn/,zzu.edu.cn,probed-2xx,200,2026-10-03,本科·河南省,枚举:GitHub高校数据集(阳光高考院校库域名+AllShoolData) 2026-10
academic:zzuit.edu.cn,academic,郑州工业应用技术学院,https://zzuit.edu.cn/,zzuit.edu.cn,probed-000,000,2026-10-03,本科·河南省,枚举:GitHub高校数据集(阳光高考院校库域名+AllShoolData) 2026-10
academic:zzuli.edu.cn,academic,郑州轻工业大学,http://www.zzuli.edu.cn/,zzuli.edu.cn,probed-2xx,200,2026-10-03,本科·河南省,枚举:GitHub高校数据集(阳光高考院校库域名+AllShoolData) 2026-10
academic:zzut.edu.cn,academic,郑州工程技术学院,https://zzut.edu.cn/,zzut.edu.cn,probed-000,000,2026-10-03,本科·河南省,枚举:GitHub高校数据集(阳光高考院校库域名+AllShoolData) 2026-10
academic:zzvcct.com,academic,郑州商贸旅游职业学院,http://www.zzvcct.com/,zzvcct.com,probed-2xx,200,2026-10-03,专科·河南省,枚举:GitHub高校数据集(阳光高考院校库域名+AllShoolData) 2026-10
academic:zzwzy.com,academic,漳州卫生职业学院,http://www.zzwzy.com,zzwzy.com,probed-000,000,2026-10-03,专科·福建省,枚举:GitHub高校数据集(阳光高考院校库域名+AllShoolData) 2026-10
academic:zzyaou.edu.cn,academic,郑州亚欧交通职业学院,https://zzyaou.edu.cn/,zzyaou.edu.cn,probed-000,000,2026-10-03,专科·河南省,枚举:GitHub高校数据集(阳光高考院校库域名+AllShoolData) 2026-10
academic:zzyedu.cn,academic,郑州职业技术学院,http://www.zzyedu.cn/,zzyedu.cn,probed-2xx,200,2026-10-03,专科·河南省,枚举:GitHub高校数据集(阳光高考院校库域名+AllShoolData) 2026-10
academic:zzyyedu.com,academic,郑州医药健康职业学院,http://zzyyedu.com/,zzyyedu.com,probed-2xx,200,2026-10-03,专科,枚举:GitHub高校数据集(阳光高考院校库域名+AllShoolData) 2026-10
