id,tier,name,url,host,status,http_code,probe_date,note,ref
gov:banshi.beijing.gov.cn,gov,东城区政务服务网,https://banshi.beijing.gov.cn/pubtask/grfw.html?locationCode=110101000000,banshi.beijing.gov.cn,probed-2xx,200,2026-10-03,区政务服务:东城区,枚举:北京16区门户 2026-10
gov:banshi.beijing.gov.cn~10,gov,顺义区政务服务网,https://banshi.beijing.gov.cn/pubtask/grfw.html?locationCode=110113000000,banshi.beijing.gov.cn,probed-2xx,200,2026-10-03,区政务服务:顺义区,枚举:北京16区门户 2026-10
gov:banshi.beijing.gov.cn~11,gov,昌平区政务服务网,https://banshi.beijing.gov.cn/pubtask/grfw.html?locationCode=110114000000,banshi.beijing.gov.cn,probed-2xx,200,2026-10-03,区政务服务:昌平区,枚举:北京16区门户 2026-10
gov:banshi.beijing.gov.cn~12,gov,大兴区政务服务网,https://banshi.beijing.gov.cn/pubtask/grfw.html?locationCode=110115000000,banshi.beijing.gov.cn,probed-2xx,200,2026-10-03,区政务服务:大兴区,枚举:北京16区门户 2026-10
gov:banshi.beijing.gov.cn~13,gov,怀柔区政务服务网,https://banshi.beijing.gov.cn/pubtask/grfw.html?locationCode=110116000000,banshi.beijing.gov.cn,probed-2xx,200,2026-10-03,区政务服务:怀柔区,枚举:北京16区门户 2026-10
gov:banshi.beijing.gov.cn~14,gov,平谷区政务服务网,https://banshi.beijing.gov.cn/pubtask/grfw.html?locationCode=110117000000,banshi.beijing.gov.cn,probed-2xx,200,2026-10-03,区政务服务:平谷区,枚举:北京16区门户 2026-10
gov:banshi.beijing.gov.cn~15,gov,密云区政务服务网,https://banshi.beijing.gov.cn/pubtask/grfw.html?locationCode=110118000000,banshi.beijing.gov.cn,probed-2xx,200,2026-10-03,区政务服务:密云区,枚举:北京16区门户 2026-10
gov:banshi.beijing.gov.cn~16,gov,延庆区政务服务网,https://banshi.beijing.gov.cn/pubtask/grfw.html?locationCode=110119000000,banshi.beijing.gov.cn,probed-2xx,200,2026-10-03,区政务服务:延庆区,枚举:北京16区门户 2026-10
gov:banshi.beijing.gov.cn~17,gov,首都之窗(北京市政务服务网),https://banshi.beijing.gov.cn/,banshi.beijing.gov.cn,probed-2xx,200,2026-10-03,市级:门户/人大/政协/纪委,枚举:北京16区门户 2026-10
gov:banshi.beijing.gov.cn~2,gov,西城区政务服务网,https://banshi.beijing.gov.cn/pubtask/grfw.html?locationCode=110102000000,banshi.beijing.gov.cn,probed-2xx,200,2026-10-03,区政务服务:西城区,枚举:北京16区门户 2026-10
gov:banshi.beijing.gov.cn~3,gov,朝阳区政务服务网,https://banshi.beijing.gov.cn/pubtask/grfw.html?locationCode=110105000000,banshi.beijing.gov.cn,probed-2xx,200,2026-10-03,区政务服务:朝阳区,枚举:北京16区门户 2026-10
gov:banshi.beijing.gov.cn~4,gov,丰台区政务服务网,https://banshi.beijing.gov.cn/pubtask/grfw.html?locationCode=110106000000,banshi.beijing.gov.cn,probed-2xx,200,2026-10-03,区政务服务:丰台区,枚举:北京16区门户 2026-10
gov:banshi.beijing.gov.cn~5,gov,石景山区政务服务网,https://banshi.beijing.gov.cn/pubtask/grfw.html?locationCode=110107000000,banshi.beijing.gov.cn,probed-2xx,200,2026-10-03,区政务服务:石景山区,枚举:北京16区门户 2026-10
gov:banshi.beijing.gov.cn~6,gov,海淀区政务服务网,https://banshi.beijing.gov.cn/pubtask/grfw.html?locationCode=110108000000,banshi.beijing.gov.cn,probed-2xx,200,2026-10-03,区政务服务:海淀区,枚举:北京16区门户 2026-10
gov:banshi.beijing.gov.cn~7,gov,门头沟区政务服务网,https://banshi.beijing.gov.cn/pubtask/grfw.html?locationCode=110109000000,banshi.beijing.gov.cn,probed-2xx,200,2026-10-03,区政务服务:门头沟区,枚举:北京16区门户 2026-10
gov:banshi.beijing.gov.cn~8,gov,房山区政务服务网,https://banshi.beijing.gov.cn/pubtask/grfw.html?locationCode=110111000000,banshi.beijing.gov.cn,probed-2xx,200,2026-10-03,区政务服务:房山区,枚举:北京16区门户 2026-10
gov:banshi.beijing.gov.cn~9,gov,通州区政务服务网,https://banshi.beijing.gov.cn/pubtask/grfw.html?locationCode=110112000000,banshi.beijing.gov.cn,probed-2xx,200,2026-10-03,区政务服务:通州区,枚举:北京16区门户 2026-10
gov:cgj.beijing.gov.cn,gov,市城管执法局,https://cgj.beijing.gov.cn/,cgj.beijing.gov.cn,probed-2xx,200,2026-10-03,市级委办局,枚举:北京市政府网站群“市政府部门”导航 2026-10
gov:chynews.bjchy.gov.cn,gov,朝阳新闻网,http://chynews.bjchy.gov.cn/,chynews.bjchy.gov.cn,probed-2xx,200,2026-10-03,区融媒体:朝阳区,枚举:北京16区门户 2026-10
gov:chyrd.bjchy.gov.cn,gov,朝阳区人大,http://chyrd.bjchy.gov.cn/,chyrd.bjchy.gov.cn,probed-2xx,200,2026-10-03,区人大:朝阳区,枚举:北京16区门户 2026-10
gov:csglw.beijing.gov.cn,gov,市城市管理委,http://csglw.beijing.gov.cn,csglw.beijing.gov.cn,probed-2xx,200,2026-10-03,市级委办局,枚举:北京市政府网站群“市政府部门”导航 2026-10
gov:czj.beijing.gov.cn,gov,市财政局,http://czj.beijing.gov.cn/,czj.beijing.gov.cn,probed-2xx,200,2026-10-03,市级委办局,枚举:北京市政府网站群“市政府部门”导航 2026-10
gov:fgw.beijing.gov.cn,gov,市发展改革委,http://fgw.beijing.gov.cn,fgw.beijing.gov.cn,probed-2xx,200,2026-10-03,市级委办局,枚举:北京市政府网站群“市政府部门”导航 2026-10
gov:gaj.beijing.gov.cn,gov,市公安局,http://gaj.beijing.gov.cn,gaj.beijing.gov.cn,probed-2xx,200,2026-10-03,市级委办局,枚举:北京市政府网站群“市政府部门”导航 2026-10
gov:gdb.beijing.gov.cn,gov,市国动办,http://gdb.beijing.gov.cn,gdb.beijing.gov.cn,probed-2xx,200,2026-10-03,市级委办局,枚举:北京市政府网站群“市政府部门”导航 2026-10
gov:gdj.beijing.gov.cn,gov,市广电局,http://gdj.beijing.gov.cn/,gdj.beijing.gov.cn,probed-2xx,200,2026-10-03,市级委办局,枚举:北京市政府网站群“市政府部门”导航 2026-10
gov:ghzrzyw.beijing.gov.cn,gov,市规划自然资源委,http://ghzrzyw.beijing.gov.cn/,ghzrzyw.beijing.gov.cn,probed-2xx,200,2026-10-03,市级委办局,枚举:北京市政府网站群“市政府部门”导航 2026-10
gov:gjj.beijing.gov.cn,gov,住房公积金管理中心,https://gjj.beijing.gov.cn/,gjj.beijing.gov.cn,probed-2xx,200,2026-10-03,市级委办局,枚举:北京市政府网站群“市政府部门”导航 2026-10
gov:gzw.beijing.gov.cn,gov,市国资委,http://gzw.beijing.gov.cn,gzw.beijing.gov.cn,probed-2xx,200,2026-10-03,市级委办局,枚举:北京市政府网站群“市政府部门”导航 2026-10
gov:hdjl.bjshy.gov.cn,gov,12345网上接诉即办,http://hdjl.bjshy.gov.cn/hudong/xinxiang/bjshy/sindex/xx-bjshy.html,hdjl.bjshy.gov.cn,probed-2xx,200,2026-10-03,区级部门:顺义区,枚举:北京区网站群机构职能页 2026-10
gov:hdqw.bjhd.gov.cn,gov,海淀区委,http://hdqw.bjhd.gov.cn/,hdqw.bjhd.gov.cn,probed-2xx,200,2026-10-03,区委:海淀区,枚举:北京16区门户 2026-10
gov:hdrd.bjhd.gov.cn,gov,海淀区人大,http://hdrd.bjhd.gov.cn/,hdrd.bjhd.gov.cn,probed-2xx,200,2026-10-03,区人大:海淀区,枚举:北京16区门户 2026-10
gov:invest.beijing.gov.cn,gov,市投资促进服务中心,https://invest.beijing.gov.cn/,invest.beijing.gov.cn,probed-2xx,200,2026-10-03,市级委办局,枚举:北京市政府网站群“市政府部门”导航 2026-10
gov:jgj.beijing.gov.cn,gov,市机关事务局,http://jgj.beijing.gov.cn/,jgj.beijing.gov.cn,probed-2xx,200,2026-10-03,市级委办局,枚举:北京市政府网站群“市政府部门”导航 2026-10
gov:jtw.beijing.gov.cn,gov,市交通委,http://jtw.beijing.gov.cn,jtw.beijing.gov.cn,probed-2xx,200,2026-10-03,市级委办局,枚举:北京市政府网站群“市政府部门”导航 2026-10
gov:jw.beijing.gov.cn,gov,市教委,http://jw.beijing.gov.cn/,jw.beijing.gov.cn,probed-2xx,200,2026-10-03,市级委办局,枚举:北京市政府网站群“市政府部门”导航 2026-10
gov:jxj.beijing.gov.cn,gov,市经济和信息化局,http://jxj.beijing.gov.cn,jxj.beijing.gov.cn,probed-2xx,200,2026-10-03,市级委办局,枚举:北京市政府网站群“市政府部门”导航 2026-10
gov:jyj.beijing.gov.cn,gov,市监狱局,https://jyj.beijing.gov.cn/,jyj.beijing.gov.cn,probed-2xx,200,2026-10-03,市级委办局,枚举:北京市政府网站群“市政府部门”导航 2026-10
gov:kfqgw.beijing.gov.cn,gov,北京经开区管委会,https://kfqgw.beijing.gov.cn/,kfqgw.beijing.gov.cn,probed-2xx,200,2026-10-03,市级委办局,枚举:北京市政府网站群“市政府部门”导航 2026-10
gov:kw.beijing.gov.cn,gov,市科委、中关村管委会,http://kw.beijing.gov.cn,kw.beijing.gov.cn,probed-2xx,200,2026-10-03,市级委办局,枚举:北京市政府网站群“市政府部门”导航 2026-10
gov:lsj.beijing.gov.cn,gov,市粮食和储备局,https://lsj.beijing.gov.cn/,lsj.beijing.gov.cn,probed-2xx,200,2026-10-03,市级委办局,枚举:北京市政府网站群“市政府部门”导航 2026-10
gov:mzj.beijing.gov.cn,gov,市民政局,http://mzj.beijing.gov.cn/,mzj.beijing.gov.cn,probed-2xx,200,2026-10-03,市级委办局,枚举:北京市政府网站群“市政府部门”导航 2026-10
gov:mzzjw.beijing.gov.cn,gov,市民族宗教委,http://mzzjw.beijing.gov.cn/,mzzjw.beijing.gov.cn,probed-2xx,200,2026-10-03,市级委办局,枚举:北京市政府网站群“市政府部门”导航 2026-10
gov:nyncj.beijing.gov.cn,gov,市农业农村局,http://nyncj.beijing.gov.cn/,nyncj.beijing.gov.cn,probed-2xx,200,2026-10-03,市级委办局,枚举:北京市政府网站群“市政府部门”导航 2026-10
gov:renda.bjft.gov.cn,gov,丰台区人大,http://renda.bjft.gov.cn/,renda.bjft.gov.cn,probed-2xx,200,2026-10-03,区人大:丰台区,枚举:北京16区门户 2026-10
gov:renda.bjtzh.gov.cn,gov,通州区人大,http://renda.bjtzh.gov.cn/,renda.bjtzh.gov.cn,probed-2xx,200,2026-10-03,区人大:通州区,枚举:北京16区门户 2026-10
gov:rsj.beijing.gov.cn,gov,市人力资源社会保障局,http://rsj.beijing.gov.cn,rsj.beijing.gov.cn,probed-2xx,200,2026-10-03,市级委办局,枚举:北京市政府网站群“市政府部门”导航 2026-10
gov:scjgj.beijing.gov.cn,gov,市市场监管局,http://scjgj.beijing.gov.cn/,scjgj.beijing.gov.cn,probed-2xx,200,2026-10-03,市级委办局,枚举:北京市政府网站群“市政府部门”导航 2026-10
gov:sfj.beijing.gov.cn,gov,市司法局,http://sfj.beijing.gov.cn,sfj.beijing.gov.cn,probed-2xx,200,2026-10-03,市级委办局,枚举:北京市政府网站群“市政府部门”导航 2026-10
gov:sjj.beijing.gov.cn,gov,市审计局,http://sjj.beijing.gov.cn/,sjj.beijing.gov.cn,probed-2xx,200,2026-10-03,市级委办局,枚举:北京市政府网站群“市政府部门”导航 2026-10
gov:sthjj.beijing.gov.cn,gov,市生态环境局,http://sthjj.beijing.gov.cn/,sthjj.beijing.gov.cn,probed-2xx,200,2026-10-03,市级委办局,枚举:北京市政府网站群“市政府部门”导航 2026-10
gov:sw.beijing.gov.cn,gov,市商务局,http://sw.beijing.gov.cn/,sw.beijing.gov.cn,probed-2xx,200,2026-10-03,市级委办局,枚举:北京市政府网站群“市政府部门”导航 2026-10
gov:swj.beijing.gov.cn,gov,市水务局,http://swj.beijing.gov.cn,swj.beijing.gov.cn,probed-2xx,200,2026-10-03,市级委办局,枚举:北京市政府网站群“市政府部门”导航 2026-10
gov:tamgw.beijing.gov.cn,gov,天安门地区管委会,https://tamgw.beijing.gov.cn/,tamgw.beijing.gov.cn,probed-2xx,200,2026-10-03,市级委办局,枚举:北京市政府网站群“市政府部门”导航 2026-10
gov:tjj.beijing.gov.cn,gov,市统计局,http://tjj.beijing.gov.cn/,tjj.beijing.gov.cn,probed-2xx,200,2026-10-03,市级委办局,枚举:北京市政府网站群“市政府部门”导航 2026-10
gov:tyj.beijing.gov.cn,gov,市体育局,http://tyj.beijing.gov.cn/,tyj.beijing.gov.cn,probed-2xx,200,2026-10-03,市级委办局,枚举:北京市政府网站群“市政府部门”导航 2026-10
gov:tyjrswj.beijing.gov.cn,gov,市退役军人事务局,http://tyjrswj.beijing.gov.cn/,tyjrswj.beijing.gov.cn,probed-2xx,200,2026-10-03,市级委办局,枚举:北京市政府网站群“市政府部门”导航 2026-10
gov:wb.beijing.gov.cn,gov,市政府外办,http://wb.beijing.gov.cn,wb.beijing.gov.cn,probed-2xx,200,2026-10-03,市级委办局,枚举:北京市政府网站群“市政府部门”导航 2026-10
gov:whlyj.beijing.gov.cn,gov,市文化和旅游局,http://whlyj.beijing.gov.cn/,whlyj.beijing.gov.cn,probed-2xx,200,2026-10-03,市级委办局,枚举:北京市政府网站群“市政府部门”导航 2026-10
gov:whsczfzd.beijing.gov.cn,gov,市文化市场执法总队,https://whsczfzd.beijing.gov.cn/,whsczfzd.beijing.gov.cn,probed-2xx,200,2026-10-03,市级委办局,枚举:北京市政府网站群“市政府部门”导航 2026-10
gov:wjw.beijing.gov.cn,gov,市卫生健康委,http://wjw.beijing.gov.cn,wjw.beijing.gov.cn,probed-2xx,200,2026-10-03,市级委办局,枚举:北京市政府网站群“市政府部门”导航 2026-10
gov:wwj.beijing.gov.cn,gov,市文物局,http://wwj.beijing.gov.cn/,wwj.beijing.gov.cn,probed-2xx,200,2026-10-03,市级委办局,枚举:北京市政府网站群“市政府部门”导航 2026-10
gov:www.beijing.gov.cn,gov,北京市人民政府,https://www.beijing.gov.cn/,www.beijing.gov.cn,probed-2xx,200,2026-10-03,市政府门户,枚举:北京市政府网站群“市政府部门”导航 2026-10
gov:www.beijing.gov.cn~2,gov,市政府办公厅,http://www.beijing.gov.cn/gongkai/zfxxgk/szfbgt/,www.beijing.gov.cn,probed-2xx,200,2026-10-03,市级委办局,枚举:北京市政府网站群“市政府部门”导航 2026-10
gov:www.beijing.gov.cn~3,gov,市政府参事室,https://www.beijing.gov.cn/gongkai/zfxxgk/szfcss/,www.beijing.gov.cn,probed-2xx,200,2026-10-03,市级委办局,枚举:北京市政府网站群“市政府部门”导航 2026-10
gov:www.bjchp.gov.cn,gov,昌平区人民政府,https://www.bjchp.gov.cn/,www.bjchp.gov.cn,probed-2xx,200,2026-10-03,区门户:昌平区,枚举:北京16区门户 2026-10
gov:www.bjchp.gov.cn~10,gov,区司法局,https://www.bjchp.gov.cn/cpqzf/315734/qsfj/xxgk66/index.html,www.bjchp.gov.cn,probed-2xx,200,2026-10-03,区级部门:昌平区,枚举:北京区网站群机构职能页 2026-10
gov:www.bjchp.gov.cn~11,gov,区财政局,https://www.bjchp.gov.cn/cpqzf/315734/qczj/xxgk4117/index.html,www.bjchp.gov.cn,probed-2xx,200,2026-10-03,区级部门:昌平区,枚举:北京区网站群机构职能页 2026-10
gov:www.bjchp.gov.cn~12,gov,区人力社保局,https://www.bjchp.gov.cn/cpqzf/315734/qrlsbj/xxgk42/index.html,www.bjchp.gov.cn,probed-2xx,200,2026-10-03,区级部门:昌平区,枚举:北京区网站群机构职能页 2026-10
gov:www.bjchp.gov.cn~13,gov,区生态环境局,https://www.bjchp.gov.cn/cpqzf/315734/qhbj/xxgk336/index.html,www.bjchp.gov.cn,probed-2xx,200,2026-10-03,区级部门:昌平区,枚举:北京区网站群机构职能页 2026-10
gov:www.bjchp.gov.cn~14,gov,区城市管理委,https://www.bjchp.gov.cn/cpqzf/315734/qszsrw/xxgk33/index.html,www.bjchp.gov.cn,probed-2xx,200,2026-10-03,区级部门:昌平区,枚举:北京区网站群机构职能页 2026-10
gov:www.bjchp.gov.cn~15,gov,区交通局,https://www.bjchp.gov.cn/cpqzf/315734/qjtj/xxgk20/index.html,www.bjchp.gov.cn,probed-2xx,200,2026-10-03,区级部门:昌平区,枚举:北京区网站群机构职能页 2026-10
gov:www.bjchp.gov.cn~16,gov,区水务局,https://www.bjchp.gov.cn/cpqzf/315734/qswj/xxgk86/index.html,www.bjchp.gov.cn,probed-2xx,200,2026-10-03,区级部门:昌平区,枚举:北京区网站群机构职能页 2026-10
gov:www.bjchp.gov.cn~17,gov,区农业农村局,https://www.bjchp.gov.cn/cpqzf/315734/qnyj/xxgk94/index.html,www.bjchp.gov.cn,probed-2xx,200,2026-10-03,区级部门:昌平区,枚举:北京区网站群机构职能页 2026-10
gov:www.bjchp.gov.cn~18,gov,区商务局,https://www.bjchp.gov.cn/cpqzf/315734/qsww/xxgk18/index.html,www.bjchp.gov.cn,probed-2xx,200,2026-10-03,区级部门:昌平区,枚举:北京区网站群机构职能页 2026-10
gov:www.bjchp.gov.cn~19,gov,区文化旅游局,https://www.bjchp.gov.cn/cpqzf/315734/qwhw/xxgk59/index.html,www.bjchp.gov.cn,probed-2xx,200,2026-10-03,区级部门:昌平区,枚举:北京区网站群机构职能页 2026-10
gov:www.bjchp.gov.cn~2,gov,专题中心,https://www.bjchp.gov.cn/cpqzf/ztzl/index.html,www.bjchp.gov.cn,probed-2xx,200,2026-10-03,区级部门:昌平区,枚举:北京区网站群机构职能页 2026-10
gov:www.bjchp.gov.cn~20,gov,区卫生健康委,https://www.bjchp.gov.cn/cpqzf/315734/qwjw/xxgk36/index.html,www.bjchp.gov.cn,probed-2xx,200,2026-10-03,区级部门:昌平区,枚举:北京区网站群机构职能页 2026-10
gov:www.bjchp.gov.cn~21,gov,区退役军人事务局,https://www.bjchp.gov.cn/cpqzf/315734/tyjrswj/4958994/index.html,www.bjchp.gov.cn,probed-2xx,200,2026-10-03,区级部门:昌平区,枚举:北京区网站群机构职能页 2026-10
gov:www.bjchp.gov.cn~22,gov,区应急局,https://www.bjchp.gov.cn/cpqzf/315734/qaqjgj/xxgk64/index.html,www.bjchp.gov.cn,probed-2xx,200,2026-10-03,区级部门:昌平区,枚举:北京区网站群机构职能页 2026-10
gov:www.bjchp.gov.cn~23,gov,区市场监管局,https://www.bjchp.gov.cn/cpqzf/315734/scjgj/4959012/index.html,www.bjchp.gov.cn,probed-2xx,200,2026-10-03,区级部门:昌平区,枚举:北京区网站群机构职能页 2026-10
gov:www.bjchp.gov.cn~24,gov,区审计局,https://www.bjchp.gov.cn/cpqzf/315734/qsjj/xxgk93/index.html,www.bjchp.gov.cn,probed-2xx,200,2026-10-03,区级部门:昌平区,枚举:北京区网站群机构职能页 2026-10
gov:www.bjchp.gov.cn~25,gov,区政府外事办,https://www.bjchp.gov.cn/cpqzf/315734/qzfwsqwb/xxgk69/index.html,www.bjchp.gov.cn,probed-2xx,200,2026-10-03,区级部门:昌平区,枚举:北京区网站群机构职能页 2026-10
gov:www.bjchp.gov.cn~26,gov,区国资委,https://www.bjchp.gov.cn/cpqzf/315734/qgzw/xxgk871/index.html,www.bjchp.gov.cn,probed-2xx,200,2026-10-03,区级部门:昌平区,枚举:北京区网站群机构职能页 2026-10
gov:www.bjchp.gov.cn~27,gov,区体育局,https://www.bjchp.gov.cn/cpqzf/315734/qtyj/xxgk37/index.html,www.bjchp.gov.cn,probed-2xx,200,2026-10-03,区级部门:昌平区,枚举:北京区网站群机构职能页 2026-10
gov:www.bjchp.gov.cn~28,gov,区统计局,https://www.bjchp.gov.cn/cpqzf/315734/qtjj/xxgk12/index.html,www.bjchp.gov.cn,probed-2xx,200,2026-10-03,区级部门:昌平区,枚举:北京区网站群机构职能页 2026-10
gov:www.bjchp.gov.cn~29,gov,区园林绿化局,https://www.bjchp.gov.cn/cpqzf/315734/qyllhj/xxgk63/index.html,www.bjchp.gov.cn,probed-2xx,200,2026-10-03,区级部门:昌平区,枚举:北京区网站群机构职能页 2026-10
gov:www.bjchp.gov.cn~3,gov,政务服务中心,https://www.bjchp.gov.cn/cpqzf/bsfw54/zwfwzx/index.html,www.bjchp.gov.cn,probed-2xx,200,2026-10-03,区级部门:昌平区,枚举:北京区网站群机构职能页 2026-10
gov:www.bjchp.gov.cn~30,gov,区政务和数据局,https://www.bjchp.gov.cn/cpqzf/315734/qzhxzfwzx/xxgk77/index.html,www.bjchp.gov.cn,probed-2xx,200,2026-10-03,区级部门:昌平区,枚举:北京区网站群机构职能页 2026-10
gov:www.bjchp.gov.cn~31,gov,区国动办,https://www.bjchp.gov.cn/cpqzf/315734/qmfj/xxgk60/index.html,www.bjchp.gov.cn,probed-2xx,200,2026-10-03,区级部门:昌平区,枚举:北京区网站群机构职能页 2026-10
gov:www.bjchp.gov.cn~32,gov,城北街道,https://www.bjchp.gov.cn/cpqzf/zj/cbjd/xxgk/index.html,www.bjchp.gov.cn,probed-2xx,200,2026-10-03,街乡镇:昌平区,枚举:北京区网街乡镇导航页 2026-10
gov:www.bjchp.gov.cn~33,gov,城南街道,https://www.bjchp.gov.cn/cpqzf/zj/cnjd/xxgk38/index.html,www.bjchp.gov.cn,probed-2xx,200,2026-10-03,街乡镇:昌平区,枚举:北京区网街乡镇导航页 2026-10
gov:www.bjchp.gov.cn~34,gov,天通苑北街道,https://www.bjchp.gov.cn/cpqzf/zj/ttybjd/xxgk8/index.html,www.bjchp.gov.cn,probed-2xx,200,2026-10-03,街乡镇:昌平区,枚举:北京区网街乡镇导航页 2026-10
gov:www.bjchp.gov.cn~35,gov,天通苑南街道,https://www.bjchp.gov.cn/cpqzf/zj/ttynjd/xxgk51/index.html,www.bjchp.gov.cn,probed-2xx,200,2026-10-03,街乡镇:昌平区,枚举:北京区网街乡镇导航页 2026-10
gov:www.bjchp.gov.cn~36,gov,霍营街道,https://www.bjchp.gov.cn/cpqzf/zj/hyjd/xxgk95/index.html,www.bjchp.gov.cn,probed-2xx,200,2026-10-03,街乡镇:昌平区,枚举:北京区网街乡镇导航页 2026-10
gov:www.bjchp.gov.cn~37,gov,回龙观街道,https://www.bjchp.gov.cn/cpqzf/zj/hlgjd/4959025/index.html,www.bjchp.gov.cn,probed-2xx,200,2026-10-03,街乡镇:昌平区,枚举:北京区网街乡镇导航页 2026-10
gov:www.bjchp.gov.cn~38,gov,龙泽园街道,https://www.bjchp.gov.cn/cpqzf/zj/lzyjd/4959023/index.html,www.bjchp.gov.cn,probed-2xx,200,2026-10-03,街乡镇:昌平区,枚举:北京区网街乡镇导航页 2026-10
gov:www.bjchp.gov.cn~39,gov,史各庄街道,https://www.bjchp.gov.cn/cpqzf/zj/sgzjd/4959027/index.html,www.bjchp.gov.cn,probed-2xx,200,2026-10-03,街乡镇:昌平区,枚举:北京区网街乡镇导航页 2026-10
gov:www.bjchp.gov.cn~4,gov,区政府办,https://www.bjchp.gov.cn/cpqzf/315734/1012559/1012560/index.html,www.bjchp.gov.cn,probed-2xx,200,2026-10-03,区级部门:昌平区,枚举:北京区网站群机构职能页 2026-10
gov:www.bjchp.gov.cn~40,gov,阳坊镇,https://www.bjchp.gov.cn/cpqzf/zj/yfz/xxgk4486/index.html,www.bjchp.gov.cn,probed-2xx,200,2026-10-03,街乡镇:昌平区,枚举:北京区网街乡镇导航页 2026-10
gov:www.bjchp.gov.cn~41,gov,小汤山镇,https://www.bjchp.gov.cn/cpqzf/zj/xtsz/xxgk41/index.html,www.bjchp.gov.cn,probed-2xx,200,2026-10-03,街乡镇:昌平区,枚举:北京区网街乡镇导航页 2026-10
gov:www.bjchp.gov.cn~42,gov,南邵镇,https://www.bjchp.gov.cn/cpqzf/zj/nsz/xxgk3883/index.html,www.bjchp.gov.cn,probed-2xx,200,2026-10-03,街乡镇:昌平区,枚举:北京区网街乡镇导航页 2026-10
gov:www.bjchp.gov.cn~43,gov,崔村镇,https://www.bjchp.gov.cn/cpqzf/zj/ccz/xxgk7/index.html,www.bjchp.gov.cn,probed-2xx,200,2026-10-03,街乡镇:昌平区,枚举:北京区网街乡镇导航页 2026-10
gov:www.bjchp.gov.cn~44,gov,百善镇,https://www.bjchp.gov.cn/cpqzf/zj/bsz/xxgk23/index.html,www.bjchp.gov.cn,probed-2xx,200,2026-10-03,街乡镇:昌平区,枚举:北京区网街乡镇导航页 2026-10
gov:www.bjchp.gov.cn~45,gov,北七家镇,https://www.bjchp.gov.cn/cpqzf/zj/bqjz/xxgk26/index.html,www.bjchp.gov.cn,probed-2xx,200,2026-10-03,街乡镇:昌平区,枚举:北京区网街乡镇导航页 2026-10
gov:www.bjchp.gov.cn~46,gov,兴寿镇,https://www.bjchp.gov.cn/cpqzf/zj/xsz/xxgk0/index.html,www.bjchp.gov.cn,probed-2xx,200,2026-10-03,街乡镇:昌平区,枚举:北京区网街乡镇导航页 2026-10
gov:www.bjchp.gov.cn~47,gov,流村镇,https://www.bjchp.gov.cn/cpqzf/zj/lcz/xxgk43/index.html,www.bjchp.gov.cn,probed-2xx,200,2026-10-03,街乡镇:昌平区,枚举:北京区网街乡镇导航页 2026-10
gov:www.bjchp.gov.cn~48,gov,十三陵镇,https://www.bjchp.gov.cn/cpqzf/zj/sslz/xxgk6/index.html,www.bjchp.gov.cn,probed-2xx,200,2026-10-03,街乡镇:昌平区,枚举:北京区网街乡镇导航页 2026-10
gov:www.bjchp.gov.cn~49,gov,延寿镇,https://www.bjchp.gov.cn/cpqzf/zj/ysz/xxgk61/index.html,www.bjchp.gov.cn,probed-2xx,200,2026-10-03,街乡镇:昌平区,枚举:北京区网街乡镇导航页 2026-10
gov:www.bjchp.gov.cn~5,gov,区发展改革委,https://www.bjchp.gov.cn/cpqzf/315734/qfzggw/xxgk28/index.html,www.bjchp.gov.cn,probed-2xx,200,2026-10-03,区级部门:昌平区,枚举:北京区网站群机构职能页 2026-10
gov:www.bjchp.gov.cn~50,gov,南口镇（南口地区）,https://www.bjchp.gov.cn/cpqzf/zj/nkz/xxgk44/index.html,www.bjchp.gov.cn,probed-2xx,200,2026-10-03,街乡镇:昌平区,枚举:北京区网街乡镇导航页 2026-10
gov:www.bjchp.gov.cn~51,gov,马池口镇（马池口地区）,https://www.bjchp.gov.cn/cpqzf/zj/mckz/xxgk65/index.html,www.bjchp.gov.cn,probed-2xx,200,2026-10-03,街乡镇:昌平区,枚举:北京区网街乡镇导航页 2026-10
gov:www.bjchp.gov.cn~52,gov,沙河镇（沙河地区）,https://www.bjchp.gov.cn/cpqzf/zj/shz/xxgk13/index.html,www.bjchp.gov.cn,probed-2xx,200,2026-10-03,街乡镇:昌平区,枚举:北京区网街乡镇导航页 2026-10
gov:www.bjchp.gov.cn~53,gov,东小口镇（东小口地区）,https://www.bjchp.gov.cn/cpqzf/zj/dxkz/xxgk55/index.html,www.bjchp.gov.cn,probed-2xx,200,2026-10-03,街乡镇:昌平区,枚举:北京区网街乡镇导航页 2026-10
gov:www.bjchp.gov.cn~6,gov,区教委,https://www.bjchp.gov.cn/cpqzf/315734/qjw53/xxgk887/index.html,www.bjchp.gov.cn,probed-2xx,200,2026-10-03,区级部门:昌平区,枚举:北京区网站群机构职能页 2026-10
gov:www.bjchp.gov.cn~7,gov,区科委,https://www.bjchp.gov.cn/cpqzf/315734/qkw/xxgk2317/index.html,www.bjchp.gov.cn,probed-2xx,200,2026-10-03,区级部门:昌平区,枚举:北京区网站群机构职能页 2026-10
gov:www.bjchp.gov.cn~8,gov,区经信局,https://www.bjchp.gov.cn/cpqzf/315734/qjxw/xxgk88/index.html,www.bjchp.gov.cn,probed-2xx,200,2026-10-03,区级部门:昌平区,枚举:北京区网站群机构职能页 2026-10
gov:www.bjchp.gov.cn~9,gov,区民政局,https://www.bjchp.gov.cn/cpqzf/315734/qmzj/xxgk82/index.html,www.bjchp.gov.cn,probed-2xx,200,2026-10-03,区级部门:昌平区,枚举:北京区网站群机构职能页 2026-10
gov:www.bjchy.gov.cn,gov,朝阳区人民政府,http://www.bjchy.gov.cn/,www.bjchy.gov.cn,probed-2xx,200,2026-10-03,区门户:朝阳区,枚举:北京16区门户 2026-10
gov:www.bjchy.gov.cn~10,gov,区房管局,http://www.bjchy.gov.cn/affair/govintro/depIndex_hbdw.html?depId=40288384234f082401234f1a9a41000d,www.bjchy.gov.cn,probed-2xx,200,2026-10-03,区级部门:朝阳区,枚举:北京区网站群机构职能页 2026-10
gov:www.bjchy.gov.cn~11,gov,区城市管理委,http://www.bjchy.gov.cn/affair/govintro/depIndex_hbdw.html?depId=402883c2653629170165f5db65dd00f3,www.bjchy.gov.cn,probed-2xx,200,2026-10-03,区级部门:朝阳区,枚举:北京区网站群机构职能页 2026-10
gov:www.bjchy.gov.cn~12,gov,区水务局,http://www.bjchy.gov.cn/affair/govintro/depIndex_hbdw.html?depId=4028838421d2f6d00121e23d29390023,www.bjchy.gov.cn,probed-2xx,200,2026-10-03,区级部门:朝阳区,枚举:北京区网站群机构职能页 2026-10
gov:www.bjchy.gov.cn~13,gov,区农业农村局,http://www.bjchy.gov.cn/affair/govintro/depIndex_hbdw.html?depId=8a24fe8369c12b060169c233fff300eb,www.bjchy.gov.cn,probed-2xx,200,2026-10-03,区级部门:朝阳区,枚举:北京区网站群机构职能页 2026-10
gov:www.bjchy.gov.cn~14,gov,区商务局,http://www.bjchy.gov.cn/affair/govintro/depIndex_hbdw.html?depId=8a24fe8369c12b060169c23447a600ed,www.bjchy.gov.cn,probed-2xx,200,2026-10-03,区级部门:朝阳区,枚举:北京区网站群机构职能页 2026-10
gov:www.bjchy.gov.cn~15,gov,区文化和旅游局,http://www.bjchy.gov.cn/affair/govintro/depIndex_hbdw.html?depId=8a24fe8369c12b060169c2348a6800ef,www.bjchy.gov.cn,probed-2xx,200,2026-10-03,区级部门:朝阳区,枚举:北京区网站群机构职能页 2026-10
gov:www.bjchy.gov.cn~16,gov,区卫生健康委,http://www.bjchy.gov.cn/affair/govintro/depIndex_hbdw.html?depId=8a24fe8369c12b060169c234c15400f1,www.bjchy.gov.cn,probed-2xx,200,2026-10-03,区级部门:朝阳区,枚举:北京区网站群机构职能页 2026-10
gov:www.bjchy.gov.cn~17,gov,区退役军人局,http://www.bjchy.gov.cn/affair/govintro/depIndex_hbdw.html?depId=8a24fe8369c12b060169c234f6d800f3,www.bjchy.gov.cn,probed-2xx,200,2026-10-03,区级部门:朝阳区,枚举:北京区网站群机构职能页 2026-10
gov:www.bjchy.gov.cn~18,gov,区应急局,http://www.bjchy.gov.cn/affair/govintro/depIndex_hbdw.html?depId=8a24fe8369c12b060169c23541f600f5,www.bjchy.gov.cn,probed-2xx,200,2026-10-03,区级部门:朝阳区,枚举:北京区网站群机构职能页 2026-10
gov:www.bjchy.gov.cn~19,gov,区市场监管局,http://www.bjchy.gov.cn/affair/govintro/depIndex_hbdw.html?depId=402883c26936af6d01694bc90058001e,www.bjchy.gov.cn,probed-2xx,200,2026-10-03,区级部门:朝阳区,枚举:北京区网站群机构职能页 2026-10
gov:www.bjchy.gov.cn~2,gov,区发展改革委,http://www.bjchy.gov.cn/affair/govintro/depIndex_hbdw.html?depId=4028838421d2f6d00121e22d3741000e,www.bjchy.gov.cn,probed-2xx,200,2026-10-03,区级部门:朝阳区,枚举:北京区网站群机构职能页 2026-10
gov:www.bjchy.gov.cn~20,gov,区审计局,http://www.bjchy.gov.cn/affair/govintro/depIndex_hbdw.html?depId=8a24fe833869acf80138d73fea2406a5,www.bjchy.gov.cn,probed-2xx,200,2026-10-03,区级部门:朝阳区,枚举:北京区网站群机构职能页 2026-10
gov:www.bjchy.gov.cn~21,gov,区政府外办,http://www.bjchy.gov.cn/affair/govintro/depIndex_hbdw.html?depId=8a24fe8369c12b060169c2358f3800f7,www.bjchy.gov.cn,probed-2xx,200,2026-10-03,区级部门:朝阳区,枚举:北京区网站群机构职能页 2026-10
gov:www.bjchy.gov.cn~22,gov,区国资委,http://www.bjchy.gov.cn/affair/govintro/depIndex_hbdw.html?depId=8a24fe833869acf80138dc3e450d0f52,www.bjchy.gov.cn,probed-2xx,200,2026-10-03,区级部门:朝阳区,枚举:北京区网站群机构职能页 2026-10
gov:www.bjchy.gov.cn~23,gov,区体育局,http://www.bjchy.gov.cn/affair/govintro/depIndex_hbdw.html?depId=4028838421d2f6d00121e23fbdee002f,www.bjchy.gov.cn,probed-2xx,200,2026-10-03,区级部门:朝阳区,枚举:北京区网站群机构职能页 2026-10
gov:www.bjchy.gov.cn~24,gov,区统计局,http://www.bjchy.gov.cn/affair/govintro/depIndex_hbdw.html?depId=4028838421d2f6d00121e23ff1810030,www.bjchy.gov.cn,probed-2xx,200,2026-10-03,区级部门:朝阳区,枚举:北京区网站群机构职能页 2026-10
gov:www.bjchy.gov.cn~25,gov,区园林绿化局,http://www.bjchy.gov.cn/affair/govintro/depIndex_hbdw.html?depId=4028838421d2f6d00121e24018530031,www.bjchy.gov.cn,probed-2xx,200,2026-10-03,区级部门:朝阳区,枚举:北京区网站群机构职能页 2026-10
gov:www.bjchy.gov.cn~26,gov,区政务服务局,http://www.bjchy.gov.cn/affair/govintro/depIndex_hbdw.html?depId=8a24fe8369c12b060169c2366c4d0100,www.bjchy.gov.cn,probed-2xx,200,2026-10-03,区级部门:朝阳区,枚举:北京区网站群机构职能页 2026-10
gov:www.bjchy.gov.cn~27,gov,区国动办,http://www.bjchy.gov.cn/affair/govintro/depIndex_hbdw.html?depId=8a24fe8369c12b060169c235df8600fa,www.bjchy.gov.cn,probed-2xx,200,2026-10-03,区级部门:朝阳区,枚举:北京区网站群机构职能页 2026-10
gov:www.bjchy.gov.cn~28,gov,区信访办,http://www.bjchy.gov.cn/affair/govintro/depIndex_hbdw.html?depId=402883c2653629170165f5da36ec00e9,www.bjchy.gov.cn,probed-2xx,200,2026-10-03,区级部门:朝阳区,枚举:北京区网站群机构职能页 2026-10
gov:www.bjchy.gov.cn~29,gov,区医保局,http://www.bjchy.gov.cn/affair/govintro/depIndex_hbdw.html?depId=8a24fe8369c12b060169c23630af00fd,www.bjchy.gov.cn,probed-2xx,200,2026-10-03,区级部门:朝阳区,枚举:北京区网站群机构职能页 2026-10
gov:www.bjchy.gov.cn~3,gov,区教委,http://www.bjchy.gov.cn/affair/govintro/depIndex_hbdw.html?depId=4028838421d2f6d00121e22d9a41000f,www.bjchy.gov.cn,probed-2xx,200,2026-10-03,区级部门:朝阳区,枚举:北京区网站群机构职能页 2026-10
gov:www.bjchy.gov.cn~30,gov,文创实验区管委会,http://www.bjchy.gov.cn/affair/govintro/depIndex_hbdw.html?depId=8a24fe8368726da70168739c869603b0,www.bjchy.gov.cn,probed-2xx,200,2026-10-03,区级部门:朝阳区,枚举:北京区网站群机构职能页 2026-10
gov:www.bjchy.gov.cn~31,gov,奥林匹克中心区管委会,http://www.bjchy.gov.cn/affair/govintro/depIndex_hbdw.html?depId=402883c2653629170165f5d9e23c00e5,www.bjchy.gov.cn,probed-2xx,200,2026-10-03,区级部门:朝阳区,枚举:北京区网站群机构职能页 2026-10
gov:www.bjchy.gov.cn~32,gov,建外街道,http://www.bjchy.gov.cn/affair/govintro/depIndex_hbdw.html?depId=8a24f09a294a323b012ac20ff0401ffd,www.bjchy.gov.cn,probed-2xx,200,2026-10-03,街乡镇:朝阳区,枚举:北京区网街乡镇导航页 2026-10
gov:www.bjchy.gov.cn~33,gov,朝外街道,http://www.bjchy.gov.cn/affair/govintro/depIndex_hbdw.html?depId=8a24f09a294a323b012ac20c34031ff2,www.bjchy.gov.cn,probed-2xx,200,2026-10-03,街乡镇:朝阳区,枚举:北京区网街乡镇导航页 2026-10
gov:www.bjchy.gov.cn~34,gov,呼家楼街道,http://www.bjchy.gov.cn/affair/govintro/depIndex_hbdw.html?depId=8a24f09a294a323b012ac20fb8d51ffc,www.bjchy.gov.cn,probed-2xx,200,2026-10-03,街乡镇:朝阳区,枚举:北京区网街乡镇导航页 2026-10
gov:www.bjchy.gov.cn~35,gov,三里屯街道,http://www.bjchy.gov.cn/affair/govintro/depIndex_hbdw.html?depId=8a24f09a294a323b012ac21106732001,www.bjchy.gov.cn,probed-2xx,200,2026-10-03,街乡镇:朝阳区,枚举:北京区网街乡镇导航页 2026-10
gov:www.bjchy.gov.cn~36,gov,左家庄街道,http://www.bjchy.gov.cn/affair/govintro/depIndex_hbdw.html?depId=8a24f09a294a323b012ac213277e2009,www.bjchy.gov.cn,probed-2xx,200,2026-10-03,街乡镇:朝阳区,枚举:北京区网街乡镇导航页 2026-10
gov:www.bjchy.gov.cn~37,gov,香河园街道,http://www.bjchy.gov.cn/affair/govintro/depIndex_hbdw.html?depId=8a24f09a294a323b012ac2123f222006,www.bjchy.gov.cn,probed-2xx,200,2026-10-03,街乡镇:朝阳区,枚举:北京区网街乡镇导航页 2026-10
gov:www.bjchy.gov.cn~38,gov,和平街街道,http://www.bjchy.gov.cn/affair/govintro/depIndex_hbdw.html?depId=8a24f09a294a323b012ac21138122002,www.bjchy.gov.cn,probed-2xx,200,2026-10-03,街乡镇:朝阳区,枚举:北京区网街乡镇导航页 2026-10
gov:www.bjchy.gov.cn~39,gov,安贞街道,http://www.bjchy.gov.cn/affair/govintro/depIndex_hbdw.html?depId=8a24f09a294a323b012ac21088981fff,www.bjchy.gov.cn,probed-2xx,200,2026-10-03,街乡镇:朝阳区,枚举:北京区网街乡镇导航页 2026-10
gov:www.bjchy.gov.cn~4,gov,区数据局,http://www.bjchy.gov.cn/affair/govintro/depIndex_hbdw.html?depId=4028805a90ea0a800191016156cb0a3e,www.bjchy.gov.cn,probed-2xx,200,2026-10-03,区级部门:朝阳区,枚举:北京区网站群机构职能页 2026-10
gov:www.bjchy.gov.cn~40,gov,亚运村街道,http://www.bjchy.gov.cn/affair/govintro/depIndex_hbdw.html?depId=8a24f09a294a323b012ac210d1c72000,www.bjchy.gov.cn,probed-2xx,200,2026-10-03,街乡镇:朝阳区,枚举:北京区网街乡镇导航页 2026-10
gov:www.bjchy.gov.cn~41,gov,小关街道,http://www.bjchy.gov.cn/affair/govintro/depIndex_hbdw.html?depId=8a24f09a294a323b012ac20f2a7f1ff9,www.bjchy.gov.cn,probed-2xx,200,2026-10-03,街乡镇:朝阳区,枚举:北京区网街乡镇导航页 2026-10
gov:www.bjchy.gov.cn~42,gov,酒仙桥街道,http://www.bjchy.gov.cn/affair/govintro/depIndex_hbdw.html?depId=8a24f09a294a323b012ac20dfe631ff7,www.bjchy.gov.cn,probed-2xx,200,2026-10-03,街乡镇:朝阳区,枚举:北京区网街乡镇导航页 2026-10
gov:www.bjchy.gov.cn~43,gov,麦子店街道,http://www.bjchy.gov.cn/affair/govintro/depIndex_hbdw.html?depId=8a24f09a294a323b012ac211751b2003,www.bjchy.gov.cn,probed-2xx,200,2026-10-03,街乡镇:朝阳区,枚举:北京区网街乡镇导航页 2026-10
gov:www.bjchy.gov.cn~44,gov,团结湖街道,http://www.bjchy.gov.cn/affair/govintro/depIndex_hbdw.html?depId=8a24f09a294a323b012ac20db3fc1ff6,www.bjchy.gov.cn,probed-2xx,200,2026-10-03,街乡镇:朝阳区,枚举:北京区网街乡镇导航页 2026-10
gov:www.bjchy.gov.cn~45,gov,六里屯街道,http://www.bjchy.gov.cn/affair/govintro/depIndex_hbdw.html?depId=8a24f09a294a323b012ac21046211ffe,www.bjchy.gov.cn,probed-2xx,200,2026-10-03,街乡镇:朝阳区,枚举:北京区网街乡镇导航页 2026-10
gov:www.bjchy.gov.cn~46,gov,八里庄街道,http://www.bjchy.gov.cn/affair/govintro/depIndex_hbdw.html?depId=8a24f09a294a323b012ac20d47871ff4,www.bjchy.gov.cn,probed-2xx,200,2026-10-03,街乡镇:朝阳区,枚举:北京区网街乡镇导航页 2026-10
gov:www.bjchy.gov.cn~47,gov,双井街道,http://www.bjchy.gov.cn/affair/govintro/depIndex_hbdw.html?depId=8a24f09a294a323b012ac20e37c31ff8,www.bjchy.gov.cn,probed-2xx,200,2026-10-03,街乡镇:朝阳区,枚举:北京区网街乡镇导航页 2026-10
gov:www.bjchy.gov.cn~48,gov,劲松街道,http://www.bjchy.gov.cn/affair/govintro/depIndex_hbdw.html?depId=8a24f09a294a323b012ac20f6fd51ffa,www.bjchy.gov.cn,probed-2xx,200,2026-10-03,街乡镇:朝阳区,枚举:北京区网街乡镇导航页 2026-10
gov:www.bjchy.gov.cn~49,gov,潘家园街道,http://www.bjchy.gov.cn/affair/govintro/depIndex_hbdw.html?depId=8a24f09a294a323b012ac212a6292008,www.bjchy.gov.cn,probed-2xx,200,2026-10-03,街乡镇:朝阳区,枚举:北京区网街乡镇导航页 2026-10
gov:www.bjchy.gov.cn~5,gov,区民政局,http://www.bjchy.gov.cn/affair/govintro/depIndex_hbdw.html?depId=4028838421d2f6d00121e2367b920018,www.bjchy.gov.cn,probed-2xx,200,2026-10-03,区级部门:朝阳区,枚举:北京区网站群机构职能页 2026-10
gov:www.bjchy.gov.cn~50,gov,垡头街道,http://www.bjchy.gov.cn/affair/govintro/depIndex_hbdw.html?depId=8a24f09a294a323b012ac212715d2007,www.bjchy.gov.cn,probed-2xx,200,2026-10-03,街乡镇:朝阳区,枚举:北京区网街乡镇导航页 2026-10
gov:www.bjchy.gov.cn~51,gov,大屯街道,http://www.bjchy.gov.cn/affair/govintro/depIndex_hbdw.html?depId=8a24f09a294a323b012ac20c59cb1ff3,www.bjchy.gov.cn,probed-2xx,200,2026-10-03,街乡镇:朝阳区,枚举:北京区网街乡镇导航页 2026-10
gov:www.bjchy.gov.cn~52,gov,望京街道,http://www.bjchy.gov.cn/affair/govintro/depIndex_hbdw.html?depId=8a24f09a294a323b012ac211ee622005,www.bjchy.gov.cn,probed-2xx,200,2026-10-03,街乡镇:朝阳区,枚举:北京区网街乡镇导航页 2026-10
gov:www.bjchy.gov.cn~53,gov,奥运村街道,http://www.bjchy.gov.cn/affair/govintro/depIndex_hbdw.html?depId=8a24f09a294a323b012ac205ea171fe5,www.bjchy.gov.cn,probed-2xx,200,2026-10-03,街乡镇:朝阳区,枚举:北京区网街乡镇导航页 2026-10
gov:www.bjchy.gov.cn~54,gov,首都机场街道,http://www.bjchy.gov.cn/affair/govintro/depIndex_hbdw.html?depId=8a24f09a294a323b012ac20d877e1ff5,www.bjchy.gov.cn,probed-2xx,200,2026-10-03,街乡镇:朝阳区,枚举:北京区网街乡镇导航页 2026-10
gov:www.bjchy.gov.cn~55,gov,东湖街道,http://www.bjchy.gov.cn/affair/govintro/depIndex_hbdw.html?depId=8a24f09a294a323b012ac211a8702004,www.bjchy.gov.cn,probed-2xx,200,2026-10-03,街乡镇:朝阳区,枚举:北京区网街乡镇导航页 2026-10
gov:www.bjchy.gov.cn~56,gov,南磨房乡（南磨房地区）,http://www.bjchy.gov.cn/affair/govintro/depIndex_hbdw.html?depId=8a24f09a294a323b012ac204c5ea1fe0,www.bjchy.gov.cn,probed-2xx,200,2026-10-03,街乡镇:朝阳区,枚举:北京区网街乡镇导航页 2026-10
gov:www.bjchy.gov.cn~57,gov,高碑店乡（高碑店地区）,http://www.bjchy.gov.cn/affair/govintro/depIndex_hbdw.html?depId=8a24f09a294a323b012ac20aebe31ff0,www.bjchy.gov.cn,probed-2xx,200,2026-10-03,街乡镇:朝阳区,枚举:北京区网街乡镇导航页 2026-10
gov:www.bjchy.gov.cn~58,gov,将台乡（将台地区）,http://www.bjchy.gov.cn/affair/govintro/depIndex_hbdw.html?depId=8a24f09a294a323b012ac20688a81fe8,www.bjchy.gov.cn,probed-2xx,200,2026-10-03,街乡镇:朝阳区,枚举:北京区网街乡镇导航页 2026-10
gov:www.bjchy.gov.cn~59,gov,太阳宫乡（太阳宫地区）,http://www.bjchy.gov.cn/affair/govintro/depIndex_hbdw.html?depId=8a24f09a294a323b012ac20511e71fe1,www.bjchy.gov.cn,probed-2xx,200,2026-10-03,街乡镇:朝阳区,枚举:北京区网街乡镇导航页 2026-10
gov:www.bjchy.gov.cn~6,gov,区司法局,http://www.bjchy.gov.cn/affair/govintro/depIndex_hbdw.html?depId=4028838421d2f6d00121e23972c90019,www.bjchy.gov.cn,probed-2xx,200,2026-10-03,区级部门:朝阳区,枚举:北京区网站群机构职能页 2026-10
gov:www.bjchy.gov.cn~60,gov,小红门乡（小红门地区）,http://www.bjchy.gov.cn/affair/govintro/depIndex_hbdw.html?depId=8a24f09a294a323b012ac20141381fd9,www.bjchy.gov.cn,probed-2xx,200,2026-10-03,街乡镇:朝阳区,枚举:北京区网街乡镇导航页 2026-10
gov:www.bjchy.gov.cn~61,gov,十八里店乡（十八里店地区）,http://www.bjchy.gov.cn/affair/govintro/depIndex_hbdw.html?depId=8a24f09a294a323b012ac201ad111fda,www.bjchy.gov.cn,probed-2xx,200,2026-10-03,街乡镇:朝阳区,枚举:北京区网街乡镇导航页 2026-10
gov:www.bjchy.gov.cn~62,gov,平房乡（平房地区）,http://www.bjchy.gov.cn/affair/govintro/depIndex_hbdw.html?depId=8a24f09a294a323b012ac2099de71fed,www.bjchy.gov.cn,probed-2xx,200,2026-10-03,街乡镇:朝阳区,枚举:北京区网街乡镇导航页 2026-10
gov:www.bjchy.gov.cn~63,gov,东风乡（东风地区）,http://www.bjchy.gov.cn/affair/govintro/depIndex_hbdw.html?depId=8a24f09a294a323b012ac20558081fe2,www.bjchy.gov.cn,probed-2xx,200,2026-10-03,街乡镇:朝阳区,枚举:北京区网街乡镇导航页 2026-10
gov:www.bjchy.gov.cn~64,gov,来广营乡（来广营地区）,http://www.bjchy.gov.cn/affair/govintro/depIndex_hbdw.html?depId=8a24f09a294a323b012ac203471a1fdd,www.bjchy.gov.cn,probed-2xx,200,2026-10-03,街乡镇:朝阳区,枚举:北京区网街乡镇导航页 2026-10
gov:www.bjchy.gov.cn~65,gov,常营回族乡（常营地区）,http://www.bjchy.gov.cn/affair/govintro/depIndex_hbdw.html?depId=8a24f09a294a323b012ac2063d961fe7,www.bjchy.gov.cn,probed-2xx,200,2026-10-03,街乡镇:朝阳区,枚举:北京区网街乡镇导航页 2026-10
gov:www.bjchy.gov.cn~66,gov,三间房乡（三间房地区）,http://www.bjchy.gov.cn/affair/govintro/depIndex_hbdw.html?depId=8a24f09a294a323b012ac2008b551fd7,www.bjchy.gov.cn,probed-2xx,200,2026-10-03,街乡镇:朝阳区,枚举:北京区网街乡镇导航页 2026-10
gov:www.bjchy.gov.cn~67,gov,管庄乡（管庄地区）,http://www.bjchy.gov.cn/affair/govintro/depIndex_hbdw.html?depId=8a24f09a294a323b012ac20113b01fd8,www.bjchy.gov.cn,probed-2xx,200,2026-10-03,街乡镇:朝阳区,枚举:北京区网街乡镇导航页 2026-10
gov:www.bjchy.gov.cn~68,gov,金盏乡（金盏地区）,http://www.bjchy.gov.cn/affair/govintro/depIndex_hbdw.html?depId=8a24f09a294a323b012ac209d4c61fef,www.bjchy.gov.cn,probed-2xx,200,2026-10-03,街乡镇:朝阳区,枚举:北京区网街乡镇导航页 2026-10
gov:www.bjchy.gov.cn~69,gov,孙河乡（孙河地区）,http://www.bjchy.gov.cn/affair/govintro/depIndex_hbdw.html?depId=8a24f09a294a323b012ac205a53e1fe4,www.bjchy.gov.cn,probed-2xx,200,2026-10-03,街乡镇:朝阳区,枚举:北京区网街乡镇导航页 2026-10
gov:www.bjchy.gov.cn~7,gov,区财政局,http://www.bjchy.gov.cn/affair/govintro/depIndex_hbdw.html?depId=4028838421d2f6d00121e23a54bd001a,www.bjchy.gov.cn,probed-2xx,200,2026-10-03,区级部门:朝阳区,枚举:北京区网站群机构职能页 2026-10
gov:www.bjchy.gov.cn~70,gov,崔各庄乡（崔各庄地区）,http://www.bjchy.gov.cn/affair/govintro/depIndex_hbdw.html?depId=8a24f09a294a323b012ac20b3e681ff1,www.bjchy.gov.cn,probed-2xx,200,2026-10-03,街乡镇:朝阳区,枚举:北京区网街乡镇导航页 2026-10
gov:www.bjchy.gov.cn~71,gov,东坝乡（东坝地区）,http://www.bjchy.gov.cn/affair/govintro/depIndex_hbdw.html?depId=8a24f09a294a323b012ac20575161fe3,www.bjchy.gov.cn,probed-2xx,200,2026-10-03,街乡镇:朝阳区,枚举:北京区网街乡镇导航页 2026-10
gov:www.bjchy.gov.cn~72,gov,黑庄户乡（黑庄户地区）,http://www.bjchy.gov.cn/affair/govintro/depIndex_hbdw.html?depId=8a24f09a294a323b012ac201e6131fdb,www.bjchy.gov.cn,probed-2xx,200,2026-10-03,街乡镇:朝阳区,枚举:北京区网街乡镇导航页 2026-10
gov:www.bjchy.gov.cn~73,gov,豆各庄乡（豆各庄地区）,http://www.bjchy.gov.cn/affair/govintro/depIndex_hbdw.html?depId=8a24f09a294a323b012ac20401bf1fde,www.bjchy.gov.cn,probed-2xx,200,2026-10-03,街乡镇:朝阳区,枚举:北京区网街乡镇导航页 2026-10
gov:www.bjchy.gov.cn~74,gov,王四营乡（王四营地区）,http://www.bjchy.gov.cn/affair/govintro/depIndex_hbdw.html?depId=8a24f09a294a323b012ac20460e61fdf,www.bjchy.gov.cn,probed-2xx,200,2026-10-03,街乡镇:朝阳区,枚举:北京区网街乡镇导航页 2026-10
gov:www.bjchy.gov.cn~8,gov,区人力资源和社会保障局,http://www.bjchy.gov.cn/affair/govintro/depIndex_hbdw.html?depId=402883c2653629170165f5d95cca00df,www.bjchy.gov.cn,probed-2xx,200,2026-10-03,区级部门:朝阳区,枚举:北京区网站群机构职能页 2026-10
gov:www.bjchy.gov.cn~9,gov,区生态环境局,http://www.bjchy.gov.cn/affair/govintro/depIndex_hbdw.html?depId=8a24fe8369c12b060169c233734a00e7,www.bjchy.gov.cn,probed-2xx,200,2026-10-03,区级部门:朝阳区,枚举:北京区网站群机构职能页 2026-10
gov:www.bjdch.gov.cn,gov,东城区人民政府,https://www.bjdch.gov.cn/,www.bjdch.gov.cn,probed-2xx,200,2026-10-03,区门户:东城区,枚举:北京16区门户 2026-10
gov:www.bjdch.gov.cn~10,gov,区人力资源社会保障局,https://www.bjdch.gov.cn/zwgk/jgdh/qzfzcbmdh/qrlsbj/jgzzrlsbj/201904/t20190409_3010300.html,www.bjdch.gov.cn,probed-2xx,200,2026-10-03,区级部门:东城区,枚举:北京区网站群机构职能页 2026-10
gov:www.bjdch.gov.cn~11,gov,区生态环境局,https://www.bjdch.gov.cn/zwgk/jgdh/qzfzcbmdh/qsthjj/jgzzsthjj/202304/t20230421_3062801.html,www.bjdch.gov.cn,probed-2xx,200,2026-10-03,区级部门:东城区,枚举:北京区网站群机构职能页 2026-10
gov:www.bjdch.gov.cn~12,gov,区住房城市建设委,https://www.bjdch.gov.cn/zwgk/jgdh/qzfzcbmdh/qzfcsjsw/jgzzzjw/201903/t20190322_3011558.html,www.bjdch.gov.cn,probed-2xx,200,2026-10-03,区级部门:东城区,枚举:北京区网站群机构职能页 2026-10
gov:www.bjdch.gov.cn~13,gov,区房管局,https://www.bjdch.gov.cn/zwgk/jgdh/qzfzcbmdh/fgj,www.bjdch.gov.cn,probed-2xx,200,2026-10-03,区级部门:东城区,枚举:北京区网站群机构职能页 2026-10
gov:www.bjdch.gov.cn~14,gov,区城市管理委,https://www.bjdch.gov.cn/zwgk/jgdh/qzfzcbmdh/qcsglw/jgzzcgw/202106/t20210617_3013433.html,www.bjdch.gov.cn,probed-2xx,200,2026-10-03,区级部门:东城区,枚举:北京区网站群机构职能页 2026-10
gov:www.bjdch.gov.cn~15,gov,区商务局,https://www.bjdch.gov.cn/zwgk/jgdh/qzfzcbmdh/qswj/jgzzswj/202107/t20210713_3013444.html,www.bjdch.gov.cn,probed-2xx,200,2026-10-03,区级部门:东城区,枚举:北京区网站群机构职能页 2026-10
gov:www.bjdch.gov.cn~16,gov,区文化和旅游局,https://www.bjdch.gov.cn/zwgk/jgdh/qzfzcbmdh/qwhhlyj/jgzzwlj/201903/t20190321_3013504.html,www.bjdch.gov.cn,probed-2xx,200,2026-10-03,区级部门:东城区,枚举:北京区网站群机构职能页 2026-10
gov:www.bjdch.gov.cn~17,gov,区卫生健康委,https://www.bjdch.gov.cn/zwgk/jgdh/qzfzcbmdh/qwsjkw/jgzzwjw/201903/t20190321_3017352.html,www.bjdch.gov.cn,probed-2xx,200,2026-10-03,区级部门:东城区,枚举:北京区网站群机构职能页 2026-10
gov:www.bjdch.gov.cn~18,gov,区退役军人局,https://www.bjdch.gov.cn/zwgk/jgdh/qzfzcbmdh/qtyjrj/jgzztyjrj/201903/t20190330_3017357.html,www.bjdch.gov.cn,probed-2xx,200,2026-10-03,区级部门:东城区,枚举:北京区网站群机构职能页 2026-10
gov:www.bjdch.gov.cn~19,gov,区应急局,https://www.bjdch.gov.cn/zwgk/jgdh/qzfzcbmdh/qyjj/jgzzyjj/201903/t20190321_3017381.html,www.bjdch.gov.cn,probed-2xx,200,2026-10-03,区级部门:东城区,枚举:北京区网站群机构职能页 2026-10
gov:www.bjdch.gov.cn~2,gov,区发展改革委,https://www.bjdch.gov.cn/zwgk/jgdh/qzfzcbmdh/qfzggw/jgzzfgw/201904/t20190425_3008169.html,www.bjdch.gov.cn,probed-2xx,200,2026-10-03,区级部门:东城区,枚举:北京区网站群机构职能页 2026-10
gov:www.bjdch.gov.cn~20,gov,区市场监管局,https://www.bjdch.gov.cn/zwgk/jgdh/qzfzcbmdh/qscjgj/jgzzsgj/201903/t20190322_3018497.html,www.bjdch.gov.cn,probed-2xx,200,2026-10-03,区级部门:东城区,枚举:北京区网站群机构职能页 2026-10
gov:www.bjdch.gov.cn~21,gov,区审计局,https://www.bjdch.gov.cn/zwgk/jgdh/qzfzcbmdh/qsjj/jgzzsjj/201903/t20190321_3024762.html,www.bjdch.gov.cn,probed-2xx,200,2026-10-03,区级部门:东城区,枚举:北京区网站群机构职能页 2026-10
gov:www.bjdch.gov.cn~22,gov,区政府外办,https://www.bjdch.gov.cn/zwgk/jgdh/qzfzcbmdh/qzfwb/jgzzwb/201903/t20190321_3024866.html,www.bjdch.gov.cn,probed-2xx,200,2026-10-03,区级部门:东城区,枚举:北京区网站群机构职能页 2026-10
gov:www.bjdch.gov.cn~23,gov,区国资委,https://www.bjdch.gov.cn/zwgk/jgdh/qzfzcbmdh/qgzw/jgzzgzw/201903/t20190321_3024870.html,www.bjdch.gov.cn,probed-2xx,200,2026-10-03,区级部门:东城区,枚举:北京区网站群机构职能页 2026-10
gov:www.bjdch.gov.cn~24,gov,区体育局,https://www.bjdch.gov.cn/zwgk/jgdh/qzfzcbmdh/qtyj/jgzztyj/202304/t20230421_3063258.html,www.bjdch.gov.cn,probed-2xx,200,2026-10-03,区级部门:东城区,枚举:北京区网站群机构职能页 2026-10
gov:www.bjdch.gov.cn~25,gov,区统计局,https://www.bjdch.gov.cn/zwgk/jgdh/qzfzcbmdh/qtjj/jgzztjj/202304/t20230421_3063282.html,www.bjdch.gov.cn,probed-2xx,200,2026-10-03,区级部门:东城区,枚举:北京区网站群机构职能页 2026-10
gov:www.bjdch.gov.cn~26,gov,区园林绿化局,https://www.bjdch.gov.cn/zwgk/jgdh/qzfzcbmdh/qyllhj/jgzzlhj/202108/t20210805_3025182.html,www.bjdch.gov.cn,probed-2xx,200,2026-10-03,区级部门:东城区,枚举:北京区网站群机构职能页 2026-10
gov:www.bjdch.gov.cn~27,gov,区政务和数据局,https://www.bjdch.gov.cn/zwgk/jgdh/qzfzcbmdh/qzwfwj/jgzzzwfwj/202107/t20210730_3025209.html,www.bjdch.gov.cn,probed-2xx,200,2026-10-03,区级部门:东城区,枚举:北京区网站群机构职能页 2026-10
gov:www.bjdch.gov.cn~28,gov,区国动办,https://www.bjdch.gov.cn/zwgk/jgdh/qzfzcbmdh/qrfb/jgzzrfb/202304/t20230421_3063314.html,www.bjdch.gov.cn,probed-2xx,200,2026-10-03,区级部门:东城区,枚举:北京区网站群机构职能页 2026-10
gov:www.bjdch.gov.cn~29,gov,区信访办,https://www.bjdch.gov.cn/zwgk/jgdh/qzfzcbmdh/qxfb/jgzzxfb/202304/t20230421_3063319.html,www.bjdch.gov.cn,probed-2xx,200,2026-10-03,区级部门:东城区,枚举:北京区网站群机构职能页 2026-10
gov:www.bjdch.gov.cn~3,gov,区教委,https://www.bjdch.gov.cn/zwgk/jgdh/qzfzcbmdh/qjw/jgzzqjw/201903/t20190321_3008535.html,www.bjdch.gov.cn,probed-2xx,200,2026-10-03,区级部门:东城区,枚举:北京区网站群机构职能页 2026-10
gov:www.bjdch.gov.cn~30,gov,区外联办,https://www.bjdch.gov.cn/zwgk/jgdh/qzfzcbmdh/qwlb/jgzzwlb/202001/t20200107_3025256.html,www.bjdch.gov.cn,probed-2xx,200,2026-10-03,区级部门:东城区,枚举:北京区网站群机构职能页 2026-10
gov:www.bjdch.gov.cn~31,gov,区医保局,https://www.bjdch.gov.cn/zwgk/jgdh/qzfzcbmdh/qybj/jgzzybj/201903/t20190321_3025222.html,www.bjdch.gov.cn,probed-2xx,200,2026-10-03,区级部门:东城区,枚举:北京区网站群机构职能页 2026-10
gov:www.bjdch.gov.cn~32,gov,东华门街道,https://www.bjdch.gov.cn/zwgk/jgdh/jdbscdh/dhmjd/jgzzdhm/202106/t20210628_3025317.html,www.bjdch.gov.cn,probed-2xx,200,2026-10-03,街乡镇:东城区,枚举:北京区网街乡镇导航页 2026-10
gov:www.bjdch.gov.cn~33,gov,景山街道,https://www.bjdch.gov.cn/zwgk/jgdh/jdbscdh/jsjd/jgzzjs/202107/t20210730_3025371.html,www.bjdch.gov.cn,probed-2xx,200,2026-10-03,街乡镇:东城区,枚举:北京区网街乡镇导航页 2026-10
gov:www.bjdch.gov.cn~34,gov,交道口街道,https://www.bjdch.gov.cn/zwgk/jgdh/jdbscdh/jdkjd/jgzzjdk/201905/t20190517_3025362.html,www.bjdch.gov.cn,probed-2xx,200,2026-10-03,街乡镇:东城区,枚举:北京区网街乡镇导航页 2026-10
gov:www.bjdch.gov.cn~35,gov,安定门街道,https://www.bjdch.gov.cn/zwgk/jgdh/jdbscdh/admjd/jgzzadm/202108/t20210804_3025269.html,www.bjdch.gov.cn,probed-2xx,200,2026-10-03,街乡镇:东城区,枚举:北京区网街乡镇导航页 2026-10
gov:www.bjdch.gov.cn~36,gov,北新桥街道,https://www.bjdch.gov.cn/zwgk/jgdh/jdbscdh/bxqjd/jgzzbxq/202108/t20210804_3025339.html,www.bjdch.gov.cn,probed-2xx,200,2026-10-03,街乡镇:东城区,枚举:北京区网街乡镇导航页 2026-10
gov:www.bjdch.gov.cn~37,gov,东四街道,https://www.bjdch.gov.cn/zwgk/jgdh/jdbscdh/dsjd/jgzzds/202004/t20200401_3025386.html,www.bjdch.gov.cn,probed-2xx,200,2026-10-03,街乡镇:东城区,枚举:北京区网街乡镇导航页 2026-10
gov:www.bjdch.gov.cn~38,gov,朝阳门街道,https://www.bjdch.gov.cn/zwgk/jgdh/jdbscdh/cymjd/jgzzcym/202108/t20210804_3025297.html,www.bjdch.gov.cn,probed-2xx,200,2026-10-03,街乡镇:东城区,枚举:北京区网街乡镇导航页 2026-10
gov:www.bjdch.gov.cn~39,gov,建国门街道,https://www.bjdch.gov.cn/zwgk/jgdh/jdbscdh/jgmjd/jgzzjgm/202106/t20210624_3025286.html,www.bjdch.gov.cn,probed-2xx,200,2026-10-03,街乡镇:东城区,枚举:北京区网街乡镇导航页 2026-10
gov:www.bjdch.gov.cn~4,gov,区科委,https://www.bjdch.gov.cn/zwgk/jgdh/qzfzcbmdh/dcqygwh/jgzzygwh/,www.bjdch.gov.cn,probed-2xx,200,2026-10-03,区级部门:东城区,枚举:北京区网站群机构职能页 2026-10
gov:www.bjdch.gov.cn~40,gov,东直门街道,https://www.bjdch.gov.cn/zwgk/jgdh/jdbscdh/dzmjd/jgzzdzm/202304/t20230423_3063822.html,www.bjdch.gov.cn,probed-2xx,200,2026-10-03,街乡镇:东城区,枚举:北京区网街乡镇导航页 2026-10
gov:www.bjdch.gov.cn~41,gov,和平里街道,https://www.bjdch.gov.cn/zwgk/jgdh/jdbscdh/hpljd/jgzzhpl/202304/t20230423_3063832.html,www.bjdch.gov.cn,probed-2xx,200,2026-10-03,街乡镇:东城区,枚举:北京区网街乡镇导航页 2026-10
gov:www.bjdch.gov.cn~42,gov,前门街道,https://www.bjdch.gov.cn/zwgk/jgdh/jdbscdh/qmjd/jgzzqm/201905/t20190524_3025414.html,www.bjdch.gov.cn,probed-2xx,200,2026-10-03,街乡镇:东城区,枚举:北京区网街乡镇导航页 2026-10
gov:www.bjdch.gov.cn~43,gov,崇文门外街道,https://www.bjdch.gov.cn/zwgk/jgdh/jdbscdh/cwjd/jgzzcw/202004/t20200417_3025467.html,www.bjdch.gov.cn,probed-2xx,200,2026-10-03,街乡镇:东城区,枚举:北京区网街乡镇导航页 2026-10
gov:www.bjdch.gov.cn~44,gov,东花市街道,https://www.bjdch.gov.cn/zwgk/jgdh/jdbscdh/dhsjd/jgzzdhs/202104/t20210419_3025409.html,www.bjdch.gov.cn,probed-2xx,200,2026-10-03,街乡镇:东城区,枚举:北京区网街乡镇导航页 2026-10
gov:www.bjdch.gov.cn~45,gov,龙潭街道,https://www.bjdch.gov.cn/zwgk/jgdh/jdbscdh/ltjd/jgzzlt/202107/t20210730_3025418.html,www.bjdch.gov.cn,probed-2xx,200,2026-10-03,街乡镇:东城区,枚举:北京区网街乡镇导航页 2026-10
gov:www.bjdch.gov.cn~46,gov,体育馆路街道,https://www.bjdch.gov.cn/zwgk/jgdh/jdbscdh/tygljd/jgzztygl/202304/t20230423_3063879.html,www.bjdch.gov.cn,probed-2xx,200,2026-10-03,街乡镇:东城区,枚举:北京区网街乡镇导航页 2026-10
gov:www.bjdch.gov.cn~47,gov,天坛街道,https://www.bjdch.gov.cn/zwgk/jgdh/jdbscdh/ttjd/jgzztt/202304/t20230423_3063864.html,www.bjdch.gov.cn,probed-2xx,200,2026-10-03,街乡镇:东城区,枚举:北京区网街乡镇导航页 2026-10
gov:www.bjdch.gov.cn~48,gov,永定门外街道,https://www.bjdch.gov.cn/zwgk/jgdh/jdbscdh/ywjd/jgzzyw/202107/t20210730_3025457.html,www.bjdch.gov.cn,probed-2xx,200,2026-10-03,街乡镇:东城区,枚举:北京区网街乡镇导航页 2026-10
gov:www.bjdch.gov.cn~5,gov,区经济和信息化局,https://www.bjdch.gov.cn/zwgk/jgdh/qzfzcbmdh/qkjhxxhj/jgzzkxj/201903/t20190322_3008578.html,www.bjdch.gov.cn,probed-2xx,200,2026-10-03,区级部门:东城区,枚举:北京区网站群机构职能页 2026-10
gov:www.bjdch.gov.cn~6,gov,区民族宗教办,https://www.bjdch.gov.cn/zwgk/jgdh/qzfzcbmdh/qmzzjb/jgzzmzb/202301/t20230131_3008582.html,www.bjdch.gov.cn,probed-2xx,200,2026-10-03,区级部门:东城区,枚举:北京区网站群机构职能页 2026-10
gov:www.bjdch.gov.cn~7,gov,区民政局,https://www.bjdch.gov.cn/zwgk/jgdh/qzfzcbmdh/qwshgwqmzj/jgzzmzj/,www.bjdch.gov.cn,probed-2xx,200,2026-10-03,区级部门:东城区,枚举:北京区网站群机构职能页 2026-10
gov:www.bjdch.gov.cn~8,gov,区司法局,https://www.bjdch.gov.cn/zwgk/jgdh/qzfzcbmdh/qsfj/jgzzsfj/202108/t20210804_3025737.html,www.bjdch.gov.cn,probed-2xx,200,2026-10-03,区级部门:东城区,枚举:北京区网站群机构职能页 2026-10
gov:www.bjdch.gov.cn~9,gov,区财政局,https://www.bjdch.gov.cn/zwgk/jgdh/qzfzcbmdh/qczj/jgzzczj/202003/t20200328_3008922.html,www.bjdch.gov.cn,probed-2xx,200,2026-10-03,区级部门:东城区,枚举:北京区网站群机构职能页 2026-10
gov:www.bjdx.gov.cn,gov,大兴区人民政府,https://www.bjdx.gov.cn/,www.bjdx.gov.cn,probed-2xx,200,2026-10-03,区门户:大兴区,枚举:北京16区门户 2026-10
gov:www.bjdx.gov.cn~10,gov,生态环境局,https://www.bjdx.gov.cn/bjsdxqrmzf/zwfw/jgzq/qzfjg/sthjj/index.html,www.bjdx.gov.cn,probed-2xx,200,2026-10-03,区级部门:大兴区,枚举:北京区网站群机构职能页 2026-10
gov:www.bjdx.gov.cn~11,gov,交通局,https://www.bjdx.gov.cn/bjsdxqrmzf/zwfw/jgzq/qzfjg/jtj/index.html,www.bjdx.gov.cn,probed-2xx,200,2026-10-03,区级部门:大兴区,枚举:北京区网站群机构职能页 2026-10
gov:www.bjdx.gov.cn~12,gov,经济和信息化局,https://www.bjdx.gov.cn/bjsdxqrmzf/zwfw/jgzq/qzfjg/jjhxxhj/index.html,www.bjdx.gov.cn,probed-2xx,200,2026-10-03,区级部门:大兴区,枚举:北京区网站群机构职能页 2026-10
gov:www.bjdx.gov.cn~13,gov,水务局,https://www.bjdx.gov.cn/bjsdxqrmzf/zwfw/jgzq/qzfjg/swj/index.html,www.bjdx.gov.cn,probed-2xx,200,2026-10-03,区级部门:大兴区,枚举:北京区网站群机构职能页 2026-10
gov:www.bjdx.gov.cn~14,gov,农业农村局,https://www.bjdx.gov.cn/bjsdxqrmzf/zwfw/jgzq/qzfjg/nw/index.html,www.bjdx.gov.cn,probed-2xx,200,2026-10-03,区级部门:大兴区,枚举:北京区网站群机构职能页 2026-10
gov:www.bjdx.gov.cn~15,gov,商务局,https://www.bjdx.gov.cn/bjsdxqrmzf/zwfw/jgzq/qzfjg/sww/index.html,www.bjdx.gov.cn,probed-2xx,200,2026-10-03,区级部门:大兴区,枚举:北京区网站群机构职能页 2026-10
gov:www.bjdx.gov.cn~16,gov,文化和旅游局,https://www.bjdx.gov.cn/bjsdxqrmzf/zwfw/jgzq/qzfjg/ww69/index.html,www.bjdx.gov.cn,probed-2xx,200,2026-10-03,区级部门:大兴区,枚举:北京区网站群机构职能页 2026-10
gov:www.bjdx.gov.cn~17,gov,卫生健康委,https://www.bjdx.gov.cn/bjsdxqrmzf/zwfw/jgzq/qzfjg/wsjkw/index.html,www.bjdx.gov.cn,probed-2xx,200,2026-10-03,区级部门:大兴区,枚举:北京区网站群机构职能页 2026-10
gov:www.bjdx.gov.cn~18,gov,医保局,https://www.bjdx.gov.cn/bjsdxqrmzf/zwfw/jgzq/qzfjg/ylbzj65/index.html,www.bjdx.gov.cn,probed-2xx,200,2026-10-03,区级部门:大兴区,枚举:北京区网站群机构职能页 2026-10
gov:www.bjdx.gov.cn~19,gov,退役军人局,https://www.bjdx.gov.cn/bjsdxqrmzf/zwfw/jgzq/qzfjg/722496/index.html,www.bjdx.gov.cn,probed-2xx,200,2026-10-03,区级部门:大兴区,枚举:北京区网站群机构职能页 2026-10
gov:www.bjdx.gov.cn~2,gov,发展改革委,https://www.bjdx.gov.cn/bjsdxqrmzf/zwfw/jgzq/qzfjg/fgw/index.html,www.bjdx.gov.cn,probed-2xx,200,2026-10-03,区级部门:大兴区,枚举:北京区网站群机构职能页 2026-10
gov:www.bjdx.gov.cn~20,gov,应急局,https://www.bjdx.gov.cn/bjsdxqrmzf/zwfw/jgzq/qzfjg/yjj/index.html,www.bjdx.gov.cn,probed-2xx,200,2026-10-03,区级部门:大兴区,枚举:北京区网站群机构职能页 2026-10
gov:www.bjdx.gov.cn~21,gov,审计局,https://www.bjdx.gov.cn/bjsdxqrmzf/zwfw/jgzq/qzfjg/sjj/index.html,www.bjdx.gov.cn,probed-2xx,200,2026-10-03,区级部门:大兴区,枚举:北京区网站群机构职能页 2026-10
gov:www.bjdx.gov.cn~22,gov,国资委,https://www.bjdx.gov.cn/bjsdxqrmzf/zwfw/jgzq/qzfjg/gzw/index.html,www.bjdx.gov.cn,probed-2xx,200,2026-10-03,区级部门:大兴区,枚举:北京区网站群机构职能页 2026-10
gov:www.bjdx.gov.cn~23,gov,城市管理委,https://www.bjdx.gov.cn/bjsdxqrmzf/zwfw/jgzq/qzfjg/cgw/index.html,www.bjdx.gov.cn,probed-2xx,200,2026-10-03,区级部门:大兴区,枚举:北京区网站群机构职能页 2026-10
gov:www.bjdx.gov.cn~24,gov,市场监管局,https://www.bjdx.gov.cn/bjsdxqrmzf/zwfw/jgzq/qzfjg/qscjgj/index.html,www.bjdx.gov.cn,probed-2xx,200,2026-10-03,区级部门:大兴区,枚举:北京区网站群机构职能页 2026-10
gov:www.bjdx.gov.cn~25,gov,体育局,https://www.bjdx.gov.cn/bjsdxqrmzf/zwfw/jgzq/qzfjg/tyj/index.html,www.bjdx.gov.cn,probed-2xx,200,2026-10-03,区级部门:大兴区,枚举:北京区网站群机构职能页 2026-10
gov:www.bjdx.gov.cn~26,gov,统计局,https://www.bjdx.gov.cn/bjsdxqrmzf/zwfw/jgzq/qzfjg/tjj/index.html,www.bjdx.gov.cn,probed-2xx,200,2026-10-03,区级部门:大兴区,枚举:北京区网站群机构职能页 2026-10
gov:www.bjdx.gov.cn~27,gov,园林绿化局,https://www.bjdx.gov.cn/bjsdxqrmzf/zwfw/jgzq/qzfjg/yllhj/index.html,www.bjdx.gov.cn,probed-2xx,200,2026-10-03,区级部门:大兴区,枚举:北京区网站群机构职能页 2026-10
gov:www.bjdx.gov.cn~28,gov,国动办,https://www.bjdx.gov.cn/bjsdxqrmzf/zwfw/jgzq/qzfjg/rfb/index.html,www.bjdx.gov.cn,probed-2xx,200,2026-10-03,区级部门:大兴区,枚举:北京区网站群机构职能页 2026-10
gov:www.bjdx.gov.cn~29,gov,城管执法局,https://www.bjdx.gov.cn/bjsdxqrmzf/zwfw/jgzq/qzfjg/cgj/index.html,www.bjdx.gov.cn,probed-2xx,200,2026-10-03,区级部门:大兴区,枚举:北京区网站群机构职能页 2026-10
gov:www.bjdx.gov.cn~3,gov,教委,https://www.bjdx.gov.cn/bjsdxqrmzf/zwfw/jgzq/qzfjg/jw2/index.html,www.bjdx.gov.cn,probed-2xx,200,2026-10-03,区级部门:大兴区,枚举:北京区网站群机构职能页 2026-10
gov:www.bjdx.gov.cn~30,gov,政务服务和数据管理局,https://www.bjdx.gov.cn/bjsdxqrmzf/zwfw/jgzq/qzfjg/zwfwj/index.html,www.bjdx.gov.cn,probed-2xx,200,2026-10-03,区级部门:大兴区,枚举:北京区网站群机构职能页 2026-10
gov:www.bjdx.gov.cn~31,gov,信访办,https://www.bjdx.gov.cn/bjsdxqrmzf/zwfw/jgzq/qzfjg/xfb/index.html,www.bjdx.gov.cn,probed-2xx,200,2026-10-03,区级部门:大兴区,枚举:北京区网站群机构职能页 2026-10
gov:www.bjdx.gov.cn~32,gov,兴丰街道,https://www.bjdx.gov.cn/bjsdxqrmzf/zwfw/zfxxgk/jgzn/qqd/jzjqd/600947/index.html,www.bjdx.gov.cn,probed-2xx,200,2026-10-03,街乡镇:大兴区,枚举:北京区网街乡镇导航页 2026-10
gov:www.bjdx.gov.cn~33,gov,林校路街道,https://www.bjdx.gov.cn/bjsdxqrmzf/zwfw/zfxxgk/jgzn/qqd/jzjqd/601128/index.html,www.bjdx.gov.cn,probed-2xx,200,2026-10-03,街乡镇:大兴区,枚举:北京区网街乡镇导航页 2026-10
gov:www.bjdx.gov.cn~34,gov,清源街道,https://www.bjdx.gov.cn/bjsdxqrmzf/zwfw/zfxxgk/jgzn/qqd/jzjqd/601121/index.html,www.bjdx.gov.cn,probed-2xx,200,2026-10-03,街乡镇:大兴区,枚举:北京区网街乡镇导航页 2026-10
gov:www.bjdx.gov.cn~35,gov,观音寺街道,https://www.bjdx.gov.cn/bjsdxqrmzf/zwfw/zfxxgk/jgzn/qqd/jzjqd/601573/index.html,www.bjdx.gov.cn,probed-2xx,200,2026-10-03,街乡镇:大兴区,枚举:北京区网街乡镇导航页 2026-10
gov:www.bjdx.gov.cn~36,gov,天宫院街道,https://www.bjdx.gov.cn/bjsdxqrmzf/zwfw/zfxxgk/jgzn/qqd/jzjqd/601104/index.html,www.bjdx.gov.cn,probed-2xx,200,2026-10-03,街乡镇:大兴区,枚举:北京区网街乡镇导航页 2026-10
gov:www.bjdx.gov.cn~37,gov,高米店街道,https://www.bjdx.gov.cn/bjsdxqrmzf/zwfw/zfxxgk/jgzn/qqd/jzjqd/601146/index.html,www.bjdx.gov.cn,probed-2xx,200,2026-10-03,街乡镇:大兴区,枚举:北京区网街乡镇导航页 2026-10
gov:www.bjdx.gov.cn~38,gov,荣华街道,https://www.bjdx.gov.cn/bjsdxqrmzf/zwfw/zfxxgk/jgzn/qqd/jzjqd/index.html,www.bjdx.gov.cn,probed-2xx,200,2026-10-03,街乡镇:大兴区（无独立页，区门户检索）,枚举:北京区网街乡镇导航页 2026-10
gov:www.bjdx.gov.cn~4,gov,科委,https://www.bjdx.gov.cn/bjsdxqrmzf/zwfw/jgzq/qzfjg/kw/index.html,www.bjdx.gov.cn,probed-2xx,200,2026-10-03,区级部门:大兴区,枚举:北京区网站群机构职能页 2026-10
gov:www.bjdx.gov.cn~40,gov,青云店镇,https://www.bjdx.gov.cn/bjsdxqrmzf/zwfw/zfxxgk/jgzn/qqd/jzjqd/601462/index.html,www.bjdx.gov.cn,probed-2xx,200,2026-10-03,街乡镇:大兴区,枚举:北京区网街乡镇导航页 2026-10
gov:www.bjdx.gov.cn~41,gov,采育镇,https://www.bjdx.gov.cn/bjsdxqrmzf/zwfw/zfxxgk/jgzn/qqd/jzjqd/601438/index.html,www.bjdx.gov.cn,probed-2xx,200,2026-10-03,街乡镇:大兴区,枚举:北京区网街乡镇导航页 2026-10
gov:www.bjdx.gov.cn~42,gov,安定镇,https://www.bjdx.gov.cn/bjsdxqrmzf/zwfw/zfxxgk/jgzn/qqd/jzjqd/601220/index.html,www.bjdx.gov.cn,probed-2xx,200,2026-10-03,街乡镇:大兴区,枚举:北京区网街乡镇导航页 2026-10
gov:www.bjdx.gov.cn~43,gov,礼贤镇,https://www.bjdx.gov.cn/bjsdxqrmzf/zwfw/zfxxgk/jgzn/qqd/jzjqd/601454/index.html,www.bjdx.gov.cn,probed-2xx,200,2026-10-03,街乡镇:大兴区,枚举:北京区网街乡镇导航页 2026-10
gov:www.bjdx.gov.cn~44,gov,榆垡镇,https://www.bjdx.gov.cn/bjsdxqrmzf/zwfw/zfxxgk/jgzn/qqd/jzjqd/601548/index.html,www.bjdx.gov.cn,probed-2xx,200,2026-10-03,街乡镇:大兴区,枚举:北京区网街乡镇导航页 2026-10
gov:www.bjdx.gov.cn~45,gov,庞各庄镇,https://www.bjdx.gov.cn/bjsdxqrmzf/zwfw/zfxxgk/jgzn/qqd/jzjqd/601459/index.html,www.bjdx.gov.cn,probed-2xx,200,2026-10-03,街乡镇:大兴区,枚举:北京区网街乡镇导航页 2026-10
gov:www.bjdx.gov.cn~46,gov,北臧村镇,https://www.bjdx.gov.cn/bjsdxqrmzf/zwfw/zfxxgk/jgzn/qqd/jzjqd/601395/index.html,www.bjdx.gov.cn,probed-2xx,200,2026-10-03,街乡镇:大兴区,枚举:北京区网街乡镇导航页 2026-10
gov:www.bjdx.gov.cn~47,gov,魏善庄镇,https://www.bjdx.gov.cn/bjsdxqrmzf/zwfw/zfxxgk/jgzn/qqd/jzjqd/601472/index.html,www.bjdx.gov.cn,probed-2xx,200,2026-10-03,街乡镇:大兴区,枚举:北京区网街乡镇导航页 2026-10
gov:www.bjdx.gov.cn~48,gov,长子营镇,https://www.bjdx.gov.cn/bjsdxqrmzf/zwfw/zfxxgk/jgzn/qqd/jzjqd/601565/index.html,www.bjdx.gov.cn,probed-2xx,200,2026-10-03,街乡镇:大兴区,枚举:北京区网街乡镇导航页 2026-10
gov:www.bjdx.gov.cn~49,gov,亦庄镇（亦庄地区）,https://www.bjdx.gov.cn/bjsdxqrmzf/zwfw/zfxxgk/jgzn/qqd/jzjqd/601541/index.html,www.bjdx.gov.cn,probed-2xx,200,2026-10-03,街乡镇:大兴区,枚举:北京区网街乡镇导航页 2026-10
gov:www.bjdx.gov.cn~5,gov,民族宗教办,https://www.bjdx.gov.cn/bjsdxqrmzf/zwfw/jgzq/qzfjg/mzb/index.html,www.bjdx.gov.cn,probed-2xx,200,2026-10-03,区级部门:大兴区,枚举:北京区网站群机构职能页 2026-10
gov:www.bjdx.gov.cn~50,gov,黄村镇（黄村地区）,https://www.bjdx.gov.cn/bjsdxqrmzf/zwfw/zfxxgk/jgzn/qqd/jzjqd/601442/index.html,www.bjdx.gov.cn,probed-2xx,200,2026-10-03,街乡镇:大兴区,枚举:北京区网街乡镇导航页 2026-10
gov:www.bjdx.gov.cn~51,gov,旧宫镇（旧宫地区）,https://www.bjdx.gov.cn/bjsdxqrmzf/zwfw/zfxxgk/jgzn/qqd/jzjqd/601445/index.html,www.bjdx.gov.cn,probed-2xx,200,2026-10-03,街乡镇:大兴区,枚举:北京区网街乡镇导航页 2026-10
gov:www.bjdx.gov.cn~52,gov,西红门镇（西红门地区）,https://www.bjdx.gov.cn/bjsdxqrmzf/zwfw/zfxxgk/jgzn/qqd/jzjqd/601490/index.html,www.bjdx.gov.cn,probed-2xx,200,2026-10-03,街乡镇:大兴区,枚举:北京区网街乡镇导航页 2026-10
gov:www.bjdx.gov.cn~53,gov,瀛海镇（瀛海地区）,https://www.bjdx.gov.cn/bjsdxqrmzf/zwfw/zfxxgk/jgzn/qqd/jzjqd/601544/index.html,www.bjdx.gov.cn,probed-2xx,200,2026-10-03,街乡镇:大兴区,枚举:北京区网街乡镇导航页 2026-10
gov:www.bjdx.gov.cn~6,gov,民政局,https://www.bjdx.gov.cn/bjsdxqrmzf/zwfw/jgzq/qzfjg/qshgwqmzj/index.html,www.bjdx.gov.cn,probed-2xx,200,2026-10-03,区级部门:大兴区,枚举:北京区网站群机构职能页 2026-10
gov:www.bjdx.gov.cn~7,gov,司法局,https://www.bjdx.gov.cn/bjsdxqrmzf/zwfw/jgzq/qzfjg/sfj/index.html,www.bjdx.gov.cn,probed-2xx,200,2026-10-03,区级部门:大兴区,枚举:北京区网站群机构职能页 2026-10
gov:www.bjdx.gov.cn~8,gov,财政局,https://www.bjdx.gov.cn/bjsdxqrmzf/zwfw/jgzq/qzfjg/czj/index.html,www.bjdx.gov.cn,probed-2xx,200,2026-10-03,区级部门:大兴区,枚举:北京区网站群机构职能页 2026-10
gov:www.bjdx.gov.cn~9,gov,人力资源社会保障局,https://www.bjdx.gov.cn/bjsdxqrmzf/zwfw/jgzq/qzfjg/rlsbj0/index.html,www.bjdx.gov.cn,probed-2xx,200,2026-10-03,区级部门:大兴区,枚举:北京区网站群机构职能页 2026-10
gov:www.bjdzj.gov.cn,gov,市地震局,https://www.bjdzj.gov.cn/,www.bjdzj.gov.cn,probed-2xx,200,2026-10-03,市级委办局,枚举:北京市政府网站群“市政府部门”导航 2026-10
gov:www.bjfsh.gov.cn,gov,房山区人民政府,https://www.bjfsh.gov.cn/,www.bjfsh.gov.cn,probed-2xx,200,2026-10-03,区门户:房山区,枚举:北京16区门户 2026-10
gov:www.bjfsh.gov.cn~10,gov,区重大项目办,https://www.bjfsh.gov.cn/zfxxgk/2020jgzn/zfbm/qzdxmb/,www.bjfsh.gov.cn,probed-2xx,200,2026-10-03,区级部门:房山区,枚举:北京区网站群机构职能页 2026-10
gov:www.bjfsh.gov.cn~11,gov,区财政局,https://www.bjfsh.gov.cn/zfxxgk/2020jgzn/zfbm/qczj_24132/,www.bjfsh.gov.cn,probed-2xx,200,2026-10-03,区级部门:房山区,枚举:北京区网站群机构职能页 2026-10
gov:www.bjfsh.gov.cn~12,gov,区人力社保局,https://www.bjfsh.gov.cn/zfxxgk/2020jgzn/zfbm/qrlsbj_24162/,www.bjfsh.gov.cn,probed-2xx,200,2026-10-03,区级部门:房山区,枚举:北京区网站群机构职能页 2026-10
gov:www.bjfsh.gov.cn~13,gov,区民政局,https://www.bjfsh.gov.cn/zfxxgk/2020jgzn/zfbm/qmzj_24174/,www.bjfsh.gov.cn,probed-2xx,200,2026-10-03,区级部门:房山区,枚举:北京区网站群机构职能页 2026-10
gov:www.bjfsh.gov.cn~14,gov,区农业农村局,https://www.bjfsh.gov.cn/zfxxgk/2020jgzn/zfbm/qnyncj_24138/,www.bjfsh.gov.cn,probed-2xx,200,2026-10-03,区级部门:房山区,枚举:北京区网站群机构职能页 2026-10
gov:www.bjfsh.gov.cn~15,gov,区商务局,https://www.bjfsh.gov.cn/zfxxgk/2020jgzn/zfbm/qswj_24150/,www.bjfsh.gov.cn,probed-2xx,200,2026-10-03,区级部门:房山区,枚举:北京区网站群机构职能页 2026-10
gov:www.bjfsh.gov.cn~16,gov,区经济和信息化局,https://www.bjfsh.gov.cn/zfxxgk/2020jgzn/zfbm/qjjxxhj_24156/,www.bjfsh.gov.cn,probed-2xx,200,2026-10-03,区级部门:房山区,枚举:北京区网站群机构职能页 2026-10
gov:www.bjfsh.gov.cn~17,gov,区水务局,https://www.bjfsh.gov.cn/zfxxgk/2020jgzn/zfbm/qswj_24186/,www.bjfsh.gov.cn,probed-2xx,200,2026-10-03,区级部门:房山区,枚举:北京区网站群机构职能页 2026-10
gov:www.bjfsh.gov.cn~18,gov,区园林绿化局,https://www.bjfsh.gov.cn/zfxxgk/2020jgzn/zfbm/qyllhj_24204/,www.bjfsh.gov.cn,probed-2xx,200,2026-10-03,区级部门:房山区,枚举:北京区网站群机构职能页 2026-10
gov:www.bjfsh.gov.cn~19,gov,区司法局,https://www.bjfsh.gov.cn/zfxxgk/2020jgzn/zfbm/qsfj_24210/,www.bjfsh.gov.cn,probed-2xx,200,2026-10-03,区级部门:房山区,枚举:北京区网站群机构职能页 2026-10
gov:www.bjfsh.gov.cn~2,gov,区发展改革委,https://www.bjfsh.gov.cn/zfxxgk/2020jgzn/zfbm/qfzggw_24072/,www.bjfsh.gov.cn,probed-2xx,200,2026-10-03,区级部门:房山区,枚举:北京区网站群机构职能页 2026-10
gov:www.bjfsh.gov.cn~20,gov,区审计局,https://www.bjfsh.gov.cn/zfxxgk/2020jgzn/zfbm/qsjj_24216/,www.bjfsh.gov.cn,probed-2xx,200,2026-10-03,区级部门:房山区,枚举:北京区网站群机构职能页 2026-10
gov:www.bjfsh.gov.cn~21,gov,区文化和旅游局,https://www.bjfsh.gov.cn/zfxxgk/2020jgzn/zfbm/qwhhlyj_24144/,www.bjfsh.gov.cn,probed-2xx,200,2026-10-03,区级部门:房山区,枚举:北京区网站群机构职能页 2026-10
gov:www.bjfsh.gov.cn~22,gov,区体育局,https://www.bjfsh.gov.cn/zfxxgk/2020jgzn/zfbm/qtyj_24240/,www.bjfsh.gov.cn,probed-2xx,200,2026-10-03,区级部门:房山区,枚举:北京区网站群机构职能页 2026-10
gov:www.bjfsh.gov.cn~23,gov,区统计局,https://www.bjfsh.gov.cn/zfxxgk/2020jgzn/zfbm/qtjj_24222/,www.bjfsh.gov.cn,probed-2xx,200,2026-10-03,区级部门:房山区,枚举:北京区网站群机构职能页 2026-10
gov:www.bjfsh.gov.cn~24,gov,区生态环境局,https://www.bjfsh.gov.cn/zfxxgk/2020jgzn/zfbm/qsthjj_24168/,www.bjfsh.gov.cn,probed-2xx,200,2026-10-03,区级部门:房山区,枚举:北京区网站群机构职能页 2026-10
gov:www.bjfsh.gov.cn~25,gov,区交通局,https://www.bjfsh.gov.cn/zfxxgk/2020jgzn/zfbm/qjtj_24192/,www.bjfsh.gov.cn,probed-2xx,200,2026-10-03,区级部门:房山区,枚举:北京区网站群机构职能页 2026-10
gov:www.bjfsh.gov.cn~26,gov,区应急管理局,https://www.bjfsh.gov.cn/zfxxgk/2020jgzn/zfbm/qyjglj_24234/,www.bjfsh.gov.cn,probed-2xx,200,2026-10-03,区级部门:房山区,枚举:北京区网站群机构职能页 2026-10
gov:www.bjfsh.gov.cn~27,gov,区市场监督管理局,https://www.bjfsh.gov.cn/zfxxgk/2020jgzn/zfbm/qscjdglj_24228/,www.bjfsh.gov.cn,probed-2xx,200,2026-10-03,区级部门:房山区,枚举:北京区网站群机构职能页 2026-10
gov:www.bjfsh.gov.cn~28,gov,区政务服务局,https://www.bjfsh.gov.cn/zfxxgk/2020jgzn/zfbm/qzwfwj/,www.bjfsh.gov.cn,probed-2xx,200,2026-10-03,区级部门:房山区,枚举:北京区网站群机构职能页 2026-10
gov:www.bjfsh.gov.cn~29,gov,区退役军人事务局,https://www.bjfsh.gov.cn/zfxxgk/2020jgzn/zfbm/tyjrj/,www.bjfsh.gov.cn,probed-2xx,200,2026-10-03,区级部门:房山区,枚举:北京区网站群机构职能页 2026-10
gov:www.bjfsh.gov.cn~3,gov,区城市管理委,https://www.bjfsh.gov.cn/zfxxgk/2020jgzn/zfbm/qcsglw_24084/,www.bjfsh.gov.cn,probed-2xx,200,2026-10-03,区级部门:房山区,枚举:北京区网站群机构职能页 2026-10
gov:www.bjfsh.gov.cn~30,gov,区医保局,https://www.bjfsh.gov.cn/zfxxgk/2020jgzn/zfbm/qybj/,www.bjfsh.gov.cn,probed-2xx,200,2026-10-03,区级部门:房山区,枚举:北京区网站群机构职能页 2026-10
gov:www.bjfsh.gov.cn~31,gov,中关村房山园管委会区科委,https://www.bjfsh.gov.cn/zfxxgk/2020jgzn/zfbm/qkw_24108/,www.bjfsh.gov.cn,probed-2xx,200,2026-10-03,区级部门:房山区,枚举:北京区网站群机构职能页 2026-10
gov:www.bjfsh.gov.cn~32,gov,城关街道,https://www.bjfsh.gov.cn/zfxxgk/2020jgzn/xzjd/cgjd_24246/,www.bjfsh.gov.cn,probed-2xx,200,2026-10-03,街乡镇:房山区,枚举:北京区网街乡镇导航页 2026-10
gov:www.bjfsh.gov.cn~33,gov,新镇街道,https://www.bjfsh.gov.cn/zfxxgk/2020jgzn/xzjd/xzjd_24384/,www.bjfsh.gov.cn,probed-2xx,200,2026-10-03,街乡镇:房山区,枚举:北京区网街乡镇导航页 2026-10
gov:www.bjfsh.gov.cn~34,gov,向阳街道,https://www.bjfsh.gov.cn/zfxxgk/2020jgzn/,www.bjfsh.gov.cn,probed-2xx,200,2026-10-03,街乡镇:房山区（无独立页，区门户检索）,枚举:北京区网街乡镇导航页 2026-10
gov:www.bjfsh.gov.cn~38,gov,拱辰街道,https://www.bjfsh.gov.cn/zfxxgk/2020jgzn/xzjd/gcjd_24252/,www.bjfsh.gov.cn,probed-2xx,200,2026-10-03,街乡镇:房山区,枚举:北京区网街乡镇导航页 2026-10
gov:www.bjfsh.gov.cn~39,gov,西潞街道,https://www.bjfsh.gov.cn/zfxxgk/2020jgzn/xzjd/xljd_24258/,www.bjfsh.gov.cn,probed-2xx,200,2026-10-03,街乡镇:房山区,枚举:北京区网街乡镇导航页 2026-10
gov:www.bjfsh.gov.cn~4,gov,区教委,https://www.bjfsh.gov.cn/zfxxgk/2020jgzn/zfbm/qjw_24096/,www.bjfsh.gov.cn,probed-2xx,200,2026-10-03,区级部门:房山区,枚举:北京区网站群机构职能页 2026-10
gov:www.bjfsh.gov.cn~40,gov,阎村镇,https://www.bjfsh.gov.cn/zfxxgk/2020jgzn/xzjd/ycz_24276/,www.bjfsh.gov.cn,probed-2xx,200,2026-10-03,街乡镇:房山区,枚举:北京区网街乡镇导航页 2026-10
gov:www.bjfsh.gov.cn~41,gov,窦店镇,https://www.bjfsh.gov.cn/zfxxgk/2020jgzn/xzjd/ddz_24282/,www.bjfsh.gov.cn,probed-2xx,200,2026-10-03,街乡镇:房山区,枚举:北京区网街乡镇导航页 2026-10
gov:www.bjfsh.gov.cn~42,gov,石楼镇,https://www.bjfsh.gov.cn/zfxxgk/2020jgzn/xzjd/slz_24318/,www.bjfsh.gov.cn,probed-2xx,200,2026-10-03,街乡镇:房山区,枚举:北京区网街乡镇导航页 2026-10
gov:www.bjfsh.gov.cn~43,gov,长阳镇,https://www.bjfsh.gov.cn/zfxxgk/2020jgzn/xzjd/zyz_24270/,www.bjfsh.gov.cn,probed-2xx,200,2026-10-03,街乡镇:房山区,枚举:北京区网街乡镇导航页 2026-10
gov:www.bjfsh.gov.cn~44,gov,河北镇,https://www.bjfsh.gov.cn/zfxxgk/2020jgzn/xzjd/hbz_24330/,www.bjfsh.gov.cn,probed-2xx,200,2026-10-03,街乡镇:房山区,枚举:北京区网街乡镇导航页 2026-10
gov:www.bjfsh.gov.cn~45,gov,长沟镇,https://www.bjfsh.gov.cn/zfxxgk/2020jgzn/xzjd/zgz_24300/,www.bjfsh.gov.cn,probed-2xx,200,2026-10-03,街乡镇:房山区,枚举:北京区网街乡镇导航页 2026-10
gov:www.bjfsh.gov.cn~46,gov,大石窝镇,https://www.bjfsh.gov.cn/zfxxgk/2020jgzn/xzjd/dswz_24324/,www.bjfsh.gov.cn,probed-2xx,200,2026-10-03,街乡镇:房山区,枚举:北京区网街乡镇导航页 2026-10
gov:www.bjfsh.gov.cn~47,gov,张坊镇,https://www.bjfsh.gov.cn/zfxxgk/2020jgzn/xzjd/zfz_24336/,www.bjfsh.gov.cn,probed-2xx,200,2026-10-03,街乡镇:房山区,枚举:北京区网街乡镇导航页 2026-10
gov:www.bjfsh.gov.cn~48,gov,十渡镇,https://www.bjfsh.gov.cn/zfxxgk/2020jgzn/xzjd/sdz_24342/,www.bjfsh.gov.cn,probed-2xx,200,2026-10-03,街乡镇:房山区,枚举:北京区网街乡镇导航页 2026-10
gov:www.bjfsh.gov.cn~49,gov,青龙湖镇,https://www.bjfsh.gov.cn/zfxxgk/2020jgzn/xzjd/qlhz_24312/,www.bjfsh.gov.cn,probed-2xx,200,2026-10-03,街乡镇:房山区,枚举:北京区网街乡镇导航页 2026-10
gov:www.bjfsh.gov.cn~5,gov,区国资委,https://www.bjfsh.gov.cn/zfxxgk/2020jgzn/zfbm/qgzw_24102/,www.bjfsh.gov.cn,probed-2xx,200,2026-10-03,区级部门:房山区,枚举:北京区网站群机构职能页 2026-10
gov:www.bjfsh.gov.cn~50,gov,韩村河镇,https://www.bjfsh.gov.cn/zfxxgk/2020jgzn/xzjd/hchz_24306/,www.bjfsh.gov.cn,probed-2xx,200,2026-10-03,街乡镇:房山区,枚举:北京区网街乡镇导航页 2026-10
gov:www.bjfsh.gov.cn~51,gov,良乡镇（良乡地区）,https://www.bjfsh.gov.cn/zfxxgk/2020jgzn/xzjd/lxz_24264/,www.bjfsh.gov.cn,probed-2xx,200,2026-10-03,街乡镇:房山区,枚举:北京区网街乡镇导航页 2026-10
gov:www.bjfsh.gov.cn~52,gov,周口店镇（周口店地区）,https://www.bjfsh.gov.cn/zfxxgk/2020jgzn/xzjd/zkdz_24288/,www.bjfsh.gov.cn,probed-2xx,200,2026-10-03,街乡镇:房山区,枚举:北京区网街乡镇导航页 2026-10
gov:www.bjfsh.gov.cn~53,gov,琉璃河镇（琉璃河地区）,https://www.bjfsh.gov.cn/zfxxgk/2020jgzn/xzjd/llhz_24294/,www.bjfsh.gov.cn,probed-2xx,200,2026-10-03,街乡镇:房山区,枚举:北京区网街乡镇导航页 2026-10
gov:www.bjfsh.gov.cn~54,gov,霞云岭乡,https://www.bjfsh.gov.cn/zfxxgk/2020jgzn/xzjd/xylx_24354/,www.bjfsh.gov.cn,probed-2xx,200,2026-10-03,街乡镇:房山区,枚举:北京区网街乡镇导航页 2026-10
gov:www.bjfsh.gov.cn~55,gov,南窖乡,https://www.bjfsh.gov.cn/zfxxgk/2020jgzn/xzjd/njx_24378/,www.bjfsh.gov.cn,probed-2xx,200,2026-10-03,街乡镇:房山区,枚举:北京区网街乡镇导航页 2026-10
gov:www.bjfsh.gov.cn~56,gov,佛子庄乡,https://www.bjfsh.gov.cn/zfxxgk/2020jgzn/xzjd/fzzx_24348/,www.bjfsh.gov.cn,probed-2xx,200,2026-10-03,街乡镇:房山区,枚举:北京区网街乡镇导航页 2026-10
gov:www.bjfsh.gov.cn~57,gov,大安山乡,https://www.bjfsh.gov.cn/zfxxgk/2020jgzn/xzjd/dasx_24372/,www.bjfsh.gov.cn,probed-2xx,200,2026-10-03,街乡镇:房山区,枚举:北京区网街乡镇导航页 2026-10
gov:www.bjfsh.gov.cn~58,gov,史家营乡,https://www.bjfsh.gov.cn/zfxxgk/2020jgzn/xzjd/sjyx_24366/,www.bjfsh.gov.cn,probed-2xx,200,2026-10-03,街乡镇:房山区,枚举:北京区网街乡镇导航页 2026-10
gov:www.bjfsh.gov.cn~59,gov,蒲洼乡,https://www.bjfsh.gov.cn/zfxxgk/2020jgzn/xzjd/pwx_24360/,www.bjfsh.gov.cn,probed-2xx,200,2026-10-03,街乡镇:房山区,枚举:北京区网街乡镇导航页 2026-10
gov:www.bjfsh.gov.cn~6,gov,区卫生健康委,https://www.bjfsh.gov.cn/zfxxgk/2020jgzn/zfbm/qwsjkw_24090/,www.bjfsh.gov.cn,probed-2xx,200,2026-10-03,区级部门:房山区,枚举:北京区网站群机构职能页 2026-10
gov:www.bjfsh.gov.cn~7,gov,区信访办,https://www.bjfsh.gov.cn/zfxxgk/2020jgzn/zfbm/qxfb_24120/,www.bjfsh.gov.cn,probed-2xx,200,2026-10-03,区级部门:房山区,枚举:北京区网站群机构职能页 2026-10
gov:www.bjfsh.gov.cn~8,gov,区民族宗教办,https://www.bjfsh.gov.cn/zfxxgk/2020jgzn/zfbm/mzb/,www.bjfsh.gov.cn,probed-2xx,200,2026-10-03,区级部门:房山区,枚举:北京区网站群机构职能页 2026-10
gov:www.bjfsh.gov.cn~9,gov,区国动办,https://www.bjfsh.gov.cn/zfxxgk/2020jgzn/zfbm/qrfb_24126/,www.bjfsh.gov.cn,probed-2xx,200,2026-10-03,区级部门:房山区,枚举:北京区网站群机构职能页 2026-10
gov:www.bjft.gov.cn,gov,丰台区人民政府,https://www.bjft.gov.cn/,www.bjft.gov.cn,probed-2xx,200,2026-10-03,区门户:丰台区,枚举:北京16区门户 2026-10
gov:www.bjft.gov.cn~10,gov,区生态环境局,https://www.bjft.gov.cn/xxfb/jgxx/qzfwbj/qhbj/,www.bjft.gov.cn,probed-2xx,200,2026-10-03,区级部门:丰台区,枚举:北京区网站群机构职能页 2026-10
gov:www.bjft.gov.cn~11,gov,区城管委,https://www.bjft.gov.cn/xxfb/jgxx/qzfwbj/qcgw/,www.bjft.gov.cn,probed-2xx,200,2026-10-03,区级部门:丰台区,枚举:北京区网站群机构职能页 2026-10
gov:www.bjft.gov.cn~12,gov,区水务局,https://www.bjft.gov.cn/xxfb/jgxx/qzfwbj/qswj/,www.bjft.gov.cn,probed-2xx,200,2026-10-03,区级部门:丰台区,枚举:北京区网站群机构职能页 2026-10
gov:www.bjft.gov.cn~13,gov,区农业农村局,https://www.bjft.gov.cn/xxfb/jgxx/qzfwbj/qnw/,www.bjft.gov.cn,probed-2xx,200,2026-10-03,区级部门:丰台区,枚举:北京区网站群机构职能页 2026-10
gov:www.bjft.gov.cn~14,gov,区商务局,https://www.bjft.gov.cn/xxfb/jgxx/qzfwbj/qsww/,www.bjft.gov.cn,probed-2xx,200,2026-10-03,区级部门:丰台区,枚举:北京区网站群机构职能页 2026-10
gov:www.bjft.gov.cn~15,gov,区文化和旅游局,https://www.bjft.gov.cn/xxfb/jgxx/qzfwbj/qwhw/,www.bjft.gov.cn,probed-2xx,200,2026-10-03,区级部门:丰台区,枚举:北京区网站群机构职能页 2026-10
gov:www.bjft.gov.cn~16,gov,区退役军人事务局,https://www.bjft.gov.cn/xxfb/jgxx/qzfwbj/qlyw/,www.bjft.gov.cn,probed-2xx,200,2026-10-03,区级部门:丰台区,枚举:北京区网站群机构职能页 2026-10
gov:www.bjft.gov.cn~17,gov,区应急局,https://www.bjft.gov.cn/xxfb/jgxx/qzfwbj/qdzj/,www.bjft.gov.cn,probed-2xx,200,2026-10-03,区级部门:丰台区,枚举:北京区网站群机构职能页 2026-10
gov:www.bjft.gov.cn~18,gov,区市场监管局,https://www.bjft.gov.cn/xxfb/jgxx/qzfwbj/qajj/,www.bjft.gov.cn,probed-2xx,200,2026-10-03,区级部门:丰台区,枚举:北京区网站群机构职能页 2026-10
gov:www.bjft.gov.cn~19,gov,区审计局,https://www.bjft.gov.cn/xxfb/jgxx/qzfwbj/qsjj/,www.bjft.gov.cn,probed-2xx,200,2026-10-03,区级部门:丰台区,枚举:北京区网站群机构职能页 2026-10
gov:www.bjft.gov.cn~2,gov,区发展改革委,https://www.bjft.gov.cn/xxfb/jgxx/qzfwbj/qfgw/,www.bjft.gov.cn,probed-2xx,200,2026-10-03,区级部门:丰台区,枚举:北京区网站群机构职能页 2026-10
gov:www.bjft.gov.cn~20,gov,区政府外办,https://www.bjft.gov.cn/xxfb/jgxx/qzfwbj/qwqb/,www.bjft.gov.cn,probed-2xx,200,2026-10-03,区级部门:丰台区,枚举:北京区网站群机构职能页 2026-10
gov:www.bjft.gov.cn~21,gov,区国资委,https://www.bjft.gov.cn/xxfb/jgxx/qzfwbj/qgzw/,www.bjft.gov.cn,probed-2xx,200,2026-10-03,区级部门:丰台区,枚举:北京区网站群机构职能页 2026-10
gov:www.bjft.gov.cn~22,gov,区体育局,https://www.bjft.gov.cn/xxfb/jgxx/qzfwbj/qtyj/,www.bjft.gov.cn,probed-2xx,200,2026-10-03,区级部门:丰台区,枚举:北京区网站群机构职能页 2026-10
gov:www.bjft.gov.cn~23,gov,区统计局,https://www.bjft.gov.cn/xxfb/jgxx/qzfwbj/qtjj/,www.bjft.gov.cn,probed-2xx,200,2026-10-03,区级部门:丰台区,枚举:北京区网站群机构职能页 2026-10
gov:www.bjft.gov.cn~24,gov,区园林绿化局,https://www.bjft.gov.cn/xxfb/jgxx/qzfwbj/qylj/,www.bjft.gov.cn,probed-2xx,200,2026-10-03,区级部门:丰台区,枚举:北京区网站群机构职能页 2026-10
gov:www.bjft.gov.cn~25,gov,区政务和数据局,https://www.bjft.gov.cn/xxfb/jgxx/qzfwbj/qfzb/,www.bjft.gov.cn,probed-2xx,200,2026-10-03,区级部门:丰台区,枚举:北京区网站群机构职能页 2026-10
gov:www.bjft.gov.cn~26,gov,区国动办,https://www.bjft.gov.cn/xxfb/jgxx/qzfwbj/qjgz/,www.bjft.gov.cn,probed-2xx,200,2026-10-03,区级部门:丰台区,枚举:北京区网站群机构职能页 2026-10
gov:www.bjft.gov.cn~27,gov,区信访办,https://www.bjft.gov.cn/xxfb/jgxx/qzfwbj/qxfb/,www.bjft.gov.cn,probed-2xx,200,2026-10-03,区级部门:丰台区,枚举:北京区网站群机构职能页 2026-10
gov:www.bjft.gov.cn~28,gov,区医疗保障局,https://www.bjft.gov.cn/xxfb/jgxx/qzfwbj/qfgj/,www.bjft.gov.cn,probed-2xx,200,2026-10-03,区级部门:丰台区,枚举:北京区网站群机构职能页 2026-10
gov:www.bjft.gov.cn~29,gov,区房管局,https://www.bjft.gov.cn/xxfb/jgxx/qzfwbj/qdaj/,www.bjft.gov.cn,probed-2xx,200,2026-10-03,区级部门:丰台区,枚举:北京区网站群机构职能页 2026-10
gov:www.bjft.gov.cn~3,gov,区教委,https://www.bjft.gov.cn/xxfb/jgxx/qzfwbj/qjw/,www.bjft.gov.cn,probed-2xx,200,2026-10-03,区级部门:丰台区,枚举:北京区网站群机构职能页 2026-10
gov:www.bjft.gov.cn~30,gov,丰台园管委会,https://www.bjft.gov.cn/xxfb/jgxx/qzfwbj/ftgwh/,www.bjft.gov.cn,probed-2xx,200,2026-10-03,区级部门:丰台区,枚举:北京区网站群机构职能页 2026-10
gov:www.bjft.gov.cn~31,gov,丽泽商务区管委会,https://www.bjft.gov.cn/xxfb/jgxx/qzfwbj/lzswq/,www.bjft.gov.cn,probed-2xx,200,2026-10-03,区级部门:丰台区,枚举:北京区网站群机构职能页 2026-10
gov:www.bjft.gov.cn~32,gov,右安门街道,https://www.bjft.gov.cn/xxfb/jgxx/jiedao/yamjdbsc/,www.bjft.gov.cn,probed-2xx,200,2026-10-03,街乡镇:丰台区,枚举:北京区网街乡镇导航页 2026-10
gov:www.bjft.gov.cn~33,gov,太平桥街道,https://www.bjft.gov.cn/xxfb/jgxx/jiedao/tpjdbsc/,www.bjft.gov.cn,probed-2xx,200,2026-10-03,街乡镇:丰台区,枚举:北京区网街乡镇导航页 2026-10
gov:www.bjft.gov.cn~34,gov,西罗园街道,https://www.bjft.gov.cn/xxfb/jgxx/jiedao/xlyjdbsc/,www.bjft.gov.cn,probed-2xx,200,2026-10-03,街乡镇:丰台区,枚举:北京区网街乡镇导航页 2026-10
gov:www.bjft.gov.cn~35,gov,大红门街道,https://www.bjft.gov.cn/xxfb/jgxx/jiedao/dhmjdbsc/,www.bjft.gov.cn,probed-2xx,200,2026-10-03,街乡镇:丰台区,枚举:北京区网街乡镇导航页 2026-10
gov:www.bjft.gov.cn~36,gov,南苑街道,https://www.bjft.gov.cn/xxfb/jgxx/jiedao/nyjdbsc/,www.bjft.gov.cn,probed-2xx,200,2026-10-03,街乡镇:丰台区,枚举:北京区网街乡镇导航页 2026-10
gov:www.bjft.gov.cn~37,gov,东高地街道,https://www.bjft.gov.cn/xxfb/jgxx/jiedao/dgdjdbsc/,www.bjft.gov.cn,probed-2xx,200,2026-10-03,街乡镇:丰台区,枚举:北京区网街乡镇导航页 2026-10
gov:www.bjft.gov.cn~38,gov,东铁匠营街道,https://www.bjft.gov.cn/xxfb/jgxx/jiedao/dtjyjdbsc/,www.bjft.gov.cn,probed-2xx,200,2026-10-03,街乡镇:丰台区,枚举:北京区网街乡镇导航页 2026-10
gov:www.bjft.gov.cn~39,gov,卢沟桥街道,https://www.bjft.gov.cn/xxfb/jgxx/jiedao/lgqjd/,www.bjft.gov.cn,probed-2xx,200,2026-10-03,街乡镇:丰台区,枚举:北京区网街乡镇导航页 2026-10
gov:www.bjft.gov.cn~4,gov,区科信局,https://www.bjft.gov.cn/xxfb/jgxx/qzfwbj/qkxj/,www.bjft.gov.cn,probed-2xx,200,2026-10-03,区级部门:丰台区,枚举:北京区网站群机构职能页 2026-10
gov:www.bjft.gov.cn~40,gov,丰台街道,https://www.bjft.gov.cn/xxfb/jgxx/jiedao/ftjd/,www.bjft.gov.cn,probed-2xx,200,2026-10-03,街乡镇:丰台区,枚举:北京区网街乡镇导航页 2026-10
gov:www.bjft.gov.cn~41,gov,新村街道,https://www.bjft.gov.cn/xxfb/jgxx/jiedao/xcjdbsc/,www.bjft.gov.cn,probed-2xx,200,2026-10-03,街乡镇:丰台区,枚举:北京区网街乡镇导航页 2026-10
gov:www.bjft.gov.cn~42,gov,长辛店街道,https://www.bjft.gov.cn/xxfb/jgxx/jiedao/cxdjdbsc/,www.bjft.gov.cn,probed-2xx,200,2026-10-03,街乡镇:丰台区,枚举:北京区网街乡镇导航页 2026-10
gov:www.bjft.gov.cn~43,gov,云岗街道,https://www.bjft.gov.cn/xxfb/jgxx/jiedao/ygjdbsc/,www.bjft.gov.cn,probed-2xx,200,2026-10-03,街乡镇:丰台区,枚举:北京区网街乡镇导航页 2026-10
gov:www.bjft.gov.cn~44,gov,方庄地区,https://www.bjft.gov.cn/xxfb/jgxx/jiedao/fzdqbsc/,www.bjft.gov.cn,probed-2xx,200,2026-10-03,街乡镇:丰台区,枚举:北京区网街乡镇导航页 2026-10
gov:www.bjft.gov.cn~45,gov,宛平城地区,https://www.bjft.gov.cn/xxfb/jgxx/jiedao/wpcdqbsc/,www.bjft.gov.cn,probed-2xx,200,2026-10-03,街乡镇:丰台区,枚举:北京区网街乡镇导航页 2026-10
gov:www.bjft.gov.cn~46,gov,马家堡街道,https://www.bjft.gov.cn/xxfb/jgxx/jiedao/mjbjdbsc/,www.bjft.gov.cn,probed-2xx,200,2026-10-03,街乡镇:丰台区,枚举:北京区网街乡镇导航页 2026-10
gov:www.bjft.gov.cn~47,gov,和义街道,https://www.bjft.gov.cn/xxfb/jgxx/jiedao/hyjdbsc/,www.bjft.gov.cn,probed-2xx,200,2026-10-03,街乡镇:丰台区,枚举:北京区网街乡镇导航页 2026-10
gov:www.bjft.gov.cn~49,gov,王佐镇,https://www.bjft.gov.cn/xxfb/jgxx/xiangzhen/wzzrmzf/,www.bjft.gov.cn,probed-2xx,200,2026-10-03,街乡镇:丰台区,枚举:北京区网街乡镇导航页 2026-10
gov:www.bjft.gov.cn~5,gov,区民政局,https://www.bjft.gov.cn/xxfb/jgxx/qzfwbj/qmzj/,www.bjft.gov.cn,probed-2xx,200,2026-10-03,区级部门:丰台区,枚举:北京区网站群机构职能页 2026-10
gov:www.bjft.gov.cn~51,gov,花乡（花乡地区）,https://www.bjft.gov.cn/xxfb/jgxx/jiedao/hxjdbsc/,www.bjft.gov.cn,probed-2xx,200,2026-10-03,街乡镇:丰台区,枚举:北京区网街乡镇导航页 2026-10
gov:www.bjft.gov.cn~6,gov,区司法局,https://www.bjft.gov.cn/xxfb/jgxx/qzfwbj/qsfj/,www.bjft.gov.cn,probed-2xx,200,2026-10-03,区级部门:丰台区,枚举:北京区网站群机构职能页 2026-10
gov:www.bjft.gov.cn~7,gov,区财政局,https://www.bjft.gov.cn/xxfb/jgxx/qzfwbj/qczj/,www.bjft.gov.cn,probed-2xx,200,2026-10-03,区级部门:丰台区,枚举:北京区网站群机构职能页 2026-10
gov:www.bjft.gov.cn~8,gov,区人力社保局,https://www.bjft.gov.cn/xxfb/jgxx/qzfwbj/qrlj/,www.bjft.gov.cn,probed-2xx,200,2026-10-03,区级部门:丰台区,枚举:北京区网站群机构职能页 2026-10
gov:www.bjft.gov.cn~9,gov,规划自然资源委丰台分局,https://www.bjft.gov.cn/xxfb/jgxx/qzfwbj/zrzyw/,www.bjft.gov.cn,probed-2xx,200,2026-10-03,区级部门:丰台区,枚举:北京区网站群机构职能页 2026-10
gov:www.bjhd.gov.cn,gov,海淀区人民政府,https://www.bjhd.gov.cn/,www.bjhd.gov.cn,probed-2xx,200,2026-10-03,区门户:海淀区,枚举:北京16区门户 2026-10
gov:www.bjhr.gov.cn,gov,怀柔区人民政府,https://www.bjhr.gov.cn/,www.bjhr.gov.cn,probed-2xx,200,2026-10-03,区门户:怀柔区,枚举:北京16区门户 2026-10
gov:www.bjhr.gov.cn~10,gov,九渡河镇,https://www.bjhr.gov.cn/zwgk/zfxxgkjg/zxjddh/jdhz/,www.bjhr.gov.cn,probed-2xx,200,2026-10-03,街乡镇:怀柔区,枚举:北京区网街乡镇导航页 2026-10
gov:www.bjhr.gov.cn~11,gov,琉璃庙镇,https://www.bjhr.gov.cn/zwgk/zfxxgkjg/zxjddh/llmz/,www.bjhr.gov.cn,probed-2xx,200,2026-10-03,街乡镇:怀柔区,枚举:北京区网街乡镇导航页 2026-10
gov:www.bjhr.gov.cn~12,gov,宝山镇,https://www.bjhr.gov.cn/zwgk/zfxxgkjg/zxjddh/bsz/,www.bjhr.gov.cn,probed-2xx,200,2026-10-03,街乡镇:怀柔区,枚举:北京区网街乡镇导航页 2026-10
gov:www.bjhr.gov.cn~13,gov,怀柔镇（怀柔地区）,https://www.bjhr.gov.cn/zwgk/zfxxgkjg/zxjddh/hrz/,www.bjhr.gov.cn,probed-2xx,200,2026-10-03,街乡镇:怀柔区,枚举:北京区网街乡镇导航页 2026-10
gov:www.bjhr.gov.cn~14,gov,雁栖镇（雁栖地区）,https://www.bjhr.gov.cn/zwgk/zfxxgkjg/zxjddh/yqz/,www.bjhr.gov.cn,probed-2xx,200,2026-10-03,街乡镇:怀柔区,枚举:北京区网街乡镇导航页 2026-10
gov:www.bjhr.gov.cn~15,gov,庙城镇（庙城地区）,https://www.bjhr.gov.cn/zwgk/zfxxgkjg/zxjddh/mcz/,www.bjhr.gov.cn,probed-2xx,200,2026-10-03,街乡镇:怀柔区,枚举:北京区网街乡镇导航页 2026-10
gov:www.bjhr.gov.cn~16,gov,长哨营满族乡,https://www.bjhr.gov.cn/zwgk/zfxxgkjg/zxjddh/csymzx/,www.bjhr.gov.cn,probed-2xx,200,2026-10-03,街乡镇:怀柔区,枚举:北京区网街乡镇导航页 2026-10
gov:www.bjhr.gov.cn~17,gov,喇叭沟门满族乡,https://www.bjhr.gov.cn/zwgk/zfxxgkjg/zxjddh/lbgmmzx/,www.bjhr.gov.cn,probed-2xx,200,2026-10-03,街乡镇:怀柔区,枚举:北京区网街乡镇导航页 2026-10
gov:www.bjhr.gov.cn~2,gov,泉河街道,https://www.bjhr.gov.cn/zwgk/zfxxgkjg/zxjddh/qhjdbsc/,www.bjhr.gov.cn,probed-2xx,200,2026-10-03,街乡镇:怀柔区,枚举:北京区网街乡镇导航页 2026-10
gov:www.bjhr.gov.cn~3,gov,龙山街道,https://www.bjhr.gov.cn/zwgk/zfxxgkjg/zxjddh/lsjdbsc/,www.bjhr.gov.cn,probed-2xx,200,2026-10-03,街乡镇:怀柔区,枚举:北京区网街乡镇导航页 2026-10
gov:www.bjhr.gov.cn~4,gov,北房镇,https://www.bjhr.gov.cn/zwgk/zfxxgkjg/zxjddh/bfz/,www.bjhr.gov.cn,probed-2xx,200,2026-10-03,街乡镇:怀柔区,枚举:北京区网街乡镇导航页 2026-10
gov:www.bjhr.gov.cn~5,gov,杨宋镇,https://www.bjhr.gov.cn/zwgk/zfxxgkjg/zxjddh/ysz/,www.bjhr.gov.cn,probed-2xx,200,2026-10-03,街乡镇:怀柔区,枚举:北京区网街乡镇导航页 2026-10
gov:www.bjhr.gov.cn~6,gov,桥梓镇,https://www.bjhr.gov.cn/zwgk/zfxxgkjg/zxjddh/qzz/,www.bjhr.gov.cn,probed-2xx,200,2026-10-03,街乡镇:怀柔区,枚举:北京区网街乡镇导航页 2026-10
gov:www.bjhr.gov.cn~7,gov,怀北镇,https://www.bjhr.gov.cn/zwgk/zfxxgkjg/zxjddh/hbz/,www.bjhr.gov.cn,probed-2xx,200,2026-10-03,街乡镇:怀柔区,枚举:北京区网街乡镇导航页 2026-10
gov:www.bjhr.gov.cn~8,gov,汤河口镇,https://www.bjhr.gov.cn/zwgk/zfxxgkjg/zxjddh/thkz/,www.bjhr.gov.cn,probed-2xx,200,2026-10-03,街乡镇:怀柔区,枚举:北京区网街乡镇导航页 2026-10
gov:www.bjhr.gov.cn~9,gov,渤海镇,https://www.bjhr.gov.cn/zwgk/zfxxgkjg/zxjddh/bhz/,www.bjhr.gov.cn,probed-2xx,200,2026-10-03,街乡镇:怀柔区,枚举:北京区网街乡镇导航页 2026-10
gov:www.bjjw.gov.cn,gov,北京市纪委监委,https://www.bjjw.gov.cn/,www.bjjw.gov.cn,probed-000,000,2026-10-03,市级:门户/人大/政协/纪委,枚举:北京16区门户 2026-10
gov:www.bjmtg.gov.cn,gov,门头沟区人民政府,https://www.bjmtg.gov.cn/,www.bjmtg.gov.cn,probed-2xx,200,2026-10-03,区门户:门头沟区,枚举:北京16区门户 2026-10
gov:www.bjmtg.gov.cn~10,gov,区水务局,https://www.bjmtg.gov.cn/bjmtg/zwxx/qswj/jgsz/index.shtml,www.bjmtg.gov.cn,probed-2xx,200,2026-10-03,区级部门:门头沟区,枚举:北京区网站群机构职能页 2026-10
gov:www.bjmtg.gov.cn~11,gov,区农业农村局,https://www.bjmtg.gov.cn/bjmtg/zwxx/qnyncj/jgzz/index.shtml,www.bjmtg.gov.cn,probed-2xx,200,2026-10-03,区级部门:门头沟区,枚举:北京区网站群机构职能页 2026-10
gov:www.bjmtg.gov.cn~12,gov,区商务局,https://www.bjmtg.gov.cn/bjmtg/jgsz/qswj/jgzz/index.shtml,www.bjmtg.gov.cn,probed-2xx,200,2026-10-03,区级部门:门头沟区,枚举:北京区网站群机构职能页 2026-10
gov:www.bjmtg.gov.cn~13,gov,区文化和旅游局,https://www.bjmtg.gov.cn/bjmtg/zwxx/qwhhlyj/jgzz/index.shtml,www.bjmtg.gov.cn,probed-2xx,200,2026-10-03,区级部门:门头沟区,枚举:北京区网站群机构职能页 2026-10
gov:www.bjmtg.gov.cn~14,gov,区退役军人事务局,https://www.bjmtg.gov.cn/bjmtg/zwxx/qtyjrj/jgzz/index.shtml,www.bjmtg.gov.cn,probed-2xx,200,2026-10-03,区级部门:门头沟区,枚举:北京区网站群机构职能页 2026-10
gov:www.bjmtg.gov.cn~15,gov,区应急管理局,https://www.bjmtg.gov.cn/bjmtg/zwxx/qyjj/jgzz/index.shtml,www.bjmtg.gov.cn,probed-2xx,200,2026-10-03,区级部门:门头沟区,枚举:北京区网站群机构职能页 2026-10
gov:www.bjmtg.gov.cn~16,gov,区市场监督管理局,https://www.bjmtg.gov.cn/bjmtg/zwxx/qscjgj/jgzz/index.shtml,www.bjmtg.gov.cn,probed-2xx,200,2026-10-03,区级部门:门头沟区,枚举:北京区网站群机构职能页 2026-10
gov:www.bjmtg.gov.cn~17,gov,区审计局,https://www.bjmtg.gov.cn/bjmtg/zwxx/qsjj/jgzz/index.shtml,www.bjmtg.gov.cn,probed-2xx,200,2026-10-03,区级部门:门头沟区,枚举:北京区网站群机构职能页 2026-10
gov:www.bjmtg.gov.cn~18,gov,区国资委,https://www.bjmtg.gov.cn/bjmtg/zwxx/qgzw/jgzz/index.shtml,www.bjmtg.gov.cn,probed-2xx,200,2026-10-03,区级部门:门头沟区,枚举:北京区网站群机构职能页 2026-10
gov:www.bjmtg.gov.cn~19,gov,区体育局,https://www.bjmtg.gov.cn/bjmtg/zwxx/qtyj/jgzz/index.shtml,www.bjmtg.gov.cn,probed-2xx,200,2026-10-03,区级部门:门头沟区,枚举:北京区网站群机构职能页 2026-10
gov:www.bjmtg.gov.cn~2,gov,专题中心,https://www.bjmtg.gov.cn/bjmtg/ztzl/index.shtml,www.bjmtg.gov.cn,probed-2xx,200,2026-10-03,区级部门:门头沟区,枚举:北京区网站群机构职能页 2026-10
gov:www.bjmtg.gov.cn~20,gov,区统计局,https://www.bjmtg.gov.cn/bjmtg/zwxx/qtjj/jgzz/index.shtml,www.bjmtg.gov.cn,probed-2xx,200,2026-10-03,区级部门:门头沟区,枚举:北京区网站群机构职能页 2026-10
gov:www.bjmtg.gov.cn~21,gov,区园林绿化局,https://www.bjmtg.gov.cn/bjmtg/zwxx/qyllh/jgzz/index.shtml,www.bjmtg.gov.cn,probed-2xx,200,2026-10-03,区级部门:门头沟区,枚举:北京区网站群机构职能页 2026-10
gov:www.bjmtg.gov.cn~22,gov,区政务服务管理局,https://www.bjmtg.gov.cn/bjmtg/zwxx/qzwfwj/jgzz/index.shtml,www.bjmtg.gov.cn,probed-2xx,200,2026-10-03,区级部门:门头沟区,枚举:北京区网站群机构职能页 2026-10
gov:www.bjmtg.gov.cn~23,gov,区医疗保障局,https://www.bjmtg.gov.cn/bjmtg/zwxx/qybj/jgzz/index.shtml,www.bjmtg.gov.cn,probed-2xx,200,2026-10-03,区级部门:门头沟区,枚举:北京区网站群机构职能页 2026-10
gov:www.bjmtg.gov.cn~24,gov,区城市管理综合行政执法局,https://www.bjmtg.gov.cn/bjmtg/zwxx/jgsz/qcgjgzc/index.shtml,www.bjmtg.gov.cn,probed-2xx,200,2026-10-03,区级部门:门头沟区,枚举:北京区网站群机构职能页 2026-10
gov:www.bjmtg.gov.cn~25,gov,中关村门头沟园管委会,https://www.bjmtg.gov.cn/bjmtg/zwxx/zgcmtg/jgzz/index.shtml,www.bjmtg.gov.cn,probed-2xx,200,2026-10-03,区级部门:门头沟区,枚举:北京区网站群机构职能页 2026-10
gov:www.bjmtg.gov.cn~26,gov,区公安分局,https://www.bjmtg.gov.cn/bjmtg/jgsz/gafj/jgzz/index.shtml,www.bjmtg.gov.cn,probed-2xx,200,2026-10-03,区级部门:门头沟区,枚举:北京区网站群机构职能页 2026-10
gov:www.bjmtg.gov.cn~27,gov,区公路分局,https://www.bjmtg.gov.cn/bjmtg/zwxx/qglfj/jgzz/index.shtml,www.bjmtg.gov.cn,probed-2xx,200,2026-10-03,区级部门:门头沟区,枚举:北京区网站群机构职能页 2026-10
gov:www.bjmtg.gov.cn~28,gov,区气象局,https://www.bjmtg.gov.cn/bjmtg/zwxx/qqxj/jgzz/index.shtml,www.bjmtg.gov.cn,probed-2xx,200,2026-10-03,区级部门:门头沟区,枚举:北京区网站群机构职能页 2026-10
gov:www.bjmtg.gov.cn~29,gov,大峪街道,https://www.bjmtg.gov.cn/bjmtg/zwxx/dyjd/jgzz/index.shtml,www.bjmtg.gov.cn,probed-2xx,200,2026-10-03,街乡镇:门头沟区,枚举:北京区网街乡镇导航页 2026-10
gov:www.bjmtg.gov.cn~3,gov,区经济和信息化局,https://www.bjmtg.gov.cn/bjmtg/zwxx/qjjhxxhj/jgzz/index.shtml,www.bjmtg.gov.cn,probed-2xx,200,2026-10-03,区级部门:门头沟区,枚举:北京区网站群机构职能页 2026-10
gov:www.bjmtg.gov.cn~30,gov,城子街道,https://www.bjmtg.gov.cn/bjmtg/zwxx/czjd/czjgzz/index.shtml,www.bjmtg.gov.cn,probed-2xx,200,2026-10-03,街乡镇:门头沟区,枚举:北京区网街乡镇导航页 2026-10
gov:www.bjmtg.gov.cn~31,gov,东辛房街道,https://www.bjmtg.gov.cn/bjmtg/zwxx/dxfjd/jgzz/index.shtml,www.bjmtg.gov.cn,probed-2xx,200,2026-10-03,街乡镇:门头沟区,枚举:北京区网街乡镇导航页 2026-10
gov:www.bjmtg.gov.cn~32,gov,大台街道,https://www.bjmtg.gov.cn/bjmtg/zwxx/dtjd/dtjgzz/index.shtml,www.bjmtg.gov.cn,probed-2xx,200,2026-10-03,街乡镇:门头沟区,枚举:北京区网街乡镇导航页 2026-10
gov:www.bjmtg.gov.cn~33,gov,潭柘寺镇,https://www.bjmtg.gov.cn/bjmtg/jgsz/tksz/jgzz/index.shtml,www.bjmtg.gov.cn,probed-2xx,200,2026-10-03,街乡镇:门头沟区,枚举:北京区网街乡镇导航页 2026-10
gov:www.bjmtg.gov.cn~34,gov,永定镇（永定地区）,https://www.bjmtg.gov.cn/bjmtg/jgsz/ydz/jgzz/index.shtml,www.bjmtg.gov.cn,probed-2xx,200,2026-10-03,街乡镇:门头沟区,枚举:北京区网街乡镇导航页 2026-10
gov:www.bjmtg.gov.cn~35,gov,龙泉镇（龙泉地区）,https://www.bjmtg.gov.cn/bjmtg/jgsz/lqz/jgzz/index.shtml,www.bjmtg.gov.cn,probed-2xx,200,2026-10-03,街乡镇:门头沟区,枚举:北京区网街乡镇导航页 2026-10
gov:www.bjmtg.gov.cn~36,gov,军庄镇,https://www.bjmtg.gov.cn/bjmtg/jgsz/jzz/jgzz/index.shtml,www.bjmtg.gov.cn,probed-2xx,200,2026-10-03,街乡镇:门头沟区,枚举:北京区网街乡镇导航页 2026-10
gov:www.bjmtg.gov.cn~37,gov,雁翅镇,https://www.bjmtg.gov.cn/bjmtg/jgsz/ycz/jgzz/index.shtml,www.bjmtg.gov.cn,probed-2xx,200,2026-10-03,街乡镇:门头沟区,枚举:北京区网街乡镇导航页 2026-10
gov:www.bjmtg.gov.cn~38,gov,斋堂镇,https://www.bjmtg.gov.cn/bjmtg/jgsz/ztz/jgzz/index.shtml,www.bjmtg.gov.cn,probed-2xx,200,2026-10-03,街乡镇:门头沟区,枚举:北京区网街乡镇导航页 2026-10
gov:www.bjmtg.gov.cn~39,gov,清水镇,https://www.bjmtg.gov.cn/bjmtg/jgsz/qsz/jgzz/index.shtml,www.bjmtg.gov.cn,probed-2xx,200,2026-10-03,街乡镇:门头沟区,枚举:北京区网街乡镇导航页 2026-10
gov:www.bjmtg.gov.cn~4,gov,区民政局,https://www.bjmtg.gov.cn/bjmtg/zwxx/qmzj/jgzz/index.shtml,www.bjmtg.gov.cn,probed-2xx,200,2026-10-03,区级部门:门头沟区,枚举:北京区网站群机构职能页 2026-10
gov:www.bjmtg.gov.cn~40,gov,妙峰山镇,https://www.bjmtg.gov.cn/bjmtg/jgsz/mfsz/jgzz/index.shtml,www.bjmtg.gov.cn,probed-2xx,200,2026-10-03,街乡镇:门头沟区,枚举:北京区网街乡镇导航页 2026-10
gov:www.bjmtg.gov.cn~41,gov,王平镇（王平地区）,https://www.bjmtg.gov.cn/bjmtg/jgsz/wpz/jgzz/index.shtml,www.bjmtg.gov.cn,probed-2xx,200,2026-10-03,街乡镇:门头沟区,枚举:北京区网街乡镇导航页 2026-10
gov:www.bjmtg.gov.cn~5,gov,区司法局,https://www.bjmtg.gov.cn/bjmtg/zwxx/qsfj/jgsz/index.shtml,www.bjmtg.gov.cn,probed-2xx,200,2026-10-03,区级部门:门头沟区,枚举:北京区网站群机构职能页 2026-10
gov:www.bjmtg.gov.cn~6,gov,区财政局,https://www.bjmtg.gov.cn/bjmtg/zwxx/qczj/jgsz/index.shtml,www.bjmtg.gov.cn,probed-2xx,200,2026-10-03,区级部门:门头沟区,枚举:北京区网站群机构职能页 2026-10
gov:www.bjmtg.gov.cn~7,gov,区人力资源社会保障局,https://www.bjmtg.gov.cn/bjmtg/zwxx/qrls/jgzz/index.shtml,www.bjmtg.gov.cn,probed-2xx,200,2026-10-03,区级部门:门头沟区,枚举:北京区网站群机构职能页 2026-10
gov:www.bjmtg.gov.cn~8,gov,区生态环境局,https://www.bjmtg.gov.cn/bjmtg/zwxx/qsthjj/jgzz/index.shtml,www.bjmtg.gov.cn,probed-2xx,200,2026-10-03,区级部门:门头沟区,枚举:北京区网站群机构职能页 2026-10
gov:www.bjmtg.gov.cn~9,gov,区交通局,https://www.bjmtg.gov.cn/bjmtg/zwxx/qjtj/jgzz/index.shtml,www.bjmtg.gov.cn,probed-2xx,200,2026-10-03,区级部门:门头沟区,枚举:北京区网站群机构职能页 2026-10
gov:www.bjmy.gov.cn,gov,密云区人民政府,https://www.bjmy.gov.cn/,www.bjmy.gov.cn,probed-2xx,200,2026-10-03,区门户:密云区,枚举:北京16区门户 2026-10
gov:www.bjmy.gov.cn~10,gov,退役军人事务局,https://www.bjmy.gov.cn/zwgk/jgzn/jgznqzfbm/tyjr/,www.bjmy.gov.cn,probed-2xx,200,2026-10-03,区级部门:密云区,枚举:北京区网站群机构职能页 2026-10
gov:www.bjmy.gov.cn~11,gov,信访办,https://www.bjmy.gov.cn/zwgk/jgzn/jgznqzfbm/xfb/,www.bjmy.gov.cn,probed-2xx,200,2026-10-03,区级部门:密云区,枚举:北京区网站群机构职能页 2026-10
gov:www.bjmy.gov.cn~12,gov,国动办,https://www.bjmy.gov.cn/zwgk/jgzn/jgznqzfbm/gdb/,www.bjmy.gov.cn,probed-2xx,200,2026-10-03,区级部门:密云区,枚举:北京区网站群机构职能页 2026-10
gov:www.bjmy.gov.cn~13,gov,财政局,https://www.bjmy.gov.cn/zwgk/jgzn/jgznqzfbm/czj/,www.bjmy.gov.cn,probed-2xx,200,2026-10-03,区级部门:密云区,枚举:北京区网站群机构职能页 2026-10
gov:www.bjmy.gov.cn~14,gov,统计局,https://www.bjmy.gov.cn/zwgk/jgzn/jgznqzfbm/tjj/,www.bjmy.gov.cn,probed-2xx,200,2026-10-03,区级部门:密云区,枚举:北京区网站群机构职能页 2026-10
gov:www.bjmy.gov.cn~15,gov,农业农村局,https://www.bjmy.gov.cn/zwgk/jgzn/jgznqzfbm/nyncj/,www.bjmy.gov.cn,probed-2xx,200,2026-10-03,区级部门:密云区,枚举:北京区网站群机构职能页 2026-10
gov:www.bjmy.gov.cn~16,gov,人力社保局,https://www.bjmy.gov.cn/zwgk/jgzn/jgznqzfbm/rlsbj/,www.bjmy.gov.cn,probed-2xx,200,2026-10-03,区级部门:密云区,枚举:北京区网站群机构职能页 2026-10
gov:www.bjmy.gov.cn~17,gov,医保局,https://www.bjmy.gov.cn/zwgk/jgzn/jgznqzfbm/ybj/,www.bjmy.gov.cn,probed-2xx,200,2026-10-03,区级部门:密云区,枚举:北京区网站群机构职能页 2026-10
gov:www.bjmy.gov.cn~18,gov,经信局,https://www.bjmy.gov.cn/zwgk/jgzn/jgznqzfbm/jxj/,www.bjmy.gov.cn,probed-2xx,200,2026-10-03,区级部门:密云区,枚举:北京区网站群机构职能页 2026-10
gov:www.bjmy.gov.cn~19,gov,民政局,https://www.bjmy.gov.cn/zwgk/jgzn/jgznqzfbm/sgwmzj/,www.bjmy.gov.cn,probed-2xx,200,2026-10-03,区级部门:密云区,枚举:北京区网站群机构职能页 2026-10
gov:www.bjmy.gov.cn~2,gov,政府办,https://www.bjmy.gov.cn/zwgk/jgzn/jgznqzfbm/zfb/,www.bjmy.gov.cn,probed-2xx,200,2026-10-03,区级部门:密云区,枚举:北京区网站群机构职能页 2026-10
gov:www.bjmy.gov.cn~20,gov,司法局,https://www.bjmy.gov.cn/zwgk/jgzn/jgznqzfbm/sfj/,www.bjmy.gov.cn,probed-2xx,200,2026-10-03,区级部门:密云区,枚举:北京区网站群机构职能页 2026-10
gov:www.bjmy.gov.cn~21,gov,审计局,https://www.bjmy.gov.cn/zwgk/jgzn/jgznqzfbm/sjj/,www.bjmy.gov.cn,probed-2xx,200,2026-10-03,区级部门:密云区,枚举:北京区网站群机构职能页 2026-10
gov:www.bjmy.gov.cn~22,gov,文旅局,https://www.bjmy.gov.cn/zwgk/jgzn/jgznqzfbm/wlj/,www.bjmy.gov.cn,probed-2xx,200,2026-10-03,区级部门:密云区,枚举:北京区网站群机构职能页 2026-10
gov:www.bjmy.gov.cn~23,gov,商务局,https://www.bjmy.gov.cn/zwgk/jgzn/jgznqzfbm/swj/,www.bjmy.gov.cn,probed-2xx,200,2026-10-03,区级部门:密云区,枚举:北京区网站群机构职能页 2026-10
gov:www.bjmy.gov.cn~24,gov,生态环境局,https://www.bjmy.gov.cn/zwgk/jgzn/jgznqzfbm/sthjj/,www.bjmy.gov.cn,probed-2xx,200,2026-10-03,区级部门:密云区,枚举:北京区网站群机构职能页 2026-10
gov:www.bjmy.gov.cn~25,gov,园林绿化局,https://www.bjmy.gov.cn/zwgk/jgzn/jgznqzfbm/yllhj/,www.bjmy.gov.cn,probed-2xx,200,2026-10-03,区级部门:密云区,枚举:北京区网站群机构职能页 2026-10
gov:www.bjmy.gov.cn~26,gov,水务局,https://www.bjmy.gov.cn/zwgk/jgzn/jgznqzfbm/shwj/,www.bjmy.gov.cn,probed-2xx,200,2026-10-03,区级部门:密云区,枚举:北京区网站群机构职能页 2026-10
gov:www.bjmy.gov.cn~27,gov,应急局,https://www.bjmy.gov.cn/zwgk/jgzn/jgznqzfbm/yjj/,www.bjmy.gov.cn,probed-2xx,200,2026-10-03,区级部门:密云区,枚举:北京区网站群机构职能页 2026-10
gov:www.bjmy.gov.cn~28,gov,市场监管局,https://www.bjmy.gov.cn/zwgk/jgzn/jgznqzfbm/scjgj/,www.bjmy.gov.cn,probed-2xx,200,2026-10-03,区级部门:密云区,枚举:北京区网站群机构职能页 2026-10
gov:www.bjmy.gov.cn~29,gov,政务和数据局,https://www.bjmy.gov.cn/zwgk/jgzn/jgznqzfbm/zwfwglj/,www.bjmy.gov.cn,probed-2xx,200,2026-10-03,区级部门:密云区,枚举:北京区网站群机构职能页 2026-10
gov:www.bjmy.gov.cn~3,gov,发改委,https://www.bjmy.gov.cn/zwgk/jgzn/jgznqzfbm/fgw/,www.bjmy.gov.cn,probed-2xx,200,2026-10-03,区级部门:密云区,枚举:北京区网站群机构职能页 2026-10
gov:www.bjmy.gov.cn~30,gov,交通局,https://www.bjmy.gov.cn/zwgk/jgzn/jgznqzfbm/jtj/,www.bjmy.gov.cn,probed-2xx,200,2026-10-03,区级部门:密云区,枚举:北京区网站群机构职能页 2026-10
gov:www.bjmy.gov.cn~31,gov,地震局,https://www.bjmy.gov.cn/zwgk/jgzn/jgznqzfbm/dzj/,www.bjmy.gov.cn,probed-2xx,200,2026-10-03,区级部门:密云区,枚举:北京区网站群机构职能页 2026-10
gov:www.bjmy.gov.cn~32,gov,鼓楼街道,https://www.bjmy.gov.cn/zwgk/jgzn/zjdqjjgnq/gljd/,www.bjmy.gov.cn,probed-2xx,200,2026-10-03,街乡镇:密云区,枚举:北京区网街乡镇导航页 2026-10
gov:www.bjmy.gov.cn~33,gov,果园街道,https://www.bjmy.gov.cn/zwgk/jgzn/zjdqjjgnq/gyjd/,www.bjmy.gov.cn,probed-2xx,200,2026-10-03,街乡镇:密云区,枚举:北京区网街乡镇导航页 2026-10
gov:www.bjmy.gov.cn~34,gov,密云镇,https://www.bjmy.gov.cn/zwgk/jgzn/zjdqjjgnq/myz/,www.bjmy.gov.cn,probed-2xx,200,2026-10-03,街乡镇:密云区,枚举:北京区网街乡镇导航页 2026-10
gov:www.bjmy.gov.cn~35,gov,溪翁庄镇,https://www.bjmy.gov.cn/zwgk/jgzn/zjdqjjgnq/xwzz/,www.bjmy.gov.cn,probed-2xx,200,2026-10-03,街乡镇:密云区,枚举:北京区网街乡镇导航页 2026-10
gov:www.bjmy.gov.cn~36,gov,西田各庄镇,https://www.bjmy.gov.cn/zwgk/jgzn/zjdqjjgnq/xtgzz/,www.bjmy.gov.cn,probed-2xx,200,2026-10-03,街乡镇:密云区,枚举:北京区网街乡镇导航页 2026-10
gov:www.bjmy.gov.cn~37,gov,十里堡镇,https://www.bjmy.gov.cn/zwgk/jgzn/zjdqjjgnq/slpz/,www.bjmy.gov.cn,probed-2xx,200,2026-10-03,街乡镇:密云区,枚举:北京区网街乡镇导航页 2026-10
gov:www.bjmy.gov.cn~38,gov,河南寨镇,https://www.bjmy.gov.cn/zwgk/jgzn/zjdqjjgnq/hnzz/,www.bjmy.gov.cn,probed-2xx,200,2026-10-03,街乡镇:密云区,枚举:北京区网街乡镇导航页 2026-10
gov:www.bjmy.gov.cn~39,gov,巨各庄镇,https://www.bjmy.gov.cn/zwgk/jgzn/zjdqjjgnq/jgzz/,www.bjmy.gov.cn,probed-2xx,200,2026-10-03,街乡镇:密云区,枚举:北京区网街乡镇导航页 2026-10
gov:www.bjmy.gov.cn~4,gov,国资委,https://www.bjmy.gov.cn/zwgk/jgzn/jgznqzfbm/gzw/,www.bjmy.gov.cn,probed-2xx,200,2026-10-03,区级部门:密云区,枚举:北京区网站群机构职能页 2026-10
gov:www.bjmy.gov.cn~40,gov,穆家峪镇,https://www.bjmy.gov.cn/zwgk/jgzn/zjdqjjgnq/mjyz/,www.bjmy.gov.cn,probed-2xx,200,2026-10-03,街乡镇:密云区,枚举:北京区网街乡镇导航页 2026-10
gov:www.bjmy.gov.cn~41,gov,太师屯镇,https://www.bjmy.gov.cn/zwgk/jgzn/zjdqjjgnq/tstz/,www.bjmy.gov.cn,probed-2xx,200,2026-10-03,街乡镇:密云区,枚举:北京区网街乡镇导航页 2026-10
gov:www.bjmy.gov.cn~42,gov,高岭镇,https://www.bjmy.gov.cn/zwgk/jgzn/zjdqjjgnq/glz/,www.bjmy.gov.cn,probed-2xx,200,2026-10-03,街乡镇:密云区,枚举:北京区网街乡镇导航页 2026-10
gov:www.bjmy.gov.cn~43,gov,不老屯镇,https://www.bjmy.gov.cn/zwgk/jgzn/zjdqjjgnq/bltz/,www.bjmy.gov.cn,probed-2xx,200,2026-10-03,街乡镇:密云区,枚举:北京区网街乡镇导航页 2026-10
gov:www.bjmy.gov.cn~44,gov,冯家峪镇,https://www.bjmy.gov.cn/zwgk/jgzn/zjdqjjgnq/fjyz/,www.bjmy.gov.cn,probed-2xx,200,2026-10-03,街乡镇:密云区,枚举:北京区网街乡镇导航页 2026-10
gov:www.bjmy.gov.cn~45,gov,古北口镇,https://www.bjmy.gov.cn/zwgk/jgzn/zjdqjjgnq/gbkz/,www.bjmy.gov.cn,probed-2xx,200,2026-10-03,街乡镇:密云区,枚举:北京区网街乡镇导航页 2026-10
gov:www.bjmy.gov.cn~46,gov,大城子镇,https://www.bjmy.gov.cn/zwgk/jgzn/zjdqjjgnq/dczz/,www.bjmy.gov.cn,probed-2xx,200,2026-10-03,街乡镇:密云区,枚举:北京区网街乡镇导航页 2026-10
gov:www.bjmy.gov.cn~47,gov,东邵渠镇,https://www.bjmy.gov.cn/zwgk/jgzn/zjdqjjgnq/dsqz/,www.bjmy.gov.cn,probed-2xx,200,2026-10-03,街乡镇:密云区,枚举:北京区网街乡镇导航页 2026-10
gov:www.bjmy.gov.cn~48,gov,北庄镇,https://www.bjmy.gov.cn/zwgk/jgzn/zjdqjjgnq/bzz/,www.bjmy.gov.cn,probed-2xx,200,2026-10-03,街乡镇:密云区,枚举:北京区网街乡镇导航页 2026-10
gov:www.bjmy.gov.cn~49,gov,新城子镇,https://www.bjmy.gov.cn/zwgk/jgzn/zjdqjjgnq/xczz/,www.bjmy.gov.cn,probed-2xx,200,2026-10-03,街乡镇:密云区,枚举:北京区网街乡镇导航页 2026-10
gov:www.bjmy.gov.cn~5,gov,住建委,https://www.bjmy.gov.cn/zwgk/jgzn/jgznqzfbm/zjw/,www.bjmy.gov.cn,probed-2xx,200,2026-10-03,区级部门:密云区,枚举:北京区网站群机构职能页 2026-10
gov:www.bjmy.gov.cn~50,gov,石城镇,https://www.bjmy.gov.cn/zwgk/jgzn/zjdqjjgnq/scz/,www.bjmy.gov.cn,probed-2xx,200,2026-10-03,街乡镇:密云区,枚举:北京区网街乡镇导航页 2026-10
gov:www.bjmy.gov.cn~51,gov,檀营满族蒙古族乡（檀营地区）,https://www.bjmy.gov.cn/zwgk/jgzn/zjdqjjgnq/tydq/,www.bjmy.gov.cn,probed-2xx,200,2026-10-03,街乡镇:密云区,枚举:北京区网街乡镇导航页 2026-10
gov:www.bjmy.gov.cn~6,gov,城管委,https://www.bjmy.gov.cn/zwgk/jgzn/jgznqzfbm/cgw/,www.bjmy.gov.cn,probed-2xx,200,2026-10-03,区级部门:密云区,枚举:北京区网站群机构职能页 2026-10
gov:www.bjmy.gov.cn~7,gov,教委,https://www.bjmy.gov.cn/zwgk/jgzn/jgznqzfbm/jw/,www.bjmy.gov.cn,probed-2xx,200,2026-10-03,区级部门:密云区,枚举:北京区网站群机构职能页 2026-10
gov:www.bjmy.gov.cn~8,gov,科委,https://www.bjmy.gov.cn/zwgk/jgzn/jgznqzfbm/kw/,www.bjmy.gov.cn,probed-2xx,200,2026-10-03,区级部门:密云区,枚举:北京区网站群机构职能页 2026-10
gov:www.bjmy.gov.cn~9,gov,卫生健康委,https://www.bjmy.gov.cn/zwgk/jgzn/jgznqzfbm/wsjkw/,www.bjmy.gov.cn,probed-2xx,200,2026-10-03,区级部门:密云区,枚举:北京区网站群机构职能页 2026-10
gov:www.bjpg.gov.cn,gov,平谷区人民政府,https://www.bjpg.gov.cn/,www.bjpg.gov.cn,probed-2xx,200,2026-10-03,区门户:平谷区,枚举:北京16区门户 2026-10
gov:www.bjpg.gov.cn~10,gov,区交通局,https://www.bjpg.gov.cn/pgqrmzf/bm/jtj/697061/697062/index.html,www.bjpg.gov.cn,probed-2xx,200,2026-10-03,区级部门:平谷区,枚举:北京区网站群机构职能页 2026-10
gov:www.bjpg.gov.cn~11,gov,区国动办,https://www.bjpg.gov.cn/pgqrmzf/bm/rfb/697097/697098/index.html,www.bjpg.gov.cn,probed-2xx,200,2026-10-03,区级部门:平谷区,枚举:北京区网站群机构职能页 2026-10
gov:www.bjpg.gov.cn~12,gov,区人力社保局,https://www.bjpg.gov.cn/pgqrmzf/bm/rlsbj/697109/697110/index.html,www.bjpg.gov.cn,probed-2xx,200,2026-10-03,区级部门:平谷区,枚举:北京区网站群机构职能页 2026-10
gov:www.bjpg.gov.cn~13,gov,区司法局,https://www.bjpg.gov.cn/pgqrmzf/bm/sfj/697121/697122/index.html,www.bjpg.gov.cn,probed-2xx,200,2026-10-03,区级部门:平谷区,枚举:北京区网站群机构职能页 2026-10
gov:www.bjpg.gov.cn~14,gov,区卫生健康委,https://www.bjpg.gov.cn/pgqrmzf/bm/wjw/697157/697158/index.html,www.bjpg.gov.cn,probed-2xx,200,2026-10-03,区级部门:平谷区,枚举:北京区网站群机构职能页 2026-10
gov:www.bjpg.gov.cn~15,gov,区文化和旅游局,https://www.bjpg.gov.cn/pgqrmzf/bm/whg/697169/697170/index.html,www.bjpg.gov.cn,probed-2xx,200,2026-10-03,区级部门:平谷区,枚举:北京区网站群机构职能页 2026-10
gov:www.bjpg.gov.cn~16,gov,区园林绿化局,https://www.bjpg.gov.cn/pgqrmzf/bm/yllhj/697193/697194/index.html,www.bjpg.gov.cn,probed-2xx,200,2026-10-03,区级部门:平谷区,枚举:北京区网站群机构职能页 2026-10
gov:www.bjpg.gov.cn~17,gov,区国资委,https://www.bjpg.gov.cn/pgqrmzf/bm/gzw/697229/697230/index.html,www.bjpg.gov.cn,probed-2xx,200,2026-10-03,区级部门:平谷区,枚举:北京区网站群机构职能页 2026-10
gov:www.bjpg.gov.cn~18,gov,区科技和信息化局,https://www.bjpg.gov.cn/pgqrmzf/bm/jxw/697241/697242/index.html,www.bjpg.gov.cn,probed-2xx,200,2026-10-03,区级部门:平谷区,枚举:北京区网站群机构职能页 2026-10
gov:www.bjpg.gov.cn~19,gov,区民政局,https://www.bjpg.gov.cn/pgqrmzf/bm/436381/697277/697278/index.html,www.bjpg.gov.cn,probed-2xx,200,2026-10-03,区级部门:平谷区,枚举:北京区网站群机构职能页 2026-10
gov:www.bjpg.gov.cn~2,gov,区政府办,https://www.bjpg.gov.cn/pgqrmzf/bm/qzfb/697361/697362/index.html,www.bjpg.gov.cn,probed-2xx,200,2026-10-03,区级部门:平谷区,枚举:北京区网站群机构职能页 2026-10
gov:www.bjpg.gov.cn~20,gov,区体育局,https://www.bjpg.gov.cn/pgqrmzf/bm/tyj/697289/697290/index.html,www.bjpg.gov.cn,probed-2xx,200,2026-10-03,区级部门:平谷区,枚举:北京区网站群机构职能页 2026-10
gov:www.bjpg.gov.cn~21,gov,区水务局,https://www.bjpg.gov.cn/pgqrmzf/bm/swj0/697301/697302/index.html,www.bjpg.gov.cn,probed-2xx,200,2026-10-03,区级部门:平谷区,枚举:北京区网站群机构职能页 2026-10
gov:www.bjpg.gov.cn~22,gov,区农业农村局,https://www.bjpg.gov.cn/pgqrmzf/bm/nyj24/697325/697326/index.html,www.bjpg.gov.cn,probed-2xx,200,2026-10-03,区级部门:平谷区,枚举:北京区网站群机构职能页 2026-10
gov:www.bjpg.gov.cn~23,gov,区商务局,https://www.bjpg.gov.cn/pgqrmzf/bm/sww/697337/697338/index.html,www.bjpg.gov.cn,probed-2xx,200,2026-10-03,区级部门:平谷区,枚举:北京区网站群机构职能页 2026-10
gov:www.bjpg.gov.cn~24,gov,区审计局,https://www.bjpg.gov.cn/pgqrmzf/bm/sjj/697349/697350/index.html,www.bjpg.gov.cn,probed-2xx,200,2026-10-03,区级部门:平谷区,枚举:北京区网站群机构职能页 2026-10
gov:www.bjpg.gov.cn~25,gov,区信访办,https://www.bjpg.gov.cn/pgqrmzf/bm/qxfb/697385/697386/index.html,www.bjpg.gov.cn,probed-2xx,200,2026-10-03,区级部门:平谷区,枚举:北京区网站群机构职能页 2026-10
gov:www.bjpg.gov.cn~26,gov,区退役军人局,https://www.bjpg.gov.cn/pgqrmzf/bm/qtyjrj/697397/697398/index.html,www.bjpg.gov.cn,probed-2xx,200,2026-10-03,区级部门:平谷区,枚举:北京区网站群机构职能页 2026-10
gov:www.bjpg.gov.cn~27,gov,区医保局,https://www.bjpg.gov.cn/pgqrmzf/bm/qybj/697409/697410/index.html,www.bjpg.gov.cn,probed-2xx,200,2026-10-03,区级部门:平谷区,枚举:北京区网站群机构职能页 2026-10
gov:www.bjpg.gov.cn~28,gov,区城市管理委,https://www.bjpg.gov.cn/pgqrmzf/bm/csgw/697313/697314/index.html,www.bjpg.gov.cn,probed-2xx,200,2026-10-03,区级部门:平谷区,枚举:北京区网站群机构职能页 2026-10
gov:www.bjpg.gov.cn~29,gov,区市场监督管理局,https://www.bjpg.gov.cn/pgqrmzf/bm/scjdglj/697373/697374/index.html,www.bjpg.gov.cn,probed-2xx,200,2026-10-03,区级部门:平谷区,枚举:北京区网站群机构职能页 2026-10
gov:www.bjpg.gov.cn~3,gov,区发展改革委,https://www.bjpg.gov.cn/pgqrmzf/bm/fgw20/697025/697026/index.html,www.bjpg.gov.cn,probed-2xx,200,2026-10-03,区级部门:平谷区,枚举:北京区网站群机构职能页 2026-10
gov:www.bjpg.gov.cn~30,gov,中关村平谷园管委会,https://www.bjpg.gov.cn/pgqrmzf/bm/xggw/697181/697182/index.html,www.bjpg.gov.cn,probed-2xx,200,2026-10-03,区级部门:平谷区,枚举:北京区网站群机构职能页 2026-10
gov:www.bjpg.gov.cn~31,gov,农业科技园区管委会,https://www.bjpg.gov.cn/pgqrmzf/bm/nykjyqgwh/791293/791294/index.html,www.bjpg.gov.cn,probed-2xx,200,2026-10-03,区级部门:平谷区,枚举:北京区网站群机构职能页 2026-10
gov:www.bjpg.gov.cn~32,gov,滨河街道,https://www.bjpg.gov.cn/pgqrmzf/zfxxgk68/xzjd20/pgqbhjdbsc/697673/697674/index.html,www.bjpg.gov.cn,probed-2xx,200,2026-10-03,街乡镇:平谷区,枚举:北京区网街乡镇导航页 2026-10
gov:www.bjpg.gov.cn~33,gov,兴谷街道,https://www.bjpg.gov.cn/pgqrmzf/zfxxgk68/xzjd20/pgqxgjdbsc/697661/697662/index.html,www.bjpg.gov.cn,probed-2xx,200,2026-10-03,街乡镇:平谷区,枚举:北京区网街乡镇导航页 2026-10
gov:www.bjpg.gov.cn~34,gov,东高村镇,https://www.bjpg.gov.cn/pgqrmzf/zfxxgk68/xzjd20/dgcz/697505/697506/index.html,www.bjpg.gov.cn,probed-2xx,200,2026-10-03,街乡镇:平谷区,枚举:北京区网街乡镇导航页 2026-10
gov:www.bjpg.gov.cn~35,gov,山东庄镇,https://www.bjpg.gov.cn/pgqrmzf/zfxxgk68/xzjd20/sdzz/697541/697542/index.html,www.bjpg.gov.cn,probed-2xx,200,2026-10-03,街乡镇:平谷区,枚举:北京区网街乡镇导航页 2026-10
gov:www.bjpg.gov.cn~36,gov,南独乐河镇,https://www.bjpg.gov.cn/pgqrmzf/zfxxgk68/xzjd20/ndlhz/697553/697554/index.html,www.bjpg.gov.cn,probed-2xx,200,2026-10-03,街乡镇:平谷区,枚举:北京区网街乡镇导航页 2026-10
gov:www.bjpg.gov.cn~37,gov,大华山镇,https://www.bjpg.gov.cn/pgqrmzf/zfxxgk68/xzjd20/dhsz/697613/697614/index.html,www.bjpg.gov.cn,probed-2xx,200,2026-10-03,街乡镇:平谷区,枚举:北京区网街乡镇导航页 2026-10
gov:www.bjpg.gov.cn~38,gov,夏各庄镇,https://www.bjpg.gov.cn/pgqrmzf/zfxxgk68/xzjd20/xgzz/697493/697494/index.html,www.bjpg.gov.cn,probed-2xx,200,2026-10-03,街乡镇:平谷区,枚举:北京区网街乡镇导航页 2026-10
gov:www.bjpg.gov.cn~39,gov,马昌营镇,https://www.bjpg.gov.cn/pgqrmzf/zfxxgk68/xzjd20/mcyz/697529/697530/index.html,www.bjpg.gov.cn,probed-2xx,200,2026-10-03,街乡镇:平谷区,枚举:北京区网街乡镇导航页 2026-10
gov:www.bjpg.gov.cn~4,gov,区教委,https://www.bjpg.gov.cn/pgqrmzf/bm/jw6/697073/697074/index.html,www.bjpg.gov.cn,probed-2xx,200,2026-10-03,区级部门:平谷区,枚举:北京区网站群机构职能页 2026-10
gov:www.bjpg.gov.cn~40,gov,王辛庄镇,https://www.bjpg.gov.cn/pgqrmzf/zfxxgk68/xzjd20/wxzz/697481/697482/index.html,www.bjpg.gov.cn,probed-2xx,200,2026-10-03,街乡镇:平谷区,枚举:北京区网街乡镇导航页 2026-10
gov:www.bjpg.gov.cn~41,gov,大兴庄镇,https://www.bjpg.gov.cn/pgqrmzf/zfxxgk68/xzjd20/dxzz/697577/697578/index.html,www.bjpg.gov.cn,probed-2xx,200,2026-10-03,街乡镇:平谷区,枚举:北京区网街乡镇导航页 2026-10
gov:www.bjpg.gov.cn~42,gov,刘家店镇,https://www.bjpg.gov.cn/pgqrmzf/zfxxgk68/xzjd20/ljdz/697565/697566/index.html,www.bjpg.gov.cn,probed-2xx,200,2026-10-03,街乡镇:平谷区,枚举:北京区网街乡镇导航页 2026-10
gov:www.bjpg.gov.cn~43,gov,镇罗营镇,https://www.bjpg.gov.cn/pgqrmzf/zfxxgk68/xzjd20/zlyz/697601/697602/index.html,www.bjpg.gov.cn,probed-2xx,200,2026-10-03,街乡镇:平谷区,枚举:北京区网街乡镇导航页 2026-10
gov:www.bjpg.gov.cn~44,gov,平谷镇（渔阳地区）,https://www.bjpg.gov.cn/pgqrmzf/zfxxgk68/xzjd20/pgz/697469/697470/index.html,www.bjpg.gov.cn,probed-2xx,200,2026-10-03,街乡镇:平谷区,枚举:北京区网街乡镇导航页 2026-10
gov:www.bjpg.gov.cn~45,gov,峪口镇（峪口地区）,https://www.bjpg.gov.cn/pgqrmzf/zfxxgk68/xzjd20/ykz/697589/697590/index.html,www.bjpg.gov.cn,probed-2xx,200,2026-10-03,街乡镇:平谷区,枚举:北京区网街乡镇导航页 2026-10
gov:www.bjpg.gov.cn~46,gov,马坊镇（马坊地区）,https://www.bjpg.gov.cn/pgqrmzf/zfxxgk68/xzjd20/mfz/697517/697518/index.html,www.bjpg.gov.cn,probed-2xx,200,2026-10-03,街乡镇:平谷区,枚举:北京区网街乡镇导航页 2026-10
gov:www.bjpg.gov.cn~47,gov,金海湖镇（金海湖地区）,https://www.bjpg.gov.cn/pgqrmzf/zfxxgk68/xzjd20/jhhz/697625/697626/index.html,www.bjpg.gov.cn,probed-2xx,200,2026-10-03,街乡镇:平谷区,枚举:北京区网街乡镇导航页 2026-10
gov:www.bjpg.gov.cn~48,gov,黄松峪乡,https://www.bjpg.gov.cn/pgqrmzf/zfxxgk68/xzjd20/hsyx/697649/697650/index.html,www.bjpg.gov.cn,probed-2xx,200,2026-10-03,街乡镇:平谷区,枚举:北京区网街乡镇导航页 2026-10
gov:www.bjpg.gov.cn~49,gov,熊儿寨乡,https://www.bjpg.gov.cn/pgqrmzf/zfxxgk68/xzjd20/xezx/697637/697638/index.html,www.bjpg.gov.cn,probed-2xx,200,2026-10-03,街乡镇:平谷区,枚举:北京区网街乡镇导航页 2026-10
gov:www.bjpg.gov.cn~5,gov,区统计局,https://www.bjpg.gov.cn/pgqrmzf/bm/tjj60/697133/697134/index.html,www.bjpg.gov.cn,probed-2xx,200,2026-10-03,区级部门:平谷区,枚举:北京区网站群机构职能页 2026-10
gov:www.bjpg.gov.cn~6,gov,区应急局,https://www.bjpg.gov.cn/pgqrmzf/bm/ajj48/xzldxx/694233/index.html,www.bjpg.gov.cn,probed-2xx,200,2026-10-03,区级部门:平谷区,枚举:北京区网站群机构职能页 2026-10
gov:www.bjpg.gov.cn~7,gov,区财政局,https://www.bjpg.gov.cn/pgqrmzf/bm/czj/697001/697002/index.html,www.bjpg.gov.cn,probed-2xx,200,2026-10-03,区级部门:平谷区,枚举:北京区网站群机构职能页 2026-10
gov:www.bjpg.gov.cn~8,gov,区政务和数据局,https://www.bjpg.gov.cn/pgqrmzf/bm/zhfwzx/697037/697038/index.html,www.bjpg.gov.cn,probed-2xx,200,2026-10-03,区级部门:平谷区,枚举:北京区网站群机构职能页 2026-10
gov:www.bjpg.gov.cn~9,gov,区生态环境局,https://www.bjpg.gov.cn/pgqrmzf/bm/hbj98/697049/697050/index.html,www.bjpg.gov.cn,probed-2xx,200,2026-10-03,区级部门:平谷区,枚举:北京区网站群机构职能页 2026-10
gov:www.bjrd.gov.cn,gov,北京市人大常委会,https://www.bjrd.gov.cn/,www.bjrd.gov.cn,probed-2xx,200,2026-10-03,市级:门户/人大/政协/纪委,枚举:北京16区门户 2026-10
gov:www.bjshy.gov.cn,gov,顺义区人民政府,https://www.bjshy.gov.cn/,www.bjshy.gov.cn,probed-2xx,200,2026-10-03,区门户:顺义区,枚举:北京16区门户 2026-10
gov:www.bjshy.gov.cn~10,gov,区人力社保局,https://www.bjshy.gov.cn/web/zwgk/jgxx/qzfwbj/qrlsbj/index.html,www.bjshy.gov.cn,probed-2xx,200,2026-10-03,区级部门:顺义区,枚举:北京区网站群机构职能页 2026-10
gov:www.bjshy.gov.cn~11,gov,区生态环境局,https://www.bjshy.gov.cn/web/zwgk/jgxx/qzfwbj/qhbj/index.html,www.bjshy.gov.cn,probed-2xx,200,2026-10-03,区级部门:顺义区,枚举:北京区网站群机构职能页 2026-10
gov:www.bjshy.gov.cn~12,gov,区城市管理委,https://www.bjshy.gov.cn/web/zwgk/jgxx/qzfwbj/qcsglw/index.html,www.bjshy.gov.cn,probed-2xx,200,2026-10-03,区级部门:顺义区,枚举:北京区网站群机构职能页 2026-10
gov:www.bjshy.gov.cn~13,gov,区交通局,https://www.bjshy.gov.cn/web/zwgk/jgxx/qzfwbj/qjtj/index.html,www.bjshy.gov.cn,probed-2xx,200,2026-10-03,区级部门:顺义区,枚举:北京区网站群机构职能页 2026-10
gov:www.bjshy.gov.cn~14,gov,区农业农村局,https://www.bjshy.gov.cn/web/zwgk/jgxx/qzfwbj/qnwnyj/index.html,www.bjshy.gov.cn,probed-2xx,200,2026-10-03,区级部门:顺义区,枚举:北京区网站群机构职能页 2026-10
gov:www.bjshy.gov.cn~15,gov,区水务局,https://www.bjshy.gov.cn/web/zwgk/jgxx/qzfwbj/qswj/index.html,www.bjshy.gov.cn,probed-2xx,200,2026-10-03,区级部门:顺义区,枚举:北京区网站群机构职能页 2026-10
gov:www.bjshy.gov.cn~16,gov,区商务局,https://www.bjshy.gov.cn/web/zwgk/jgxx/qzfwbj/qsww/index.html,www.bjshy.gov.cn,probed-2xx,200,2026-10-03,区级部门:顺义区,枚举:北京区网站群机构职能页 2026-10
gov:www.bjshy.gov.cn~17,gov,区卫生健康委,https://www.bjshy.gov.cn/web/zwgk/jgxx/qzfwbj/qwsjsw/index.html,www.bjshy.gov.cn,probed-2xx,200,2026-10-03,区级部门:顺义区,枚举:北京区网站群机构职能页 2026-10
gov:www.bjshy.gov.cn~18,gov,区审计局,https://www.bjshy.gov.cn/web/zwgk/jgxx/qzfwbj/qsjj/index.html,www.bjshy.gov.cn,probed-2xx,200,2026-10-03,区级部门:顺义区,枚举:北京区网站群机构职能页 2026-10
gov:www.bjshy.gov.cn~19,gov,区文化和旅游局,https://www.bjshy.gov.cn/web/zwgk/jgxx/qzfwbj/qlyfzw/index.html,www.bjshy.gov.cn,probed-2xx,200,2026-10-03,区级部门:顺义区,枚举:北京区网站群机构职能页 2026-10
gov:www.bjshy.gov.cn~2,gov,区政府委办局,https://www.bjshy.gov.cn/web/zwgk/jgxx/qzfwbj/index.html,www.bjshy.gov.cn,probed-2xx,200,2026-10-03,区级部门:顺义区,枚举:北京区网站群机构职能页 2026-10
gov:www.bjshy.gov.cn~20,gov,区国资委,https://www.bjshy.gov.cn/web/zwgk/jgxx/qzfwbj/qgzw/index.html,www.bjshy.gov.cn,probed-2xx,200,2026-10-03,区级部门:顺义区,枚举:北京区网站群机构职能页 2026-10
gov:www.bjshy.gov.cn~21,gov,区应急局,https://www.bjshy.gov.cn/web/zwgk/jgxx/qzfwbj/qaqjgj/index.html,www.bjshy.gov.cn,probed-2xx,200,2026-10-03,区级部门:顺义区,枚举:北京区网站群机构职能页 2026-10
gov:www.bjshy.gov.cn~22,gov,区体育局,https://www.bjshy.gov.cn/web/zwgk/jgxx/qzfwbj/qtyj/index.html,www.bjshy.gov.cn,probed-2xx,200,2026-10-03,区级部门:顺义区,枚举:北京区网站群机构职能页 2026-10
gov:www.bjshy.gov.cn~23,gov,区统计局,https://www.bjshy.gov.cn/web/zwgk/jgxx/qzfwbj/qtjj/index.html,www.bjshy.gov.cn,probed-2xx,200,2026-10-03,区级部门:顺义区,枚举:北京区网站群机构职能页 2026-10
gov:www.bjshy.gov.cn~24,gov,区园林绿化局,https://www.bjshy.gov.cn/web/zwgk/jgxx/qzfwbj/qyllhj/index.html,www.bjshy.gov.cn,probed-2xx,200,2026-10-03,区级部门:顺义区,枚举:北京区网站群机构职能页 2026-10
gov:www.bjshy.gov.cn~25,gov,区国动办,https://www.bjshy.gov.cn/web/zwgk/jgxx/qzfwbj/qmfj/index.html,www.bjshy.gov.cn,probed-2xx,200,2026-10-03,区级部门:顺义区,枚举:北京区网站群机构职能页 2026-10
gov:www.bjshy.gov.cn~26,gov,区信访办,https://www.bjshy.gov.cn/web/zwgk/jgxx/qzfwbj/qxfb/index.html,www.bjshy.gov.cn,probed-2xx,200,2026-10-03,区级部门:顺义区,枚举:北京区网站群机构职能页 2026-10
gov:www.bjshy.gov.cn~27,gov,区城管执法局,https://www.bjshy.gov.cn/web/zwgk/jgxx/qzfwbj/qcgzfjcj/index.html,www.bjshy.gov.cn,probed-2xx,200,2026-10-03,区级部门:顺义区,枚举:北京区网站群机构职能页 2026-10
gov:www.bjshy.gov.cn~28,gov,区政府外事办,https://www.bjshy.gov.cn/web/zwgk/jgxx/qzfwbj/qzfwsqwbgs/index.html,www.bjshy.gov.cn,probed-2xx,200,2026-10-03,区级部门:顺义区,枚举:北京区网站群机构职能页 2026-10
gov:www.bjshy.gov.cn~29,gov,区政务服务管理局,https://www.bjshy.gov.cn/web/zwgk/jgxx/qzfwbj/qzwfwglbgs/index.html,www.bjshy.gov.cn,probed-2xx,200,2026-10-03,区级部门:顺义区,枚举:北京区网站群机构职能页 2026-10
gov:www.bjshy.gov.cn~3,gov,区发展改革委,https://www.bjshy.gov.cn/web/zwgk/jgxx/qzfwbj/qfzggw/index.html,www.bjshy.gov.cn,probed-2xx,200,2026-10-03,区级部门:顺义区,枚举:北京区网站群机构职能页 2026-10
gov:www.bjshy.gov.cn~30,gov,区退役军人事务局,https://www.bjshy.gov.cn/web/zwgk/jgxx/qzfwbj/bjssyqtyjrswj/index.html,www.bjshy.gov.cn,probed-2xx,200,2026-10-03,区级部门:顺义区,枚举:北京区网站群机构职能页 2026-10
gov:www.bjshy.gov.cn~31,gov,胜利街道,https://www.bjshy.gov.cn/web/zwgk/jgxx/zzfhjdbsc/sljdbsc72/index.html,www.bjshy.gov.cn,probed-2xx,200,2026-10-03,街乡镇:顺义区,枚举:北京区网街乡镇导航页 2026-10
gov:www.bjshy.gov.cn~32,gov,光明街道,https://www.bjshy.gov.cn/web/zwgk/jgxx/zzfhjdbsc/gmjdbsc89/index.html,www.bjshy.gov.cn,probed-2xx,200,2026-10-03,街乡镇:顺义区,枚举:北京区网街乡镇导航页 2026-10
gov:www.bjshy.gov.cn~33,gov,石园街道,https://www.bjshy.gov.cn/web/zwgk/jgxx/zzfhjdbsc/syjdbsc26/index.html,www.bjshy.gov.cn,probed-2xx,200,2026-10-03,街乡镇:顺义区,枚举:北京区网街乡镇导航页 2026-10
gov:www.bjshy.gov.cn~34,gov,空港街道,https://www.bjshy.gov.cn/web/zwgk/jgxx/zzfhjdbsc/kgjdbsc69/index.html,www.bjshy.gov.cn,probed-2xx,200,2026-10-03,街乡镇:顺义区,枚举:北京区网街乡镇导航页 2026-10
gov:www.bjshy.gov.cn~35,gov,双丰街道,https://www.bjshy.gov.cn/web/zwgk/jgxx/zzfhjdbsc/sfjdbsc79/index.html,www.bjshy.gov.cn,probed-2xx,200,2026-10-03,街乡镇:顺义区,枚举:北京区网街乡镇导航页 2026-10
gov:www.bjshy.gov.cn~36,gov,旺泉街道,https://www.bjshy.gov.cn/web/zwgk/jgxx/zzfhjdbsc/wqjdbsc20/index.html,www.bjshy.gov.cn,probed-2xx,200,2026-10-03,街乡镇:顺义区,枚举:北京区网街乡镇导航页 2026-10
gov:www.bjshy.gov.cn~37,gov,高丽营镇,https://www.bjshy.gov.cn/web/zwgk/jgxx/zzfhjdbsc/glyz93/index.html,www.bjshy.gov.cn,probed-2xx,200,2026-10-03,街乡镇:顺义区,枚举:北京区网街乡镇导航页 2026-10
gov:www.bjshy.gov.cn~38,gov,李桥镇,https://www.bjshy.gov.cn/web/zwgk/jgxx/zzfhjdbsc/lqz89/index.html,www.bjshy.gov.cn,probed-2xx,200,2026-10-03,街乡镇:顺义区,枚举:北京区网街乡镇导航页 2026-10
gov:www.bjshy.gov.cn~39,gov,李遂镇,https://www.bjshy.gov.cn/web/zwgk/jgxx/zzfhjdbsc/lsz19/index.html,www.bjshy.gov.cn,probed-2xx,200,2026-10-03,街乡镇:顺义区,枚举:北京区网街乡镇导航页 2026-10
gov:www.bjshy.gov.cn~4,gov,区教委,https://www.bjshy.gov.cn/web/zwgk/jgxx/qzfwbj/qjw/index.html,www.bjshy.gov.cn,probed-2xx,200,2026-10-03,区级部门:顺义区,枚举:北京区网站群机构职能页 2026-10
gov:www.bjshy.gov.cn~40,gov,南彩镇,https://www.bjshy.gov.cn/web/zwgk/jgxx/zzfhjdbsc/ncz48/index.html,www.bjshy.gov.cn,probed-2xx,200,2026-10-03,街乡镇:顺义区,枚举:北京区网街乡镇导航页 2026-10
gov:www.bjshy.gov.cn~41,gov,北务镇,https://www.bjshy.gov.cn/web/zwgk/jgxx/zzfhjdbsc/bwz16/index.html,www.bjshy.gov.cn,probed-2xx,200,2026-10-03,街乡镇:顺义区,枚举:北京区网街乡镇导航页 2026-10
gov:www.bjshy.gov.cn~42,gov,大孙各庄镇,https://www.bjshy.gov.cn/web/zwgk/jgxx/zzfhjdbsc/dsgzz46/index.html,www.bjshy.gov.cn,probed-2xx,200,2026-10-03,街乡镇:顺义区,枚举:北京区网街乡镇导航页 2026-10
gov:www.bjshy.gov.cn~43,gov,张镇,https://www.bjshy.gov.cn/web/zwgk/jgxx/zzfhjdbsc/zz31/index.html,www.bjshy.gov.cn,probed-2xx,200,2026-10-03,街乡镇:顺义区,枚举:北京区网街乡镇导航页 2026-10
gov:www.bjshy.gov.cn~44,gov,龙湾屯镇,https://www.bjshy.gov.cn/web/zwgk/jgxx/zzfhjdbsc/lwtz59/index.html,www.bjshy.gov.cn,probed-2xx,200,2026-10-03,街乡镇:顺义区,枚举:北京区网街乡镇导航页 2026-10
gov:www.bjshy.gov.cn~45,gov,木林镇,https://www.bjshy.gov.cn/web/zwgk/jgxx/zzfhjdbsc/mlz99/index.html,www.bjshy.gov.cn,probed-2xx,200,2026-10-03,街乡镇:顺义区,枚举:北京区网街乡镇导航页 2026-10
gov:www.bjshy.gov.cn~46,gov,北小营镇,https://www.bjshy.gov.cn/web/zwgk/jgxx/zzfhjdbsc/bxyz44/index.html,www.bjshy.gov.cn,probed-2xx,200,2026-10-03,街乡镇:顺义区,枚举:北京区网街乡镇导航页 2026-10
gov:www.bjshy.gov.cn~47,gov,北石槽镇,https://www.bjshy.gov.cn/web/zwgk/jgxx/zzfhjdbsc/bscz95/index.html,www.bjshy.gov.cn,probed-2xx,200,2026-10-03,街乡镇:顺义区,枚举:北京区网街乡镇导航页 2026-10
gov:www.bjshy.gov.cn~48,gov,赵全营镇,https://www.bjshy.gov.cn/web/zwgk/jgxx/zzfhjdbsc/zqyz77/index.html,www.bjshy.gov.cn,probed-2xx,200,2026-10-03,街乡镇:顺义区,枚举:北京区网街乡镇导航页 2026-10
gov:www.bjshy.gov.cn~49,gov,仁和镇（仁和地区）,https://www.bjshy.gov.cn/web/zwgk/jgxx/zzfhjdbsc/rhz51/index.html,www.bjshy.gov.cn,probed-2xx,200,2026-10-03,街乡镇:顺义区,枚举:北京区网街乡镇导航页 2026-10
gov:www.bjshy.gov.cn~5,gov,区科委,https://www.bjshy.gov.cn/web/zwgk/jgxx/qzfwbj/qkw/index.html,www.bjshy.gov.cn,probed-2xx,200,2026-10-03,区级部门:顺义区,枚举:北京区网站群机构职能页 2026-10
gov:www.bjshy.gov.cn~50,gov,后沙峪镇（后沙峪地区）,https://www.bjshy.gov.cn/web/zwgk/jgxx/zzfhjdbsc/hsyz23/index.html,www.bjshy.gov.cn,probed-2xx,200,2026-10-03,街乡镇:顺义区,枚举:北京区网街乡镇导航页 2026-10
gov:www.bjshy.gov.cn~51,gov,天竺镇（天竺地区）,https://www.bjshy.gov.cn/web/zwgk/jgxx/zzfhjdbsc/tzz62/index.html,www.bjshy.gov.cn,probed-2xx,200,2026-10-03,街乡镇:顺义区,枚举:北京区网街乡镇导航页 2026-10
gov:www.bjshy.gov.cn~52,gov,杨镇（杨镇地区）,https://www.bjshy.gov.cn/web/zwgk/jgxx/zzfhjdbsc/yz61/index.html,www.bjshy.gov.cn,probed-2xx,200,2026-10-03,街乡镇:顺义区,枚举:北京区网街乡镇导航页 2026-10
gov:www.bjshy.gov.cn~53,gov,牛栏山镇（牛栏山地区）,https://www.bjshy.gov.cn/web/zwgk/jgxx/zzfhjdbsc/nlsz40/index.html,www.bjshy.gov.cn,probed-2xx,200,2026-10-03,街乡镇:顺义区,枚举:北京区网街乡镇导航页 2026-10
gov:www.bjshy.gov.cn~54,gov,南法信镇（南法信地区）,https://www.bjshy.gov.cn/web/zwgk/jgxx/zzfhjdbsc/nfxz99/index.html,www.bjshy.gov.cn,probed-2xx,200,2026-10-03,街乡镇:顺义区,枚举:北京区网街乡镇导航页 2026-10
gov:www.bjshy.gov.cn~55,gov,马坡镇（马坡地区）,https://www.bjshy.gov.cn/web/zwgk/jgxx/zzfhjdbsc/mpz38/index.html,www.bjshy.gov.cn,probed-2xx,200,2026-10-03,街乡镇:顺义区,枚举:北京区网街乡镇导航页 2026-10
gov:www.bjshy.gov.cn~6,gov,区经济和信息化局,https://www.bjshy.gov.cn/web/zwgk/jgxx/qzfwbj/qjjxxhw/index.html,www.bjshy.gov.cn,probed-2xx,200,2026-10-03,区级部门:顺义区,枚举:北京区网站群机构职能页 2026-10
gov:www.bjshy.gov.cn~7,gov,区委社会工委区民政局,https://www.bjshy.gov.cn/web/zwgk/jgxx/qzfwbj/qmzj/index.html,www.bjshy.gov.cn,probed-2xx,200,2026-10-03,区级部门:顺义区,枚举:北京区网站群机构职能页 2026-10
gov:www.bjshy.gov.cn~8,gov,区司法局,https://www.bjshy.gov.cn/web/zwgk/jgxx/qzfwbj/qsfj/index.html,www.bjshy.gov.cn,probed-2xx,200,2026-10-03,区级部门:顺义区,枚举:北京区网站群机构职能页 2026-10
gov:www.bjshy.gov.cn~9,gov,区财政局,https://www.bjshy.gov.cn/web/zwgk/jgxx/qzfwbj/qczj/index.html,www.bjshy.gov.cn,probed-2xx,200,2026-10-03,区级部门:顺义区,枚举:北京区网站群机构职能页 2026-10
gov:www.bjsjs.gov.cn,gov,石景山区人民政府,https://www.bjsjs.gov.cn/,www.bjsjs.gov.cn,probed-2xx,200,2026-10-03,区门户:石景山区,枚举:北京16区门户 2026-10
gov:www.bjsjs.gov.cn~10,gov,区信访办,http://www.bjsjs.gov.cn/gongkai/qxfb/jgzn_722/,www.bjsjs.gov.cn,probed-2xx,200,2026-10-03,区级部门:石景山区,枚举:北京区网站群机构职能页 2026-10
gov:www.bjsjs.gov.cn~11,gov,区政府集体资产监管办,http://www.bjsjs.gov.cn/gongkai/qzfjtzcjgb/jgzn_762/,www.bjsjs.gov.cn,probed-2xx,200,2026-10-03,区级部门:石景山区,枚举:北京区网站群机构职能页 2026-10
gov:www.bjsjs.gov.cn~12,gov,区民政局,http://www.bjsjs.gov.cn/gongkai/qmzj/jgzn_802/,www.bjsjs.gov.cn,probed-2xx,200,2026-10-03,区级部门:石景山区,枚举:北京区网站群机构职能页 2026-10
gov:www.bjsjs.gov.cn~13,gov,区司法局,http://www.bjsjs.gov.cn/gongkai/qsfj/jgzn_842/,www.bjsjs.gov.cn,probed-2xx,200,2026-10-03,区级部门:石景山区,枚举:北京区网站群机构职能页 2026-10
gov:www.bjsjs.gov.cn~14,gov,区人力资源社会保障局,http://www.bjsjs.gov.cn/gongkai/qrlzyshbzj/jgzn_882/,www.bjsjs.gov.cn,probed-2xx,200,2026-10-03,区级部门:石景山区,枚举:北京区网站群机构职能页 2026-10
gov:www.bjsjs.gov.cn~15,gov,区生态环境局,http://www.bjsjs.gov.cn/gongkai/qsthjj/jgzn_922/,www.bjsjs.gov.cn,probed-2xx,200,2026-10-03,区级部门:石景山区,枚举:北京区网站群机构职能页 2026-10
gov:www.bjsjs.gov.cn~16,gov,区商务局,http://www.bjsjs.gov.cn/gongkai/qswj/jgzn_962/,www.bjsjs.gov.cn,probed-2xx,200,2026-10-03,区级部门:石景山区,枚举:北京区网站群机构职能页 2026-10
gov:www.bjsjs.gov.cn~17,gov,区文化和旅游局,http://www.bjsjs.gov.cn/gongkai/qwhhlyj/jgzn_1002/,www.bjsjs.gov.cn,probed-2xx,200,2026-10-03,区级部门:石景山区,枚举:北京区网站群机构职能页 2026-10
gov:www.bjsjs.gov.cn~18,gov,区体育局,http://www.bjsjs.gov.cn/gongkai/qtyj/jgzn_1042/,www.bjsjs.gov.cn,probed-2xx,200,2026-10-03,区级部门:石景山区,枚举:北京区网站群机构职能页 2026-10
gov:www.bjsjs.gov.cn~19,gov,区园林绿化局,http://www.bjsjs.gov.cn/gongkai/qyllhj/jgzn_1082/,www.bjsjs.gov.cn,probed-2xx,200,2026-10-03,区级部门:石景山区,枚举:北京区网站群机构职能页 2026-10
gov:www.bjsjs.gov.cn~2,gov,区发展改革委,http://www.bjsjs.gov.cn/gongkai/qfzggw/jgzn_322/,www.bjsjs.gov.cn,probed-2xx,200,2026-10-03,区级部门:石景山区,枚举:北京区网站群机构职能页 2026-10
gov:www.bjsjs.gov.cn~20,gov,区市场监管局,http://www.bjsjs.gov.cn/gongkai/qscjgj/jgzn_1122/,www.bjsjs.gov.cn,probed-2xx,200,2026-10-03,区级部门:石景山区,枚举:北京区网站群机构职能页 2026-10
gov:www.bjsjs.gov.cn~21,gov,区审计局,http://www.bjsjs.gov.cn/gongkai/qsjj/jgzn_1162/,www.bjsjs.gov.cn,probed-2xx,200,2026-10-03,区级部门:石景山区,枚举:北京区网站群机构职能页 2026-10
gov:www.bjsjs.gov.cn~22,gov,区统计局,http://www.bjsjs.gov.cn/gongkai/qtjj/jgzn_1202/,www.bjsjs.gov.cn,probed-2xx,200,2026-10-03,区级部门:石景山区,枚举:北京区网站群机构职能页 2026-10
gov:www.bjsjs.gov.cn~23,gov,区政务和数据局,http://www.bjsjs.gov.cn/gongkai/qzwfwj/jgzn_1242/,www.bjsjs.gov.cn,probed-2xx,200,2026-10-03,区级部门:石景山区,枚举:北京区网站群机构职能页 2026-10
gov:www.bjsjs.gov.cn~24,gov,区应急局,http://www.bjsjs.gov.cn/gongkai/qyjj/jgzn_1282/,www.bjsjs.gov.cn,probed-2xx,200,2026-10-03,区级部门:石景山区,枚举:北京区网站群机构职能页 2026-10
gov:www.bjsjs.gov.cn~25,gov,区经济和信息化局,http://www.bjsjs.gov.cn/gongkai/qjjhxxhj/jgzn_1322/,www.bjsjs.gov.cn,probed-2xx,200,2026-10-03,区级部门:石景山区,枚举:北京区网站群机构职能页 2026-10
gov:www.bjsjs.gov.cn~26,gov,区医保局,http://www.bjsjs.gov.cn/gongkai/qybj/jgzn_1362/,www.bjsjs.gov.cn,probed-2xx,200,2026-10-03,区级部门:石景山区,枚举:北京区网站群机构职能页 2026-10
gov:www.bjsjs.gov.cn~27,gov,区退役军人局,http://www.bjsjs.gov.cn/gongkai/qtyjrj/jgzn_1402/,www.bjsjs.gov.cn,probed-2xx,200,2026-10-03,区级部门:石景山区,枚举:北京区网站群机构职能页 2026-10
gov:www.bjsjs.gov.cn~28,gov,区投资促进中心,http://www.bjsjs.gov.cn/gongkai/qtzcjzx/jgzn_1482/,www.bjsjs.gov.cn,probed-2xx,200,2026-10-03,区级部门:石景山区,枚举:北京区网站群机构职能页 2026-10
gov:www.bjsjs.gov.cn~29,gov,区国动办,http://www.bjsjs.gov.cn/gongkai/qrfb/jgzn_1522/,www.bjsjs.gov.cn,probed-2xx,200,2026-10-03,区级部门:石景山区,枚举:北京区网站群机构职能页 2026-10
gov:www.bjsjs.gov.cn~3,gov,区教委,http://www.bjsjs.gov.cn/gongkai/qjw/jgzn_362/,www.bjsjs.gov.cn,probed-2xx,200,2026-10-03,区级部门:石景山区,枚举:北京区网站群机构职能页 2026-10
gov:www.bjsjs.gov.cn~30,gov,区公园管理中心,http://www.bjsjs.gov.cn/gongkai/qgyglzx/jgzn_1602/,www.bjsjs.gov.cn,probed-2xx,200,2026-10-03,区级部门:石景山区,枚举:北京区网站群机构职能页 2026-10
gov:www.bjsjs.gov.cn~31,gov,区房屋征收中心,http://www.bjsjs.gov.cn/gongkai/qfwzszx/jgzn_1642/,www.bjsjs.gov.cn,probed-2xx,200,2026-10-03,区级部门:石景山区,枚举:北京区网站群机构职能页 2026-10
gov:www.bjsjs.gov.cn~32,gov,八宝山街道,http://www.bjsjs.gov.cn/gongkai/bbsjdbsc/jgzn_1962/,www.bjsjs.gov.cn,probed-2xx,200,2026-10-03,街乡镇:石景山区,枚举:北京区网街乡镇导航页 2026-10
gov:www.bjsjs.gov.cn~33,gov,老山街道,http://www.bjsjs.gov.cn/gongkai/lsjdbsc/jgzn_2002/,www.bjsjs.gov.cn,probed-2xx,200,2026-10-03,街乡镇:石景山区,枚举:北京区网街乡镇导航页 2026-10
gov:www.bjsjs.gov.cn~34,gov,八角街道,http://www.bjsjs.gov.cn/gongkai/bjjdbsc/jgzn_2122/,www.bjsjs.gov.cn,probed-2xx,200,2026-10-03,街乡镇:石景山区,枚举:北京区网街乡镇导航页 2026-10
gov:www.bjsjs.gov.cn~35,gov,古城街道,http://www.bjsjs.gov.cn/gongkai/gcjdbsc/jgzn_2082/,www.bjsjs.gov.cn,probed-2xx,200,2026-10-03,街乡镇:石景山区,枚举:北京区网街乡镇导航页 2026-10
gov:www.bjsjs.gov.cn~36,gov,苹果园街道,http://www.bjsjs.gov.cn/gongkai/pgyjdbsc/jgzn_2162/,www.bjsjs.gov.cn,probed-2xx,200,2026-10-03,街乡镇:石景山区,枚举:北京区网街乡镇导航页 2026-10
gov:www.bjsjs.gov.cn~37,gov,金顶街街道,http://www.bjsjs.gov.cn/gongkai/jdjjdbsc/jgzn_2202/,www.bjsjs.gov.cn,probed-2xx,200,2026-10-03,街乡镇:石景山区,枚举:北京区网街乡镇导航页 2026-10
gov:www.bjsjs.gov.cn~38,gov,广宁街道,http://www.bjsjs.gov.cn/gongkai/gnjdbsc/jgzn_2242/,www.bjsjs.gov.cn,probed-2xx,200,2026-10-03,街乡镇:石景山区,枚举:北京区网街乡镇导航页 2026-10
gov:www.bjsjs.gov.cn~39,gov,五里坨街道,http://www.bjsjs.gov.cn/gongkai/wltjdbsc/jgzn_2282/,www.bjsjs.gov.cn,probed-2xx,200,2026-10-03,街乡镇:石景山区,枚举:北京区网街乡镇导航页 2026-10
gov:www.bjsjs.gov.cn~4,gov,区住房城市建设委,http://www.bjsjs.gov.cn/gongkai/qzfcsjsw/jgzn_402/,www.bjsjs.gov.cn,probed-2xx,200,2026-10-03,区级部门:石景山区,枚举:北京区网站群机构职能页 2026-10
gov:www.bjsjs.gov.cn~40,gov,鲁谷街道,http://www.bjsjs.gov.cn/gongkai/lgjdbsc/jgzn_2042/,www.bjsjs.gov.cn,probed-2xx,200,2026-10-03,街乡镇:石景山区,枚举:北京区网街乡镇导航页 2026-10
gov:www.bjsjs.gov.cn~5,gov,区财政局,http://www.bjsjs.gov.cn/gongkai/qczj/jgzn_442/,www.bjsjs.gov.cn,probed-2xx,200,2026-10-03,区级部门:石景山区,枚举:北京区网站群机构职能页 2026-10
gov:www.bjsjs.gov.cn~6,gov,区城市管理委,http://www.bjsjs.gov.cn/gongkai/qcsglw/jgzn_482/,www.bjsjs.gov.cn,probed-2xx,200,2026-10-03,区级部门:石景山区,枚举:北京区网站群机构职能页 2026-10
gov:www.bjsjs.gov.cn~7,gov,区国资委,http://www.bjsjs.gov.cn/gongkai/qgzw/jgzn_522/,www.bjsjs.gov.cn,probed-2xx,200,2026-10-03,区级部门:石景山区,枚举:北京区网站群机构职能页 2026-10
gov:www.bjsjs.gov.cn~8,gov,区卫生健康委,http://www.bjsjs.gov.cn/gongkai/qwsjkw/jgzn_562/,www.bjsjs.gov.cn,probed-2xx,200,2026-10-03,区级部门:石景山区,枚举:北京区网站群机构职能页 2026-10
gov:www.bjsjs.gov.cn~9,gov,区政府外办,http://www.bjsjs.gov.cn/gongkai/qzfwb/jgzn_682/,www.bjsjs.gov.cn,probed-2xx,200,2026-10-03,区级部门:石景山区,枚举:北京区网站群机构职能页 2026-10
gov:www.bjtzh.gov.cn,gov,通州区人民政府,https://www.bjtzh.gov.cn/,www.bjtzh.gov.cn,probed-2xx,200,2026-10-03,区门户:通州区,枚举:北京16区门户 2026-10
gov:www.bjtzh.gov.cn~10,gov,区人力社保局,https://www.bjtzh.gov.cn/bjtz/zwgk/jgzn/qzfbm/qrlsbj/jgxx/index.shtml,www.bjtzh.gov.cn,probed-2xx,200,2026-10-03,区级部门:通州区,枚举:北京区网站群机构职能页 2026-10
gov:www.bjtzh.gov.cn~11,gov,区生态环境局,https://www.bjtzh.gov.cn/bjtz/zwgk/jgzn/qzfbm/qsthjj/jgxx/index.shtml,www.bjtzh.gov.cn,probed-2xx,200,2026-10-03,区级部门:通州区,枚举:北京区网站群机构职能页 2026-10
gov:www.bjtzh.gov.cn~12,gov,区城市管理委,https://www.bjtzh.gov.cn/bjtz/zwgk/jgzn/qzfbm/qcsglw/jgxx/index.shtml,www.bjtzh.gov.cn,probed-2xx,200,2026-10-03,区级部门:通州区,枚举:北京区网站群机构职能页 2026-10
gov:www.bjtzh.gov.cn~13,gov,区交通委,https://www.bjtzh.gov.cn/bjtz/zwgk/jgzn/qzfbm/qjtj/jgxx/index.shtml,www.bjtzh.gov.cn,probed-2xx,200,2026-10-03,区级部门:通州区,枚举:北京区网站群机构职能页 2026-10
gov:www.bjtzh.gov.cn~14,gov,区水务局,https://www.bjtzh.gov.cn/bjtz/zwgk/jgzn/qzfbm/qswj/jgxx/index.shtml,www.bjtzh.gov.cn,probed-2xx,200,2026-10-03,区级部门:通州区,枚举:北京区网站群机构职能页 2026-10
gov:www.bjtzh.gov.cn~15,gov,区商务局,https://www.bjtzh.gov.cn/bjtz/zwgk/jgzn/qzfbm/qswj22/jgxx/index.shtml,www.bjtzh.gov.cn,probed-2xx,200,2026-10-03,区级部门:通州区,枚举:北京区网站群机构职能页 2026-10
gov:www.bjtzh.gov.cn~16,gov,区卫生健康委,https://www.bjtzh.gov.cn/bjtz/zwgk/jgzn/qzfbm/qwsjkw/jgxx/index.shtml,www.bjtzh.gov.cn,probed-2xx,200,2026-10-03,区级部门:通州区,枚举:北京区网站群机构职能页 2026-10
gov:www.bjtzh.gov.cn~17,gov,区审计局,https://www.bjtzh.gov.cn/bjtz/zwgk/jgzn/qzfbm/qsjj/jgxx/index.shtml,www.bjtzh.gov.cn,probed-2xx,200,2026-10-03,区级部门:通州区,枚举:北京区网站群机构职能页 2026-10
gov:www.bjtzh.gov.cn~18,gov,区政府国资委,https://www.bjtzh.gov.cn/bjtz/zwgk/jgzn/qzfbm/qzfgzw/jgxx/index.shtml,www.bjtzh.gov.cn,probed-2xx,200,2026-10-03,区级部门:通州区,枚举:北京区网站群机构职能页 2026-10
gov:www.bjtzh.gov.cn~19,gov,区应急管理局,https://www.bjtzh.gov.cn/bjtz/zwgk/jgzn/qzfbm/qyjglj/jgxx/index.shtml,www.bjtzh.gov.cn,probed-2xx,200,2026-10-03,区级部门:通州区,枚举:北京区网站群机构职能页 2026-10
gov:www.bjtzh.gov.cn~2,gov,区政府办,https://www.bjtzh.gov.cn/bjtz/zwgk/jgzn/qzfbm/qzfb/jgxx/index.shtml,www.bjtzh.gov.cn,probed-2xx,200,2026-10-03,区级部门:通州区,枚举:北京区网站群机构职能页 2026-10
gov:www.bjtzh.gov.cn~20,gov,区体育局,https://www.bjtzh.gov.cn/bjtz/zwgk/jgzn/qzfbm/qtyj/jgxx/index.shtml,www.bjtzh.gov.cn,probed-2xx,200,2026-10-03,区级部门:通州区,枚举:北京区网站群机构职能页 2026-10
gov:www.bjtzh.gov.cn~21,gov,区统计局,https://www.bjtzh.gov.cn/bjtz/zwgk/jgzn/qzfbm/qtjj/jgxx/index.shtml,www.bjtzh.gov.cn,probed-2xx,200,2026-10-03,区级部门:通州区,枚举:北京区网站群机构职能页 2026-10
gov:www.bjtzh.gov.cn~22,gov,区农业农村局,https://www.bjtzh.gov.cn/bjtz/zwgk/jgzn/qzfbm/qnyncj/jgxx/index.shtml,www.bjtzh.gov.cn,probed-2xx,200,2026-10-03,区级部门:通州区,枚举:北京区网站群机构职能页 2026-10
gov:www.bjtzh.gov.cn~23,gov,区园林绿化局,https://www.bjtzh.gov.cn/bjtz/zwgk/jgzn/qzfbm/qyllhj/jgxx/index.shtml,www.bjtzh.gov.cn,probed-2xx,200,2026-10-03,区级部门:通州区,枚举:北京区网站群机构职能页 2026-10
gov:www.bjtzh.gov.cn~24,gov,区文化和旅游局,https://www.bjtzh.gov.cn/bjtz/zwgk/jgzn/qzfbm/qwhhlyj/jgxx/index.shtml,www.bjtzh.gov.cn,probed-2xx,200,2026-10-03,区级部门:通州区,枚举:北京区网站群机构职能页 2026-10
gov:www.bjtzh.gov.cn~25,gov,区国动办,https://www.bjtzh.gov.cn/bjtz/zwgk/jgzn/qzfbm/qgdb/jgxx/index.shtml,www.bjtzh.gov.cn,probed-2xx,200,2026-10-03,区级部门:通州区,枚举:北京区网站群机构职能页 2026-10
gov:www.bjtzh.gov.cn~26,gov,区信访办,https://www.bjtzh.gov.cn/bjtz/zwgk/jgzn/qzfbm/qxfb/jgxx/index.shtml,www.bjtzh.gov.cn,probed-2xx,200,2026-10-03,区级部门:通州区,枚举:北京区网站群机构职能页 2026-10
gov:www.bjtzh.gov.cn~27,gov,区市场监管局,https://www.bjtzh.gov.cn/bjtz/zwgk/jgzn/qzfbm/qscjgj/jgxx/index.shtml,www.bjtzh.gov.cn,probed-2xx,200,2026-10-03,区级部门:通州区,枚举:北京区网站群机构职能页 2026-10
gov:www.bjtzh.gov.cn~28,gov,区政务和数据局,https://www.bjtzh.gov.cn/bjtz/zwgk/jgzn/qzfbm/qzwfwj/jgxx/index.shtml,www.bjtzh.gov.cn,probed-2xx,200,2026-10-03,区级部门:通州区,枚举:北京区网站群机构职能页 2026-10
gov:www.bjtzh.gov.cn~29,gov,区退役军人事务局,https://www.bjtzh.gov.cn/bjtz/zwgk/jgzn/qzfbm/qtyjrswj/jgxx/index.shtml,www.bjtzh.gov.cn,probed-2xx,200,2026-10-03,区级部门:通州区,枚举:北京区网站群机构职能页 2026-10
gov:www.bjtzh.gov.cn~3,gov,区发展改革委,https://www.bjtzh.gov.cn/bjtz/zwgk/jgzn/qzfbm/qfzggw/jgxx/index.shtml,www.bjtzh.gov.cn,probed-2xx,200,2026-10-03,区级部门:通州区,枚举:北京区网站群机构职能页 2026-10
gov:www.bjtzh.gov.cn~30,gov,区医疗保障局,https://www.bjtzh.gov.cn/bjtz/zwgk/jgzn/qzfbm/qylbzj/jgxx/index.shtml,www.bjtzh.gov.cn,probed-2xx,200,2026-10-03,区级部门:通州区,枚举:北京区网站群机构职能页 2026-10
gov:www.bjtzh.gov.cn~31,gov,区城管执法局,https://www.bjtzh.gov.cn/bjtz/zwgk/jgzn/qtbm/qcgzfj/jgxx/index.shtml,www.bjtzh.gov.cn,probed-2xx,200,2026-10-03,区级部门:通州区,枚举:北京区网站群机构职能页 2026-10
gov:www.bjtzh.gov.cn~32,gov,中仓街道,https://www.bjtzh.gov.cn/bjtz/zwgk/jgzn/xzjd/zcjd/jgxx/index.shtml,www.bjtzh.gov.cn,probed-2xx,200,2026-10-03,街乡镇:通州区,枚举:北京区网街乡镇导航页 2026-10
gov:www.bjtzh.gov.cn~33,gov,新华街道,https://www.bjtzh.gov.cn/bjtz/zwgk/jgzn/xzjd/xhjd/jgxx/index.shtml,www.bjtzh.gov.cn,probed-2xx,200,2026-10-03,街乡镇:通州区,枚举:北京区网街乡镇导航页 2026-10
gov:www.bjtzh.gov.cn~34,gov,北苑街道,https://www.bjtzh.gov.cn/bjtz/zwgk/jgzn/xzjd/byjd/jgxx/index.shtml,www.bjtzh.gov.cn,probed-2xx,200,2026-10-03,街乡镇:通州区,枚举:北京区网街乡镇导航页 2026-10
gov:www.bjtzh.gov.cn~35,gov,玉桥街道,https://www.bjtzh.gov.cn/bjtz/zwgk/jgzn/xzjd/yqjd/jgxx/index.shtml,www.bjtzh.gov.cn,probed-2xx,200,2026-10-03,街乡镇:通州区,枚举:北京区网街乡镇导航页 2026-10
gov:www.bjtzh.gov.cn~36,gov,潞源街道,https://www.bjtzh.gov.cn/bjtz/zwgk/jgzn/xzjd/lyjd/jgxx/index.shtml,www.bjtzh.gov.cn,probed-2xx,200,2026-10-03,街乡镇:通州区,枚举:北京区网街乡镇导航页 2026-10
gov:www.bjtzh.gov.cn~37,gov,通运街道,https://www.bjtzh.gov.cn/bjtz/zwgk/jgzn/xzjd/tyjd/jgxx/index.shtml,www.bjtzh.gov.cn,probed-2xx,200,2026-10-03,街乡镇:通州区,枚举:北京区网街乡镇导航页 2026-10
gov:www.bjtzh.gov.cn~38,gov,宋庄镇,https://www.bjtzh.gov.cn/bjtz/zwgk/jgzn/xzjd/szz/jgxx/index.shtml,www.bjtzh.gov.cn,probed-2xx,200,2026-10-03,街乡镇:通州区,枚举:北京区网街乡镇导航页 2026-10
gov:www.bjtzh.gov.cn~39,gov,张家湾镇,https://www.bjtzh.gov.cn/bjtz/zwgk/jgzn/xzjd/zjwz/jgxx/index.shtml,www.bjtzh.gov.cn,probed-2xx,200,2026-10-03,街乡镇:通州区,枚举:北京区网街乡镇导航页 2026-10
gov:www.bjtzh.gov.cn~4,gov,区教委,https://www.bjtzh.gov.cn/bjtz/zwgk/jgzn/qzfbm/qjw/jgxx/index.shtml,www.bjtzh.gov.cn,probed-2xx,200,2026-10-03,区级部门:通州区,枚举:北京区网站群机构职能页 2026-10
gov:www.bjtzh.gov.cn~40,gov,漷县镇,https://www.bjtzh.gov.cn/bjtz/zwgk/jgzn/xzjd/kxz/jgxx/index.shtml,www.bjtzh.gov.cn,probed-2xx,200,2026-10-03,街乡镇:通州区,枚举:北京区网街乡镇导航页 2026-10
gov:www.bjtzh.gov.cn~41,gov,马驹桥镇,https://www.bjtzh.gov.cn/bjtz/zwgk/jgzn/xzjd/mjqz/jgxx/index.shtml,www.bjtzh.gov.cn,probed-2xx,200,2026-10-03,街乡镇:通州区,枚举:北京区网街乡镇导航页 2026-10
gov:www.bjtzh.gov.cn~42,gov,西集镇,https://www.bjtzh.gov.cn/bjtz/zwgk/jgzn/xzjd/xjz/jgxx/index.shtml,www.bjtzh.gov.cn,probed-2xx,200,2026-10-03,街乡镇:通州区,枚举:北京区网街乡镇导航页 2026-10
gov:www.bjtzh.gov.cn~43,gov,台湖镇,https://www.bjtzh.gov.cn/bjtz/zwgk/jgzn/xzjd/thz/jgxx/index.shtml,www.bjtzh.gov.cn,probed-2xx,200,2026-10-03,街乡镇:通州区,枚举:北京区网街乡镇导航页 2026-10
gov:www.bjtzh.gov.cn~44,gov,永乐店镇,https://www.bjtzh.gov.cn/bjtz/zwgk/jgzn/xzjd/yldz/jgxx/index.shtml,www.bjtzh.gov.cn,probed-2xx,200,2026-10-03,街乡镇:通州区,枚举:北京区网街乡镇导航页 2026-10
gov:www.bjtzh.gov.cn~45,gov,潞城镇,https://www.bjtzh.gov.cn/bjtz/zwgk/jgzn/xzjd/lcz/jgxx/index.shtml,www.bjtzh.gov.cn,probed-2xx,200,2026-10-03,街乡镇:通州区,枚举:北京区网街乡镇导航页 2026-10
gov:www.bjtzh.gov.cn~46,gov,永顺镇（永顺地区）,https://www.bjtzh.gov.cn/bjtz/zwgk/jgzn/xzjd/ysz/jgxx/index.shtml,www.bjtzh.gov.cn,probed-2xx,200,2026-10-03,街乡镇:通州区,枚举:北京区网街乡镇导航页 2026-10
gov:www.bjtzh.gov.cn~47,gov,梨园镇（梨园地区）,https://www.bjtzh.gov.cn/bjtz/zwgk/jgzn/xzjd/lyz/jgxx/index.shtml,www.bjtzh.gov.cn,probed-2xx,200,2026-10-03,街乡镇:通州区,枚举:北京区网街乡镇导航页 2026-10
gov:www.bjtzh.gov.cn~48,gov,于家务回族乡,https://www.bjtzh.gov.cn/bjtz/zwgk/jgzn/xzjd/yjwx/jgxx/index.shtml,www.bjtzh.gov.cn,probed-2xx,200,2026-10-03,街乡镇:通州区,枚举:北京区网街乡镇导航页 2026-10
gov:www.bjtzh.gov.cn~5,gov,区科委,https://www.bjtzh.gov.cn/bjtz/zwgk/jgzn/qzfbm/qkw/jgxx/index.shtml,www.bjtzh.gov.cn,probed-2xx,200,2026-10-03,区级部门:通州区,枚举:北京区网站群机构职能页 2026-10
gov:www.bjtzh.gov.cn~6,gov,区经济和信息化局,https://www.bjtzh.gov.cn/bjtz/zwgk/jgzn/qzfbm/qjjhxxhj/jgxx/index.shtml,www.bjtzh.gov.cn,probed-2xx,200,2026-10-03,区级部门:通州区,枚举:北京区网站群机构职能页 2026-10
gov:www.bjtzh.gov.cn~7,gov,区民政局,https://www.bjtzh.gov.cn/bjtz/zwgk/jgzn/qzfbm/qmzj/jgxx/index.shtml,www.bjtzh.gov.cn,probed-2xx,200,2026-10-03,区级部门:通州区,枚举:北京区网站群机构职能页 2026-10
gov:www.bjtzh.gov.cn~8,gov,区司法局,https://www.bjtzh.gov.cn/bjtz/zwgk/jgzn/qzfbm/qsfj/jgxx/index.shtml,www.bjtzh.gov.cn,probed-2xx,200,2026-10-03,区级部门:通州区,枚举:北京区网站群机构职能页 2026-10
gov:www.bjtzh.gov.cn~9,gov,区财政局,https://www.bjtzh.gov.cn/bjtz/zwgk/jgzn/qzfbm/qczj/jgxx/index.shtml,www.bjtzh.gov.cn,probed-2xx,200,2026-10-03,区级部门:通州区,枚举:北京区网站群机构职能页 2026-10
gov:www.bjxch.gov.cn,gov,西城区人民政府,https://www.bjxch.gov.cn/,www.bjxch.gov.cn,probed-2xx,200,2026-10-03,区门户:西城区,枚举:北京16区门户 2026-10
gov:www.bjxch.gov.cn~10,gov,区生态环境局,https://www.bjxch.gov.cn/xxgk/jgzn/qgzzfb/qhbj.html,www.bjxch.gov.cn,probed-2xx,200,2026-10-03,区级部门:西城区,枚举:北京区网站群机构职能页 2026-10
gov:www.bjxch.gov.cn~11,gov,区住房城市建设委,https://www.bjxch.gov.cn/xxgk/jgzn/qgzzfb/qzfcsjsw.html,www.bjxch.gov.cn,probed-2xx,200,2026-10-03,区级部门:西城区,枚举:北京区网站群机构职能页 2026-10
gov:www.bjxch.gov.cn~12,gov,区房管局,https://www.bjxch.gov.cn/xxgk/jgzn/qgzzfb/qfgj.html,www.bjxch.gov.cn,probed-2xx,200,2026-10-03,区级部门:西城区,枚举:北京区网站群机构职能页 2026-10
gov:www.bjxch.gov.cn~13,gov,区城市管理委,https://www.bjxch.gov.cn/xxgk/jgzn/qgzzfb/qcsglw.html,www.bjxch.gov.cn,probed-2xx,200,2026-10-03,区级部门:西城区,枚举:北京区网站群机构职能页 2026-10
gov:www.bjxch.gov.cn~14,gov,区商务局,https://www.bjxch.gov.cn/xxgk/jgzn/qgzzfb/qsww.html,www.bjxch.gov.cn,probed-2xx,200,2026-10-03,区级部门:西城区,枚举:北京区网站群机构职能页 2026-10
gov:www.bjxch.gov.cn~15,gov,区经济促进局,https://www.bjxch.gov.cn/xxgk/jgzn/qgzzfb/qjjcjj.html,www.bjxch.gov.cn,probed-2xx,200,2026-10-03,区级部门:西城区,枚举:北京区网站群机构职能页 2026-10
gov:www.bjxch.gov.cn~16,gov,区文化和旅游局,https://www.bjxch.gov.cn/xxgk/jgzn/qgzzfb/qwhw.html,www.bjxch.gov.cn,probed-2xx,200,2026-10-03,区级部门:西城区,枚举:北京区网站群机构职能页 2026-10
gov:www.bjxch.gov.cn~17,gov,区卫生健康委,https://www.bjxch.gov.cn/xxgk/jgzn/qgzzfb/qwjw.html,www.bjxch.gov.cn,probed-2xx,200,2026-10-03,区级部门:西城区,枚举:北京区网站群机构职能页 2026-10
gov:www.bjxch.gov.cn~18,gov,区退役军人事务局,https://www.bjxch.gov.cn/xxgk/jgzn/qgzzfb/qtyjrswj.html,www.bjxch.gov.cn,probed-2xx,200,2026-10-03,区级部门:西城区,枚举:北京区网站群机构职能页 2026-10
gov:www.bjxch.gov.cn~19,gov,区应急局,https://www.bjxch.gov.cn/xxgk/jgzn/qgzzfb/qaqjgj.html,www.bjxch.gov.cn,probed-2xx,200,2026-10-03,区级部门:西城区,枚举:北京区网站群机构职能页 2026-10
gov:www.bjxch.gov.cn~2,gov,区政府办,https://www.bjxch.gov.cn/xxgk/jgzn/qgzzfb/zfbgs.html,www.bjxch.gov.cn,probed-2xx,200,2026-10-03,区级部门:西城区,枚举:北京区网站群机构职能页 2026-10
gov:www.bjxch.gov.cn~20,gov,区市场监管局,https://www.bjxch.gov.cn/xxgk/jgzn/qgzzfb/xcgsfj.html,www.bjxch.gov.cn,probed-2xx,200,2026-10-03,区级部门:西城区,枚举:北京区网站群机构职能页 2026-10
gov:www.bjxch.gov.cn~21,gov,区审计局,https://www.bjxch.gov.cn/xxgk/jgzn/qgzzfb/qsjj.html,www.bjxch.gov.cn,probed-2xx,200,2026-10-03,区级部门:西城区,枚举:北京区网站群机构职能页 2026-10
gov:www.bjxch.gov.cn~22,gov,区政府外办,https://www.bjxch.gov.cn/xxgk/jgzn/qgzzfb/qzfwsqwb.html,www.bjxch.gov.cn,probed-2xx,200,2026-10-03,区级部门:西城区,枚举:北京区网站群机构职能页 2026-10
gov:www.bjxch.gov.cn~23,gov,区国资委,https://www.bjxch.gov.cn/xxgk/jgzn/qgzzfb/qgzw.html,www.bjxch.gov.cn,probed-2xx,200,2026-10-03,区级部门:西城区,枚举:北京区网站群机构职能页 2026-10
gov:www.bjxch.gov.cn~24,gov,区体育局,https://www.bjxch.gov.cn/xxgk/jgzn/qgzzfb/qtyj.html,www.bjxch.gov.cn,probed-2xx,200,2026-10-03,区级部门:西城区,枚举:北京区网站群机构职能页 2026-10
gov:www.bjxch.gov.cn~25,gov,区统计局、西城区经济社会调查队,https://www.bjxch.gov.cn/xxgk/jgzn/qgzzfb/qtjjxcjjshdcd.html,www.bjxch.gov.cn,probed-2xx,200,2026-10-03,区级部门:西城区,枚举:北京区网站群机构职能页 2026-10
gov:www.bjxch.gov.cn~26,gov,区园林绿化局,https://www.bjxch.gov.cn/xxgk/jgzn/qgzzfb/qyllhj.html,www.bjxch.gov.cn,probed-2xx,200,2026-10-03,区级部门:西城区,枚举:北京区网站群机构职能页 2026-10
gov:www.bjxch.gov.cn~27,gov,区政务服务局,https://www.bjxch.gov.cn/xxgk/jgzn/qgzzfb/qzwfwb.html,www.bjxch.gov.cn,probed-2xx,200,2026-10-03,区级部门:西城区,枚举:北京区网站群机构职能页 2026-10
gov:www.bjxch.gov.cn~28,gov,区数据局,https://www.bjxch.gov.cn/xxgk/jgzn/qgzzfb/qkxw.html,www.bjxch.gov.cn,probed-2xx,200,2026-10-03,区级部门:西城区,枚举:北京区网站群机构职能页 2026-10
gov:www.bjxch.gov.cn~29,gov,区国动办,https://www.bjxch.gov.cn/xxgk/jgzn/qgzzfb/qmgj.html,www.bjxch.gov.cn,probed-2xx,200,2026-10-03,区级部门:西城区,枚举:北京区网站群机构职能页 2026-10
gov:www.bjxch.gov.cn~3,gov,区发展改革委,https://www.bjxch.gov.cn/xxgk/jgzn/qgzzfb/qfzggw.html,www.bjxch.gov.cn,probed-2xx,200,2026-10-03,区级部门:西城区,枚举:北京区网站群机构职能页 2026-10
gov:www.bjxch.gov.cn~30,gov,区信访办,https://www.bjxch.gov.cn/xxgk/jgzn/qgzzfb/qxfb.html,www.bjxch.gov.cn,probed-2xx,200,2026-10-03,区级部门:西城区,枚举:北京区网站群机构职能页 2026-10
gov:www.bjxch.gov.cn~31,gov,区外联办,https://www.bjxch.gov.cn/xxgk/jgzn/qgzzfb/qwlb.html,www.bjxch.gov.cn,probed-2xx,200,2026-10-03,区级部门:西城区,枚举:北京区网站群机构职能页 2026-10
gov:www.bjxch.gov.cn~32,gov,西长安街街道,https://www.bjxch.gov.cn/xxgk/jgzn/qjd/xcajjdbsc.html,www.bjxch.gov.cn,probed-2xx,200,2026-10-03,街乡镇:西城区,枚举:北京区网街乡镇导航页 2026-10
gov:www.bjxch.gov.cn~33,gov,新街口街道,https://www.bjxch.gov.cn/xxgk/jgzn/qjd/xjkjdbsc.html,www.bjxch.gov.cn,probed-2xx,200,2026-10-03,街乡镇:西城区,枚举:北京区网街乡镇导航页 2026-10
gov:www.bjxch.gov.cn~34,gov,月坛街道,https://www.bjxch.gov.cn/xxgk/jgzn/qjd/ytjdbsc/jgzn.html,www.bjxch.gov.cn,probed-2xx,200,2026-10-03,街乡镇:西城区,枚举:北京区网街乡镇导航页 2026-10
gov:www.bjxch.gov.cn~35,gov,展览路街道,https://www.bjxch.gov.cn/xxgk/jgzn/qjd/zlljdbsc/jgzn.html,www.bjxch.gov.cn,probed-2xx,200,2026-10-03,街乡镇:西城区,枚举:北京区网街乡镇导航页 2026-10
gov:www.bjxch.gov.cn~36,gov,德胜街道,https://www.bjxch.gov.cn/xxgk/jgzn/qjd/dsjdbsc.html,www.bjxch.gov.cn,probed-2xx,200,2026-10-03,街乡镇:西城区,枚举:北京区网街乡镇导航页 2026-10
gov:www.bjxch.gov.cn~37,gov,金融街街道,https://www.bjxch.gov.cn/xxgk/jgzn/qjd/jrjjdbsc.html,www.bjxch.gov.cn,probed-2xx,200,2026-10-03,街乡镇:西城区,枚举:北京区网街乡镇导航页 2026-10
gov:www.bjxch.gov.cn~38,gov,什刹海街道,https://www.bjxch.gov.cn/xxgk/jgzn/qjd/schdbsc.html,www.bjxch.gov.cn,probed-2xx,200,2026-10-03,街乡镇:西城区,枚举:北京区网街乡镇导航页 2026-10
gov:www.bjxch.gov.cn~39,gov,大栅栏街道,https://www.bjxch.gov.cn/xxgk/jgzn/qjd/asljdbsc.html,www.bjxch.gov.cn,probed-2xx,200,2026-10-03,街乡镇:西城区,枚举:北京区网街乡镇导航页 2026-10
gov:www.bjxch.gov.cn~4,gov,区教委,https://www.bjxch.gov.cn/xxgk/jgzn/qgzzfb/qjw.html,www.bjxch.gov.cn,probed-2xx,200,2026-10-03,区级部门:西城区,枚举:北京区网站群机构职能页 2026-10
gov:www.bjxch.gov.cn~40,gov,天桥街道,https://www.bjxch.gov.cn/xxgk/jgzn/qjd/tqjdbsc.html,www.bjxch.gov.cn,probed-2xx,200,2026-10-03,街乡镇:西城区,枚举:北京区网街乡镇导航页 2026-10
gov:www.bjxch.gov.cn~41,gov,椿树街道,https://www.bjxch.gov.cn/xxgk/jgzn/qjd/csjdbsc/jgzn.html,www.bjxch.gov.cn,probed-2xx,200,2026-10-03,街乡镇:西城区,枚举:北京区网街乡镇导航页 2026-10
gov:www.bjxch.gov.cn~42,gov,陶然亭街道,https://www.bjxch.gov.cn/xxgk/jgzn/qjd/trtjdbsc/jgzn.html,www.bjxch.gov.cn,probed-2xx,200,2026-10-03,街乡镇:西城区,枚举:北京区网街乡镇导航页 2026-10
gov:www.bjxch.gov.cn~43,gov,广安门内街道,https://www.bjxch.gov.cn/xxgk/jgzn/qjd/gnjdbsc/jgzn.html,www.bjxch.gov.cn,probed-2xx,200,2026-10-03,街乡镇:西城区,枚举:北京区网街乡镇导航页 2026-10
gov:www.bjxch.gov.cn~44,gov,牛街街道,https://www.bjxch.gov.cn/xxgk/jgzn/qjd/njjdbsc/jgzn.html,www.bjxch.gov.cn,probed-2xx,200,2026-10-03,街乡镇:西城区,枚举:北京区网街乡镇导航页 2026-10
gov:www.bjxch.gov.cn~45,gov,白纸坊街道,https://www.bjxch.gov.cn/xxgk/jgzn/qjd/bzjdbsc/jgzn.html,www.bjxch.gov.cn,probed-2xx,200,2026-10-03,街乡镇:西城区,枚举:北京区网街乡镇导航页 2026-10
gov:www.bjxch.gov.cn~46,gov,广安门外街道,https://www.bjxch.gov.cn/xxgk/jgzn/qjd/gwjdbsc.html,www.bjxch.gov.cn,probed-2xx,200,2026-10-03,街乡镇:西城区,枚举:北京区网街乡镇导航页 2026-10
gov:www.bjxch.gov.cn~5,gov,区民族宗教办,https://www.bjxch.gov.cn/xxgk/jgzn/qgzzfb/qmzzjb.html,www.bjxch.gov.cn,probed-2xx,200,2026-10-03,区级部门:西城区,枚举:北京区网站群机构职能页 2026-10
gov:www.bjxch.gov.cn~6,gov,区民政局,https://www.bjxch.gov.cn/xxgk/jgzn/qgzzfb/qmzj.html,www.bjxch.gov.cn,probed-2xx,200,2026-10-03,区级部门:西城区,枚举:北京区网站群机构职能页 2026-10
gov:www.bjxch.gov.cn~7,gov,区司法局,https://www.bjxch.gov.cn/xxgk/jgzn/qgzzfb/qsfj.html,www.bjxch.gov.cn,probed-2xx,200,2026-10-03,区级部门:西城区,枚举:北京区网站群机构职能页 2026-10
gov:www.bjxch.gov.cn~8,gov,区财政局,https://www.bjxch.gov.cn/xxgk/jgzn/qgzzfb/qczj.html,www.bjxch.gov.cn,probed-2xx,200,2026-10-03,区级部门:西城区,枚举:北京区网站群机构职能页 2026-10
gov:www.bjxch.gov.cn~9,gov,区人力社保局,https://www.bjxch.gov.cn/xxgk/jgzn/qgzzfb/qrlsbj.html,www.bjxch.gov.cn,probed-2xx,200,2026-10-03,区级部门:西城区,枚举:北京区网站群机构职能页 2026-10
gov:www.bjyq.gov.cn,gov,延庆区人民政府,https://www.bjyq.gov.cn/,www.bjyq.gov.cn,probed-000,000,2026-10-03,区门户:延庆区,枚举:北京16区门户 2026-10
gov:www.bjyq.gov.cn~10,gov,区交通局,http://www.bjyq.gov.cn/yanqing/zwgk/zfgs1669/zfbm/qjtj92/index.shtml,www.bjyq.gov.cn,probed-000,000,2026-10-03,区级部门:延庆区,枚举:北京区网站群机构职能页 2026-10
gov:www.bjyq.gov.cn~11,gov,区农业农村局,http://www.bjyq.gov.cn/yanqing/zwgk/zfgs1669/zfbm/qnyncj/index.shtml,www.bjyq.gov.cn,probed-000,000,2026-10-03,区级部门:延庆区,枚举:北京区网站群机构职能页 2026-10
gov:www.bjyq.gov.cn~12,gov,区商务局,http://www.bjyq.gov.cn/yanqing/zwgk/zfgs1669/zfbm/qswj87/index.shtml,www.bjyq.gov.cn,probed-000,000,2026-10-03,区级部门:延庆区,枚举:北京区网站群机构职能页 2026-10
gov:www.bjyq.gov.cn~13,gov,区文化和旅游局,http://www.bjyq.gov.cn/yanqing/zwgk/zfgs1669/zfbm/qwhhlyj83/index.shtml,www.bjyq.gov.cn,probed-000,000,2026-10-03,区级部门:延庆区,枚举:北京区网站群机构职能页 2026-10
gov:www.bjyq.gov.cn~14,gov,区卫生健康委,http://www.bjyq.gov.cn/yanqing/zwgk/zfgs1669/zfbm/qwsjkw80/index.shtml,www.bjyq.gov.cn,probed-000,000,2026-10-03,区级部门:延庆区,枚举:北京区网站群机构职能页 2026-10
gov:www.bjyq.gov.cn~15,gov,区退役军人局,http://www.bjyq.gov.cn/yanqing/zwgk/zfgs1669/zfbm/qtyjrswj/index.shtml,www.bjyq.gov.cn,probed-000,000,2026-10-03,区级部门:延庆区,枚举:北京区网站群机构职能页 2026-10
gov:www.bjyq.gov.cn~16,gov,区应急局,http://www.bjyq.gov.cn/yanqing/zwgk/zfgs1669/zfbm/qyjglj/index.shtml,www.bjyq.gov.cn,probed-000,000,2026-10-03,区级部门:延庆区,枚举:北京区网站群机构职能页 2026-10
gov:www.bjyq.gov.cn~17,gov,区水务局,http://www.bjyq.gov.cn/yanqing/zwgk/zfgs1669/zfbm/qswj96/index.shtml,www.bjyq.gov.cn,probed-000,000,2026-10-03,区级部门:延庆区,枚举:北京区网站群机构职能页 2026-10
gov:www.bjyq.gov.cn~18,gov,区市场监管局,http://www.bjyq.gov.cn/yanqing/zwgk/zfgs1669/zfbm/qscjgj/index.shtml,www.bjyq.gov.cn,probed-000,000,2026-10-03,区级部门:延庆区,枚举:北京区网站群机构职能页 2026-10
gov:www.bjyq.gov.cn~19,gov,区审计局,http://www.bjyq.gov.cn/yanqing/zwgk/zfgs1669/zfbm/qsjj65/index.shtml,www.bjyq.gov.cn,probed-000,000,2026-10-03,区级部门:延庆区,枚举:北京区网站群机构职能页 2026-10
gov:www.bjyq.gov.cn~2,gov,区发展改革委,http://www.bjyq.gov.cn/yanqing/zwgk/zfgs1669/zfbm/qfzhggw/index.shtml,www.bjyq.gov.cn,probed-000,000,2026-10-03,区级部门:延庆区,枚举:北京区网站群机构职能页 2026-10
gov:www.bjyq.gov.cn~20,gov,区体育局,http://www.bjyq.gov.cn/yanqing/zwgk/zfgs1669/zfbm/qtyj38/index.shtml,www.bjyq.gov.cn,probed-000,000,2026-10-03,区级部门:延庆区,枚举:北京区网站群机构职能页 2026-10
gov:www.bjyq.gov.cn~21,gov,区统计局,http://www.bjyq.gov.cn/yanqing/zwgk/zfgs1669/zfbm/qtjj10/index.shtml,www.bjyq.gov.cn,probed-000,000,2026-10-03,区级部门:延庆区,枚举:北京区网站群机构职能页 2026-10
gov:www.bjyq.gov.cn~22,gov,区园林绿化局,http://www.bjyq.gov.cn/yanqing/zwgk/zfgs1669/zfbm/qyllhj5/index.shtml,www.bjyq.gov.cn,probed-000,000,2026-10-03,区级部门:延庆区,枚举:北京区网站群机构职能页 2026-10
gov:www.bjyq.gov.cn~23,gov,区国动办,http://www.bjyq.gov.cn/yanqing/zwgk/zfgs1669/zfbm/qrfb/index.shtml,www.bjyq.gov.cn,probed-000,000,2026-10-03,区级部门:延庆区,枚举:北京区网站群机构职能页 2026-10
gov:www.bjyq.gov.cn~24,gov,区医保局,http://www.bjyq.gov.cn/yanqing/zwgk/zfgs1669/zfbm/qybj/index.shtml,www.bjyq.gov.cn,probed-000,000,2026-10-03,区级部门:延庆区,枚举:北京区网站群机构职能页 2026-10
gov:www.bjyq.gov.cn~25,gov,区城市管理委,http://www.bjyq.gov.cn/yanqing/zbm/szsrw66/dwjj7/index.shtml,www.bjyq.gov.cn,probed-000,000,2026-10-03,区级部门:延庆区,枚举:北京区网站群机构职能页 2026-10
gov:www.bjyq.gov.cn~26,gov,区国资委,http://www.bjyq.gov.cn/yanqing/zbm/1983143/1983144/index.shtml,www.bjyq.gov.cn,probed-000,000,2026-10-03,区级部门:延庆区,枚举:北京区网站群机构职能页 2026-10
gov:www.bjyq.gov.cn~27,gov,区政务和数据局,http://www.bjyq.gov.cn/yanqing/zbm/xzbmfwdt/dwjj12/index.shtml,www.bjyq.gov.cn,probed-000,000,2026-10-03,区级部门:延庆区,枚举:北京区网站群机构职能页 2026-10
gov:www.bjyq.gov.cn~28,gov,区信访办,http://www.bjyq.gov.cn/yanqing/zbm/xfb/dwjj89/index.shtml,www.bjyq.gov.cn,probed-000,000,2026-10-03,区级部门:延庆区,枚举:北京区网站群机构职能页 2026-10
gov:www.bjyq.gov.cn~29,gov,区文物局,http://www.bjyq.gov.cn/yanqing/zbm/yq23338509/yq23338510/index.shtml,www.bjyq.gov.cn,probed-000,000,2026-10-03,区级部门:延庆区,枚举:北京区网站群机构职能页 2026-10
gov:www.bjyq.gov.cn~3,gov,区教委,http://www.bjyq.gov.cn/yanqing/zwgk/zfgs1669/zfbm/qjw28/index.shtml,www.bjyq.gov.cn,probed-000,000,2026-10-03,区级部门:延庆区,枚举:北京区网站群机构职能页 2026-10
gov:www.bjyq.gov.cn~30,gov,区气象局,http://www.bjyq.gov.cn/yanqing/zbm/qxj/dwjj51/index.shtml,www.bjyq.gov.cn,probed-000,000,2026-10-03,区级部门:延庆区,枚举:北京区网站群机构职能页 2026-10
gov:www.bjyq.gov.cn~31,gov,团区委,http://www.bjyq.gov.cn/yanqing/zbm/txw/dwjj36/index.shtml,www.bjyq.gov.cn,probed-000,000,2026-10-03,区级部门:延庆区,枚举:北京区网站群机构职能页 2026-10
gov:www.bjyq.gov.cn~32,gov,百泉街道,http://www.bjyq.gov.cn/yanqing/zwgk/zfgs1669/xzjd/bqjd/index.shtml,www.bjyq.gov.cn,probed-000,000,2026-10-03,街乡镇:延庆区,枚举:北京区网街乡镇导航页 2026-10
gov:www.bjyq.gov.cn~33,gov,香水园街道,http://www.bjyq.gov.cn/yanqing/zwgk/zfgs1669/xzjd/xsyjd/index.shtml,www.bjyq.gov.cn,probed-000,000,2026-10-03,街乡镇:延庆区,枚举:北京区网街乡镇导航页 2026-10
gov:www.bjyq.gov.cn~34,gov,儒林街道,http://www.bjyq.gov.cn/yanqing/zwgk/zfgs1669/xzjd/rljd/index.shtml,www.bjyq.gov.cn,probed-000,000,2026-10-03,街乡镇:延庆区,枚举:北京区网街乡镇导航页 2026-10
gov:www.bjyq.gov.cn~35,gov,延庆镇,http://www.bjyq.gov.cn/yanqing/zwgk/zfgs1669/xzjd/yqz/index.shtml,www.bjyq.gov.cn,probed-000,000,2026-10-03,街乡镇:延庆区,枚举:北京区网街乡镇导航页 2026-10
gov:www.bjyq.gov.cn~36,gov,康庄镇,http://www.bjyq.gov.cn/yanqing/zwgk/zfgs1669/xzjd/kzz/index.shtml,www.bjyq.gov.cn,probed-000,000,2026-10-03,街乡镇:延庆区,枚举:北京区网街乡镇导航页 2026-10
gov:www.bjyq.gov.cn~37,gov,八达岭镇,http://www.bjyq.gov.cn/yanqing/zwgk/zfgs1669/xzjd/bdlz/index.shtml,www.bjyq.gov.cn,probed-000,000,2026-10-03,街乡镇:延庆区,枚举:北京区网街乡镇导航页 2026-10
gov:www.bjyq.gov.cn~38,gov,永宁镇,http://www.bjyq.gov.cn/yanqing/zwgk/zfgs1669/xzjd/ynz/index.shtml,www.bjyq.gov.cn,probed-000,000,2026-10-03,街乡镇:延庆区,枚举:北京区网街乡镇导航页 2026-10
gov:www.bjyq.gov.cn~39,gov,旧县镇,http://www.bjyq.gov.cn/yanqing/zwgk/zfgs1669/xzjd/jxz/index.shtml,www.bjyq.gov.cn,probed-000,000,2026-10-03,街乡镇:延庆区,枚举:北京区网街乡镇导航页 2026-10
gov:www.bjyq.gov.cn~4,gov,区科信局,http://www.bjyq.gov.cn/yanqing/zwgk/zfgs1669/zfbm/qkw/index.shtml,www.bjyq.gov.cn,probed-000,000,2026-10-03,区级部门:延庆区,枚举:北京区网站群机构职能页 2026-10
gov:www.bjyq.gov.cn~40,gov,张山营镇,http://www.bjyq.gov.cn/yanqing/zwgk/zfgs1669/xzjd/zsyz/index.shtml,www.bjyq.gov.cn,probed-000,000,2026-10-03,街乡镇:延庆区,枚举:北京区网街乡镇导航页 2026-10
gov:www.bjyq.gov.cn~41,gov,四海镇,http://www.bjyq.gov.cn/yanqing/zwgk/zfgs1669/xzjd/shz/index.shtml,www.bjyq.gov.cn,probed-000,000,2026-10-03,街乡镇:延庆区,枚举:北京区网街乡镇导航页 2026-10
gov:www.bjyq.gov.cn~42,gov,千家店镇,http://www.bjyq.gov.cn/yanqing/zwgk/zfgs1669/xzjd/qjdz/index.shtml,www.bjyq.gov.cn,probed-000,000,2026-10-03,街乡镇:延庆区,枚举:北京区网街乡镇导航页 2026-10
gov:www.bjyq.gov.cn~43,gov,沈家营镇,http://www.bjyq.gov.cn/yanqing/zwgk/zfgs1669/xzjd/sjyz/index.shtml,www.bjyq.gov.cn,probed-000,000,2026-10-03,街乡镇:延庆区,枚举:北京区网街乡镇导航页 2026-10
gov:www.bjyq.gov.cn~44,gov,大榆树镇,http://www.bjyq.gov.cn/yanqing/zwgk/zfgs1669/xzjd/dysz/index.shtml,www.bjyq.gov.cn,probed-000,000,2026-10-03,街乡镇:延庆区,枚举:北京区网街乡镇导航页 2026-10
gov:www.bjyq.gov.cn~45,gov,井庄镇,http://www.bjyq.gov.cn/yanqing/zwgk/zfgs1669/xzjd/jzz/index.shtml,www.bjyq.gov.cn,probed-000,000,2026-10-03,街乡镇:延庆区,枚举:北京区网街乡镇导航页 2026-10
gov:www.bjyq.gov.cn~46,gov,大庄科乡,http://www.bjyq.gov.cn/yanqing/zwgk/zfgs1669/xzjd/dzkx/index.shtml,www.bjyq.gov.cn,probed-000,000,2026-10-03,街乡镇:延庆区,枚举:北京区网街乡镇导航页 2026-10
gov:www.bjyq.gov.cn~47,gov,刘斌堡乡,http://www.bjyq.gov.cn/yanqing/zwgk/zfgs1669/xzjd/lbbx/index.shtml,www.bjyq.gov.cn,probed-000,000,2026-10-03,街乡镇:延庆区,枚举:北京区网街乡镇导航页 2026-10
gov:www.bjyq.gov.cn~48,gov,香营乡,http://www.bjyq.gov.cn/yanqing/zwgk/zfgs1669/xzjd/xyx/index.shtml,www.bjyq.gov.cn,probed-000,000,2026-10-03,街乡镇:延庆区,枚举:北京区网街乡镇导航页 2026-10
gov:www.bjyq.gov.cn~49,gov,珍珠泉乡,http://www.bjyq.gov.cn/yanqing/zwgk/zfgs1669/xzjd/zzqx/index.shtml,www.bjyq.gov.cn,probed-000,000,2026-10-03,街乡镇:延庆区,枚举:北京区网街乡镇导航页 2026-10
gov:www.bjyq.gov.cn~5,gov,区民政局,http://www.bjyq.gov.cn/yanqing/zwgk/zfgs1669/zfbm/qmzj87/index.shtml,www.bjyq.gov.cn,probed-000,000,2026-10-03,区级部门:延庆区,枚举:北京区网站群机构职能页 2026-10
gov:www.bjyq.gov.cn~6,gov,区司法局,http://www.bjyq.gov.cn/yanqing/zwgk/zfgs1669/zfbm/qsfj42/index.shtml,www.bjyq.gov.cn,probed-000,000,2026-10-03,区级部门:延庆区,枚举:北京区网站群机构职能页 2026-10
gov:www.bjyq.gov.cn~7,gov,区财政局,http://www.bjyq.gov.cn/yanqing/zwgk/zfgs1669/zfbm/qczj12/index.shtml,www.bjyq.gov.cn,probed-000,000,2026-10-03,区级部门:延庆区,枚举:北京区网站群机构职能页 2026-10
gov:www.bjyq.gov.cn~8,gov,区人力资源社会保障局,http://www.bjyq.gov.cn/yanqing/zwgk/zfgs1669/zfbm/qrbj/index.shtml,www.bjyq.gov.cn,probed-000,000,2026-10-03,区级部门:延庆区,枚举:北京区网站群机构职能页 2026-10
gov:www.bjyq.gov.cn~9,gov,区生态环境局,http://www.bjyq.gov.cn/yanqing/zwgk/zfgs1669/zfbm/qsthjj/index.shtml,www.bjyq.gov.cn,probed-000,000,2026-10-03,区级部门:延庆区,枚举:北京区网站群机构职能页 2026-10
gov:www.bjzx.gov.cn,gov,北京市政协,https://www.bjzx.gov.cn/,www.bjzx.gov.cn,probed-2xx,200,2026-10-03,市级:门户/人大/政协/纪委,枚举:北京16区门户 2026-10
gov:www.dcrd.gov.cn,gov,东城区人大常委会,http://www.dcrd.gov.cn/,www.dcrd.gov.cn,probed-2xx,200,2026-10-03,区人大:东城区,枚举:北京16区门户 2026-10
gov:xfb.beijing.gov.cn,gov,市信访办,http://xfb.beijing.gov.cn/,xfb.beijing.gov.cn,probed-2xx,200,2026-10-03,市级委办局,枚举:北京市政府网站群“市政府部门”导航 2026-10
gov:ybj.beijing.gov.cn,gov,市医保局,http://ybj.beijing.gov.cn/,ybj.beijing.gov.cn,probed-2xx,200,2026-10-03,市级委办局,枚举:北京市政府网站群“市政府部门”导航 2026-10
gov:yjglj.beijing.gov.cn,gov,市应急局,http://yjglj.beijing.gov.cn/,yjglj.beijing.gov.cn,probed-2xx,200,2026-10-03,市级委办局,枚举:北京市政府网站群“市政府部门”导航 2026-10
gov:yjj.beijing.gov.cn,gov,市药监局,https://yjj.beijing.gov.cn/,yjj.beijing.gov.cn,probed-2xx,200,2026-10-03,市级委办局,枚举:北京市政府网站群“市政府部门”导航 2026-10
gov:yllhj.beijing.gov.cn,gov,市园林绿化局,http://yllhj.beijing.gov.cn,yllhj.beijing.gov.cn,probed-2xx,200,2026-10-03,市级委办局,枚举:北京市政府网站群“市政府部门”导航 2026-10
gov:yqb.bjyq.gov.cn,gov,延庆区人大,http://yqb.bjyq.gov.cn/,yqb.bjyq.gov.cn,probed-2xx,200,2026-10-03,区人大:延庆区,枚举:北京16区门户 2026-10
gov:zdb.beijing.gov.cn,gov,市重大项目办,https://zdb.beijing.gov.cn/,zdb.beijing.gov.cn,probed-2xx,200,2026-10-03,市级委办局,枚举:北京市政府网站群“市政府部门”导航 2026-10
gov:zdzqgw.beijing.gov.cn,gov,重点站区管委会,https://zdzqgw.beijing.gov.cn/,zdzqgw.beijing.gov.cn,probed-2xx,200,2026-10-03,市级委办局,枚举:北京市政府网站群“市政府部门”导航 2026-10
gov:zjw.beijing.gov.cn,gov,市住房城乡建设委,http://zjw.beijing.gov.cn,zjw.beijing.gov.cn,probed-2xx,200,2026-10-03,市级委办局,枚举:北京市政府网站群“市政府部门”导航 2026-10
gov:zscqj.beijing.gov.cn,gov,市知识产权局,http://zscqj.beijing.gov.cn,zscqj.beijing.gov.cn,probed-2xx,200,2026-10-03,市级委办局,枚举:北京市政府网站群“市政府部门”导航 2026-10
gov:zwfwj.beijing.gov.cn,gov,市政务服务和数据管理局,http://zwfwj.beijing.gov.cn/,zwfwj.beijing.gov.cn,probed-2xx,200,2026-10-03,市级委办局,枚举:北京市政府网站群“市政府部门”导航 2026-10
gov:zyj.beijing.gov.cn,gov,市中医药局,https://zyj.beijing.gov.cn/,zyj.beijing.gov.cn,probed-2xx,200,2026-10-03,市级委办局,枚举:北京市政府网站群“市政府部门”导航 2026-10
gov:zyk.bjhd.gov.cn,gov,海淀资源云,http://zyk.bjhd.gov.cn/,zyk.bjhd.gov.cn,probed-2xx,200,2026-10-03,区信息公开/融媒体:海淀区,枚举:北京16区门户 2026-10
gov:zyk.bjhd.gov.cn~10,gov,区房管局,https://zyk.bjhd.gov.cn/zwdt/jgzn/zfgzbm/202008/t20200813_4418778.shtml,zyk.bjhd.gov.cn,probed-2xx,200,2026-10-03,区级部门:海淀区,枚举:北京区网站群机构职能页 2026-10
gov:zyk.bjhd.gov.cn~11,gov,区城市管理委,https://zyk.bjhd.gov.cn/zwdt/jgzn/zfgzbm/202008/t20200813_4418805.shtml,zyk.bjhd.gov.cn,probed-2xx,200,2026-10-03,区级部门:海淀区,枚举:北京区网站群机构职能页 2026-10
gov:zyk.bjhd.gov.cn~12,gov,区水务局,https://zyk.bjhd.gov.cn/zwdt/jgzn/zfgzbm/202008/t20200813_4418802.shtml,zyk.bjhd.gov.cn,probed-2xx,200,2026-10-03,区级部门:海淀区,枚举:北京区网站群机构职能页 2026-10
gov:zyk.bjhd.gov.cn~13,gov,区农业农村局,https://zyk.bjhd.gov.cn/zwdt/jgzn/zfgzbm/202008/t20200813_4418799.shtml,zyk.bjhd.gov.cn,probed-2xx,200,2026-10-03,区级部门:海淀区,枚举:北京区网站群机构职能页 2026-10
gov:zyk.bjhd.gov.cn~14,gov,区商务局,https://zyk.bjhd.gov.cn/zwdt/jgzn/zfgzbm/202008/t20200813_4418796.shtml,zyk.bjhd.gov.cn,probed-2xx,200,2026-10-03,区级部门:海淀区,枚举:北京区网站群机构职能页 2026-10
gov:zyk.bjhd.gov.cn~15,gov,区文化和旅游局,https://zyk.bjhd.gov.cn/zwdt/jgzn/zfgzbm/202008/t20200813_4418791.shtml,zyk.bjhd.gov.cn,probed-2xx,200,2026-10-03,区级部门:海淀区,枚举:北京区网站群机构职能页 2026-10
gov:zyk.bjhd.gov.cn~16,gov,区卫生健康委,https://zyk.bjhd.gov.cn/zwdt/jgzn/zfgzbm/202008/t20200813_4418785.shtml,zyk.bjhd.gov.cn,probed-2xx,200,2026-10-03,区级部门:海淀区,枚举:北京区网站群机构职能页 2026-10
gov:zyk.bjhd.gov.cn~17,gov,区退役军人局,https://zyk.bjhd.gov.cn/zwdt/jgzn/zfgzbm/202008/t20200831_4422009.shtml,zyk.bjhd.gov.cn,probed-2xx,200,2026-10-03,区级部门:海淀区,枚举:北京区网站群机构职能页 2026-10
gov:zyk.bjhd.gov.cn~18,gov,区应急局,https://zyk.bjhd.gov.cn/zwdt/jgzn/zfgzbm/202008/t20200813_4418780.shtml,zyk.bjhd.gov.cn,probed-2xx,200,2026-10-03,区级部门:海淀区,枚举:北京区网站群机构职能页 2026-10
gov:zyk.bjhd.gov.cn~19,gov,区市场监管局,https://zyk.bjhd.gov.cn/zwdt/jgzn/zfgzbm/202008/t20200813_4418777.shtml,zyk.bjhd.gov.cn,probed-2xx,200,2026-10-03,区级部门:海淀区,枚举:北京区网站群机构职能页 2026-10
gov:zyk.bjhd.gov.cn~2,gov,区发展改革委,https://zyk.bjhd.gov.cn/zwdt/jgzn/zfgzbm/202008/t20200813_4418806.shtml,zyk.bjhd.gov.cn,probed-2xx,200,2026-10-03,区级部门:海淀区,枚举:北京区网站群机构职能页 2026-10
gov:zyk.bjhd.gov.cn~20,gov,区审计局,https://zyk.bjhd.gov.cn/zwdt/jgzn/zfgzbm/202008/t20200813_4418775.shtml,zyk.bjhd.gov.cn,probed-2xx,200,2026-10-03,区级部门:海淀区,枚举:北京区网站群机构职能页 2026-10
gov:zyk.bjhd.gov.cn~21,gov,区政府外办,https://zyk.bjhd.gov.cn/zwdt/jgzn/zfgzbm/202508/t20250813_4782536.shtml,zyk.bjhd.gov.cn,probed-2xx,200,2026-10-03,区级部门:海淀区,枚举:北京区网站群机构职能页 2026-10
gov:zyk.bjhd.gov.cn~22,gov,区国资委,https://zyk.bjhd.gov.cn/zwdt/jgzn/zfgzbm/202008/t20200813_4418773.shtml,zyk.bjhd.gov.cn,probed-2xx,200,2026-10-03,区级部门:海淀区,枚举:北京区网站群机构职能页 2026-10
gov:zyk.bjhd.gov.cn~23,gov,区体育局,https://zyk.bjhd.gov.cn/zwdt/jgzn/zfgzbm/202008/t20200813_4418807.shtml,zyk.bjhd.gov.cn,probed-2xx,200,2026-10-03,区级部门:海淀区,枚举:北京区网站群机构职能页 2026-10
gov:zyk.bjhd.gov.cn~24,gov,区统计局,https://zyk.bjhd.gov.cn/zwdt/jgzn/zfgzbm/202008/t20200813_4418804.shtml,zyk.bjhd.gov.cn,probed-2xx,200,2026-10-03,区级部门:海淀区,枚举:北京区网站群机构职能页 2026-10
gov:zyk.bjhd.gov.cn~25,gov,区园林绿化局,https://zyk.bjhd.gov.cn/zwdt/jgzn/zfgzbm/202008/t20200813_4418801.shtml,zyk.bjhd.gov.cn,probed-2xx,200,2026-10-03,区级部门:海淀区,枚举:北京区网站群机构职能页 2026-10
gov:zyk.bjhd.gov.cn~26,gov,区政务服务局,https://zyk.bjhd.gov.cn/zwdt/jgzn/zfgzbm/202008/t20200813_4418794.shtml,zyk.bjhd.gov.cn,probed-2xx,200,2026-10-03,区级部门:海淀区,枚举:北京区网站群机构职能页 2026-10
gov:zyk.bjhd.gov.cn~27,gov,区数据局,https://zyk.bjhd.gov.cn/zwdt/jgzn/zfgzbm/202410/t20241028_4729818.shtml,zyk.bjhd.gov.cn,probed-2xx,200,2026-10-03,区级部门:海淀区,枚举:北京区网站群机构职能页 2026-10
gov:zyk.bjhd.gov.cn~28,gov,区国动办,https://zyk.bjhd.gov.cn/zwdt/jgzn/zfgzbm/202008/t20200813_4418790.shtml,zyk.bjhd.gov.cn,probed-2xx,200,2026-10-03,区级部门:海淀区,枚举:北京区网站群机构职能页 2026-10
gov:zyk.bjhd.gov.cn~29,gov,区信访办,https://zyk.bjhd.gov.cn/zwdt/jgzn/zfgzbm/202008/t20200813_4418783.shtml,zyk.bjhd.gov.cn,probed-2xx,200,2026-10-03,区级部门:海淀区,枚举:北京区网站群机构职能页 2026-10
gov:zyk.bjhd.gov.cn~3,gov,区教委,https://zyk.bjhd.gov.cn/zwdt/jgzn/zfgzbm/202008/t20200813_4418803.shtml,zyk.bjhd.gov.cn,probed-2xx,200,2026-10-03,区级部门:海淀区,枚举:北京区网站群机构职能页 2026-10
gov:zyk.bjhd.gov.cn~30,gov,区医保局,https://zyk.bjhd.gov.cn/zwdt/jgzn/zfgzbm/202008/t20200813_4418781.shtml,zyk.bjhd.gov.cn,probed-2xx,200,2026-10-03,区级部门:海淀区,枚举:北京区网站群机构职能页 2026-10
gov:zyk.bjhd.gov.cn~31,gov,中关村科学城管委会,https://zyk.bjhd.gov.cn/zwdt/jgzn/qtjg/202008/t20200813_4418848.shtml,zyk.bjhd.gov.cn,probed-2xx,200,2026-10-03,区级部门:海淀区,枚举:北京区网站群机构职能页 2026-10
gov:zyk.bjhd.gov.cn~32,gov,万寿路街道,https://zyk.bjhd.gov.cn/zwdt/jgzn/jdbsc/202008/t20200813_4418835.shtml,zyk.bjhd.gov.cn,probed-2xx,200,2026-10-03,街乡镇:海淀区,枚举:北京区网街乡镇导航页 2026-10
gov:zyk.bjhd.gov.cn~33,gov,永定路街道,https://zyk.bjhd.gov.cn/zwdt/jgzn/jdbsc/202008/t20200813_4418810.shtml,zyk.bjhd.gov.cn,probed-2xx,200,2026-10-03,街乡镇:海淀区,枚举:北京区网街乡镇导航页 2026-10
gov:zyk.bjhd.gov.cn~34,gov,羊坊店街道,https://zyk.bjhd.gov.cn/zwdt/jgzn/jdbsc/202008/t20200813_4418832.shtml,zyk.bjhd.gov.cn,probed-2xx,200,2026-10-03,街乡镇:海淀区,枚举:北京区网街乡镇导航页 2026-10
gov:zyk.bjhd.gov.cn~35,gov,甘家口街道,https://zyk.bjhd.gov.cn/zwdt/jgzn/jdbsc/202008/t20200813_4418828.shtml,zyk.bjhd.gov.cn,probed-2xx,200,2026-10-03,街乡镇:海淀区,枚举:北京区网街乡镇导航页 2026-10
gov:zyk.bjhd.gov.cn~36,gov,八里庄街道,https://zyk.bjhd.gov.cn/zwdt/jgzn/jdbsc/202008/t20200813_4418825.shtml,zyk.bjhd.gov.cn,probed-2xx,200,2026-10-03,街乡镇:海淀区,枚举:北京区网街乡镇导航页 2026-10
gov:zyk.bjhd.gov.cn~37,gov,紫竹院街道,https://zyk.bjhd.gov.cn/zwdt/jgzn/jdbsc/202008/t20200813_4418822.shtml,zyk.bjhd.gov.cn,probed-2xx,200,2026-10-03,街乡镇:海淀区,枚举:北京区网街乡镇导航页 2026-10
gov:zyk.bjhd.gov.cn~38,gov,北下关街道,https://zyk.bjhd.gov.cn/zwdt/jgzn/jdbsc/202008/t20200813_4418819.shtml,zyk.bjhd.gov.cn,probed-2xx,200,2026-10-03,街乡镇:海淀区,枚举:北京区网街乡镇导航页 2026-10
gov:zyk.bjhd.gov.cn~39,gov,北太平庄街道,https://zyk.bjhd.gov.cn/zwdt/jgzn/jdbsc/202008/t20200813_4418834.shtml,zyk.bjhd.gov.cn,probed-2xx,200,2026-10-03,街乡镇:海淀区,枚举:北京区网街乡镇导航页 2026-10
gov:zyk.bjhd.gov.cn~4,gov,区科信局,https://zyk.bjhd.gov.cn/zwdt/jgzn/zfgzbm/202008/t20200813_4418776.shtml,zyk.bjhd.gov.cn,probed-2xx,200,2026-10-03,区级部门:海淀区,枚举:北京区网站群机构职能页 2026-10
gov:zyk.bjhd.gov.cn~40,gov,学院路街道,https://zyk.bjhd.gov.cn/zwdt/jgzn/jdbsc/202008/t20200813_4418824.shtml,zyk.bjhd.gov.cn,probed-2xx,200,2026-10-03,街乡镇:海淀区,枚举:北京区网街乡镇导航页 2026-10
gov:zyk.bjhd.gov.cn~41,gov,中关村街道,https://zyk.bjhd.gov.cn/zwdt/jgzn/jdbsc/202008/t20200813_4418827.shtml,zyk.bjhd.gov.cn,probed-2xx,200,2026-10-03,街乡镇:海淀区,枚举:北京区网街乡镇导航页 2026-10
gov:zyk.bjhd.gov.cn~42,gov,海淀街道,https://zyk.bjhd.gov.cn/zwdt/jgzn/jdbsc/202008/t20200813_4418830.shtml,zyk.bjhd.gov.cn,probed-2xx,200,2026-10-03,街乡镇:海淀区,枚举:北京区网街乡镇导航页 2026-10
gov:zyk.bjhd.gov.cn~43,gov,青龙桥街道,https://zyk.bjhd.gov.cn/zwdt/jgzn/jdbsc/202008/t20200813_4418818.shtml,zyk.bjhd.gov.cn,probed-2xx,200,2026-10-03,街乡镇:海淀区,枚举:北京区网街乡镇导航页 2026-10
gov:zyk.bjhd.gov.cn~44,gov,清华园街道,https://zyk.bjhd.gov.cn/zwdt/jgzn/jdbsc/202008/t20200813_4418815.shtml,zyk.bjhd.gov.cn,probed-2xx,200,2026-10-03,街乡镇:海淀区,枚举:北京区网街乡镇导航页 2026-10
gov:zyk.bjhd.gov.cn~45,gov,燕园街道,https://zyk.bjhd.gov.cn/zwdt/jgzn/jdbsc/202008/t20200813_4418813.shtml,zyk.bjhd.gov.cn,probed-2xx,200,2026-10-03,街乡镇:海淀区,枚举:北京区网街乡镇导航页 2026-10
gov:zyk.bjhd.gov.cn~46,gov,香山街道,https://zyk.bjhd.gov.cn/zwdt/jgzn/jdbsc/202008/t20200813_4418833.shtml,zyk.bjhd.gov.cn,probed-2xx,200,2026-10-03,街乡镇:海淀区,枚举:北京区网街乡镇导航页 2026-10
gov:zyk.bjhd.gov.cn~47,gov,清河街道,https://zyk.bjhd.gov.cn/zwdt/jgzn/jdbsc/202008/t20200813_4418821.shtml,zyk.bjhd.gov.cn,probed-2xx,200,2026-10-03,街乡镇:海淀区,枚举:北京区网街乡镇导航页 2026-10
gov:zyk.bjhd.gov.cn~48,gov,花园路街道,https://zyk.bjhd.gov.cn/zwdt/jgzn/jdbsc/202008/t20200813_4418823.shtml,zyk.bjhd.gov.cn,probed-2xx,200,2026-10-03,街乡镇:海淀区,枚举:北京区网街乡镇导航页 2026-10
gov:zyk.bjhd.gov.cn~49,gov,西三旗街道,https://zyk.bjhd.gov.cn/zwdt/jgzn/jdbsc/202008/t20200813_4418829.shtml,zyk.bjhd.gov.cn,probed-2xx,200,2026-10-03,街乡镇:海淀区,枚举:北京区网街乡镇导航页 2026-10
gov:zyk.bjhd.gov.cn~5,gov,区民政局,https://zyk.bjhd.gov.cn/zwdt/jgzn/zfgzbm/202008/t20200813_4418797.shtml,zyk.bjhd.gov.cn,probed-2xx,200,2026-10-03,区级部门:海淀区,枚举:北京区网站群机构职能页 2026-10
gov:zyk.bjhd.gov.cn~50,gov,马连洼街道,https://zyk.bjhd.gov.cn/zwdt/jgzn/jdbsc/202008/t20200813_4418826.shtml,zyk.bjhd.gov.cn,probed-2xx,200,2026-10-03,街乡镇:海淀区,枚举:北京区网街乡镇导航页 2026-10
gov:zyk.bjhd.gov.cn~51,gov,田村路街道,https://zyk.bjhd.gov.cn/zwdt/jgzn/jdbsc/202008/t20200813_4418820.shtml,zyk.bjhd.gov.cn,probed-2xx,200,2026-10-03,街乡镇:海淀区,枚举:北京区网街乡镇导航页 2026-10
gov:zyk.bjhd.gov.cn~52,gov,上地街道,https://zyk.bjhd.gov.cn/zwdt/jgzn/jdbsc/202008/t20200813_4418817.shtml,zyk.bjhd.gov.cn,probed-2xx,200,2026-10-03,街乡镇:海淀区,枚举:北京区网街乡镇导航页 2026-10
gov:zyk.bjhd.gov.cn~53,gov,曙光街道,https://zyk.bjhd.gov.cn/zwdt/jgzn/jdbsc/202008/t20200813_4418816.shtml,zyk.bjhd.gov.cn,probed-2xx,200,2026-10-03,街乡镇:海淀区,枚举:北京区网街乡镇导航页 2026-10
gov:zyk.bjhd.gov.cn~54,gov,温泉镇（温泉地区）,https://zyk.bjhd.gov.cn/zwdt/jgzn/zzf/202008/t20200813_4418838.shtml,zyk.bjhd.gov.cn,probed-2xx,200,2026-10-03,街乡镇:海淀区,枚举:北京区网街乡镇导航页 2026-10
gov:zyk.bjhd.gov.cn~55,gov,四季青镇（四季青地区）,https://zyk.bjhd.gov.cn/zwdt/jgzn/zzf/202008/t20200813_4418842.shtml,zyk.bjhd.gov.cn,probed-2xx,200,2026-10-03,街乡镇:海淀区,枚举:北京区网街乡镇导航页 2026-10
gov:zyk.bjhd.gov.cn~56,gov,西北旺镇（西北旺地区）,https://zyk.bjhd.gov.cn/zwdt/jgzn/zzf/202008/t20200813_4418839.shtml,zyk.bjhd.gov.cn,probed-2xx,200,2026-10-03,街乡镇:海淀区,枚举:北京区网街乡镇导航页 2026-10
gov:zyk.bjhd.gov.cn~57,gov,苏家坨镇（苏家坨地区）,https://zyk.bjhd.gov.cn/zwdt/jgzn/zzf/202008/t20200813_4418840.shtml,zyk.bjhd.gov.cn,probed-2xx,200,2026-10-03,街乡镇:海淀区,枚举:北京区网街乡镇导航页 2026-10
gov:zyk.bjhd.gov.cn~58,gov,上庄镇（上庄地区）,https://zyk.bjhd.gov.cn/zwdt/jgzn/zzf/202008/t20200813_4418837.shtml,zyk.bjhd.gov.cn,probed-2xx,200,2026-10-03,街乡镇:海淀区,枚举:北京区网街乡镇导航页 2026-10
gov:zyk.bjhd.gov.cn~6,gov,区司法局,https://zyk.bjhd.gov.cn/zwdt/jgzn/zfgzbm/202008/t20200813_4418793.shtml,zyk.bjhd.gov.cn,probed-2xx,200,2026-10-03,区级部门:海淀区,枚举:北京区网站群机构职能页 2026-10
gov:zyk.bjhd.gov.cn~60,gov,东升镇（东升地区）,https://zyk.bjhd.gov.cn/zwdt/jgzn/zzf/202008/t20200813_4418841.shtml,zyk.bjhd.gov.cn,probed-2xx,200,2026-10-03,街乡镇:海淀区,枚举:北京区网街乡镇导航页 2026-10
gov:zyk.bjhd.gov.cn~7,gov,区财政局,https://zyk.bjhd.gov.cn/zwdt/jgzn/zfgzbm/202008/t20200813_4418786.shtml,zyk.bjhd.gov.cn,probed-2xx,200,2026-10-03,区级部门:海淀区,枚举:北京区网站群机构职能页 2026-10
gov:zyk.bjhd.gov.cn~8,gov,区人力资源社会保障局,https://zyk.bjhd.gov.cn/zwdt/jgzn/zfgzbm/202008/t20200813_4418782.shtml,zyk.bjhd.gov.cn,probed-2xx,200,2026-10-03,区级部门:海淀区,枚举:北京区网站群机构职能页 2026-10
gov:zyk.bjhd.gov.cn~9,gov,区生态环境局,https://zyk.bjhd.gov.cn/zwdt/jgzn/zfgzbm/202008/t20200813_4418774.shtml,zyk.bjhd.gov.cn,probed-2xx,200,2026-10-03,区级部门:海淀区,枚举:北京区网站群机构职能页 2026-10
