id,tier,name,url,host,status,http_code,probe_date,note,ref
gov:abazhou.gov.cn,gov,阿坝县,https://abazhou.gov.cn/,abazhou.gov.cn,unprobed,,,县,枚举:豫鄂湘粤桂琼川黔滇 区县/市门户导航下挖 2026-10
gov:abjinchuan.gov.cn,gov,金川县,https://abjinchuan.gov.cn/,abjinchuan.gov.cn,unprobed,,,县,枚举:豫鄂湘粤桂琼川黔滇 区县/市门户导航下挖 2026-10
gov:ablixian.gov.cn,gov,理县,https://ablixian.gov.cn/,ablixian.gov.cn,unprobed,,,县,枚举:豫鄂湘粤桂琼川黔滇 区县/市门户导航下挖 2026-10
gov:anhua.gov.cn,gov,安化县,https://anhua.gov.cn/,anhua.gov.cn,unprobed,,,县,枚举:豫鄂湘粤桂琼川黔滇 区县/市门户导航下挖 2026-10
gov:anlu.gov.cn,gov,安陆市,https://anlu.gov.cn/,anlu.gov.cn,unprobed,,,县级市,枚举:豫鄂湘粤桂琼川黔滇 区县/市门户导航下挖 2026-10
gov:anxiang.gov.cn,gov,安乡县,https://anxiang.gov.cn/,anxiang.gov.cn,unprobed,,,县,枚举:豫鄂湘粤桂琼川黔滇 区县/市门户导航下挖 2026-10
gov:anyang.gov.cn,gov,安阳县,https://anyang.gov.cn/,anyang.gov.cn,unprobed,,,县,枚举:豫鄂湘粤桂琼川黔滇 区县/市门户导航下挖 2026-10
gov:anzhou.gov.cn,gov,安州区,https://anzhou.gov.cn/,anzhou.gov.cn,unprobed,,,市辖区,枚举:豫鄂湘粤桂琼川黔滇 区县/市门户导航下挖 2026-10
gov:aspd.gov.cn,gov,普定县,https://aspd.gov.cn/,aspd.gov.cn,unprobed,,,县,枚举:豫鄂湘粤桂琼川黔滇 区县/市门户导航下挖 2026-10
gov:aysc.gov.cn,gov,安岳县,https://aysc.gov.cn/,aysc.gov.cn,unprobed,,,县,枚举:豫鄂湘粤桂琼川黔滇 区县/市门户导航下挖 2026-10
gov:baisha.hainan.gov.cn,gov,白沙黎族自治县,https://baisha.hainan.gov.cn/,baisha.hainan.gov.cn,unprobed,,,自治县,枚举:豫鄂湘粤桂琼川黔滇 区县/市门户导航下挖 2026-10
gov:baiyu.gov.cn,gov,白玉县,https://baiyu.gov.cn/,baiyu.gov.cn,unprobed,,,县,枚举:豫鄂湘粤桂琼川黔滇 区县/市门户导航下挖 2026-10
gov:bama.gov.cn,gov,巴马瑶族自治县,https://bama.gov.cn/,bama.gov.cn,unprobed,,,自治县,枚举:豫鄂湘粤桂琼川黔滇 区县/市门户导航下挖 2026-10
gov:baoan.gov.cn,gov,宝安区,https://baoan.gov.cn/,baoan.gov.cn,unprobed,,,市辖区,枚举:豫鄂湘粤桂琼川黔滇 区县/市门户导航下挖 2026-10
gov:baofeng.gov.cn,gov,宝丰县,https://baofeng.gov.cn/,baofeng.gov.cn,unprobed,,,县,枚举:豫鄂湘粤桂琼川黔滇 区县/市门户导航下挖 2026-10
gov:baokang.gov.cn,gov,保康县,https://baokang.gov.cn/,baokang.gov.cn,unprobed,,,县,枚举:豫鄂湘粤桂琼川黔滇 区县/市门户导航下挖 2026-10
gov:baoting.hainan.gov.cn,gov,保亭黎族苗族自治县,https://baoting.hainan.gov.cn/,baoting.hainan.gov.cn,unprobed,,,自治县,枚举:豫鄂湘粤桂琼川黔滇 区县/市门户导航下挖 2026-10
gov:baoxing.gov.cn,gov,宝兴县,https://baoxing.gov.cn/,baoxing.gov.cn,unprobed,,,县,枚举:豫鄂湘粤桂琼川黔滇 区县/市门户导航下挖 2026-10
gov:batang.gov.cn,gov,巴塘县,https://batang.gov.cn/,batang.gov.cn,unprobed,,,县,枚举:豫鄂湘粤桂琼川黔滇 区县/市门户导航下挖 2026-10
gov:beichuan.gov.cn,gov,北川羌族自治县,https://beichuan.gov.cn/,beichuan.gov.cn,unprobed,,,自治县,枚举:豫鄂湘粤桂琼川黔滇 区县/市门户导航下挖 2026-10
gov:beiguan.gov.cn,gov,北关区,https://beiguan.gov.cn/,beiguan.gov.cn,unprobed,,,市辖区,枚举:豫鄂湘粤桂琼川黔滇 区县/市门户导航下挖 2026-10
gov:beiliu.gov.cn,gov,北流市,https://beiliu.gov.cn/,beiliu.gov.cn,unprobed,,,县级市,枚举:豫鄂湘粤桂琼川黔滇 区县/市门户导航下挖 2026-10
gov:beita.gov.cn,gov,北塔区,https://beita.gov.cn/,beita.gov.cn,unprobed,,,市辖区,枚举:豫鄂湘粤桂琼川黔滇 区县/市门户导航下挖 2026-10
gov:bhhc.gov.cn,gov,海城区,https://bhhc.gov.cn/,bhhc.gov.cn,unprobed,,,市辖区,枚举:豫鄂湘粤桂琼川黔滇 区县/市门户导航下挖 2026-10
gov:bhtsg.gov.cn,gov,铁山港区,https://bhtsg.gov.cn/,bhtsg.gov.cn,unprobed,,,市辖区,枚举:豫鄂湘粤桂琼川黔滇 区县/市门户导航下挖 2026-10
gov:binyang.gov.cn,gov,宾阳县,https://binyang.gov.cn/,binyang.gov.cn,unprobed,,,县,枚举:豫鄂湘粤桂琼川黔滇 区县/市门户导航下挖 2026-10
gov:biyang.gov.cn,gov,泌阳县,https://biyang.gov.cn/,biyang.gov.cn,unprobed,,,县,枚举:豫鄂湘粤桂琼川黔滇 区县/市门户导航下挖 2026-10
gov:bjq.gov.cn,gov,碧江区,https://bjq.gov.cn/,bjq.gov.cn,unprobed,,,市辖区,枚举:豫鄂湘粤桂琼川黔滇 区县/市门户导航下挖 2026-10
gov:bjqixingguan.gov.cn,gov,七星关区,https://bjqixingguan.gov.cn/,bjqixingguan.gov.cn,unprobed,,,市辖区,枚举:豫鄂湘粤桂琼川黔滇 区县/市门户导航下挖 2026-10
gov:boai.gov.cn,gov,博爱县,https://boai.gov.cn/,boai.gov.cn,unprobed,,,县,枚举:豫鄂湘粤桂琼川黔滇 区县/市门户导航下挖 2026-10
gov:bobai.gov.cn,gov,博白县,https://bobai.gov.cn/,bobai.gov.cn,unprobed,,,县,枚举:豫鄂湘粤桂琼川黔滇 区县/市门户导航下挖 2026-10
gov:boluo.gov.cn,gov,博罗县,https://boluo.gov.cn/,boluo.gov.cn,unprobed,,,县,枚举:豫鄂湘粤桂琼川黔滇 区县/市门户导航下挖 2026-10
gov:bsyj.gov.cn,gov,右江区,https://bsyj.gov.cn/,bsyj.gov.cn,unprobed,,,市辖区,枚举:豫鄂湘粤桂琼川黔滇 区县/市门户导航下挖 2026-10
gov:bt.gov.cn,gov,布拖县,https://bt.gov.cn/,bt.gov.cn,unprobed,,,县,枚举:豫鄂湘粤桂琼川黔滇 区县/市门户导航下挖 2026-10
gov:caidian.gov.cn,gov,蔡甸区,https://caidian.gov.cn/,caidian.gov.cn,unprobed,,,市辖区,枚举:豫鄂湘粤桂琼川黔滇 区县/市门户导航下挖 2026-10
gov:cangwu.gov.cn,gov,苍梧县,https://cangwu.gov.cn/,cangwu.gov.cn,unprobed,,,县,枚举:豫鄂湘粤桂琼川黔滇 区县/市门户导航下挖 2026-10
gov:cangyuan.gov.cn,gov,沧源佤族自治县,https://cangyuan.gov.cn/,cangyuan.gov.cn,unprobed,,,自治县,枚举:豫鄂湘粤桂琼川黔滇 区县/市门户导航下挖 2026-10
gov:chaling.gov.cn,gov,茶陵县,https://chaling.gov.cn/,chaling.gov.cn,unprobed,,,县,枚举:豫鄂湘粤桂琼川黔滇 区县/市门户导航下挖 2026-10
gov:chancheng.gov.cn,gov,禅城区,https://chancheng.gov.cn/,chancheng.gov.cn,unprobed,,,市辖区,枚举:豫鄂湘粤桂琼川黔滇 区县/市门户导航下挖 2026-10
gov:changge.gov.cn,gov,长葛市,https://changge.gov.cn/,changge.gov.cn,unprobed,,,县级市,枚举:豫鄂湘粤桂琼川黔滇 区县/市门户导航下挖 2026-10
gov:changjiang.hainan.gov.cn,gov,昌江黎族自治县,https://changjiang.hainan.gov.cn/,changjiang.hainan.gov.cn,unprobed,,,自治县,枚举:豫鄂湘粤桂琼川黔滇 区县/市门户导航下挖 2026-10
gov:changsha.gov.cn,gov,沙市区,https://changsha.gov.cn/,changsha.gov.cn,unprobed,,,市辖区,枚举:豫鄂湘粤桂琼川黔滇 区县/市门户导航下挖 2026-10
gov:changyang.gov.cn,gov,长阳土家族自治县,https://changyang.gov.cn/,changyang.gov.cn,unprobed,,,自治县,枚举:豫鄂湘粤桂琼川黔滇 区县/市门户导航下挖 2026-10
gov:changyuan.gov.cn,gov,长垣市,https://changyuan.gov.cn/,changyuan.gov.cn,unprobed,,,县级市,枚举:豫鄂湘粤桂琼川黔滇 区县/市门户导航下挖 2026-10
gov:chanhe.gov.cn,gov,瀍河回族区,https://chanhe.gov.cn/,chanhe.gov.cn,unprobed,,,市辖区,枚举:豫鄂湘粤桂琼川黔滇 区县/市门户导航下挖 2026-10
gov:chaoan.gov.cn,gov,潮安区,https://chaoan.gov.cn/,chaoan.gov.cn,unprobed,,,市辖区,枚举:豫鄂湘粤桂琼川黔滇 区县/市门户导航下挖 2026-10
gov:chaonan.gov.cn,gov,潮南区,https://chaonan.gov.cn/,chaonan.gov.cn,unprobed,,,市辖区,枚举:豫鄂湘粤桂琼川黔滇 区县/市门户导航下挖 2026-10
gov:chengbu.gov.cn,gov,城步苗族自治县,https://chengbu.gov.cn/,chengbu.gov.cn,unprobed,,,自治县,枚举:豫鄂湘粤桂琼川黔滇 区县/市门户导航下挖 2026-10
gov:chenghai.gov.cn,gov,澄海区,https://chenghai.gov.cn/,chenghai.gov.cn,unprobed,,,市辖区,枚举:豫鄂湘粤桂琼川黔滇 区县/市门户导航下挖 2026-10
gov:chengmai.hainan.gov.cn,gov,澄迈县,http://chengmai.hainan.gov.cn/chengmai/cmxq/2019xq.shtml,chengmai.hainan.gov.cn,unprobed,,,县,枚举:豫鄂湘粤桂琼川黔滇 区县/市门户导航下挖 2026-10
gov:chenxi.gov.cn,gov,辰溪县,https://chenxi.gov.cn/,chenxi.gov.cn,unprobed,,,县,枚举:豫鄂湘粤桂琼川黔滇 区县/市门户导航下挖 2026-10
gov:chibi.gov.cn,gov,赤壁市,https://chibi.gov.cn/,chibi.gov.cn,unprobed,,,县级市,枚举:豫鄂湘粤桂琼川黔滇 区县/市门户导航下挖 2026-10
gov:chikan.gov.cn,gov,赤坎区,https://chikan.gov.cn/,chikan.gov.cn,unprobed,,,市辖区,枚举:豫鄂湘粤桂琼川黔滇 区县/市门户导航下挖 2026-10
gov:chnzj.gov.cn,gov,芷江侗族自治县,https://chnzj.gov.cn/,chnzj.gov.cn,unprobed,,,自治县,枚举:豫鄂湘粤桂琼川黔滇 区县/市门户导航下挖 2026-10
gov:chongyang.gov.cn,gov,崇阳县,https://chongyang.gov.cn/,chongyang.gov.cn,unprobed,,,县,枚举:豫鄂湘粤桂琼川黔滇 区县/市门户导航下挖 2026-10
gov:chuanshan.gov.cn,gov,船山区,https://chuanshan.gov.cn/,chuanshan.gov.cn,unprobed,,,市辖区,枚举:豫鄂湘粤桂琼川黔滇 区县/市门户导航下挖 2026-10
gov:cili.gov.cn,gov,慈利县,https://cili.gov.cn/,cili.gov.cn,unprobed,,,县,枚举:豫鄂湘粤桂琼川黔滇 区县/市门户导航下挖 2026-10
gov:cnll.gov.cn,gov,零陵区,https://cnll.gov.cn/,cnll.gov.cn,unprobed,,,市辖区,枚举:豫鄂湘粤桂琼川黔滇 区县/市门户导航下挖 2026-10
gov:cnts.gov.cn,gov,台山市,https://cnts.gov.cn/,cnts.gov.cn,unprobed,,,县级市,枚举:豫鄂湘粤桂琼川黔滇 区县/市门户导航下挖 2026-10
gov:cnyl.gov.cn,gov,彝良县,https://cnyl.gov.cn/,cnyl.gov.cn,unprobed,,,县,枚举:豫鄂湘粤桂琼川黔滇 区县/市门户导航下挖 2026-10
gov:conghua.gov.cn,gov,从化区,https://conghua.gov.cn/,conghua.gov.cn,unprobed,,,市辖区,枚举:豫鄂湘粤桂琼川黔滇 区县/市门户导航下挖 2026-10
gov:congjiang.gov.cn,gov,从江县,https://congjiang.gov.cn/,congjiang.gov.cn,unprobed,,,县,枚举:豫鄂湘粤桂琼川黔滇 区县/市门户导航下挖 2026-10
gov:csx.gov.cn,gov,长沙县,https://csx.gov.cn/,csx.gov.cn,unprobed,,,县,枚举:豫鄂湘粤桂琼川黔滇 区县/市门户导航下挖 2026-10
gov:cuiping.gov.cn,gov,翠屏区,https://cuiping.gov.cn/,cuiping.gov.cn,unprobed,,,市辖区,枚举:豫鄂湘粤桂琼川黔滇 区县/市门户导航下挖 2026-10
gov:cxshb.gov.cn,gov,双柏县,https://cxshb.gov.cn/,cxshb.gov.cn,unprobed,,,县,枚举:豫鄂湘粤桂琼川黔滇 区县/市门户导航下挖 2026-10
gov:cxz.gov.cn,gov,楚雄市,https://cxz.gov.cn/,cxz.gov.cn,unprobed,,,县级市,枚举:豫鄂湘粤桂琼川黔滇 区县/市门户导航下挖 2026-10
gov:czq.gov.cn,gov,城中区,https://czq.gov.cn/,czq.gov.cn,unprobed,,,市辖区,枚举:豫鄂湘粤桂琼川黔滇 区县/市门户导航下挖 2026-10
gov:czsjzq.gov.cn,gov,江州区,https://czsjzq.gov.cn/,czsjzq.gov.cn,unprobed,,,市辖区,枚举:豫鄂湘粤桂琼川黔滇 区县/市门户导航下挖 2026-10
gov:da.gov.cn,gov,东安县,https://da.gov.cn/,da.gov.cn,unprobed,,,县,枚举:豫鄂湘粤桂琼川黔滇 区县/市门户导航下挖 2026-10
gov:dabu.gov.cn,gov,大埔县,https://dabu.gov.cn/,dabu.gov.cn,unprobed,,,县,枚举:豫鄂湘粤桂琼川黔滇 区县/市门户导航下挖 2026-10
gov:dachuan.gov.cn,gov,达川区,https://dachuan.gov.cn/,dachuan.gov.cn,unprobed,,,市辖区,枚举:豫鄂湘粤桂琼川黔滇 区县/市门户导航下挖 2026-10
gov:daguan.gov.cn,gov,大关县,https://daguan.gov.cn/,daguan.gov.cn,unprobed,,,县,枚举:豫鄂湘粤桂琼川黔滇 区县/市门户导航下挖 2026-10
gov:dali.gov.cn,gov,大理市,https://dali.gov.cn/,dali.gov.cn,unprobed,,,县级市,枚举:豫鄂湘粤桂琼川黔滇 区县/市门户导航下挖 2026-10
gov:danba.gov.cn,gov,丹巴县,https://danba.gov.cn/,danba.gov.cn,unprobed,,,县,枚举:豫鄂湘粤桂琼川黔滇 区县/市门户导航下挖 2026-10
gov:dangyang.gov.cn,gov,当阳市,https://dangyang.gov.cn/,dangyang.gov.cn,unprobed,,,县级市,枚举:豫鄂湘粤桂琼川黔滇 区县/市门户导航下挖 2026-10
gov:danzhou.gov.cn,gov,儋州市,https://danzhou.gov.cn/,danzhou.gov.cn,unprobed,,,县级市,枚举:豫鄂湘粤桂琼川黔滇 区县/市门户导航下挖 2026-10
gov:daocheng.gov.cn,gov,稻城县,https://daocheng.gov.cn/,daocheng.gov.cn,unprobed,,,县,枚举:豫鄂湘粤桂琼川黔滇 区县/市门户导航下挖 2026-10
gov:daxin.gov.cn,gov,大新县,https://daxin.gov.cn/,daxin.gov.cn,unprobed,,,县,枚举:豫鄂湘粤桂琼川黔滇 区县/市门户导航下挖 2026-10
gov:dayao.gov.cn,gov,大姚县,https://dayao.gov.cn/,dayao.gov.cn,unprobed,,,县,枚举:豫鄂湘粤桂琼川黔滇 区县/市门户导航下挖 2026-10
gov:daying.gov.cn,gov,大英县,https://daying.gov.cn/,daying.gov.cn,unprobed,,,县,枚举:豫鄂湘粤桂琼川黔滇 区县/市门户导航下挖 2026-10
gov:debao.gov.cn,gov,德保县,https://debao.gov.cn/,debao.gov.cn,unprobed,,,县,枚举:豫鄂湘粤桂琼川黔滇 区县/市门户导航下挖 2026-10
gov:dege.gov.cn,gov,德格县,https://dege.gov.cn/,dege.gov.cn,unprobed,,,县,枚举:豫鄂湘粤桂琼川黔滇 区县/市门户导航下挖 2026-10
gov:dejiang.gov.cn,gov,德江县,https://dejiang.gov.cn/,dejiang.gov.cn,unprobed,,,县,枚举:豫鄂湘粤桂琼川黔滇 区县/市门户导航下挖 2026-10
gov:dengfeng.gov.cn,gov,登封市,https://dengfeng.gov.cn/,dengfeng.gov.cn,unprobed,,,县级市,枚举:豫鄂湘粤桂琼川黔滇 区县/市门户导航下挖 2026-10
gov:dengzhou.gov.cn,gov,邓州市,https://dengzhou.gov.cn/,dengzhou.gov.cn,unprobed,,,县级市,枚举:豫鄂湘粤桂琼川黔滇 区县/市门户导航下挖 2026-10
gov:deqin.gov.cn,gov,德钦县,https://deqin.gov.cn/,deqin.gov.cn,unprobed,,,县,枚举:豫鄂湘粤桂琼川黔滇 区县/市门户导航下挖 2026-10
gov:dhlc.gov.cn,gov,陇川县,https://dhlc.gov.cn/,dhlc.gov.cn,unprobed,,,县,枚举:豫鄂湘粤桂琼川黔滇 区县/市门户导航下挖 2026-10
gov:dhlh.gov.cn,gov,梁河县,https://dhlh.gov.cn/,dhlh.gov.cn,unprobed,,,县,枚举:豫鄂湘粤桂琼川黔滇 区县/市门户导航下挖 2026-10
gov:dhms.gov.cn,gov,芒市,https://dhms.gov.cn/,dhms.gov.cn,unprobed,,,县级市,枚举:豫鄂湘粤桂琼川黔滇 区县/市门户导航下挖 2026-10
gov:dhyj.gov.cn,gov,盈江县,https://dhyj.gov.cn/,dhyj.gov.cn,unprobed,,,县,枚举:豫鄂湘粤桂琼川黔滇 区县/市门户导航下挖 2026-10
gov:dianbai.gov.cn,gov,电白区,https://dianbai.gov.cn/,dianbai.gov.cn,unprobed,,,市辖区,枚举:豫鄂湘粤桂琼川黔滇 区县/市门户导航下挖 2026-10
gov:dianjun.gov.cn,gov,点军区,https://dianjun.gov.cn/,dianjun.gov.cn,unprobed,,,市辖区,枚举:豫鄂湘粤桂琼川黔滇 区县/市门户导航下挖 2026-10
gov:dingan.hainan.gov.cn,gov,定安县,http://dingan.hainan.gov.cn/daly/,dingan.hainan.gov.cn,unprobed,,,县,枚举:豫鄂湘粤桂琼川黔滇 区县/市门户导航下挖 2026-10
gov:dingcheng.gov.cn,gov,鼎城区,https://dingcheng.gov.cn/,dingcheng.gov.cn,unprobed,,,市辖区,枚举:豫鄂湘粤桂琼川黔滇 区县/市门户导航下挖 2026-10
gov:djk.gov.cn,gov,丹江口市,https://djk.gov.cn/,djk.gov.cn,unprobed,,,县级市,枚举:豫鄂湘粤桂琼川黔滇 区县/市门户导航下挖 2026-10
gov:dongfang.hainan.gov.cn,gov,东方市,http://dongfang.hainan.gov.cn/dfly/,dongfang.hainan.gov.cn,unprobed,,,县级市,枚举:豫鄂湘粤桂琼川黔滇 区县/市门户导航下挖 2026-10
gov:dongguan.gov.cn,gov,东莞市,https://dongguan.gov.cn/,dongguan.gov.cn,unprobed,,,县级市,枚举:豫鄂湘粤桂琼川黔滇 区县/市门户导航下挖 2026-10
gov:dongkou.gov.cn,gov,洞口县,https://dongkou.gov.cn/,dongkou.gov.cn,unprobed,,,县,枚举:豫鄂湘粤桂琼川黔滇 区县/市门户导航下挖 2026-10
gov:donglan.gov.cn,gov,东兰县,https://donglan.gov.cn/,donglan.gov.cn,unprobed,,,县,枚举:豫鄂湘粤桂琼川黔滇 区县/市门户导航下挖 2026-10
gov:doumen.gov.cn,gov,斗门区,https://doumen.gov.cn/,doumen.gov.cn,unprobed,,,市辖区,枚举:豫鄂湘粤桂琼川黔滇 区县/市门户导航下挖 2026-10
gov:dp.gov.cn,gov,东坡区,https://dp.gov.cn/,dp.gov.cn,unprobed,,,市辖区,枚举:豫鄂湘粤桂琼川黔滇 区县/市门户导航下挖 2026-10
gov:duan.gov.cn,gov,都安瑶族自治县,https://duan.gov.cn/,duan.gov.cn,unprobed,,,自治县,枚举:豫鄂湘粤桂琼川黔滇 区县/市门户导航下挖 2026-10
gov:duodao.gov.cn,gov,掇刀区,https://duodao.gov.cn/,duodao.gov.cn,unprobed,,,市辖区,枚举:豫鄂湘粤桂琼川黔滇 区县/市门户导航下挖 2026-10
gov:dushan.gov.cn,gov,独山县,https://dushan.gov.cn/,dushan.gov.cn,unprobed,,,县,枚举:豫鄂湘粤桂琼川黔滇 区县/市门户导航下挖 2026-10
gov:duyun.gov.cn,gov,都匀市,https://duyun.gov.cn/,duyun.gov.cn,unprobed,,,县级市,枚举:豫鄂湘粤桂琼川黔滇 区县/市门户导航下挖 2026-10
gov:dxh.gov.cn,gov,东西湖区,https://dxh.gov.cn/,dxh.gov.cn,unprobed,,,市辖区,枚举:豫鄂湘粤桂琼川黔滇 区县/市门户导航下挖 2026-10
gov:dxzc.gov.cn,gov,大祥区,https://dxzc.gov.cn/,dxzc.gov.cn,unprobed,,,市辖区,枚举:豫鄂湘粤桂琼川黔滇 区县/市门户导航下挖 2026-10
gov:dxzf.gov.cn,gov,东兴市,https://dxzf.gov.cn/,dxzf.gov.cn,unprobed,,,县级市,枚举:豫鄂湘粤桂琼川黔滇 区县/市门户导航下挖 2026-10
gov:eb.gov.cn,gov,峨边彝族自治县,https://eb.gov.cn/,eb.gov.cn,unprobed,,,自治县,枚举:豫鄂湘粤桂琼川黔滇 区县/市门户导航下挖 2026-10
gov:echeng.gov.cn,gov,鄂城区,https://echeng.gov.cn/,echeng.gov.cn,unprobed,,,市辖区,枚举:豫鄂湘粤桂琼川黔滇 区县/市门户导航下挖 2026-10
gov:emeishan.gov.cn,gov,峨眉山市,https://emeishan.gov.cn/,emeishan.gov.cn,unprobed,,,县级市,枚举:豫鄂湘粤桂琼川黔滇 区县/市门户导航下挖 2026-10
gov:enping.gov.cn,gov,恩平市,https://enping.gov.cn/,enping.gov.cn,unprobed,,,县级市,枚举:豫鄂湘粤桂琼川黔滇 区县/市门户导航下挖 2026-10
gov:enshi.gov.cn,gov,恩施市,https://enshi.gov.cn/,enshi.gov.cn,unprobed,,,县级市,枚举:豫鄂湘粤桂琼川黔滇 区县/市门户导航下挖 2026-10
gov:erqi.gov.cn,gov,二七区,https://erqi.gov.cn/,erqi.gov.cn,unprobed,,,市辖区,枚举:豫鄂湘粤桂琼川黔滇 区县/市门户导航下挖 2026-10
gov:eryuan.gov.cn,gov,洱源县,https://eryuan.gov.cn/,eryuan.gov.cn,unprobed,,,县,枚举:豫鄂湘粤桂琼川黔滇 区县/市门户导航下挖 2026-10
gov:fangcheng.gov.cn,gov,方城县,https://fangcheng.gov.cn/,fangcheng.gov.cn,unprobed,,,县,枚举:豫鄂湘粤桂琼川黔滇 区县/市门户导航下挖 2026-10
gov:fangxian.gov.cn,gov,房县,https://fangxian.gov.cn/,fangxian.gov.cn,unprobed,,,县,枚举:豫鄂湘粤桂琼川黔滇 区县/市门户导航下挖 2026-10
gov:fanxian.gov.cn,gov,范县,https://fanxian.gov.cn/,fanxian.gov.cn,unprobed,,,县,枚举:豫鄂湘粤桂琼川黔滇 区县/市门户导航下挖 2026-10
gov:fcq.gov.cn,gov,防城区,https://fcq.gov.cn/,fcq.gov.cn,unprobed,,,市辖区,枚举:豫鄂湘粤桂琼川黔滇 区县/市门户导航下挖 2026-10
gov:fengkai.gov.cn,gov,封开县,https://fengkai.gov.cn/,fengkai.gov.cn,unprobed,,,县,枚举:豫鄂湘粤桂琼川黔滇 区县/市门户导航下挖 2026-10
gov:fengqiu.gov.cn,gov,封丘县,https://fengqiu.gov.cn/,fengqiu.gov.cn,unprobed,,,县,枚举:豫鄂湘粤桂琼川黔滇 区县/市门户导航下挖 2026-10
gov:fengquan.gov.cn,gov,凤泉区,https://fengquan.gov.cn/,fengquan.gov.cn,unprobed,,,市辖区,枚举:豫鄂湘粤桂琼川黔滇 区县/市门户导航下挖 2026-10
gov:fengshun.gov.cn,gov,丰顺县,https://fengshun.gov.cn/,fengshun.gov.cn,unprobed,,,县,枚举:豫鄂湘粤桂琼川黔滇 区县/市门户导航下挖 2026-10
gov:fogang.gov.cn,gov,佛冈县,https://fogang.gov.cn/,fogang.gov.cn,unprobed,,,县,枚举:豫鄂湘粤桂琼川黔滇 区县/市门户导航下挖 2026-10
gov:fsxzf.gov.cn,gov,富顺县,https://fsxzf.gov.cn/,fsxzf.gov.cn,unprobed,,,县,枚举:豫鄂湘粤桂琼川黔滇 区县/市门户导航下挖 2026-10
gov:fugong.gov.cn,gov,福贡县,https://fugong.gov.cn/,fugong.gov.cn,unprobed,,,县,枚举:豫鄂湘粤桂琼川黔滇 区县/市门户导航下挖 2026-10
gov:furong.gov.cn,gov,芙蓉区,https://furong.gov.cn/,furong.gov.cn,unprobed,,,市辖区,枚举:豫鄂湘粤桂琼川黔滇 区县/市门户导航下挖 2026-10
gov:fusui.gov.cn,gov,扶绥县,https://fusui.gov.cn/,fusui.gov.cn,unprobed,,,县,枚举:豫鄂湘粤桂琼川黔滇 区县/市门户导航下挖 2026-10
gov:ganluo.gov.cn,gov,甘洛县,https://ganluo.gov.cn/,ganluo.gov.cn,unprobed,,,县,枚举:豫鄂湘粤桂琼川黔滇 区县/市门户导航下挖 2026-10
gov:gaoming.gov.cn,gov,高明区,https://gaoming.gov.cn/,gaoming.gov.cn,unprobed,,,市辖区,枚举:豫鄂湘粤桂琼川黔滇 区县/市门户导航下挖 2026-10
gov:gaoping.gov.cn,gov,高坪区,https://gaoping.gov.cn/,gaoping.gov.cn,unprobed,,,市辖区,枚举:豫鄂湘粤桂琼川黔滇 区县/市门户导航下挖 2026-10
gov:gaoxian.gov.cn,gov,高县,https://gaoxian.gov.cn/,gaoxian.gov.cn,unprobed,,,县,枚举:豫鄂湘粤桂琼川黔滇 区县/市门户导航下挖 2026-10
gov:gaoyao.gov.cn,gov,高要区,https://gaoyao.gov.cn/,gaoyao.gov.cn,unprobed,,,市辖区,枚举:豫鄂湘粤桂琼川黔滇 区县/市门户导航下挖 2026-10
gov:gaozhou.gov.cn,gov,高州市,https://gaozhou.gov.cn/,gaozhou.gov.cn,unprobed,,,县级市,枚举:豫鄂湘粤桂琼川黔滇 区县/市门户导航下挖 2026-10
gov:gbq.gov.cn,gov,港北区,https://gbq.gov.cn/,gbq.gov.cn,unprobed,,,市辖区,枚举:豫鄂湘粤桂琼川黔滇 区县/市门户导航下挖 2026-10
gov:gdcy.gov.cn,gov,潮阳区,https://gdcy.gov.cn/,gdcy.gov.cn,unprobed,,,市辖区,枚举:豫鄂湘粤桂琼川黔滇 区县/市门户导航下挖 2026-10
gov:gddongyuan.gov.cn,gov,东源县,https://gddongyuan.gov.cn/,gddongyuan.gov.cn,unprobed,,,县,枚举:豫鄂湘粤桂琼川黔滇 区县/市门户导航下挖 2026-10
gov:gddq.gov.cn,gov,德庆县,https://gddq.gov.cn/,gddq.gov.cn,unprobed,,,县,枚举:豫鄂湘粤桂琼川黔滇 区县/市门户导航下挖 2026-10
gov:gdgn.gov.cn,gov,广宁县,https://gdgn.gov.cn/,gdgn.gov.cn,unprobed,,,县,枚举:豫鄂湘粤桂琼川黔滇 区县/市门户导航下挖 2026-10
gov:gdhf.gov.cn,gov,海丰县,https://gdhf.gov.cn/,gdhf.gov.cn,unprobed,,,县,枚举:豫鄂湘粤桂琼川黔滇 区县/市门户导航下挖 2026-10
gov:gdjinping.gov.cn,gov,金平区,https://gdjinping.gov.cn/,gdjinping.gov.cn,unprobed,,,市辖区,枚举:豫鄂湘粤桂琼川黔滇 区县/市门户导航下挖 2026-10
gov:gdlonghu.gov.cn,gov,龙湖区,https://gdlonghu.gov.cn/,gdlonghu.gov.cn,unprobed,,,市辖区,枚举:豫鄂湘粤桂琼川黔滇 区县/市门户导航下挖 2026-10
gov:gdnx.gov.cn,gov,南雄市,https://gdnx.gov.cn/,gdnx.gov.cn,unprobed,,,县级市,枚举:豫鄂湘粤桂琼川黔滇 区县/市门户导航下挖 2026-10
gov:gdsx.gov.cn,gov,始兴县,https://gdsx.gov.cn/,gdsx.gov.cn,unprobed,,,县,枚举:豫鄂湘粤桂琼川黔滇 区县/市门户导航下挖 2026-10
gov:gdyc.gov.cn,gov,源城区,https://gdyc.gov.cn/,gdyc.gov.cn,unprobed,,,市辖区,枚举:豫鄂湘粤桂琼川黔滇 区县/市门户导航下挖 2026-10
gov:gdyunan.gov.cn,gov,郁南县,https://gdyunan.gov.cn/,gdyunan.gov.cn,unprobed,,,县,枚举:豫鄂湘粤桂琼川黔滇 区县/市门户导航下挖 2026-10
gov:gggn.gov.cn,gov,港南区,https://gggn.gov.cn/,gggn.gov.cn,unprobed,,,市辖区,枚举:豫鄂湘粤桂琼川黔滇 区县/市门户导航下挖 2026-10
gov:ggqt.gov.cn,gov,覃塘区,https://ggqt.gov.cn/,ggqt.gov.cn,unprobed,,,市辖区,枚举:豫鄂湘粤桂琼川黔滇 区县/市门户导航下挖 2026-10
gov:gj.gov.cn,gov,贡井区,https://gj.gov.cn/,gj.gov.cn,unprobed,,,市辖区,枚举:豫鄂湘粤桂琼川黔滇 区县/市门户导航下挖 2026-10
gov:gkq.gov.cn,gov,港口区,https://gkq.gov.cn/,gkq.gov.cn,unprobed,,,市辖区,枚举:豫鄂湘粤桂琼川黔滇 区县/市门户导航下挖 2026-10
gov:glls.gov.cn,gov,龙胜各族自治县,https://glls.gov.cn/,glls.gov.cn,unprobed,,,自治县,枚举:豫鄂湘粤桂琼川黔滇 区县/市门户导航下挖 2026-10
gov:glqx.gov.cn,gov,七星区,https://glqx.gov.cn/,glqx.gov.cn,unprobed,,,市辖区,枚举:豫鄂湘粤桂琼川黔滇 区县/市门户导航下挖 2026-10
gov:glqz.gov.cn,gov,全州县,https://glqz.gov.cn/,glqz.gov.cn,unprobed,,,县,枚举:豫鄂湘粤桂琼川黔滇 区县/市门户导航下挖 2026-10
gov:glsdcqzf.gov.cn,gov,叠彩区,https://glsdcqzf.gov.cn/,glsdcqzf.gov.cn,unprobed,,,市辖区,枚举:豫鄂湘粤桂琼川黔滇 区县/市门户导航下挖 2026-10
gov:glxfq.gov.cn,gov,秀峰区,https://glxfq.gov.cn/,glxfq.gov.cn,unprobed,,,市辖区,枚举:豫鄂湘粤桂琼川黔滇 区县/市门户导航下挖 2026-10
gov:glxsqzf.gov.cn,gov,象山区,https://glxsqzf.gov.cn/,glxsqzf.gov.cn,unprobed,,,市辖区,枚举:豫鄂湘粤桂琼川黔滇 区县/市门户导航下挖 2026-10
gov:glyszf.gov.cn,gov,雁山区,https://glyszf.gov.cn/,glyszf.gov.cn,unprobed,,,市辖区,枚举:豫鄂湘粤桂琼川黔滇 区县/市门户导航下挖 2026-10
gov:gongan.gov.cn,gov,公安县,https://gongan.gov.cn/,gongan.gov.cn,unprobed,,,县,枚举:豫鄂湘粤桂琼川黔滇 区县/市门户导航下挖 2026-10
gov:gongcheng.gov.cn,gov,恭城瑶族自治县,https://gongcheng.gov.cn/,gongcheng.gov.cn,unprobed,,,自治县,枚举:豫鄂湘粤桂琼川黔滇 区县/市门户导航下挖 2026-10
gov:gongshan.gov.cn,gov,贡山独龙族怒族自治县,https://gongshan.gov.cn/,gongshan.gov.cn,unprobed,,,自治县,枚举:豫鄂湘粤桂琼川黔滇 区县/市门户导航下挖 2026-10
gov:gongxian.gov.cn,gov,珙县,https://gongxian.gov.cn/,gongxian.gov.cn,unprobed,,,县,枚举:豫鄂湘粤桂琼川黔滇 区县/市门户导航下挖 2026-10
gov:guancheng.gov.cn,gov,管城回族区,https://guancheng.gov.cn/,guancheng.gov.cn,unprobed,,,市辖区,枚举:豫鄂湘粤桂琼川黔滇 区县/市门户导航下挖 2026-10
gov:guang-an.gov.cn,gov,广安区,https://guang-an.gov.cn/,guang-an.gov.cn,unprobed,,,市辖区,枚举:豫鄂湘粤桂琼川黔滇 区县/市门户导航下挖 2026-10
gov:guanghan.gov.cn,gov,广汉市,https://guanghan.gov.cn/,guanghan.gov.cn,unprobed,,,县级市,枚举:豫鄂湘粤桂琼川黔滇 区县/市门户导航下挖 2026-10
gov:guangshan.gov.cn,gov,光山县,https://guangshan.gov.cn/,guangshan.gov.cn,unprobed,,,县,枚举:豫鄂湘粤桂琼川黔滇 区县/市门户导航下挖 2026-10
gov:guanling.gov.cn,gov,关岭布依族苗族自治县,https://guanling.gov.cn/,guanling.gov.cn,unprobed,,,自治县,枚举:豫鄂湘粤桂琼川黔滇 区县/市门户导航下挖 2026-10
gov:guanshanhu.gov.cn,gov,观山湖区,https://guanshanhu.gov.cn/,guanshanhu.gov.cn,unprobed,,,市辖区,枚举:豫鄂湘粤桂琼川黔滇 区县/市门户导航下挖 2026-10
gov:guanyang.gov.cn,gov,灌阳县,https://guanyang.gov.cn/,guanyang.gov.cn,unprobed,,,县,枚举:豫鄂湘粤桂琼川黔滇 区县/市门户导航下挖 2026-10
gov:guiding.gov.cn,gov,贵定县,https://guiding.gov.cn/,guiding.gov.cn,unprobed,,,县,枚举:豫鄂湘粤桂琼川黔滇 区县/市门户导航下挖 2026-10
gov:guiping.gov.cn,gov,桂平市,https://guiping.gov.cn/,guiping.gov.cn,unprobed,,,县级市,枚举:豫鄂湘粤桂琼川黔滇 区县/市门户导航下挖 2026-10
gov:gulin.gov.cn,gov,古蔺县,https://gulin.gov.cn/,gulin.gov.cn,unprobed,,,县,枚举:豫鄂湘粤桂琼川黔滇 区县/市门户导航下挖 2026-10
gov:gulou.gov.cn,gov,鼓楼区,https://gulou.gov.cn/,gulou.gov.cn,unprobed,,,市辖区,枚举:豫鄂湘粤桂琼川黔滇 区县/市门户导航下挖 2026-10
gov:gushi.gov.cn,gov,固始县,https://gushi.gov.cn/,gushi.gov.cn,unprobed,,,县,枚举:豫鄂湘粤桂琼川黔滇 区县/市门户导航下挖 2026-10
gov:gxbabu.gov.cn,gov,八步区,https://gxbabu.gov.cn/,gxbabu.gov.cn,unprobed,,,市辖区,枚举:豫鄂湘粤桂琼川黔滇 区县/市门户导航下挖 2026-10
gov:gxdh.gov.cn,gov,大化瑶族自治县,https://gxdh.gov.cn/,gxdh.gov.cn,unprobed,,,自治县,枚举:豫鄂湘粤桂琼川黔滇 区县/市门户导航下挖 2026-10
gov:gxfc.gov.cn,gov,富川瑶族自治县,https://gxfc.gov.cn/,gxfc.gov.cn,unprobed,,,自治县,枚举:豫鄂湘粤桂琼川黔滇 区县/市门户导航下挖 2026-10
gov:gxfsx.gov.cn,gov,凤山县,https://gxfsx.gov.cn/,gxfsx.gov.cn,unprobed,,,县,枚举:豫鄂湘粤桂琼川黔滇 区县/市门户导航下挖 2026-10
gov:gxhx.gov.cn,gov,横州市,https://gxhx.gov.cn/,gxhx.gov.cn,unprobed,,,县级市,枚举:豫鄂湘粤桂琼川黔滇 区县/市门户导航下挖 2026-10
gov:gxll.gov.cn,gov,隆林各族自治县,https://gxll.gov.cn/,gxll.gov.cn,unprobed,,,自治县,枚举:豫鄂湘粤桂琼川黔滇 区县/市门户导航下挖 2026-10
gov:gxls.gov.cn,gov,灵山县,https://gxls.gov.cn/,gxls.gov.cn,unprobed,,,县,枚举:豫鄂湘粤桂琼川黔滇 区县/市门户导航下挖 2026-10
gov:gxms.gov.cn,gov,蒙山县,https://gxms.gov.cn/,gxms.gov.cn,unprobed,,,县,枚举:豫鄂湘粤桂琼川黔滇 区县/市门户导航下挖 2026-10
gov:gxnd.gov.cn,gov,南丹县,https://gxnd.gov.cn/,gxnd.gov.cn,unprobed,,,县,枚举:豫鄂湘粤桂琼川黔滇 区县/市门户导航下挖 2026-10
gov:gxpb.gov.cn,gov,浦北县,https://gxpb.gov.cn/,gxpb.gov.cn,unprobed,,,县,枚举:豫鄂湘粤桂琼川黔滇 区县/市门户导航下挖 2026-10
gov:gxqn.gov.cn,gov,钦南区,https://gxqn.gov.cn/,gxqn.gov.cn,unprobed,,,市辖区,枚举:豫鄂湘粤桂琼川黔滇 区县/市门户导航下挖 2026-10
gov:gxtd.gov.cn,gov,田东县,https://gxtd.gov.cn/,gxtd.gov.cn,unprobed,,,县,枚举:豫鄂湘粤桂琼川黔滇 区县/市门户导航下挖 2026-10
gov:gxty.gov.cn,gov,田阳区,https://gxty.gov.cn/,gxty.gov.cn,unprobed,,,市辖区,枚举:豫鄂湘粤桂琼川黔滇 区县/市门户导航下挖 2026-10
gov:gxxc.gov.cn,gov,忻城县,https://gxxc.gov.cn/,gxxc.gov.cn,unprobed,,,县,枚举:豫鄂湘粤桂琼川黔滇 区县/市门户导航下挖 2026-10
gov:gxxl.gov.cn,gov,西林县,https://gxxl.gov.cn/,gxxl.gov.cn,unprobed,,,县,枚举:豫鄂湘粤桂琼川黔滇 区县/市门户导航下挖 2026-10
gov:gxzp.gov.cn,gov,昭平县,https://gxzp.gov.cn/,gxzp.gov.cn,unprobed,,,县,枚举:豫鄂湘粤桂琼川黔滇 区县/市门户导航下挖 2026-10
gov:gxzs.gov.cn,gov,钟山县,https://gxzs.gov.cn/,gxzs.gov.cn,unprobed,,,县,枚举:豫鄂湘粤桂琼川黔滇 区县/市门户导航下挖 2026-10
gov:gzal.gov.cn,gov,安龙县,https://gzal.gov.cn/,gzal.gov.cn,unprobed,,,县,枚举:豫鄂湘粤桂琼川黔滇 区县/市门户导航下挖 2026-10
gov:gzbaiyun.gov.cn,gov,白云区,https://gzbaiyun.gov.cn/,gzbaiyun.gov.cn,unprobed,,,市辖区,枚举:豫鄂湘粤桂琼川黔滇 区县/市门户导航下挖 2026-10
gov:gzch.gov.cn,gov,册亨县,https://gzch.gov.cn/,gzch.gov.cn,unprobed,,,县,枚举:豫鄂湘粤桂琼川黔滇 区县/市门户导航下挖 2026-10
gov:gzchishui.gov.cn,gov,赤水市,https://gzchishui.gov.cn/,gzchishui.gov.cn,unprobed,,,县级市,枚举:豫鄂湘粤桂琼川黔滇 区县/市门户导航下挖 2026-10
gov:gzcsx.gov.cn,gov,长顺县,https://gzcsx.gov.cn/,gzcsx.gov.cn,unprobed,,,县,枚举:豫鄂湘粤桂琼川黔滇 区县/市门户导航下挖 2026-10
gov:gzdafang.gov.cn,gov,大方县,https://gzdafang.gov.cn/,gzdafang.gov.cn,unprobed,,,县,枚举:豫鄂湘粤桂琼川黔滇 区县/市门户导航下挖 2026-10
gov:gzdf.gov.cn,gov,道孚县,https://gzdf.gov.cn/,gzdf.gov.cn,unprobed,,,县,枚举:豫鄂湘粤桂琼川黔滇 区县/市门户导航下挖 2026-10
gov:gzdr.gov.cn,gov,得荣县,https://gzdr.gov.cn/,gzdr.gov.cn,unprobed,,,县,枚举:豫鄂湘粤桂琼川黔滇 区县/市门户导航下挖 2026-10
gov:gzfenggang.gov.cn,gov,凤冈县,https://gzfenggang.gov.cn/,gzfenggang.gov.cn,unprobed,,,县,枚举:豫鄂湘粤桂琼川黔滇 区县/市门户导航下挖 2026-10
gov:gzfuquan.gov.cn,gov,福泉市,https://gzfuquan.gov.cn/,gzfuquan.gov.cn,unprobed,,,县级市,枚举:豫鄂湘粤桂琼川黔滇 区县/市门户导航下挖 2026-10
gov:gzhezhang.gov.cn,gov,赫章县,https://gzhezhang.gov.cn/,gzhezhang.gov.cn,unprobed,,,县,枚举:豫鄂湘粤桂琼川黔滇 区县/市门户导航下挖 2026-10
gov:gzhs.gov.cn,gov,惠水县,https://gzhs.gov.cn/,gzhs.gov.cn,unprobed,,,县,枚举:豫鄂湘粤桂琼川黔滇 区县/市门户导航下挖 2026-10
gov:gzjinsha.gov.cn,gov,金沙县,https://gzjinsha.gov.cn/,gzjinsha.gov.cn,unprobed,,,县,枚举:豫鄂湘粤桂琼川黔滇 区县/市门户导航下挖 2026-10
gov:gzlt.gov.cn,gov,理塘县,https://gzlt.gov.cn/,gzlt.gov.cn,unprobed,,,县,枚举:豫鄂湘粤桂琼川黔滇 区县/市门户导航下挖 2026-10
gov:gzluodian.gov.cn,gov,罗甸县,https://gzluodian.gov.cn/,gzluodian.gov.cn,unprobed,,,县,枚举:豫鄂湘粤桂琼川黔滇 区县/市门户导航下挖 2026-10
gov:gznayong.gov.cn,gov,纳雍县,https://gznayong.gov.cn/,gznayong.gov.cn,unprobed,,,县,枚举:豫鄂湘粤桂琼川黔滇 区县/市门户导航下挖 2026-10
gov:gzns.gov.cn,gov,南沙区,https://gzns.gov.cn/,gzns.gov.cn,unprobed,,,市辖区,枚举:豫鄂湘粤桂琼川黔滇 区县/市门户导航下挖 2026-10
gov:gzpt.gov.cn,gov,平塘县,https://gzpt.gov.cn/,gzpt.gov.cn,unprobed,,,县,枚举:豫鄂湘粤桂琼川黔滇 区县/市门户导航下挖 2026-10
gov:gzql.gov.cn,gov,晴隆县,https://gzql.gov.cn/,gzql.gov.cn,unprobed,,,县,枚举:豫鄂湘粤桂琼川黔滇 区县/市门户导航下挖 2026-10
gov:gzqz.gov.cn,gov,清镇市,https://gzqz.gov.cn/,gzqz.gov.cn,unprobed,,,县级市,枚举:豫鄂湘粤桂琼川黔滇 区县/市门户导航下挖 2026-10
gov:gzss.gov.cn,gov,三穗县,https://gzss.gov.cn/,gzss.gov.cn,unprobed,,,县,枚举:豫鄂湘粤桂琼川黔滇 区县/市门户导航下挖 2026-10
gov:gztaijiang.gov.cn,gov,台江县,https://gztaijiang.gov.cn/,gztaijiang.gov.cn,unprobed,,,县,枚举:豫鄂湘粤桂琼川黔滇 区县/市门户导航下挖 2026-10
gov:gztongzi.gov.cn,gov,桐梓县,https://gztongzi.gov.cn/,gztongzi.gov.cn,unprobed,,,县,枚举:豫鄂湘粤桂琼川黔滇 区县/市门户导航下挖 2026-10
gov:gzwd.gov.cn,gov,乌当区,https://gzwd.gov.cn/,gzwd.gov.cn,unprobed,,,市辖区,枚举:豫鄂湘粤桂琼川黔滇 区县/市门户导航下挖 2026-10
gov:gzweining.gov.cn,gov,威宁彝族回族苗族自治县,https://gzweining.gov.cn/,gzweining.gov.cn,unprobed,,,自治县,枚举:豫鄂湘粤桂琼川黔滇 区县/市门户导航下挖 2026-10
gov:gzwm.gov.cn,gov,望谟县,https://gzwm.gov.cn/,gzwm.gov.cn,unprobed,,,县,枚举:豫鄂湘粤桂琼川黔滇 区县/市门户导航下挖 2026-10
gov:gzwuchuan.gov.cn,gov,务川仡佬族苗族自治县,https://gzwuchuan.gov.cn/,gzwuchuan.gov.cn,unprobed,,,自治县,枚举:豫鄂湘粤桂琼川黔滇 区县/市门户导航下挖 2026-10
gov:gzxl.gov.cn,gov,新龙县,https://gzxl.gov.cn/,gzxl.gov.cn,unprobed,,,县,枚举:豫鄂湘粤桂琼川黔滇 区县/市门户导航下挖 2026-10
gov:gzxr.gov.cn,gov,兴仁市,https://gzxr.gov.cn/,gzxr.gov.cn,unprobed,,,县级市,枚举:豫鄂湘粤桂琼川黔滇 区县/市门户导航下挖 2026-10
gov:gzxy.gov.cn,gov,兴义市,https://gzxy.gov.cn/,gzxy.gov.cn,unprobed,,,县级市,枚举:豫鄂湘粤桂琼川黔滇 区县/市门户导航下挖 2026-10
gov:gzz.gov.cn,gov,甘孜县,https://gzz.gov.cn/,gzz.gov.cn,unprobed,,,县,枚举:豫鄂湘粤桂琼川黔滇 区县/市门户导航下挖 2026-10
gov:gzza.gov.cn,gov,正安县,https://gzza.gov.cn/,gzza.gov.cn,unprobed,,,县,枚举:豫鄂湘粤桂琼川黔滇 区县/市门户导航下挖 2026-10
gov:gzzf.gov.cn,gov,贞丰县,https://gzzf.gov.cn/,gzzf.gov.cn,unprobed,,,县,枚举:豫鄂湘粤桂琼川黔滇 区县/市门户导航下挖 2026-10
gov:gzzhijin.gov.cn,gov,织金县,https://gzzhijin.gov.cn/,gzzhijin.gov.cn,unprobed,,,县,枚举:豫鄂湘粤桂琼川黔滇 区县/市门户导航下挖 2026-10
gov:gzzn.gov.cn,gov,镇宁布依族苗族自治县,https://gzzn.gov.cn/,gzzn.gov.cn,unprobed,,,自治县,枚举:豫鄂湘粤桂琼川黔滇 区县/市门户导航下挖 2026-10
gov:gzzs.gov.cn,gov,钟山区,https://gzzs.gov.cn/,gzzs.gov.cn,unprobed,,,市辖区,枚举:豫鄂湘粤桂琼川黔滇 区县/市门户导航下挖 2026-10
gov:gzzsdxrmzf.gov.cn,gov,色达县,https://gzzsdxrmzf.gov.cn/,gzzsdxrmzf.gov.cn,unprobed,,,县,枚举:豫鄂湘粤桂琼川黔滇 区县/市门户导航下挖 2026-10
gov:haizhu.gov.cn,gov,海珠区,https://haizhu.gov.cn/,haizhu.gov.cn,unprobed,,,市辖区,枚举:豫鄂湘粤桂琼川黔滇 区县/市门户导航下挖 2026-10
gov:hanchuan.gov.cn,gov,汉川市,https://hanchuan.gov.cn/,hanchuan.gov.cn,unprobed,,,县级市,枚举:豫鄂湘粤桂琼川黔滇 区县/市门户导航下挖 2026-10
gov:hanshou.gov.cn,gov,汉寿县,https://hanshou.gov.cn/,hanshou.gov.cn,unprobed,,,县,枚举:豫鄂湘粤桂琼川黔滇 区县/市门户导航下挖 2026-10
gov:hanyang.gov.cn,gov,汉阳区,https://hanyang.gov.cn/,hanyang.gov.cn,unprobed,,,市辖区,枚举:豫鄂湘粤桂琼川黔滇 区县/市门户导航下挖 2026-10
gov:hanyuan.gov.cn,gov,汉源县,https://hanyuan.gov.cn/,hanyuan.gov.cn,unprobed,,,县,枚举:豫鄂湘粤桂琼川黔滇 区县/市门户导航下挖 2026-10
gov:haojiang.gov.cn,gov,濠江区,https://haojiang.gov.cn/,haojiang.gov.cn,unprobed,,,市辖区,枚举:豫鄂湘粤桂琼川黔滇 区县/市门户导航下挖 2026-10
gov:hbbd.gov.cn,gov,巴东县,https://hbbd.gov.cn/,hbbd.gov.cn,unprobed,,,县,枚举:豫鄂湘粤桂琼川黔滇 区县/市门户导航下挖 2026-10
gov:hbdawu.gov.cn,gov,大悟县,https://hbdawu.gov.cn/,hbdawu.gov.cn,unprobed,,,县,枚举:豫鄂湘粤桂琼川黔滇 区县/市门户导航下挖 2026-10
gov:hbdaye.gov.cn,gov,大冶市,https://hbdaye.gov.cn/,hbdaye.gov.cn,unprobed,,,县级市,枚举:豫鄂湘粤桂琼川黔滇 区县/市门户导航下挖 2026-10
gov:hbhsq.gov.cn,gov,鹤山区,https://hbhsq.gov.cn/,hbhsq.gov.cn,unprobed,,,市辖区,枚举:豫鄂湘粤桂琼川黔滇 区县/市门户导航下挖 2026-10
gov:hbjs.gov.cn,gov,建始县,https://hbjs.gov.cn/,hbjs.gov.cn,unprobed,,,县,枚举:豫鄂湘粤桂琼川黔滇 区县/市门户导航下挖 2026-10
gov:hbqbq.gov.cn,gov,淇滨区,https://hbqbq.gov.cn/,hbqbq.gov.cn,unprobed,,,市辖区,枚举:豫鄂湘粤桂琼川黔滇 区县/市门户导航下挖 2026-10
gov:hbqj.gov.cn,gov,潜江市,https://hbqj.gov.cn/,hbqj.gov.cn,unprobed,,,县级市,枚举:豫鄂湘粤桂琼川黔滇 区县/市门户导航下挖 2026-10
gov:hbscq.gov.cn,gov,山城区,https://hbscq.gov.cn/,hbscq.gov.cn,unprobed,,,市辖区,枚举:豫鄂湘粤桂琼川黔滇 区县/市门户导航下挖 2026-10
gov:hbsz.gov.cn,gov,松滋市,https://hbsz.gov.cn/,hbsz.gov.cn,unprobed,,,县级市,枚举:豫鄂湘粤桂琼川黔滇 区县/市门户导航下挖 2026-10
gov:hbwf.gov.cn,gov,五峰土家族自治县,https://hbwf.gov.cn/,hbwf.gov.cn,unprobed,,,自治县,枚举:豫鄂湘粤桂琼川黔滇 区县/市门户导航下挖 2026-10
gov:hbzg.gov.cn,gov,秭归县,https://hbzg.gov.cn/,hbzg.gov.cn,unprobed,,,县,枚举:豫鄂湘粤桂琼川黔滇 区县/市门户导航下挖 2026-10
gov:hcq.gov.cn,gov,惠城区,https://hcq.gov.cn/,hcq.gov.cn,unprobed,,,市辖区,枚举:豫鄂湘粤桂琼川黔滇 区县/市门户导航下挖 2026-10
gov:hcyzq.gov.cn,gov,宜州区,https://hcyzq.gov.cn/,hcyzq.gov.cn,unprobed,,,市辖区,枚举:豫鄂湘粤桂琼川黔滇 区县/市门户导航下挖 2026-10
gov:hechengqu.gov.cn,gov,鹤城区,https://hechengqu.gov.cn/,hechengqu.gov.cn,unprobed,,,市辖区,枚举:豫鄂湘粤桂琼川黔滇 区县/市门户导航下挖 2026-10
gov:hefeng.gov.cn,gov,鹤峰县,https://hefeng.gov.cn/,hefeng.gov.cn,unprobed,,,县,枚举:豫鄂湘粤桂琼川黔滇 区县/市门户导航下挖 2026-10
gov:heishui.gov.cn,gov,黑水县,https://heishui.gov.cn/,heishui.gov.cn,unprobed,,,县,枚举:豫鄂湘粤桂琼川黔滇 区县/市门户导航下挖 2026-10
gov:hejiang.gov.cn,gov,合江县,https://hejiang.gov.cn/,hejiang.gov.cn,unprobed,,,县,枚举:豫鄂湘粤桂琼川黔滇 区县/市门户导航下挖 2026-10
gov:heping.gov.cn,gov,和平县,https://heping.gov.cn/,heping.gov.cn,unprobed,,,县,枚举:豫鄂湘粤桂琼川黔滇 区县/市门户导航下挖 2026-10
gov:heqing.gov.cn,gov,鹤庆县,https://heqing.gov.cn/,heqing.gov.cn,unprobed,,,县,枚举:豫鄂湘粤桂琼川黔滇 区县/市门户导航下挖 2026-10
gov:heshan.gov.cn,gov,鹤山市,https://heshan.gov.cn/,heshan.gov.cn,unprobed,,,县级市,枚举:豫鄂湘粤桂琼川黔滇 区县/市门户导航下挖 2026-10
gov:heshanshi.gov.cn,gov,合山市,https://heshanshi.gov.cn/,heshanshi.gov.cn,unprobed,,,县级市,枚举:豫鄂湘粤桂琼川黔滇 区县/市门户导航下挖 2026-10
gov:hetang.gov.cn,gov,荷塘区,https://hetang.gov.cn/,hetang.gov.cn,unprobed,,,市辖区,枚举:豫鄂湘粤桂琼川黔滇 区县/市门户导航下挖 2026-10
gov:hhgj.gov.cn,gov,个旧市,https://hhgj.gov.cn/,hhgj.gov.cn,unprobed,,,县级市,枚举:豫鄂湘粤桂琼川黔滇 区县/市门户导航下挖 2026-10
gov:hhhk.gov.cn,gov,河口瑶族自治县,https://hhhk.gov.cn/,hhhk.gov.cn,unprobed,,,自治县,枚举:豫鄂湘粤桂琼川黔滇 区县/市门户导航下挖 2026-10
gov:hhjp.gov.cn,gov,金平苗族瑶族傣族自治县,https://hhjp.gov.cn/,hhjp.gov.cn,unprobed,,,自治县,枚举:豫鄂湘粤桂琼川黔滇 区县/市门户导航下挖 2026-10
gov:hhjs.gov.cn,gov,建水县,https://hhjs.gov.cn/,hhjs.gov.cn,unprobed,,,县,枚举:豫鄂湘粤桂琼川黔滇 区县/市门户导航下挖 2026-10
gov:hhky.gov.cn,gov,开远市,https://hhky.gov.cn/,hhky.gov.cn,unprobed,,,县级市,枚举:豫鄂湘粤桂琼川黔滇 区县/市门户导航下挖 2026-10
gov:hhlc.gov.cn,gov,绿春县,https://hhlc.gov.cn/,hhlc.gov.cn,unprobed,,,县,枚举:豫鄂湘粤桂琼川黔滇 区县/市门户导航下挖 2026-10
gov:hhlx.gov.cn,gov,泸西县,https://hhlx.gov.cn/,hhlx.gov.cn,unprobed,,,县,枚举:豫鄂湘粤桂琼川黔滇 区县/市门户导航下挖 2026-10
gov:hhml.gov.cn,gov,弥勒市,https://hhml.gov.cn/,hhml.gov.cn,unprobed,,,县级市,枚举:豫鄂湘粤桂琼川黔滇 区县/市门户导航下挖 2026-10
gov:hhmz.gov.cn,gov,蒙自市,https://hhmz.gov.cn/,hhmz.gov.cn,unprobed,,,县级市,枚举:豫鄂湘粤桂琼川黔滇 区县/市门户导航下挖 2026-10
gov:hhpb.gov.cn,gov,屏边苗族自治县,https://hhpb.gov.cn/,hhpb.gov.cn,unprobed,,,自治县,枚举:豫鄂湘粤桂琼川黔滇 区县/市门户导航下挖 2026-10
gov:hhsp.gov.cn,gov,石屏县,https://hhsp.gov.cn/,hhsp.gov.cn,unprobed,,,县,枚举:豫鄂湘粤桂琼川黔滇 区县/市门户导航下挖 2026-10
gov:hhx.gov.cn,gov,红河县,https://hhx.gov.cn/,hhx.gov.cn,unprobed,,,县,枚举:豫鄂湘粤桂琼川黔滇 区县/市门户导航下挖 2026-10
gov:hhyy.gov.cn,gov,元阳县,https://hhyy.gov.cn/,hhyy.gov.cn,unprobed,,,县,枚举:豫鄂湘粤桂琼川黔滇 区县/市门户导航下挖 2026-10
gov:hjs.gov.cn,gov,洪江市,https://hjs.gov.cn/,hjs.gov.cn,unprobed,,,县级市,枚举:豫鄂湘粤桂琼川黔滇 区县/市门户导航下挖 2026-10
gov:hjzf.gov.cn,gov,环江毛南族自治县,https://hjzf.gov.cn/,hjzf.gov.cn,unprobed,,,自治县,枚举:豫鄂湘粤桂琼川黔滇 区县/市门户导航下挖 2026-10
gov:hnhs.gov.cn,gov,赫山区,https://hnhs.gov.cn/,hnhs.gov.cn,unprobed,,,市辖区,枚举:豫鄂湘粤桂琼川黔滇 区县/市门户导航下挖 2026-10
gov:hnls.gov.cn,gov,鲁山县,https://hnls.gov.cn/,hnls.gov.cn,unprobed,,,县,枚举:豫鄂湘粤桂琼川黔滇 区县/市门户导航下挖 2026-10
gov:hnsc.gov.cn,gov,商城县,https://hnsc.gov.cn/,hnsc.gov.cn,unprobed,,,县,枚举:豫鄂湘粤桂琼川黔滇 区县/市门户导航下挖 2026-10
gov:hnsf.gov.cn,gov,双峰县,https://hnsf.gov.cn/,hnsf.gov.cn,unprobed,,,县,枚举:豫鄂湘粤桂琼川黔滇 区县/市门户导航下挖 2026-10
gov:hnsn.gov.cn,gov,绥宁县,https://hnsn.gov.cn/,hnsn.gov.cn,unprobed,,,县,枚举:豫鄂湘粤桂琼川黔滇 区县/市门户导航下挖 2026-10
gov:hnsongxian.gov.cn,gov,嵩县,https://hnsongxian.gov.cn/,hnsongxian.gov.cn,unprobed,,,县,枚举:豫鄂湘粤桂琼川黔滇 区县/市门户导航下挖 2026-10
gov:hnxtyt.gov.cn,gov,岳塘区,https://hnxtyt.gov.cn/,hnxtyt.gov.cn,unprobed,,,市辖区,枚举:豫鄂湘粤桂琼川黔滇 区县/市门户导航下挖 2026-10
gov:hnxx.gov.cn,gov,新县,https://hnxx.gov.cn/,hnxx.gov.cn,unprobed,,,县,枚举:豫鄂湘粤桂琼川黔滇 区县/市门户导航下挖 2026-10
gov:hnyanling.gov.cn,gov,炎陵县,https://hnyanling.gov.cn/,hnyanling.gov.cn,unprobed,,,县,枚举:豫鄂湘粤桂琼川黔滇 区县/市门户导航下挖 2026-10
gov:hnyx.gov.cn,gov,攸县,https://hnyx.gov.cn/,hnyx.gov.cn,unprobed,,,县,枚举:豫鄂湘粤桂琼川黔滇 区县/市门户导航下挖 2026-10
gov:honghu.gov.cn,gov,洪湖市,https://honghu.gov.cn/,honghu.gov.cn,unprobed,,,县级市,枚举:豫鄂湘粤桂琼川黔滇 区县/市门户导航下挖 2026-10
gov:hongshan.gov.cn,gov,洪山区,https://hongshan.gov.cn/,hongshan.gov.cn,unprobed,,,市辖区,枚举:豫鄂湘粤桂琼川黔滇 区县/市门户导航下挖 2026-10
gov:hongta.gov.cn,gov,红塔区,https://hongta.gov.cn/,hongta.gov.cn,unprobed,,,市辖区,枚举:豫鄂湘粤桂琼川黔滇 区县/市门户导航下挖 2026-10
gov:hongyuan.gov.cn,gov,红原县,https://hongyuan.gov.cn/,hongyuan.gov.cn,unprobed,,,县,枚举:豫鄂湘粤桂琼川黔滇 区县/市门户导航下挖 2026-10
gov:hp.gov.cn,gov,黄埔区,https://hp.gov.cn/,hp.gov.cn,unprobed,,,市辖区,枚举:豫鄂湘粤桂琼川黔滇 区县/市门户导航下挖 2026-10
gov:hsdz.gov.cn,gov,铁山区,https://hsdz.gov.cn/,hsdz.gov.cn,unprobed,,,市辖区,枚举:豫鄂湘粤桂琼川黔滇 区县/市门户导航下挖 2026-10
gov:ht.sanya.gov.cn,gov,海棠区,http://ht.sanya.gov.cn/,ht.sanya.gov.cn,unprobed,,,市辖区,枚举:豫鄂湘粤桂琼川黔滇 区县/市门户导航下挖 2026-10
gov:huadu.gov.cn,gov,花都区,https://huadu.gov.cn/,huadu.gov.cn,unprobed,,,市辖区,枚举:豫鄂湘粤桂琼川黔滇 区县/市门户导航下挖 2026-10
gov:huaibin.gov.cn,gov,淮滨县,https://huaibin.gov.cn/,huaibin.gov.cn,unprobed,,,县,枚举:豫鄂湘粤桂琼川黔滇 区县/市门户导航下挖 2026-10
gov:huaiji.gov.cn,gov,怀集县,https://huaiji.gov.cn/,huaiji.gov.cn,unprobed,,,县,枚举:豫鄂湘粤桂琼川黔滇 区县/市门户导航下挖 2026-10
gov:huangchuan.gov.cn,gov,潢川县,https://huangchuan.gov.cn/,huangchuan.gov.cn,unprobed,,,县,枚举:豫鄂湘粤桂琼川黔滇 区县/市门户导航下挖 2026-10
gov:huangpi.gov.cn,gov,黄陂区,https://huangpi.gov.cn/,huangpi.gov.cn,unprobed,,,市辖区,枚举:豫鄂湘粤桂琼川黔滇 区县/市门户导航下挖 2026-10
gov:huangshigang.gov.cn,gov,黄石港区,https://huangshigang.gov.cn/,huangshigang.gov.cn,unprobed,,,市辖区,枚举:豫鄂湘粤桂琼川黔滇 区县/市门户导航下挖 2026-10
gov:huangzhou.gov.cn,gov,黄州区,https://huangzhou.gov.cn/,huangzhou.gov.cn,unprobed,,,市辖区,枚举:豫鄂湘粤桂琼川黔滇 区县/市门户导航下挖 2026-10
gov:huaning.gov.cn,gov,华宁县,https://huaning.gov.cn/,huaning.gov.cn,unprobed,,,县,枚举:豫鄂湘粤桂琼川黔滇 区县/市门户导航下挖 2026-10
gov:huaping.gov.cn,gov,华坪县,https://huaping.gov.cn/,huaping.gov.cn,unprobed,,,县,枚举:豫鄂湘粤桂琼川黔滇 区县/市门户导航下挖 2026-10
gov:huarong.gov.cn,gov,华容县,https://huarong.gov.cn/,huarong.gov.cn,unprobed,,,县,枚举:豫鄂湘粤桂琼川黔滇 区县/市门户导航下挖 2026-10
gov:huaxi.gov.cn,gov,花溪区,https://huaxi.gov.cn/,huaxi.gov.cn,unprobed,,,市辖区,枚举:豫鄂湘粤桂琼川黔滇 区县/市门户导航下挖 2026-10
gov:huazhou.gov.cn,gov,化州市,https://huazhou.gov.cn/,huazhou.gov.cn,unprobed,,,县级市,枚举:豫鄂湘粤桂琼川黔滇 区县/市门户导航下挖 2026-10
gov:hubin.gov.cn,gov,湖滨区,https://hubin.gov.cn/,hubin.gov.cn,unprobed,,,市辖区,枚举:豫鄂湘粤桂琼川黔滇 区县/市门户导航下挖 2026-10
gov:huidong.gov.cn,gov,惠东县,https://huidong.gov.cn/,huidong.gov.cn,unprobed,,,县,枚举:豫鄂湘粤桂琼川黔滇 区县/市门户导航下挖 2026-10
gov:huiji.gov.cn,gov,惠济区,https://huiji.gov.cn/,huiji.gov.cn,unprobed,,,市辖区,枚举:豫鄂湘粤桂琼川黔滇 区县/市门户导航下挖 2026-10
gov:huili.gov.cn,gov,会理市,https://huili.gov.cn/,huili.gov.cn,unprobed,,,县级市,枚举:豫鄂湘粤桂琼川黔滇 区县/市门户导航下挖 2026-10
gov:huitong.gov.cn,gov,会同县,https://huitong.gov.cn/,huitong.gov.cn,unprobed,,,县,枚举:豫鄂湘粤桂琼川黔滇 区县/市门户导航下挖 2026-10
gov:huiyang.gov.cn,gov,惠阳区,https://huiyang.gov.cn/,huiyang.gov.cn,unprobed,,,市辖区,枚举:豫鄂湘粤桂琼川黔滇 区县/市门户导航下挖 2026-10
gov:huize.gov.cn,gov,会泽县,https://huize.gov.cn/,huize.gov.cn,unprobed,,,县,枚举:豫鄂湘粤桂琼川黔滇 区县/市门户导航下挖 2026-10
gov:hys.gov.cn,gov,华蓥市,https://hys.gov.cn/,hys.gov.cn,unprobed,,,县级市,枚举:豫鄂湘粤桂琼川黔滇 区县/市门户导航下挖 2026-10
gov:jcj.gov.cn,gov,金城江区,https://jcj.gov.cn/,jcj.gov.cn,unprobed,,,市辖区,枚举:豫鄂湘粤桂琼川黔滇 区县/市门户导航下挖 2026-10
gov:jcx.gov.cn,gov,江城哈尼族彝族自治县,https://jcx.gov.cn/,jcx.gov.cn,unprobed,,,自治县,枚举:豫鄂湘粤桂琼川黔滇 区县/市门户导航下挖 2026-10
gov:jfq.gov.cn,gov,解放区,https://jfq.gov.cn/,jfq.gov.cn,unprobed,,,市辖区,枚举:豫鄂湘粤桂琼川黔滇 区县/市门户导航下挖 2026-10
gov:jhs.gov.cn,gov,景洪市,https://jhs.gov.cn/,jhs.gov.cn,unprobed,,,县级市,枚举:豫鄂湘粤桂琼川黔滇 区县/市门户导航下挖 2026-10
gov:jhx.gov.cn,gov,剑河县,https://jhx.gov.cn/,jhx.gov.cn,unprobed,,,县,枚举:豫鄂湘粤桂琼川黔滇 区县/市门户导航下挖 2026-10
gov:jiajiang.gov.cn,gov,夹江县,https://jiajiang.gov.cn/,jiajiang.gov.cn,unprobed,,,县,枚举:豫鄂湘粤桂琼川黔滇 区县/市门户导航下挖 2026-10
gov:jialing.gov.cn,gov,嘉陵区,https://jialing.gov.cn/,jialing.gov.cn,unprobed,,,市辖区,枚举:豫鄂湘粤桂琼川黔滇 区县/市门户导航下挖 2026-10
gov:jianan.gov.cn,gov,建安区,https://jianan.gov.cn/,jianan.gov.cn,unprobed,,,市辖区,枚举:豫鄂湘粤桂琼川黔滇 区县/市门户导航下挖 2026-10
gov:jianchuan.gov.cn,gov,剑川县,https://jianchuan.gov.cn/,jianchuan.gov.cn,unprobed,,,县,枚举:豫鄂湘粤桂琼川黔滇 区县/市门户导航下挖 2026-10
gov:jiangan.gov.cn,gov,江岸区,https://jiangan.gov.cn/,jiangan.gov.cn,unprobed,,,市辖区,枚举:豫鄂湘粤桂琼川黔滇 区县/市门户导航下挖 2026-10
gov:jiangcheng.gov.cn,gov,江城区,https://jiangcheng.gov.cn/,jiangcheng.gov.cn,unprobed,,,市辖区,枚举:豫鄂湘粤桂琼川黔滇 区县/市门户导航下挖 2026-10
gov:jianghai.gov.cn,gov,江海区,https://jianghai.gov.cn/,jianghai.gov.cn,unprobed,,,市辖区,枚举:豫鄂湘粤桂琼川黔滇 区县/市门户导航下挖 2026-10
gov:jianghan.gov.cn,gov,江汉区,https://jianghan.gov.cn/,jianghan.gov.cn,unprobed,,,市辖区,枚举:豫鄂湘粤桂琼川黔滇 区县/市门户导航下挖 2026-10
gov:jiangkou.gov.cn,gov,江口县,https://jiangkou.gov.cn/,jiangkou.gov.cn,unprobed,,,县,枚举:豫鄂湘粤桂琼川黔滇 区县/市门户导航下挖 2026-10
gov:jiangling.gov.cn,gov,江陵县,https://jiangling.gov.cn/,jiangling.gov.cn,unprobed,,,县,枚举:豫鄂湘粤桂琼川黔滇 区县/市门户导航下挖 2026-10
gov:jiangxia.gov.cn,gov,江夏区,https://jiangxia.gov.cn/,jiangxia.gov.cn,unprobed,,,市辖区,枚举:豫鄂湘粤桂琼川黔滇 区县/市门户导航下挖 2026-10
gov:jiangyang.gov.cn,gov,江阳区,https://jiangyang.gov.cn/,jiangyang.gov.cn,unprobed,,,市辖区,枚举:豫鄂湘粤桂琼川黔滇 区县/市门户导航下挖 2026-10
gov:jiangyong.gov.cn,gov,江永县,https://jiangyong.gov.cn/,jiangyong.gov.cn,unprobed,,,县,枚举:豫鄂湘粤桂琼川黔滇 区县/市门户导航下挖 2026-10
gov:jiangyou.gov.cn,gov,江油市,https://jiangyou.gov.cn/,jiangyou.gov.cn,unprobed,,,县级市,枚举:豫鄂湘粤桂琼川黔滇 区县/市门户导航下挖 2026-10
gov:jianli.gov.cn,gov,监利市,https://jianli.gov.cn/,jianli.gov.cn,unprobed,,,县级市,枚举:豫鄂湘粤桂琼川黔滇 区县/市门户导航下挖 2026-10
gov:jiaoling.gov.cn,gov,蕉岭县,https://jiaoling.gov.cn/,jiaoling.gov.cn,unprobed,,,县,枚举:豫鄂湘粤桂琼川黔滇 区县/市门户导航下挖 2026-10
gov:jiaxian.gov.cn,gov,郏县,https://jiaxian.gov.cn/,jiaxian.gov.cn,unprobed,,,县,枚举:豫鄂湘粤桂琼川黔滇 区县/市门户导航下挖 2026-10
gov:jiayu.gov.cn,gov,嘉鱼县,https://jiayu.gov.cn/,jiayu.gov.cn,unprobed,,,县,枚举:豫鄂湘粤桂琼川黔滇 区县/市门户导航下挖 2026-10
gov:jiedong.gov.cn,gov,揭东区,https://jiedong.gov.cn/,jiedong.gov.cn,unprobed,,,市辖区,枚举:豫鄂湘粤桂琼川黔滇 区县/市门户导航下挖 2026-10
gov:jiexi.gov.cn,gov,揭西县,https://jiexi.gov.cn/,jiexi.gov.cn,unprobed,,,县,枚举:豫鄂湘粤桂琼川黔滇 区县/市门户导航下挖 2026-10
gov:jing-zhou.gov.cn,gov,荆州经济技术开发区,https://jing-zhou.gov.cn/,jing-zhou.gov.cn,unprobed,,,开发区/管理区,枚举:豫鄂湘粤桂琼川黔滇 区县/市门户导航下挖 2026-10
gov:jingdong.gov.cn,gov,景东彝族自治县,https://jingdong.gov.cn/,jingdong.gov.cn,unprobed,,,自治县,枚举:豫鄂湘粤桂琼川黔滇 区县/市门户导航下挖 2026-10
gov:jinggu.gov.cn,gov,景谷傣族彝族自治县,https://jinggu.gov.cn/,jinggu.gov.cn,unprobed,,,自治县,枚举:豫鄂湘粤桂琼川黔滇 区县/市门户导航下挖 2026-10
gov:jingshan.gov.cn,gov,京山市,https://jingshan.gov.cn/,jingshan.gov.cn,unprobed,,,县级市,枚举:豫鄂湘粤桂琼川黔滇 区县/市门户导航下挖 2026-10
gov:jingxi.gov.cn,gov,靖西市,https://jingxi.gov.cn/,jingxi.gov.cn,unprobed,,,县级市,枚举:豫鄂湘粤桂琼川黔滇 区县/市门户导航下挖 2026-10
gov:jingyan.gov.cn,gov,井研县,https://jingyan.gov.cn/,jingyan.gov.cn,unprobed,,,县,枚举:豫鄂湘粤桂琼川黔滇 区县/市门户导航下挖 2026-10
gov:jingzhou.gov.cn,gov,荆州区,https://jingzhou.gov.cn/,jingzhou.gov.cn,unprobed,,,市辖区,枚举:豫鄂湘粤桂琼川黔滇 区县/市门户导航下挖 2026-10
gov:jinping.gov.cn,gov,锦屏县,https://jinping.gov.cn/,jinping.gov.cn,unprobed,,,县,枚举:豫鄂湘粤桂琼川黔滇 区县/市门户导航下挖 2026-10
gov:jinshui.gov.cn,gov,金水区,https://jinshui.gov.cn/,jinshui.gov.cn,unprobed,,,市辖区,枚举:豫鄂湘粤桂琼川黔滇 区县/市门户导航下挖 2026-10
gov:jinwan.gov.cn,gov,金湾区,https://jinwan.gov.cn/,jinwan.gov.cn,unprobed,,,市辖区,枚举:豫鄂湘粤桂琼川黔滇 区县/市门户导航下挖 2026-10
gov:jinxiu.gov.cn,gov,金秀瑶族自治县,https://jinxiu.gov.cn/,jinxiu.gov.cn,unprobed,,,自治县,枚举:豫鄂湘粤桂琼川黔滇 区县/市门户导航下挖 2026-10
gov:jinyang.gov.cn,gov,金阳县,https://jinyang.gov.cn/,jinyang.gov.cn,unprobed,,,县,枚举:豫鄂湘粤桂琼川黔滇 区县/市门户导航下挖 2026-10
gov:jiyuan.gov.cn,gov,济源市,https://jiyuan.gov.cn/,jiyuan.gov.cn,unprobed,,,县级市,枚举:豫鄂湘粤桂琼川黔滇 区县/市门户导航下挖 2026-10
gov:jkh.gov.cn,gov,金口河区,https://jkh.gov.cn/,jkh.gov.cn,unprobed,,,市辖区,枚举:豫鄂湘粤桂琼川黔滇 区县/市门户导航下挖 2026-10
gov:jmdbq.gov.cn,gov,东宝区,https://jmdbq.gov.cn/,jmdbq.gov.cn,unprobed,,,市辖区,枚举:豫鄂湘粤桂琼川黔滇 区县/市门户导航下挖 2026-10
gov:junshan.gov.cn,gov,君山区,https://junshan.gov.cn/,junshan.gov.cn,unprobed,,,市辖区,枚举:豫鄂湘粤桂琼川黔滇 区县/市门户导航下挖 2026-10
gov:jxq.gov.cn,gov,涧西区,https://jxq.gov.cn/,jxq.gov.cn,unprobed,,,市辖区,枚举:豫鄂湘粤桂琼川黔滇 区县/市门户导航下挖 2026-10
gov:jy.sanya.gov.cn,gov,吉阳区,http://jy.sanya.gov.cn/,jy.sanya.gov.cn,unprobed,,,市辖区,枚举:豫鄂湘粤桂琼川黔滇 区县/市门户导航下挖 2026-10
gov:jyrongcheng.gov.cn,gov,榕城区,https://jyrongcheng.gov.cn/,jyrongcheng.gov.cn,unprobed,,,市辖区,枚举:豫鄂湘粤桂琼川黔滇 区县/市门户导航下挖 2026-10
gov:jzg.gov.cn,gov,九寨沟县,https://jzg.gov.cn/,jzg.gov.cn,unprobed,,,县,枚举:豫鄂湘粤桂琼川黔滇 区县/市门户导航下挖 2026-10
gov:jzmcqzf.gov.cn,gov,马村区,https://jzmcqzf.gov.cn/,jzmcqzf.gov.cn,unprobed,,,市辖区,枚举:豫鄂湘粤桂琼川黔滇 区县/市门户导航下挖 2026-10
gov:jzx.gov.cn,gov,靖州苗族侗族自治县,https://jzx.gov.cn/,jzx.gov.cn,unprobed,,,自治县,枚举:豫鄂湘粤桂琼川黔滇 区县/市门户导航下挖 2026-10
gov:jzzzq.gov.cn,gov,中站区,https://jzzzq.gov.cn/,jzzzq.gov.cn,unprobed,,,市辖区,枚举:豫鄂湘粤桂琼川黔滇 区县/市门户导航下挖 2026-10
gov:kaifu.gov.cn,gov,开福区,https://kaifu.gov.cn/,kaifu.gov.cn,unprobed,,,市辖区,枚举:豫鄂湘粤桂琼川黔滇 区县/市门户导航下挖 2026-10
gov:kaijiang.gov.cn,gov,开江县,https://kaijiang.gov.cn/,kaijiang.gov.cn,unprobed,,,县,枚举:豫鄂湘粤桂琼川黔滇 区县/市门户导航下挖 2026-10
gov:kaili.gov.cn,gov,凯里市,https://kaili.gov.cn/,kaili.gov.cn,unprobed,,,县级市,枚举:豫鄂湘粤桂琼川黔滇 区县/市门户导航下挖 2026-10
gov:kaiping.gov.cn,gov,开平市,https://kaiping.gov.cn/,kaiping.gov.cn,unprobed,,,县级市,枚举:豫鄂湘粤桂琼川黔滇 区县/市门户导航下挖 2026-10
gov:kaiyang.gov.cn,gov,开阳县,https://kaiyang.gov.cn/,kaiyang.gov.cn,unprobed,,,县,枚举:豫鄂湘粤桂琼川黔滇 区县/市门户导航下挖 2026-10
gov:kangding.gov.cn,gov,康定市,https://kangding.gov.cn/,kangding.gov.cn,unprobed,,,县级市,枚举:豫鄂湘粤桂琼川黔滇 区县/市门户导航下挖 2026-10
gov:kman.gov.cn,gov,安宁市,https://kman.gov.cn/,kman.gov.cn,unprobed,,,县级市,枚举:豫鄂湘粤桂琼川黔滇 区县/市门户导航下挖 2026-10
gov:kmcg.gov.cn,gov,呈贡区,https://kmcg.gov.cn/,kmcg.gov.cn,unprobed,,,市辖区,枚举:豫鄂湘粤桂琼川黔滇 区县/市门户导航下挖 2026-10
gov:kmdc.gov.cn,gov,东川区,https://kmdc.gov.cn/,kmdc.gov.cn,unprobed,,,市辖区,枚举:豫鄂湘粤桂琼川黔滇 区县/市门户导航下挖 2026-10
gov:kmfm.gov.cn,gov,富民县,https://kmfm.gov.cn/,kmfm.gov.cn,unprobed,,,县,枚举:豫鄂湘粤桂琼川黔滇 区县/市门户导航下挖 2026-10
gov:kmgd.gov.cn,gov,官渡区,https://kmgd.gov.cn/,kmgd.gov.cn,unprobed,,,市辖区,枚举:豫鄂湘粤桂琼川黔滇 区县/市门户导航下挖 2026-10
gov:kmjn.gov.cn,gov,晋宁区,https://kmjn.gov.cn/,kmjn.gov.cn,unprobed,,,市辖区,枚举:豫鄂湘粤桂琼川黔滇 区县/市门户导航下挖 2026-10
gov:kmlq.gov.cn,gov,禄劝彝族苗族自治县,https://kmlq.gov.cn/,kmlq.gov.cn,unprobed,,,自治县,枚举:豫鄂湘粤桂琼川黔滇 区县/市门户导航下挖 2026-10
gov:kmpl.gov.cn,gov,盘龙区,https://kmpl.gov.cn/,kmpl.gov.cn,unprobed,,,市辖区,枚举:豫鄂湘粤桂琼川黔滇 区县/市门户导航下挖 2026-10
gov:kmsl.gov.cn,gov,石林彝族自治县,https://kmsl.gov.cn/,kmsl.gov.cn,unprobed,,,自治县,枚举:豫鄂湘粤桂琼川黔滇 区县/市门户导航下挖 2026-10
gov:kmsm.gov.cn,gov,嵩明县,https://kmsm.gov.cn/,kmsm.gov.cn,unprobed,,,县,枚举:豫鄂湘粤桂琼川黔滇 区县/市门户导航下挖 2026-10
gov:kmwh.gov.cn,gov,五华区,https://kmwh.gov.cn/,kmwh.gov.cn,unprobed,,,市辖区,枚举:豫鄂湘粤桂琼川黔滇 区县/市门户导航下挖 2026-10
gov:kmxd.gov.cn,gov,寻甸回族彝族自治县,https://kmxd.gov.cn/,kmxd.gov.cn,unprobed,,,自治县,枚举:豫鄂湘粤桂琼川黔滇 区县/市门户导航下挖 2026-10
gov:kmxs.gov.cn,gov,西山区,https://kmxs.gov.cn/,kmxs.gov.cn,unprobed,,,市辖区,枚举:豫鄂湘粤桂琼川黔滇 区县/市门户导航下挖 2026-10
gov:kmyl.gov.cn,gov,宜良县,https://kmyl.gov.cn/,kmyl.gov.cn,unprobed,,,县,枚举:豫鄂湘粤桂琼川黔滇 区县/市门户导航下挖 2026-10
gov:laifeng.gov.cn,gov,来凤县,https://laifeng.gov.cn/,laifeng.gov.cn,unprobed,,,县,枚举:豫鄂湘粤桂琼川黔滇 区县/市门户导航下挖 2026-10
gov:lancang.gov.cn,gov,澜沧拉祜族自治县,https://lancang.gov.cn/,lancang.gov.cn,unprobed,,,自治县,枚举:豫鄂湘粤桂琼川黔滇 区县/市门户导航下挖 2026-10
gov:langzhong.gov.cn,gov,阆中市,https://langzhong.gov.cn/,langzhong.gov.cn,unprobed,,,县级市,枚举:豫鄂湘粤桂琼川黔滇 区县/市门户导航下挖 2026-10
gov:lankao.gov.cn,gov,兰考县,https://lankao.gov.cn/,lankao.gov.cn,unprobed,,,县,枚举:豫鄂湘粤桂琼川黔滇 区县/市门户导航下挖 2026-10
gov:lanping.gov.cn,gov,兰坪白族普米族自治县,https://lanping.gov.cn/,lanping.gov.cn,unprobed,,,自治县,枚举:豫鄂湘粤桂琼川黔滇 区县/市门户导航下挖 2026-10
gov:lanshan.gov.cn,gov,蓝山县,https://lanshan.gov.cn/,lanshan.gov.cn,unprobed,,,县,枚举:豫鄂湘粤桂琼川黔滇 区县/市门户导航下挖 2026-10
gov:lax.gov.cn,gov,隆安县,https://lax.gov.cn/,lax.gov.cn,unprobed,,,县,枚举:豫鄂湘粤桂琼川黔滇 区县/市门户导航下挖 2026-10
gov:lbq.gov.cn,gov,柳北区,https://lbq.gov.cn/,lbq.gov.cn,unprobed,,,市辖区,枚举:豫鄂湘粤桂琼川黔滇 区县/市门户导航下挖 2026-10
gov:lbx.gov.cn,gov,雷波县,https://lbx.gov.cn/,lbx.gov.cn,unprobed,,,县,枚举:豫鄂湘粤桂琼川黔滇 区县/市门户导航下挖 2026-10
gov:lechang.gov.cn,gov,乐昌市,https://lechang.gov.cn/,lechang.gov.cn,unprobed,,,县级市,枚举:豫鄂湘粤桂琼川黔滇 区县/市门户导航下挖 2026-10
gov:ledong.hainan.gov.cn,gov,乐东黎族自治县,https://ledong.hainan.gov.cn/,ledong.hainan.gov.cn,unprobed,,,自治县,枚举:豫鄂湘粤桂琼川黔滇 区县/市门户导航下挖 2026-10
gov:leishan.gov.cn,gov,雷山县,https://leishan.gov.cn/,leishan.gov.cn,unprobed,,,县,枚举:豫鄂湘粤桂琼川黔滇 区县/市门户导航下挖 2026-10
gov:leizhou.gov.cn,gov,雷州市,https://leizhou.gov.cn/,leizhou.gov.cn,unprobed,,,县级市,枚举:豫鄂湘粤桂琼川黔滇 区县/市门户导航下挖 2026-10
gov:leye.gov.cn,gov,乐业县,https://leye.gov.cn/,leye.gov.cn,unprobed,,,县,枚举:豫鄂湘粤桂琼川黔滇 区县/市门户导航下挖 2026-10
gov:lezhi.gov.cn,gov,乐至县,https://lezhi.gov.cn/,lezhi.gov.cn,unprobed,,,县,枚举:豫鄂湘粤桂琼川黔滇 区县/市门户导航下挖 2026-10
gov:lg.gov.cn,gov,龙岗区,https://lg.gov.cn/,lg.gov.cn,unprobed,,,市辖区,枚举:豫鄂湘粤桂琼川黔滇 区县/市门户导航下挖 2026-10
gov:lhjk.gov.cn,gov,漯河经济技术开发区,https://lhjk.gov.cn/,lhjk.gov.cn,unprobed,,,开发区/管理区,枚举:豫鄂湘粤桂琼川黔滇 区县/市门户导航下挖 2026-10
gov:lhqzf.haikou.gov.cn,gov,龙华区,https://lhqzf.haikou.gov.cn/,lhqzf.haikou.gov.cn,unprobed,,,市辖区,枚举:豫鄂湘粤桂琼川黔滇 区县/市门户导航下挖 2026-10
gov:lhsl.gov.cn,gov,召陵区,https://lhsl.gov.cn/,lhsl.gov.cn,unprobed,,,市辖区,枚举:豫鄂湘粤桂琼川黔滇 区县/市门户导航下挖 2026-10
gov:lhyc.gov.cn,gov,郾城区,https://lhyc.gov.cn/,lhyc.gov.cn,unprobed,,,市辖区,枚举:豫鄂湘粤桂琼川黔滇 区县/市门户导航下挖 2026-10
gov:li-xian.gov.cn,gov,澧县,https://li-xian.gov.cn/,li-xian.gov.cn,unprobed,,,县,枚举:豫鄂湘粤桂琼川黔滇 区县/市门户导航下挖 2026-10
gov:liangqing.gov.cn,gov,良庆区,https://liangqing.gov.cn/,liangqing.gov.cn,unprobed,,,市辖区,枚举:豫鄂湘粤桂琼川黔滇 区县/市门户导航下挖 2026-10
gov:liangyuan.gov.cn,gov,梁园区,https://liangyuan.gov.cn/,liangyuan.gov.cn,unprobed,,,开发区/管理区,枚举:豫鄂湘粤桂琼川黔滇 区县/市门户导航下挖 2026-10
gov:lianjiang.gov.cn,gov,廉江市,https://lianjiang.gov.cn/,lianjiang.gov.cn,unprobed,,,县级市,枚举:豫鄂湘粤桂琼川黔滇 区县/市门户导航下挖 2026-10
gov:liannan.gov.cn,gov,连南瑶族自治县,https://liannan.gov.cn/,liannan.gov.cn,unprobed,,,自治县,枚举:豫鄂湘粤桂琼川黔滇 区县/市门户导航下挖 2026-10
gov:lianping.gov.cn,gov,连平县,https://lianping.gov.cn/,lianping.gov.cn,unprobed,,,县,枚举:豫鄂湘粤桂琼川黔滇 区县/市门户导航下挖 2026-10
gov:lianyuan.gov.cn,gov,涟源市,https://lianyuan.gov.cn/,lianyuan.gov.cn,unprobed,,,县级市,枚举:豫鄂湘粤桂琼川黔滇 区县/市门户导航下挖 2026-10
gov:lianzhou.gov.cn,gov,连州市,https://lianzhou.gov.cn/,lianzhou.gov.cn,unprobed,,,县级市,枚举:豫鄂湘粤桂琼川黔滇 区县/市门户导航下挖 2026-10
gov:libo.gov.cn,gov,荔波县,https://libo.gov.cn/,libo.gov.cn,unprobed,,,县,枚举:豫鄂湘粤桂琼川黔滇 区县/市门户导航下挖 2026-10
gov:lichuan.gov.cn,gov,利川市,https://lichuan.gov.cn/,lichuan.gov.cn,unprobed,,,县级市,枚举:豫鄂湘粤桂琼川黔滇 区县/市门户导航下挖 2026-10
gov:liling.gov.cn,gov,醴陵市,https://liling.gov.cn/,liling.gov.cn,unprobed,,,县级市,枚举:豫鄂湘粤桂琼川黔滇 区县/市门户导航下挖 2026-10
gov:lingao.hainan.gov.cn,gov,临高县,http://lingao.hainan.gov.cn/lyz/lvzx/,lingao.hainan.gov.cn,unprobed,,,县,枚举:豫鄂湘粤桂琼川黔滇 区县/市门户导航下挖 2026-10
gov:lingbao.gov.cn,gov,灵宝市,https://lingbao.gov.cn/,lingbao.gov.cn,unprobed,,,县级市,枚举:豫鄂湘粤桂琼川黔滇 区县/市门户导航下挖 2026-10
gov:lingshui.hainan.gov.cn,gov,陵水黎族自治县,https://lingshui.hainan.gov.cn/,lingshui.hainan.gov.cn,unprobed,,,自治县,枚举:豫鄂湘粤桂琼川黔滇 区县/市门户导航下挖 2026-10
gov:lingui.gov.cn,gov,临桂区,https://lingui.gov.cn/,lingui.gov.cn,unprobed,,,市辖区,枚举:豫鄂湘粤桂琼川黔滇 区县/市门户导航下挖 2026-10
gov:lingyun.gov.cn,gov,凌云县,https://lingyun.gov.cn/,lingyun.gov.cn,unprobed,,,县,枚举:豫鄂湘粤桂琼川黔滇 区县/市门户导航下挖 2026-10
gov:linli.gov.cn,gov,临澧县,https://linli.gov.cn/,linli.gov.cn,unprobed,,,县,枚举:豫鄂湘粤桂琼川黔滇 区县/市门户导航下挖 2026-10
gov:linxiang.gov.cn,gov,临湘市,https://linxiang.gov.cn/,linxiang.gov.cn,unprobed,,,县级市,枚举:豫鄂湘粤桂琼川黔滇 区县/市门户导航下挖 2026-10
gov:linying.gov.cn,gov,临颍县,https://linying.gov.cn/,linying.gov.cn,unprobed,,,县,枚举:豫鄂湘粤桂琼川黔滇 区县/市门户导航下挖 2026-10
gov:linzhou.gov.cn,gov,林州市,https://linzhou.gov.cn/,linzhou.gov.cn,unprobed,,,县级市,枚举:豫鄂湘粤桂琼川黔滇 区县/市门户导航下挖 2026-10
gov:lipu.gov.cn,gov,荔浦市,https://lipu.gov.cn/,lipu.gov.cn,unprobed,,,县级市,枚举:豫鄂湘粤桂琼川黔滇 区县/市门户导航下挖 2026-10
gov:liucheng.gov.cn,gov,柳城县,https://liucheng.gov.cn/,liucheng.gov.cn,unprobed,,,县,枚举:豫鄂湘粤桂琼川黔滇 区县/市门户导航下挖 2026-10
gov:liujiang.gov.cn,gov,柳江区,https://liujiang.gov.cn/,liujiang.gov.cn,unprobed,,,市辖区,枚举:豫鄂湘粤桂琼川黔滇 区县/市门户导航下挖 2026-10
gov:liunan.gov.cn,gov,柳南区,https://liunan.gov.cn/,liunan.gov.cn,unprobed,,,市辖区,枚举:豫鄂湘粤桂琼川黔滇 区县/市门户导航下挖 2026-10
gov:liuyang.gov.cn,gov,浏阳市,https://liuyang.gov.cn/,liuyang.gov.cn,unprobed,,,县级市,枚举:豫鄂湘粤桂琼川黔滇 区县/市门户导航下挖 2026-10
gov:liuzhi.gov.cn,gov,六枝特区,https://liuzhi.gov.cn/,liuzhi.gov.cn,unprobed,,,市辖区,枚举:豫鄂湘粤桂琼川黔滇 区县/市门户导航下挖 2026-10
gov:ljgucheng.gov.cn,gov,古城区,https://ljgucheng.gov.cn/,ljgucheng.gov.cn,unprobed,,,市辖区,枚举:豫鄂湘粤桂琼川黔滇 区县/市门户导航下挖 2026-10
gov:longan.gov.cn,gov,龙安区,https://longan.gov.cn/,longan.gov.cn,unprobed,,,市辖区,枚举:豫鄂湘粤桂琼川黔滇 区县/市门户导航下挖 2026-10
gov:longchang.gov.cn,gov,隆昌市,https://longchang.gov.cn/,longchang.gov.cn,unprobed,,,县级市,枚举:豫鄂湘粤桂琼川黔滇 区县/市门户导航下挖 2026-10
gov:longchuan.gov.cn,gov,龙川县,https://longchuan.gov.cn/,longchuan.gov.cn,unprobed,,,县,枚举:豫鄂湘粤桂琼川黔滇 区县/市门户导航下挖 2026-10
gov:longhui.gov.cn,gov,隆回县,https://longhui.gov.cn/,longhui.gov.cn,unprobed,,,县,枚举:豫鄂湘粤桂琼川黔滇 区县/市门户导航下挖 2026-10
gov:longli.gov.cn,gov,龙里县,https://longli.gov.cn/,longli.gov.cn,unprobed,,,县,枚举:豫鄂湘粤桂琼川黔滇 区县/市门户导航下挖 2026-10
gov:longling.gov.cn,gov,龙陵县,https://longling.gov.cn/,longling.gov.cn,unprobed,,,县,枚举:豫鄂湘粤桂琼川黔滇 区县/市门户导航下挖 2026-10
gov:longmatan.gov.cn,gov,龙马潭区,https://longmatan.gov.cn/,longmatan.gov.cn,unprobed,,,市辖区,枚举:豫鄂湘粤桂琼川黔滇 区县/市门户导航下挖 2026-10
gov:longmen.gov.cn,gov,龙门县,https://longmen.gov.cn/,longmen.gov.cn,unprobed,,,县,枚举:豫鄂湘粤桂琼川黔滇 区县/市门户导航下挖 2026-10
gov:longting.gov.cn,gov,龙亭区,https://longting.gov.cn/,longting.gov.cn,unprobed,,,市辖区,枚举:豫鄂湘粤桂琼川黔滇 区县/市门户导航下挖 2026-10
gov:longyang.gov.cn,gov,隆阳区,https://longyang.gov.cn/,longyang.gov.cn,unprobed,,,市辖区,枚举:豫鄂湘粤桂琼川黔滇 区县/市门户导航下挖 2026-10
gov:longzhou.gov.cn,gov,龙州县,https://longzhou.gov.cn/,longzhou.gov.cn,unprobed,,,县,枚举:豫鄂湘粤桂琼川黔滇 区县/市门户导航下挖 2026-10
gov:louxing.gov.cn,gov,娄星区,https://louxing.gov.cn/,louxing.gov.cn,unprobed,,,市辖区,枚举:豫鄂湘粤桂琼川黔滇 区县/市门户导航下挖 2026-10
gov:lp.gov.cn,gov,黎平县,https://lp.gov.cn/,lp.gov.cn,unprobed,,,县,枚举:豫鄂湘粤桂琼川黔滇 区县/市门户导航下挖 2026-10
gov:lsdc.gov.cn,gov,德昌县,https://lsdc.gov.cn/,lsdc.gov.cn,unprobed,,,县,枚举:豫鄂湘粤桂琼川黔滇 区县/市门户导航下挖 2026-10
gov:lsj.gov.cn,gov,冷水江市,https://lsj.gov.cn/,lsj.gov.cn,unprobed,,,县级市,枚举:豫鄂湘粤桂琼川黔滇 区县/市门户导航下挖 2026-10
gov:lst.gov.cn,gov,冷水滩区,https://lst.gov.cn/,lst.gov.cn,unprobed,,,市辖区,枚举:豫鄂湘粤桂琼川黔滇 区县/市门户导航下挖 2026-10
gov:luanchuan.gov.cn,gov,栾川县,https://luanchuan.gov.cn/,luanchuan.gov.cn,unprobed,,,县,枚举:豫鄂湘粤桂琼川黔滇 区县/市门户导航下挖 2026-10
gov:luchuan.gov.cn,gov,陆川县,https://luchuan.gov.cn/,luchuan.gov.cn,unprobed,,,县,枚举:豫鄂湘粤桂琼川黔滇 区县/市门户导航下挖 2026-10
gov:ludian.gov.cn,gov,鲁甸县,https://ludian.gov.cn/,ludian.gov.cn,unprobed,,,县,枚举:豫鄂湘粤桂琼川黔滇 区县/市门户导航下挖 2026-10
gov:luding.gov.cn,gov,泸定县,https://luding.gov.cn/,luding.gov.cn,unprobed,,,县,枚举:豫鄂湘粤桂琼川黔滇 区县/市门户导航下挖 2026-10
gov:lufengshi.gov.cn,gov,陆丰市,https://lufengshi.gov.cn/,lufengshi.gov.cn,unprobed,,,县级市,枚举:豫鄂湘粤桂琼川黔滇 区县/市门户导航下挖 2026-10
gov:luhe.gov.cn,gov,陆河县,https://luhe.gov.cn/,luhe.gov.cn,unprobed,,,县,枚举:豫鄂湘粤桂琼川黔滇 区县/市门户导航下挖 2026-10
gov:luhuo.gov.cn,gov,炉霍县,https://luhuo.gov.cn/,luhuo.gov.cn,unprobed,,,县,枚举:豫鄂湘粤桂琼川黔滇 区县/市门户导航下挖 2026-10
gov:lukou.gov.cn,gov,渌口区,https://lukou.gov.cn/,lukou.gov.cn,unprobed,,,市辖区,枚举:豫鄂湘粤桂琼川黔滇 区县/市门户导航下挖 2026-10
gov:luliang.gov.cn,gov,陆良县,https://luliang.gov.cn/,luliang.gov.cn,unprobed,,,县,枚举:豫鄂湘粤桂琼川黔滇 区县/市门户导航下挖 2026-10
gov:luocheng.gov.cn,gov,罗城仫佬族自治县,https://luocheng.gov.cn/,luocheng.gov.cn,unprobed,,,自治县,枚举:豫鄂湘粤桂琼川黔滇 区县/市门户导航下挖 2026-10
gov:luoding.gov.cn,gov,罗定市,https://luoding.gov.cn/,luoding.gov.cn,unprobed,,,县级市,枚举:豫鄂湘粤桂琼川黔滇 区县/市门户导航下挖 2026-10
gov:luojiang.gov.cn,gov,罗江区,https://luojiang.gov.cn/,luojiang.gov.cn,unprobed,,,市辖区,枚举:豫鄂湘粤桂琼川黔滇 区县/市门户导航下挖 2026-10
gov:luolong.gov.cn,gov,洛龙区,https://luolong.gov.cn/,luolong.gov.cn,unprobed,,,市辖区,枚举:豫鄂湘粤桂琼川黔滇 区县/市门户导航下挖 2026-10
gov:luoning.gov.cn,gov,洛宁县,https://luoning.gov.cn/,luoning.gov.cn,unprobed,,,县,枚举:豫鄂湘粤桂琼川黔滇 区县/市门户导航下挖 2026-10
gov:luoping.gov.cn,gov,罗平县,https://luoping.gov.cn/,luoping.gov.cn,unprobed,,,县,枚举:豫鄂湘粤桂琼川黔滇 区县/市门户导航下挖 2026-10
gov:luoshan.gov.cn,gov,罗山县,https://luoshan.gov.cn/,luoshan.gov.cn,unprobed,,,县,枚举:豫鄂湘粤桂琼川黔滇 区县/市门户导航下挖 2026-10
gov:luotian.gov.cn,gov,罗田县,https://luotian.gov.cn/,luotian.gov.cn,unprobed,,,县,枚举:豫鄂湘粤桂琼川黔滇 区县/市门户导航下挖 2026-10
gov:lushixian.gov.cn,gov,卢氏县,https://lushixian.gov.cn/,lushixian.gov.cn,unprobed,,,县,枚举:豫鄂湘粤桂琼川黔滇 区县/市门户导航下挖 2026-10
gov:lusong.gov.cn,gov,芦淞区,https://lusong.gov.cn/,lusong.gov.cn,unprobed,,,市辖区,枚举:豫鄂湘粤桂琼川黔滇 区县/市门户导航下挖 2026-10
gov:luxian.gov.cn,gov,泸县,https://luxian.gov.cn/,luxian.gov.cn,unprobed,,,县,枚举:豫鄂湘粤桂琼川黔滇 区县/市门户导航下挖 2026-10
gov:luzhai.gov.cn,gov,鹿寨县,https://luzhai.gov.cn/,luzhai.gov.cn,unprobed,,,县,枚举:豫鄂湘粤桂琼川黔滇 区县/市门户导航下挖 2026-10
gov:lw.gov.cn,gov,荔湾区,https://lw.gov.cn/,lw.gov.cn,unprobed,,,市辖区,枚举:豫鄂湘粤桂琼川黔滇 区县/市门户导航下挖 2026-10
gov:lylc.gov.cn,gov,老城区,https://lylc.gov.cn/,lylc.gov.cn,unprobed,,,市辖区,枚举:豫鄂湘粤桂琼川黔滇 区县/市门户导航下挖 2026-10
gov:mabian.gov.cn,gov,马边彝族自治县,https://mabian.gov.cn/,mabian.gov.cn,unprobed,,,自治县,枚举:豫鄂湘粤桂琼川黔滇 区县/市门户导航下挖 2026-10
gov:macheng.gov.cn,gov,麻城市,https://macheng.gov.cn/,macheng.gov.cn,unprobed,,,县级市,枚举:豫鄂湘粤桂琼川黔滇 区县/市门户导航下挖 2026-10
gov:maerkang.gov.cn,gov,马尔康市,https://maerkang.gov.cn/,maerkang.gov.cn,unprobed,,,县级市,枚举:豫鄂湘粤桂琼川黔滇 区县/市门户导航下挖 2026-10
gov:majiang.gov.cn,gov,麻江县,https://majiang.gov.cn/,majiang.gov.cn,unprobed,,,县,枚举:豫鄂湘粤桂琼川黔滇 区县/市门户导航下挖 2026-10
gov:malong.gov.cn,gov,马龙区,https://malong.gov.cn/,malong.gov.cn,unprobed,,,市辖区,枚举:豫鄂湘粤桂琼川黔滇 区县/市门户导航下挖 2026-10
gov:maojian.shiyan.gov.cn,gov,茅箭区,http://maojian.shiyan.gov.cn/,maojian.shiyan.gov.cn,unprobed,,,市辖区,枚举:豫鄂湘粤桂琼川黔滇 区县/市门户导航下挖 2026-10
gov:maonan.gov.cn,gov,茂南区,https://maonan.gov.cn/,maonan.gov.cn,unprobed,,,市辖区,枚举:豫鄂湘粤桂琼川黔滇 区县/市门户导航下挖 2026-10
gov:maoxian.gov.cn,gov,茂县,https://maoxian.gov.cn/,maoxian.gov.cn,unprobed,,,县,枚举:豫鄂湘粤桂琼川黔滇 区县/市门户导航下挖 2026-10
gov:mayang.gov.cn,gov,麻阳苗族自治县,https://mayang.gov.cn/,mayang.gov.cn,unprobed,,,自治县,枚举:豫鄂湘粤桂琼川黔滇 区县/市门户导航下挖 2026-10
gov:mdx.gov.cn,gov,牟定县,https://mdx.gov.cn/,mdx.gov.cn,unprobed,,,县,枚举:豫鄂湘粤桂琼川黔滇 区县/市门户导航下挖 2026-10
gov:meigu.gov.cn,gov,美姑县,https://meigu.gov.cn/,meigu.gov.cn,unprobed,,,县,枚举:豫鄂湘粤桂琼川黔滇 区县/市门户导航下挖 2026-10
gov:meijiang.gov.cn,gov,梅江区,https://meijiang.gov.cn/,meijiang.gov.cn,unprobed,,,市辖区,枚举:豫鄂湘粤桂琼川黔滇 区县/市门户导航下挖 2026-10
gov:meitan.gov.cn,gov,湄潭县,https://meitan.gov.cn/,meitan.gov.cn,unprobed,,,县,枚举:豫鄂湘粤桂琼川黔滇 区县/市门户导航下挖 2026-10
gov:mengjin.gov.cn,gov,孟津区,https://mengjin.gov.cn/,mengjin.gov.cn,unprobed,,,市辖区,枚举:豫鄂湘粤桂琼川黔滇 区县/市门户导航下挖 2026-10
gov:menglian.gov.cn,gov,孟连傣族拉祜族佤族自治县,https://menglian.gov.cn/,menglian.gov.cn,unprobed,,,自治县,枚举:豫鄂湘粤桂琼川黔滇 区县/市门户导航下挖 2026-10
gov:mengzhou.gov.cn,gov,孟州市,https://mengzhou.gov.cn/,mengzhou.gov.cn,unprobed,,,县级市,枚举:豫鄂湘粤桂琼川黔滇 区县/市门户导航下挖 2026-10
gov:mianchi.gov.cn,gov,渑池县,https://mianchi.gov.cn/,mianchi.gov.cn,unprobed,,,县,枚举:豫鄂湘粤桂琼川黔滇 区县/市门户导航下挖 2026-10
gov:midu.gov.cn,gov,弥渡县,https://midu.gov.cn/,midu.gov.cn,unprobed,,,县,枚举:豫鄂湘粤桂琼川黔滇 区县/市门户导航下挖 2026-10
gov:miluo.gov.cn,gov,汨罗市,https://miluo.gov.cn/,miluo.gov.cn,unprobed,,,县级市,枚举:豫鄂湘粤桂琼川黔滇 区县/市门户导航下挖 2026-10
gov:minquan.gov.cn,gov,民权县,https://minquan.gov.cn/,minquan.gov.cn,unprobed,,,县,枚举:豫鄂湘粤桂琼川黔滇 区县/市门户导航下挖 2026-10
gov:mlqzf.haikou.gov.cn,gov,美兰区,https://mlqzf.haikou.gov.cn/,mlqzf.haikou.gov.cn,unprobed,,,市辖区,枚举:豫鄂湘粤桂琼川黔滇 区县/市门户导航下挖 2026-10
gov:mn.gov.cn,gov,冕宁县,https://mn.gov.cn/,mn.gov.cn,unprobed,,,县,枚举:豫鄂湘粤桂琼川黔滇 区县/市门户导航下挖 2026-10
gov:mojiang.gov.cn,gov,墨江哈尼族自治县,https://mojiang.gov.cn/,mojiang.gov.cn,unprobed,,,自治县,枚举:豫鄂湘粤桂琼川黔滇 区县/市门户导航下挖 2026-10
gov:muchuan.gov.cn,gov,沐川县,https://muchuan.gov.cn/,muchuan.gov.cn,unprobed,,,县,枚举:豫鄂湘粤桂琼川黔滇 区县/市门户导航下挖 2026-10
gov:muli.gov.cn,gov,木里藏族自治县,https://muli.gov.cn/,muli.gov.cn,unprobed,,,自治县,枚举:豫鄂湘粤桂琼川黔滇 区县/市门户导航下挖 2026-10
gov:myfc.gov.cn,gov,涪城区,https://myfc.gov.cn/,myfc.gov.cn,unprobed,,,市辖区,枚举:豫鄂湘粤桂琼川黔滇 区县/市门户导航下挖 2026-10
gov:mz.gov.cn,gov,绵竹市,https://mz.gov.cn/,mz.gov.cn,unprobed,,,县级市,枚举:豫鄂湘粤桂琼川黔滇 区县/市门户导航下挖 2026-10
gov:nanao.gov.cn,gov,南澳县,https://nanao.gov.cn/,nanao.gov.cn,unprobed,,,县,枚举:豫鄂湘粤桂琼川黔滇 区县/市门户导航下挖 2026-10
gov:nanhai.gov.cn,gov,南海区,https://nanhai.gov.cn/,nanhai.gov.cn,unprobed,,,市辖区,枚举:豫鄂湘粤桂琼川黔滇 区县/市门户导航下挖 2026-10
gov:nanle.gov.cn,gov,南乐县,https://nanle.gov.cn/,nanle.gov.cn,unprobed,,,县,枚举:豫鄂湘粤桂琼川黔滇 区县/市门户导航下挖 2026-10
gov:nanming.gov.cn,gov,南明区,https://nanming.gov.cn/,nanming.gov.cn,unprobed,,,市辖区,枚举:豫鄂湘粤桂琼川黔滇 区县/市门户导航下挖 2026-10
gov:nanxian.gov.cn,gov,南县,https://nanxian.gov.cn/,nanxian.gov.cn,unprobed,,,县,枚举:豫鄂湘粤桂琼川黔滇 区县/市门户导航下挖 2026-10
gov:nanzhao.gov.cn,gov,南召县,https://nanzhao.gov.cn/,nanzhao.gov.cn,unprobed,,,县,枚举:豫鄂湘粤桂琼川黔滇 区县/市门户导航下挖 2026-10
gov:napo.gov.cn,gov,那坡县,https://napo.gov.cn/,napo.gov.cn,unprobed,,,县,枚举:豫鄂湘粤桂琼川黔滇 区县/市门户导航下挖 2026-10
gov:naxi.gov.cn,gov,纳溪区,https://naxi.gov.cn/,naxi.gov.cn,unprobed,,,市辖区,枚举:豫鄂湘粤桂琼川黔滇 区县/市门户导航下挖 2026-10
gov:ne.gov.cn,gov,宁洱哈尼族彝族自治县,https://ne.gov.cn/,ne.gov.cn,unprobed,,,自治县,枚举:豫鄂湘粤桂琼川黔滇 区县/市门户导航下挖 2026-10
gov:neihuang.gov.cn,gov,内黄县,https://neihuang.gov.cn/,neihuang.gov.cn,unprobed,,,县,枚举:豫鄂湘粤桂琼川黔滇 区县/市门户导航下挖 2026-10
gov:neijiangshizhongqu.gov.cn,gov,市中区,https://neijiangshizhongqu.gov.cn/,neijiangshizhongqu.gov.cn,unprobed,,,市辖区,枚举:豫鄂湘粤桂琼川黔滇 区县/市门户导航下挖 2026-10
gov:ningling.gov.cn,gov,宁陵县,https://ningling.gov.cn/,ningling.gov.cn,unprobed,,,县,枚举:豫鄂湘粤桂琼川黔滇 区县/市门户导航下挖 2026-10
gov:ningming.gov.cn,gov,宁明县,https://ningming.gov.cn/,ningming.gov.cn,unprobed,,,县,枚举:豫鄂湘粤桂琼川黔滇 区县/市门户导航下挖 2026-10
gov:ningnan.gov.cn,gov,宁南县,https://ningnan.gov.cn/,ningnan.gov.cn,unprobed,,,县,枚举:豫鄂湘粤桂琼川黔滇 区县/市门户导航下挖 2026-10
gov:nnjn.gov.cn,gov,江南区,https://nnjn.gov.cn/,nnjn.gov.cn,unprobed,,,市辖区,枚举:豫鄂湘粤桂琼川黔滇 区县/市门户导航下挖 2026-10
gov:nnms.gov.cn,gov,武鸣区,https://nnms.gov.cn/,nnms.gov.cn,unprobed,,,市辖区,枚举:豫鄂湘粤桂琼川黔滇 区县/市门户导航下挖 2026-10
gov:nnxn.gov.cn,gov,兴宁区,https://nnxn.gov.cn/,nnxn.gov.cn,unprobed,,,市辖区,枚举:豫鄂湘粤桂琼川黔滇 区县/市门户导航下挖 2026-10
gov:nxcity.gov.cn,gov,宁乡市,https://nxcity.gov.cn/,nxcity.gov.cn,unprobed,,,县级市,枚举:豫鄂湘粤桂琼川黔滇 区县/市门户导航下挖 2026-10
gov:panyu.gov.cn,gov,番禺区,https://panyu.gov.cn/,panyu.gov.cn,unprobed,,,市辖区,枚举:豫鄂湘粤桂琼川黔滇 区县/市门户导航下挖 2026-10
gov:panzhou.gov.cn,gov,盘州市,https://panzhou.gov.cn/,panzhou.gov.cn,unprobed,,,县级市,枚举:豫鄂湘粤桂琼川黔滇 区县/市门户导航下挖 2026-10
gov:pdsgxq.gov.cn,gov,平顶山高新技术产业开发区,https://pdsgxq.gov.cn/,pdsgxq.gov.cn,unprobed,,,开发区/管理区,枚举:豫鄂湘粤桂琼川黔滇 区县/市门户导航下挖 2026-10
gov:pdsxcq.gov.cn,gov,平顶山市城乡一体化示范区,https://pdsxcq.gov.cn/,pdsxcq.gov.cn,unprobed,,,开发区/管理区,枚举:豫鄂湘粤桂琼川黔滇 区县/市门户导航下挖 2026-10
gov:pengan.gov.cn,gov,蓬安县,https://pengan.gov.cn/,pengan.gov.cn,unprobed,,,县,枚举:豫鄂湘粤桂琼川黔滇 区县/市门户导航下挖 2026-10
gov:pengxi.gov.cn,gov,蓬溪县,https://pengxi.gov.cn/,pengxi.gov.cn,unprobed,,,县,枚举:豫鄂湘粤桂琼川黔滇 区县/市门户导航下挖 2026-10
gov:pezhenyuan.gov.cn,gov,镇沅彝族哈尼族拉祜族自治县,https://pezhenyuan.gov.cn/,pezhenyuan.gov.cn,unprobed,,,自治县,枚举:豫鄂湘粤桂琼川黔滇 区县/市门户导航下挖 2026-10
gov:pgx.gov.cn,gov,普格县,https://pgx.gov.cn/,pgx.gov.cn,unprobed,,,县,枚举:豫鄂湘粤桂琼川黔滇 区县/市门户导航下挖 2026-10
gov:pingba.gov.cn,gov,平坝区,https://pingba.gov.cn/,pingba.gov.cn,unprobed,,,市辖区,枚举:豫鄂湘粤桂琼川黔滇 区县/市门户导航下挖 2026-10
gov:pinggui.gov.cn,gov,平桂区,https://pinggui.gov.cn/,pinggui.gov.cn,unprobed,,,市辖区,枚举:豫鄂湘粤桂琼川黔滇 区县/市门户导航下挖 2026-10
gov:pingguo.gov.cn,gov,平果市,https://pingguo.gov.cn/,pingguo.gov.cn,unprobed,,,县级市,枚举:豫鄂湘粤桂琼川黔滇 区县/市门户导航下挖 2026-10
gov:pingjiang.gov.cn,gov,平江县,https://pingjiang.gov.cn/,pingjiang.gov.cn,unprobed,,,县,枚举:豫鄂湘粤桂琼川黔滇 区县/市门户导航下挖 2026-10
gov:pingle.gov.cn,gov,平乐县,https://pingle.gov.cn/,pingle.gov.cn,unprobed,,,县,枚举:豫鄂湘粤桂琼川黔滇 区县/市门户导航下挖 2026-10
gov:pingwu.gov.cn,gov,平武县,https://pingwu.gov.cn/,pingwu.gov.cn,unprobed,,,县,枚举:豫鄂湘粤桂琼川黔滇 区县/市门户导航下挖 2026-10
gov:pingyu.gov.cn,gov,平舆县,https://pingyu.gov.cn/,pingyu.gov.cn,unprobed,,,县,枚举:豫鄂湘粤桂琼川黔滇 区县/市门户导航下挖 2026-10
gov:pingyuan.gov.cn,gov,平远县,https://pingyuan.gov.cn/,pingyuan.gov.cn,unprobed,,,县,枚举:豫鄂湘粤桂琼川黔滇 区县/市门户导航下挖 2026-10
gov:pjq.gov.cn,gov,蓬江区,https://pjq.gov.cn/,pjq.gov.cn,unprobed,,,市辖区,枚举:豫鄂湘粤桂琼川黔滇 区县/市门户导航下挖 2026-10
gov:pnxzf.gov.cn,gov,平南县,https://pnxzf.gov.cn/,pnxzf.gov.cn,unprobed,,,县,枚举:豫鄂湘粤桂琼川黔滇 区县/市门户导航下挖 2026-10
gov:puan.gov.cn,gov,普安县,https://puan.gov.cn/,puan.gov.cn,unprobed,,,县,枚举:豫鄂湘粤桂琼川黔滇 区县/市门户导航下挖 2026-10
gov:puning.gov.cn,gov,普宁市,https://puning.gov.cn/,puning.gov.cn,unprobed,,,县级市,枚举:豫鄂湘粤桂琼川黔滇 区县/市门户导航下挖 2026-10
gov:puyang.gov.cn,gov,濮阳县,https://puyang.gov.cn/,puyang.gov.cn,unprobed,,,县,枚举:豫鄂湘粤桂琼川黔滇 区县/市门户导航下挖 2026-10
gov:pxszf.gov.cn,gov,凭祥市,https://pxszf.gov.cn/,pxszf.gov.cn,unprobed,,,县级市,枚举:豫鄂湘粤桂琼川黔滇 区县/市门户导航下挖 2026-10
gov:pygyyq.gov.cn,gov,河南濮阳工业园区,https://pygyyq.gov.cn/,pygyyq.gov.cn,unprobed,,,开发区/管理区,枚举:豫鄂湘粤桂琼川黔滇 区县/市门户导航下挖 2026-10
gov:pyhualong.gov.cn,gov,华龙区,https://pyhualong.gov.cn/,pyhualong.gov.cn,unprobed,,,市辖区,枚举:豫鄂湘粤桂琼川黔滇 区县/市门户导航下挖 2026-10
gov:pzhsxq.gov.cn,gov,西区,https://pzhsxq.gov.cn/,pzhsxq.gov.cn,unprobed,,,市辖区,枚举:豫鄂湘粤桂琼川黔滇 区县/市门户导航下挖 2026-10
gov:qdncg.gov.cn,gov,岑巩县,https://qdncg.gov.cn/,qdncg.gov.cn,unprobed,,,县,枚举:豫鄂湘粤桂琼川黔滇 区县/市门户导航下挖 2026-10
gov:qdndz.gov.cn,gov,丹寨县,https://qdndz.gov.cn/,qdndz.gov.cn,unprobed,,,县,枚举:豫鄂湘粤桂琼川黔滇 区县/市门户导航下挖 2026-10
gov:qdnhp.gov.cn,gov,黄平县,https://qdnhp.gov.cn/,qdnhp.gov.cn,unprobed,,,县,枚举:豫鄂湘粤桂琼川黔滇 区县/市门户导航下挖 2026-10
gov:qdnsb.gov.cn,gov,施秉县,https://qdnsb.gov.cn/,qdnsb.gov.cn,unprobed,,,县,枚举:豫鄂湘粤桂琼川黔滇 区县/市门户导航下挖 2026-10
gov:qf.gov.cn,gov,前锋区,https://qf.gov.cn/,qf.gov.cn,unprobed,,,市辖区,枚举:豫鄂湘粤桂琼川黔滇 区县/市门户导航下挖 2026-10
gov:qianwei.gov.cn,gov,犍为县,https://qianwei.gov.cn/,qianwei.gov.cn,unprobed,,,县,枚举:豫鄂湘粤桂琼川黔滇 区县/市门户导航下挖 2026-10
gov:qiaojia.gov.cn,gov,巧家县,https://qiaojia.gov.cn/,qiaojia.gov.cn,unprobed,,,县,枚举:豫鄂湘粤桂琼川黔滇 区县/市门户导航下挖 2026-10
gov:qiaokou.gov.cn,gov,硚口区,https://qiaokou.gov.cn/,qiaokou.gov.cn,unprobed,,,市辖区,枚举:豫鄂湘粤桂琼川黔滇 区县/市门户导航下挖 2026-10
gov:qichun.gov.cn,gov,蕲春县,https://qichun.gov.cn/,qichun.gov.cn,unprobed,,,县,枚举:豫鄂湘粤桂琼川黔滇 区县/市门户导航下挖 2026-10
gov:qinbei.gov.cn,gov,钦北区,https://qinbei.gov.cn/,qinbei.gov.cn,unprobed,,,市辖区,枚举:豫鄂湘粤桂琼川黔滇 区县/市门户导航下挖 2026-10
gov:qingcheng.gov.cn,gov,清城区,https://qingcheng.gov.cn/,qingcheng.gov.cn,unprobed,,,市辖区,枚举:豫鄂湘粤桂琼川黔滇 区县/市门户导航下挖 2026-10
gov:qingfeng.gov.cn,gov,清丰县,https://qingfeng.gov.cn/,qingfeng.gov.cn,unprobed,,,县,枚举:豫鄂湘粤桂琼川黔滇 区县/市门户导航下挖 2026-10
gov:qingshan.gov.cn,gov,青山区,https://qingshan.gov.cn/,qingshan.gov.cn,unprobed,,,市辖区,枚举:豫鄂湘粤桂琼川黔滇 区县/市门户导航下挖 2026-10
gov:qingxin.gov.cn,gov,清新区,https://qingxin.gov.cn/,qingxin.gov.cn,unprobed,,,市辖区,枚举:豫鄂湘粤桂琼川黔滇 区县/市门户导航下挖 2026-10
gov:qingxiu.gov.cn,gov,青秀区,https://qingxiu.gov.cn/,qingxiu.gov.cn,unprobed,,,市辖区,枚举:豫鄂湘粤桂琼川黔滇 区县/市门户导航下挖 2026-10
gov:qinyang.gov.cn,gov,沁阳市,https://qinyang.gov.cn/,qinyang.gov.cn,unprobed,,,县级市,枚举:豫鄂湘粤桂琼川黔滇 区县/市门户导航下挖 2026-10
gov:qionghai.hainan.gov.cn,gov,琼海市,http://qionghai.hainan.gov.cn/qhly/,qionghai.hainan.gov.cn,unprobed,,,县级市,枚举:豫鄂湘粤桂琼川黔滇 区县/市门户导航下挖 2026-10
gov:qiongzhong.hainan.gov.cn,gov,琼中黎族苗族自治县,https://qiongzhong.hainan.gov.cn/,qiongzhong.hainan.gov.cn,unprobed,,,自治县,枚举:豫鄂湘粤桂琼川黔滇 区县/市门户导航下挖 2026-10
gov:qjfy.gov.cn,gov,富源县,https://qjfy.gov.cn/,qjfy.gov.cn,unprobed,,,县,枚举:豫鄂湘粤桂琼川黔滇 区县/市门户导航下挖 2026-10
gov:ql.gov.cn,gov,麒麟区,https://ql.gov.cn/,ql.gov.cn,unprobed,,,市辖区,枚举:豫鄂湘粤桂琼川黔滇 区县/市门户导航下挖 2026-10
gov:qsqzf.haikou.gov.cn,gov,琼山区,https://qsqzf.haikou.gov.cn/,qsqzf.haikou.gov.cn,unprobed,,,市辖区,枚举:豫鄂湘粤桂琼川黔滇 区县/市门户导航下挖 2026-10
gov:queshan.gov.cn,gov,确山县,https://queshan.gov.cn/,queshan.gov.cn,unprobed,,,县,枚举:豫鄂湘粤桂琼川黔滇 区县/市门户导航下挖 2026-10
gov:qujiang.gov.cn,gov,曲江区,https://qujiang.gov.cn/,qujiang.gov.cn,unprobed,,,市辖区,枚举:豫鄂湘粤桂琼川黔滇 区县/市门户导航下挖 2026-10
gov:quxian.gov.cn,gov,渠县,https://quxian.gov.cn/,quxian.gov.cn,unprobed,,,县,枚举:豫鄂湘粤桂琼川黔滇 区县/市门户导航下挖 2026-10
gov:qxn.gov.cn,gov,黔西市,https://qxn.gov.cn/,qxn.gov.cn,unprobed,,,县级市,枚举:豫鄂湘粤桂琼川黔滇 区县/市门户导航下挖 2026-10
gov:qxzf.gov.cn,gov,淇县,https://qxzf.gov.cn/,qxzf.gov.cn,unprobed,,,县,枚举:豫鄂湘粤桂琼川黔滇 区县/市门户导航下挖 2026-10
gov:rangtang.gov.cn,gov,壤塘县,https://rangtang.gov.cn/,rangtang.gov.cn,unprobed,,,县,枚举:豫鄂湘粤桂琼川黔滇 区县/市门户导航下挖 2026-10
gov:raoping.gov.cn,gov,饶平县,https://raoping.gov.cn/,raoping.gov.cn,unprobed,,,县,枚举:豫鄂湘粤桂琼川黔滇 区县/市门户导航下挖 2026-10
gov:rh.gov.cn,gov,仁怀市,https://rh.gov.cn/,rh.gov.cn,unprobed,,,县级市,枚举:豫鄂湘粤桂琼川黔滇 区县/市门户导航下挖 2026-10
gov:rl.gov.cn,gov,瑞丽市,https://rl.gov.cn/,rl.gov.cn,unprobed,,,县级市,枚举:豫鄂湘粤桂琼川黔滇 区县/市门户导航下挖 2026-10
gov:rongan.gov.cn,gov,融安县,https://rongan.gov.cn/,rongan.gov.cn,unprobed,,,县,枚举:豫鄂湘粤桂琼川黔滇 区县/市门户导航下挖 2026-10
gov:rongjiang.gov.cn,gov,榕江县,https://rongjiang.gov.cn/,rongjiang.gov.cn,unprobed,,,县,枚举:豫鄂湘粤桂琼川黔滇 区县/市门户导航下挖 2026-10
gov:rongshui.gov.cn,gov,融水苗族自治县,https://rongshui.gov.cn/,rongshui.gov.cn,unprobed,,,自治县,枚举:豫鄂湘粤桂琼川黔滇 区县/市门户导航下挖 2026-10
gov:rongzhou.gov.cn,gov,荣县,https://rongzhou.gov.cn/,rongzhou.gov.cn,unprobed,,,县,枚举:豫鄂湘粤桂琼川黔滇 区县/市门户导航下挖 2026-10
gov:rs.gov.cn,gov,仁寿县,https://rs.gov.cn/,rs.gov.cn,unprobed,,,县,枚举:豫鄂湘粤桂琼川黔滇 区县/市门户导航下挖 2026-10
gov:runan.gov.cn,gov,汝南县,https://runan.gov.cn/,runan.gov.cn,unprobed,,,县,枚举:豫鄂湘粤桂琼川黔滇 区县/市门户导航下挖 2026-10
gov:ruoergai.gov.cn,gov,若尔盖县,https://ruoergai.gov.cn/,ruoergai.gov.cn,unprobed,,,县,枚举:豫鄂湘粤桂琼川黔滇 区县/市门户导航下挖 2026-10
gov:ruyuan.gov.cn,gov,乳源瑶族自治县,https://ruyuan.gov.cn/,ruyuan.gov.cn,unprobed,,,自治县,枚举:豫鄂湘粤桂琼川黔滇 区县/市门户导航下挖 2026-10
gov:ruzhou.gov.cn,gov,汝州市,https://ruzhou.gov.cn/,ruzhou.gov.cn,unprobed,,,县级市,枚举:豫鄂湘粤桂琼川黔滇 区县/市门户导航下挖 2026-10
gov:rxzf.gov.cn,gov,容县,https://rxzf.gov.cn/,rxzf.gov.cn,unprobed,,,县,枚举:豫鄂湘粤桂琼川黔滇 区县/市门户导航下挖 2026-10
gov:ry.gov.cn,gov,汝阳县,https://ry.gov.cn/,ry.gov.cn,unprobed,,,县,枚举:豫鄂湘粤桂琼川黔滇 区县/市门户导航下挖 2026-10
gov:sandu.gov.cn,gov,三都水族自治县,https://sandu.gov.cn/,sandu.gov.cn,unprobed,,,自治县,枚举:豫鄂湘粤桂琼川黔滇 区县/市门户导航下挖 2026-10
gov:sangzhi.gov.cn,gov,桑植县,https://sangzhi.gov.cn/,sangzhi.gov.cn,unprobed,,,县,枚举:豫鄂湘粤桂琼川黔滇 区县/市门户导航下挖 2026-10
gov:santai.gov.cn,gov,三台县,https://santai.gov.cn/,santai.gov.cn,unprobed,,,县,枚举:豫鄂湘粤桂琼川黔滇 区县/市门户导航下挖 2026-10
gov:sccn.gov.cn,gov,长宁县,https://sccn.gov.cn/,sccn.gov.cn,unprobed,,,县,枚举:豫鄂湘粤桂琼川黔滇 区县/市门户导航下挖 2026-10
gov:scdl.gov.cn,gov,丹棱县,https://scdl.gov.cn/,scdl.gov.cn,unprobed,,,县,枚举:豫鄂湘粤桂琼川黔滇 区县/市门户导航下挖 2026-10
gov:scdongqu.gov.cn,gov,东区,https://scdongqu.gov.cn/,scdongqu.gov.cn,unprobed,,,市辖区,枚举:豫鄂湘粤桂琼川黔滇 区县/市门户导航下挖 2026-10
gov:schd.gov.cn,gov,会东县,https://schd.gov.cn/,schd.gov.cn,unprobed,,,县,枚举:豫鄂湘粤桂琼川黔滇 区县/市门户导航下挖 2026-10
gov:schy.gov.cn,gov,洪雅县,https://schy.gov.cn/,schy.gov.cn,unprobed,,,县,枚举:豫鄂湘粤桂琼川黔滇 区县/市门户导航下挖 2026-10
gov:scjl.gov.cn,gov,九龙县,https://scjl.gov.cn/,scjl.gov.cn,unprobed,,,县,枚举:豫鄂湘粤桂琼川黔滇 区县/市门户导航下挖 2026-10
gov:scjlx.gov.cn,gov,筠连县,https://scjlx.gov.cn/,scjlx.gov.cn,unprobed,,,县,枚举:豫鄂湘粤桂琼川黔滇 区县/市门户导航下挖 2026-10
gov:scls.gov.cn,gov,邻水县,https://scls.gov.cn/,scls.gov.cn,unprobed,,,县,枚举:豫鄂湘粤桂琼川黔滇 区县/市门户导航下挖 2026-10
gov:scmiyi.gov.cn,gov,米易县,https://scmiyi.gov.cn/,scmiyi.gov.cn,unprobed,,,县,枚举:豫鄂湘粤桂琼川黔滇 区县/市门户导航下挖 2026-10
gov:scms.gov.cn,gov,名山区,https://scms.gov.cn/,scms.gov.cn,unprobed,,,市辖区,枚举:豫鄂湘粤桂琼川黔滇 区县/市门户导航下挖 2026-10
gov:scnanbu.gov.cn,gov,南部县,https://scnanbu.gov.cn/,scnanbu.gov.cn,unprobed,,,县,枚举:豫鄂湘粤桂琼川黔滇 区县/市门户导航下挖 2026-10
gov:scnjdx.gov.cn,gov,东兴区,https://scnjdx.gov.cn/,scnjdx.gov.cn,unprobed,,,市辖区,枚举:豫鄂湘粤桂琼川黔滇 区县/市门户导航下挖 2026-10
gov:scnx.gov.cn,gov,南溪区,https://scnx.gov.cn/,scnx.gov.cn,unprobed,,,市辖区,枚举:豫鄂湘粤桂琼川黔滇 区县/市门户导航下挖 2026-10
gov:scps.gov.cn,gov,彭山区,https://scps.gov.cn/,scps.gov.cn,unprobed,,,市辖区,枚举:豫鄂湘粤桂琼川黔滇 区县/市门户导航下挖 2026-10
gov:scqs.gov.cn,gov,青神县,https://scqs.gov.cn/,scqs.gov.cn,unprobed,,,县,枚举:豫鄂湘粤桂琼川黔滇 区县/市门户导航下挖 2026-10
gov:screnhe.gov.cn,gov,仁和区,https://screnhe.gov.cn/,screnhe.gov.cn,unprobed,,,市辖区,枚举:豫鄂湘粤桂琼川黔滇 区县/市门户导航下挖 2026-10
gov:scxd.gov.cn,gov,喜德县,https://scxd.gov.cn/,scxd.gov.cn,unprobed,,,县,枚举:豫鄂湘粤桂琼川黔滇 区县/市门户导航下挖 2026-10
gov:scxw.gov.cn,gov,兴文县,https://scxw.gov.cn/,scxw.gov.cn,unprobed,,,县,枚举:豫鄂湘粤桂琼川黔滇 区县/市门户导航下挖 2026-10
gov:scyanbian.gov.cn,gov,盐边县,https://scyanbian.gov.cn/,scyanbian.gov.cn,unprobed,,,县,枚举:豫鄂湘粤桂琼川黔滇 区县/市门户导航下挖 2026-10
gov:scyc.gov.cn,gov,岳池县,https://scyc.gov.cn/,scyc.gov.cn,unprobed,,,县,枚举:豫鄂湘粤桂琼川黔滇 区县/市门户导航下挖 2026-10
gov:scyx.gov.cn,gov,越西县,https://scyx.gov.cn/,scyx.gov.cn,unprobed,,,县,枚举:豫鄂湘粤桂琼川黔滇 区县/市门户导航下挖 2026-10
gov:sfs.gov.cn,gov,水富市,https://sfs.gov.cn/,sfs.gov.cn,unprobed,,,县级市,枚举:豫鄂湘粤桂琼川黔滇 区县/市门户导航下挖 2026-10
gov:sgrh.gov.cn,gov,仁化县,https://sgrh.gov.cn/,sgrh.gov.cn,unprobed,,,县,枚举:豫鄂湘粤桂琼川黔滇 区县/市门户导航下挖 2026-10
gov:sgwjq.gov.cn,gov,武江区,https://sgwjq.gov.cn/,sgwjq.gov.cn,unprobed,,,市辖区,枚举:豫鄂湘粤桂琼川黔滇 区县/市门户导航下挖 2026-10
gov:sgzj.gov.cn,gov,浈江区,https://sgzj.gov.cn/,sgzj.gov.cn,unprobed,,,市辖区,枚举:豫鄂湘粤桂琼川黔滇 区县/市门户导航下挖 2026-10
gov:shangcai.gov.cn,gov,上蔡县,https://shangcai.gov.cn/,shangcai.gov.cn,unprobed,,,县,枚举:豫鄂湘粤桂琼川黔滇 区县/市门户导航下挖 2026-10
gov:shanglin.gov.cn,gov,上林县,https://shanglin.gov.cn/,shanglin.gov.cn,unprobed,,,县,枚举:豫鄂湘粤桂琼川黔滇 区县/市门户导航下挖 2026-10
gov:shangsi.gov.cn,gov,上思县,https://shangsi.gov.cn/,shangsi.gov.cn,unprobed,,,县,枚举:豫鄂湘粤桂琼川黔滇 区县/市门户导航下挖 2026-10
gov:shanzhou.gov.cn,gov,陕州区,https://shanzhou.gov.cn/,shanzhou.gov.cn,unprobed,,,市辖区,枚举:豫鄂湘粤桂琼川黔滇 区县/市门户导航下挖 2026-10
gov:shaodong.gov.cn,gov,邵东市,https://shaodong.gov.cn/,shaodong.gov.cn,unprobed,,,县级市,枚举:豫鄂湘粤桂琼川黔滇 区县/市门户导航下挖 2026-10
gov:shaoshan.gov.cn,gov,韶山市,https://shaoshan.gov.cn/,shaoshan.gov.cn,unprobed,,,县级市,枚举:豫鄂湘粤桂琼川黔滇 区县/市门户导航下挖 2026-10
gov:shaoyang.gov.cn,gov,邵阳县,https://shaoyang.gov.cn/,shaoyang.gov.cn,unprobed,,,县,枚举:豫鄂湘粤桂琼川黔滇 区县/市门户导航下挖 2026-10
gov:shawan.gov.cn,gov,沙湾区,https://shawan.gov.cn/,shawan.gov.cn,unprobed,,,市辖区,枚举:豫鄂湘粤桂琼川黔滇 区县/市门户导航下挖 2026-10
gov:shayang.gov.cn,gov,沙洋县,https://shayang.gov.cn/,shayang.gov.cn,unprobed,,,县,枚举:豫鄂湘粤桂琼川黔滇 区县/市门户导航下挖 2026-10
gov:shehong.gov.cn,gov,射洪市,https://shehong.gov.cn/,shehong.gov.cn,unprobed,,,县级市,枚举:豫鄂湘粤桂琼川黔滇 区县/市门户导航下挖 2026-10
gov:shenqiu.gov.cn,gov,沈丘县,https://shenqiu.gov.cn/,shenqiu.gov.cn,unprobed,,,县,枚举:豫鄂湘粤桂琼川黔滇 区县/市门户导航下挖 2026-10
gov:sheqi.gov.cn,gov,社旗县,https://sheqi.gov.cn/,sheqi.gov.cn,unprobed,,,县,枚举:豫鄂湘粤桂琼川黔滇 区县/市门户导航下挖 2026-10
gov:shidian.gov.cn,gov,施甸县,https://shidian.gov.cn/,shidian.gov.cn,unprobed,,,县,枚举:豫鄂湘粤桂琼川黔滇 区县/市门户导航下挖 2026-10
gov:shifang.gov.cn,gov,什邡市,https://shifang.gov.cn/,shifang.gov.cn,unprobed,,,县级市,枚举:豫鄂湘粤桂琼川黔滇 区县/市门户导航下挖 2026-10
gov:shifeng.gov.cn,gov,石峰区,https://shifeng.gov.cn/,shifeng.gov.cn,unprobed,,,市辖区,枚举:豫鄂湘粤桂琼川黔滇 区县/市门户导航下挖 2026-10
gov:shihe.gov.cn,gov,浉河区,https://shihe.gov.cn/,shihe.gov.cn,unprobed,,,市辖区,枚举:豫鄂湘粤桂琼川黔滇 区县/市门户导航下挖 2026-10
gov:shilongqu.gov.cn,gov,石龙区,https://shilongqu.gov.cn/,shilongqu.gov.cn,unprobed,,,市辖区,枚举:豫鄂湘粤桂琼川黔滇 区县/市门户导航下挖 2026-10
gov:shimen.gov.cn,gov,石门县,https://shimen.gov.cn/,shimen.gov.cn,unprobed,,,县,枚举:豫鄂湘粤桂琼川黔滇 区县/市门户导航下挖 2026-10
gov:shimian.gov.cn,gov,石棉县,https://shimian.gov.cn/,shimian.gov.cn,unprobed,,,县,枚举:豫鄂湘粤桂琼川黔滇 区县/市门户导航下挖 2026-10
gov:shiqian.gov.cn,gov,石阡县,https://shiqian.gov.cn/,shiqian.gov.cn,unprobed,,,县,枚举:豫鄂湘粤桂琼川黔滇 区县/市门户导航下挖 2026-10
gov:shiqu.gov.cn,gov,石渠县,https://shiqu.gov.cn/,shiqu.gov.cn,unprobed,,,县,枚举:豫鄂湘粤桂琼川黔滇 区县/市门户导航下挖 2026-10
gov:shishou.gov.cn,gov,石首市,https://shishou.gov.cn/,shishou.gov.cn,unprobed,,,县级市,枚举:豫鄂湘粤桂琼川黔滇 区县/市门户导航下挖 2026-10
gov:shuangjiang.gov.cn,gov,双江拉祜族佤族布朗族傣族自治县,https://shuangjiang.gov.cn/,shuangjiang.gov.cn,unprobed,,,自治县,枚举:豫鄂湘粤桂琼川黔滇 区县/市门户导航下挖 2026-10
gov:shuangqing.gov.cn,gov,双清区,https://shuangqing.gov.cn/,shuangqing.gov.cn,unprobed,,,市辖区,枚举:豫鄂湘粤桂琼川黔滇 区县/市门户导航下挖 2026-10
gov:shuicheng.gov.cn,gov,水城区,https://shuicheng.gov.cn/,shuicheng.gov.cn,unprobed,,,市辖区,枚举:豫鄂湘粤桂琼川黔滇 区县/市门户导航下挖 2026-10
gov:shunde.gov.cn,gov,顺德区,https://shunde.gov.cn/,shunde.gov.cn,unprobed,,,市辖区,枚举:豫鄂湘粤桂琼川黔滇 区县/市门户导航下挖 2026-10
gov:shunhequ.gov.cn,gov,顺河回族区,https://shunhequ.gov.cn/,shunhequ.gov.cn,unprobed,,,市辖区,枚举:豫鄂湘粤桂琼川黔滇 区县/市门户导航下挖 2026-10
gov:shunqing.gov.cn,gov,顺庆区,https://shunqing.gov.cn/,shunqing.gov.cn,unprobed,,,市辖区,枚举:豫鄂湘粤桂琼川黔滇 区县/市门户导航下挖 2026-10
gov:sihui.gov.cn,gov,四会市,https://sihui.gov.cn/,sihui.gov.cn,unprobed,,,县级市,枚举:豫鄂湘粤桂琼川黔滇 区县/市门户导航下挖 2026-10
gov:sinan.gov.cn,gov,思南县,https://sinan.gov.cn/,sinan.gov.cn,unprobed,,,县,枚举:豫鄂湘粤桂琼川黔滇 区县/市门户导航下挖 2026-10
gov:sjx.gov.cn,gov,三江侗族自治县,https://sjx.gov.cn/,sjx.gov.cn,unprobed,,,自治县,枚举:豫鄂湘粤桂琼川黔滇 区县/市门户导航下挖 2026-10
gov:smqzf.gov.cn,gov,思茅区,https://smqzf.gov.cn/,smqzf.gov.cn,unprobed,,,市辖区,枚举:豫鄂湘粤桂琼川黔滇 区县/市门户导航下挖 2026-10
gov:smxjjkfq.gov.cn,gov,河南三门峡经济开发区,https://smxjjkfq.gov.cn/,smxjjkfq.gov.cn,unprobed,,,开发区/管理区,枚举:豫鄂湘粤桂琼川黔滇 区县/市门户导航下挖 2026-10
gov:snj.gov.cn,gov,神农架林区,https://snj.gov.cn/,snj.gov.cn,unprobed,,,林区,枚举:豫鄂湘粤桂琼川黔滇 区县/市门户导航下挖 2026-10
gov:songpan.gov.cn,gov,松潘县,https://songpan.gov.cn/,songpan.gov.cn,unprobed,,,县,枚举:豫鄂湘粤桂琼川黔滇 区县/市门户导航下挖 2026-10
gov:ss.gov.cn,gov,三水区,https://ss.gov.cn/,ss.gov.cn,unprobed,,,市辖区,枚举:豫鄂湘粤桂琼川黔滇 区县/市门户导航下挖 2026-10
gov:suijiang.gov.cn,gov,绥江县,https://suijiang.gov.cn/,suijiang.gov.cn,unprobed,,,县,枚举:豫鄂湘粤桂琼川黔滇 区县/市门户导航下挖 2026-10
gov:suiping.gov.cn,gov,遂平县,https://suiping.gov.cn/,suiping.gov.cn,unprobed,,,县,枚举:豫鄂湘粤桂琼川黔滇 区县/市门户导航下挖 2026-10
gov:suixi.gov.cn,gov,遂溪县,https://suixi.gov.cn/,suixi.gov.cn,unprobed,,,县,枚举:豫鄂湘粤桂琼川黔滇 区县/市门户导航下挖 2026-10
gov:suixian.gov.cn,gov,睢县,https://suixian.gov.cn/,suixian.gov.cn,unprobed,,,县,枚举:豫鄂湘粤桂琼川黔滇 区县/市门户导航下挖 2026-10
gov:suiyang.gov.cn,gov,绥阳县,https://suiyang.gov.cn/,suiyang.gov.cn,unprobed,,,县,枚举:豫鄂湘粤桂琼川黔滇 区县/市门户导航下挖 2026-10
gov:suiyangqu.gov.cn,gov,睢阳区,https://suiyangqu.gov.cn/,suiyangqu.gov.cn,unprobed,,,市辖区,枚举:豫鄂湘粤桂琼川黔滇 区县/市门户导航下挖 2026-10
gov:swchengqu.gov.cn,gov,城区,https://swchengqu.gov.cn/,swchengqu.gov.cn,unprobed,,,市辖区,枚举:豫鄂湘粤桂琼川黔滇 区县/市门户导航下挖 2026-10
gov:syq.gov.cn,gov,山阳区,https://syq.gov.cn/,syq.gov.cn,unprobed,,,市辖区,枚举:豫鄂湘粤桂琼川黔滇 区县/市门户导航下挖 2026-10
gov:szft.gov.cn,gov,福田区,https://szft.gov.cn/,szft.gov.cn,unprobed,,,市辖区,枚举:豫鄂湘粤桂琼川黔滇 区县/市门户导航下挖 2026-10
gov:szgm.gov.cn,gov,光明区,https://szgm.gov.cn/,szgm.gov.cn,unprobed,,,市辖区,枚举:豫鄂湘粤桂琼川黔滇 区县/市门户导航下挖 2026-10
gov:szlh.gov.cn,gov,罗湖区,https://szlh.gov.cn/,szlh.gov.cn,unprobed,,,市辖区,枚举:豫鄂湘粤桂琼川黔滇 区县/市门户导航下挖 2026-10
gov:szlhq.gov.cn,gov,龙华区,https://szlhq.gov.cn/,szlhq.gov.cn,unprobed,,,市辖区,枚举:豫鄂湘粤桂琼川黔滇 区县/市门户导航下挖 2026-10
gov:szns.gov.cn,gov,南山区,https://szns.gov.cn/,szns.gov.cn,unprobed,,,市辖区,枚举:豫鄂湘粤桂琼川黔滇 区县/市门户导航下挖 2026-10
gov:szpsq.gov.cn,gov,坪山区,https://szpsq.gov.cn/,szpsq.gov.cn,unprobed,,,市辖区,枚举:豫鄂湘粤桂琼川黔滇 区县/市门户导航下挖 2026-10
gov:taiqian.gov.cn,gov,台前县,https://taiqian.gov.cn/,taiqian.gov.cn,unprobed,,,县,枚举:豫鄂湘粤桂琼川黔滇 区县/市门户导航下挖 2026-10
gov:tanghe.gov.cn,gov,唐河县,https://tanghe.gov.cn/,tanghe.gov.cn,unprobed,,,县,枚举:豫鄂湘粤桂琼川黔滇 区县/市门户导航下挖 2026-10
gov:tangyin.gov.cn,gov,汤阴县,https://tangyin.gov.cn/,tangyin.gov.cn,unprobed,,,县,枚举:豫鄂湘粤桂琼川黔滇 区县/市门户导航下挖 2026-10
gov:taojiang.gov.cn,gov,桃江县,https://taojiang.gov.cn/,taojiang.gov.cn,unprobed,,,县,枚举:豫鄂湘粤桂琼川黔滇 区县/市门户导航下挖 2026-10
gov:taoyuan.gov.cn,gov,桃源县,https://taoyuan.gov.cn/,taoyuan.gov.cn,unprobed,,,县,枚举:豫鄂湘粤桂琼川黔滇 区县/市门户导航下挖 2026-10
gov:tchuan.gov.cn,gov,通川区,https://tchuan.gov.cn/,tchuan.gov.cn,unprobed,,,市辖区,枚举:豫鄂湘粤桂琼川黔滇 区县/市门户导航下挖 2026-10
gov:tengchong.gov.cn,gov,腾冲市,https://tengchong.gov.cn/,tengchong.gov.cn,unprobed,,,县级市,枚举:豫鄂湘粤桂琼川黔滇 区县/市门户导航下挖 2026-10
gov:tengxian.gov.cn,gov,藤县,https://tengxian.gov.cn/,tengxian.gov.cn,unprobed,,,县,枚举:豫鄂湘粤桂琼川黔滇 区县/市门户导航下挖 2026-10
gov:tfjy.gov.cn,gov,旌阳区,https://tfjy.gov.cn/,tfjy.gov.cn,unprobed,,,市辖区,枚举:豫鄂湘粤桂琼川黔滇 区县/市门户导航下挖 2026-10
gov:thnet.gov.cn,gov,天河区,https://thnet.gov.cn/,thnet.gov.cn,unprobed,,,市辖区,枚举:豫鄂湘粤桂琼川黔滇 区县/市门户导航下挖 2026-10
gov:tiandeng.gov.cn,gov,天等县,https://tiandeng.gov.cn/,tiandeng.gov.cn,unprobed,,,县,枚举:豫鄂湘粤桂琼川黔滇 区县/市门户导航下挖 2026-10
gov:tiane.gov.cn,gov,天峨县,https://tiane.gov.cn/,tiane.gov.cn,unprobed,,,县,枚举:豫鄂湘粤桂琼川黔滇 区县/市门户导航下挖 2026-10
gov:tianlin.gov.cn,gov,田林县,https://tianlin.gov.cn/,tianlin.gov.cn,unprobed,,,县,枚举:豫鄂湘粤桂琼川黔滇 区县/市门户导航下挖 2026-10
gov:tianmen.gov.cn,gov,天门市,https://tianmen.gov.cn/,tianmen.gov.cn,unprobed,,,县级市,枚举:豫鄂湘粤桂琼川黔滇 区县/市门户导航下挖 2026-10
gov:tianxin.gov.cn,gov,天心区,https://tianxin.gov.cn/,tianxin.gov.cn,unprobed,,,市辖区,枚举:豫鄂湘粤桂琼川黔滇 区县/市门户导航下挖 2026-10
gov:tianyuan.gov.cn,gov,天元区,https://tianyuan.gov.cn/,tianyuan.gov.cn,unprobed,,,市辖区,枚举:豫鄂湘粤桂琼川黔滇 区县/市门户导航下挖 2026-10
gov:tianzhu.gov.cn,gov,天柱县,https://tianzhu.gov.cn/,tianzhu.gov.cn,unprobed,,,县,枚举:豫鄂湘粤桂琼川黔滇 区县/市门户导航下挖 2026-10
gov:tj.gov.cn,gov,津市市,https://tj.gov.cn/,tj.gov.cn,unprobed,,,县级市,枚举:豫鄂湘粤桂琼川黔滇 区县/市门户导航下挖 2026-10
gov:tongbai.gov.cn,gov,桐柏县,https://tongbai.gov.cn/,tongbai.gov.cn,unprobed,,,县,枚举:豫鄂湘粤桂琼川黔滇 区县/市门户导航下挖 2026-10
gov:tongdao.gov.cn,gov,通道侗族自治县,https://tongdao.gov.cn/,tongdao.gov.cn,unprobed,,,自治县,枚举:豫鄂湘粤桂琼川黔滇 区县/市门户导航下挖 2026-10
gov:tonghai.gov.cn,gov,通海县,https://tonghai.gov.cn/,tonghai.gov.cn,unprobed,,,县,枚举:豫鄂湘粤桂琼川黔滇 区县/市门户导航下挖 2026-10
gov:tongshan.gov.cn,gov,通山县,https://tongshan.gov.cn/,tongshan.gov.cn,unprobed,,,县,枚举:豫鄂湘粤桂琼川黔滇 区县/市门户导航下挖 2026-10
gov:tqx.gov.cn,gov,天全县,https://tqx.gov.cn/,tqx.gov.cn,unprobed,,,县,枚举:豫鄂湘粤桂琼川黔滇 区县/市门户导航下挖 2026-10
gov:tunchang.hainan.gov.cn,gov,屯昌县,http://tunchang.hainan.gov.cn/tunchang/tcly/,tunchang.hainan.gov.cn,unprobed,,,县,枚举:豫鄂湘粤桂琼川黔滇 区县/市门户导航下挖 2026-10
gov:txzf.gov.cn,gov,通许县,https://txzf.gov.cn/,txzf.gov.cn,unprobed,,,县,枚举:豫鄂湘粤桂琼川黔滇 区县/市门户导航下挖 2026-10
gov:ty.sanya.gov.cn,gov,天涯区,http://ty.sanya.gov.cn/,ty.sanya.gov.cn,unprobed,,,市辖区,枚举:豫鄂湘粤桂琼川黔滇 区县/市门户导航下挖 2026-10
gov:wancheng.gov.cn,gov,宛城区,https://wancheng.gov.cn/,wancheng.gov.cn,unprobed,,,市辖区,枚举:豫鄂湘粤桂琼川黔滇 区县/市门户导航下挖 2026-10
gov:wangcheng.gov.cn,gov,望城区,https://wangcheng.gov.cn/,wangcheng.gov.cn,unprobed,,,市辖区,枚举:豫鄂湘粤桂琼川黔滇 区县/市门户导航下挖 2026-10
gov:wanning.hainan.gov.cn,gov,万宁市,http://wanning.hainan.gov.cn/wanning/zjwn/,wanning.hainan.gov.cn,unprobed,,,县级市,枚举:豫鄂湘粤桂琼川黔滇 区县/市门户导航下挖 2026-10
gov:wanyuan.gov.cn,gov,万源市,https://wanyuan.gov.cn/,wanyuan.gov.cn,unprobed,,,县级市,枚举:豫鄂湘粤桂琼川黔滇 区县/市门户导航下挖 2026-10
gov:weidong.gov.cn,gov,卫东区,https://weidong.gov.cn/,weidong.gov.cn,unprobed,,,市辖区,枚举:豫鄂湘粤桂琼川黔滇 区县/市门户导航下挖 2026-10
gov:weidu.gov.cn,gov,魏都区,https://weidu.gov.cn/,weidu.gov.cn,unprobed,,,市辖区,枚举:豫鄂湘粤桂琼川黔滇 区县/市门户导航下挖 2026-10
gov:weihui.gov.cn,gov,卫辉市,https://weihui.gov.cn/,weihui.gov.cn,unprobed,,,县级市,枚举:豫鄂湘粤桂琼川黔滇 区县/市门户导航下挖 2026-10
gov:weixi.gov.cn,gov,维西傈僳族自治县,https://weixi.gov.cn/,weixi.gov.cn,unprobed,,,自治县,枚举:豫鄂湘粤桂琼川黔滇 区县/市门户导航下挖 2026-10
gov:weixin.gov.cn,gov,威信县,https://weixin.gov.cn/,weixin.gov.cn,unprobed,,,县,枚举:豫鄂湘粤桂琼川黔滇 区县/市门户导航下挖 2026-10
gov:weiyuan.gov.cn,gov,威远县,https://weiyuan.gov.cn/,weiyuan.gov.cn,unprobed,,,县,枚举:豫鄂湘粤桂琼川黔滇 区县/市门户导航下挖 2026-10
gov:wenchang.hainan.gov.cn,gov,文昌市,http://wenchang.hainan.gov.cn/wenchang/wcly/list.shtml,wenchang.hainan.gov.cn,unprobed,,,县级市,枚举:豫鄂湘粤桂琼川黔滇 区县/市门户导航下挖 2026-10
gov:wenchuan.gov.cn,gov,汶川县,https://wenchuan.gov.cn/,wenchuan.gov.cn,unprobed,,,县,枚举:豫鄂湘粤桂琼川黔滇 区县/市门户导航下挖 2026-10
gov:wengan.gov.cn,gov,瓮安县,https://wengan.gov.cn/,wengan.gov.cn,unprobed,,,县,枚举:豫鄂湘粤桂琼川黔滇 区县/市门户导航下挖 2026-10
gov:wengyuan.gov.cn,gov,翁源县,https://wengyuan.gov.cn/,wengyuan.gov.cn,unprobed,,,县,枚举:豫鄂湘粤桂琼川黔滇 区县/市门户导航下挖 2026-10
gov:wenxian.gov.cn,gov,温县,https://wenxian.gov.cn/,wenxian.gov.cn,unprobed,,,县,枚举:豫鄂湘粤桂琼川黔滇 区县/市门户导航下挖 2026-10
gov:wfqzf.gov.cn,gov,文峰区,https://wfqzf.gov.cn/,wfqzf.gov.cn,unprobed,,,市辖区,枚举:豫鄂湘粤桂琼川黔滇 区县/市门户导航下挖 2026-10
gov:whxinzhou.gov.cn,gov,新洲区,https://whxinzhou.gov.cn/,whxinzhou.gov.cn,unprobed,,,市辖区,枚举:豫鄂湘粤桂琼川黔滇 区县/市门户导航下挖 2026-10
gov:wolong.gov.cn,gov,卧龙区,https://wolong.gov.cn/,wolong.gov.cn,unprobed,,,市辖区,枚举:豫鄂湘粤桂琼川黔滇 区县/市门户导航下挖 2026-10
gov:wschina.gov.cn,gov,尉氏县,https://wschina.gov.cn/,wschina.gov.cn,unprobed,,,县,枚举:豫鄂湘粤桂琼川黔滇 区县/市门户导航下挖 2026-10
gov:wtq.gov.cn,gov,五通桥区,https://wtq.gov.cn/,wtq.gov.cn,unprobed,,,市辖区,枚举:豫鄂湘粤桂琼川黔滇 区县/市门户导航下挖 2026-10
gov:wuchang.gov.cn,gov,武昌区,https://wuchang.gov.cn/,wuchang.gov.cn,unprobed,,,市辖区,枚举:豫鄂湘粤桂琼川黔滇 区县/市门户导航下挖 2026-10
gov:wugang.gov.cn,gov,武冈市,https://wugang.gov.cn/,wugang.gov.cn,unprobed,,,县级市,枚举:豫鄂湘粤桂琼川黔滇 区县/市门户导航下挖 2026-10
gov:wuhua.gov.cn,gov,五华县,https://wuhua.gov.cn/,wuhua.gov.cn,unprobed,,,县,枚举:豫鄂湘粤桂琼川黔滇 区县/市门户导航下挖 2026-10
gov:wuling.gov.cn,gov,武陵区,https://wuling.gov.cn/,wuling.gov.cn,unprobed,,,市辖区,枚举:豫鄂湘粤桂琼川黔滇 区县/市门户导航下挖 2026-10
gov:wusheng.gov.cn,gov,武胜县,https://wusheng.gov.cn/,wusheng.gov.cn,unprobed,,,县,枚举:豫鄂湘粤桂琼川黔滇 区县/市门户导航下挖 2026-10
gov:wuxuan.gov.cn,gov,武宣县,https://wuxuan.gov.cn/,wuxuan.gov.cn,unprobed,,,县,枚举:豫鄂湘粤桂琼川黔滇 区县/市门户导航下挖 2026-10
gov:wuxue.gov.cn,gov,武穴市,https://wuxue.gov.cn/,wuxue.gov.cn,unprobed,,,县级市,枚举:豫鄂湘粤桂琼川黔滇 区县/市门户导航下挖 2026-10
gov:wuyang.gov.cn,gov,舞阳县,https://wuyang.gov.cn/,wuyang.gov.cn,unprobed,,,县,枚举:豫鄂湘粤桂琼川黔滇 区县/市门户导航下挖 2026-10
gov:wuzhi.gov.cn,gov,武陟县,https://wuzhi.gov.cn/,wuzhi.gov.cn,unprobed,,,县,枚举:豫鄂湘粤桂琼川黔滇 区县/市门户导航下挖 2026-10
gov:www.abazhou.gov.cn,gov,阿坝州,http://www.abazhou.gov.cn/,www.abazhou.gov.cn,unprobed,,,地级市门户,枚举:豫鄂湘粤桂琼川黔滇 区县/市门户导航下挖 2026-10
gov:www.anrenzf.gov.cn,gov,安仁县,http://www.anrenzf.gov.cn/,www.anrenzf.gov.cn,unprobed,,,县,枚举:豫鄂湘粤桂琼川黔滇 区县/市门户导航下挖 2026-10
gov:www.anshun.gov.cn,gov,安顺市,http://www.anshun.gov.cn/,www.anshun.gov.cn,unprobed,,,地级市门户,枚举:豫鄂湘粤桂琼川黔滇 区县/市门户导航下挖 2026-10
gov:www.anyang.gov.cn,gov,安阳市,http://www.anyang.gov.cn/,www.anyang.gov.cn,unprobed,,,地级市门户,枚举:豫鄂湘粤桂琼川黔滇 区县/市门户导航下挖 2026-10
gov:www.baise.gov.cn,gov,百色市,http://www.baise.gov.cn/,www.baise.gov.cn,unprobed,,,地级市门户,枚举:豫鄂湘粤桂琼川黔滇 区县/市门户导航下挖 2026-10
gov:www.baoshan.gov.cn,gov,保山市,http://www.baoshan.gov.cn/,www.baoshan.gov.cn,unprobed,,,地级市门户,枚举:豫鄂湘粤桂琼川黔滇 区县/市门户导航下挖 2026-10
gov:www.beihai.gov.cn,gov,北海市,http://www.beihai.gov.cn/,www.beihai.gov.cn,unprobed,,,地级市门户,枚举:豫鄂湘粤桂琼川黔滇 区县/市门户导航下挖 2026-10
gov:www.bijie.gov.cn,gov,毕节市,http://www.bijie.gov.cn/,www.bijie.gov.cn,unprobed,,,地级市门户,枚举:豫鄂湘粤桂琼川黔滇 区县/市门户导航下挖 2026-10
gov:www.bjzf.gov.cn,gov,保靖县,http://www.bjzf.gov.cn/,www.bjzf.gov.cn,unprobed,,,县,枚举:豫鄂湘粤桂琼川黔滇 区县/市门户导航下挖 2026-10
gov:www.cenxi.gov.cn,gov,岑溪市,http://www.cenxi.gov.cn/,www.cenxi.gov.cn,unprobed,,,县级市,枚举:豫鄂湘粤桂琼川黔滇 区县/市门户导航下挖 2026-10
gov:www.changde.gov.cn,gov,常德市,http://www.changde.gov.cn/,www.changde.gov.cn,unprobed,,,地级市门户,枚举:豫鄂湘粤桂琼川黔滇 区县/市门户导航下挖 2026-10
gov:www.changsha.gov.cn,gov,长沙市,http://www.changsha.gov.cn/,www.changsha.gov.cn,unprobed,,,地级市门户,枚举:豫鄂湘粤桂琼川黔滇 区县/市门户导航下挖 2026-10
gov:www.chaozhou.gov.cn,gov,潮州市,http://www.chaozhou.gov.cn/,www.chaozhou.gov.cn,unprobed,,,地级市门户,枚举:豫鄂湘粤桂琼川黔滇 区县/市门户导航下挖 2026-10
gov:www.chengdu.gov.cn,gov,成都市,http://www.chengdu.gov.cn/,www.chengdu.gov.cn,unprobed,,,地级市门户,枚举:豫鄂湘粤桂琼川黔滇 区县/市门户导航下挖 2026-10
gov:www.chongzuo.gov.cn,gov,崇左市,http://www.chongzuo.gov.cn/,www.chongzuo.gov.cn,unprobed,,,地级市门户,枚举:豫鄂湘粤桂琼川黔滇 区县/市门户导航下挖 2026-10
gov:www.chuanhui.gov.cn,gov,川汇区,https://www.chuanhui.gov.cn/,www.chuanhui.gov.cn,unprobed,,,市辖区,枚举:豫鄂湘粤桂琼川黔滇 区县/市门户导航下挖 2026-10
gov:www.cnbz.gov.cn,gov,巴中市,http://www.cnbz.gov.cn/,www.cnbz.gov.cn,unprobed,,,地级市门户,枚举:豫鄂湘粤桂琼川黔滇 区县/市门户导航下挖 2026-10
gov:www.cngy.gov.cn,gov,广元市,http://www.cngy.gov.cn/,www.cngy.gov.cn,unprobed,,,地级市门户,枚举:豫鄂湘粤桂琼川黔滇 区县/市门户导航下挖 2026-10
gov:www.cxz.gov.cn,gov,楚雄州,http://www.cxz.gov.cn/,www.cxz.gov.cn,unprobed,,,地级市门户,枚举:豫鄂湘粤桂琼川黔滇 区县/市门户导航下挖 2026-10
gov:www.czbeihu.gov.cn,gov,北湖区,http://www.czbeihu.gov.cn/,www.czbeihu.gov.cn,unprobed,,,市辖区,枚举:豫鄂湘粤桂琼川黔滇 区县/市门户导航下挖 2026-10
gov:www.czs.gov.cn,gov,郴州市,http://www.czs.gov.cn/,www.czs.gov.cn,unprobed,,,地级市门户,枚举:豫鄂湘粤桂琼川黔滇 区县/市门户导航下挖 2026-10
gov:www.dali.gov.cn,gov,大理州,https://www.dali.gov.cn/,www.dali.gov.cn,unprobed,,,地级市门户,枚举:豫鄂湘粤桂琼川黔滇 区县/市门户导航下挖 2026-10
gov:www.dancheng.gov.cn,gov,郸城县,https://www.dancheng.gov.cn/,www.dancheng.gov.cn,unprobed,,,县,枚举:豫鄂湘粤桂琼川黔滇 区县/市门户导航下挖 2026-10
gov:www.danzhou.gov.cn,gov,儋州市,https://www.danzhou.gov.cn/,www.danzhou.gov.cn,unprobed,,,地级市门户,枚举:豫鄂湘粤桂琼川黔滇 区县/市门户导航下挖 2026-10
gov:www.dazhou.gov.cn,gov,达州市,http://www.dazhou.gov.cn/,www.dazhou.gov.cn,unprobed,,,地级市门户,枚举:豫鄂湘粤桂琼川黔滇 区县/市门户导航下挖 2026-10
gov:www.deyang.gov.cn,gov,德阳市,http://www.deyang.gov.cn/,www.deyang.gov.cn,unprobed,,,地级市门户,枚举:豫鄂湘粤桂琼川黔滇 区县/市门户导航下挖 2026-10
gov:www.dg.gov.cn,gov,东莞市,http://www.dg.gov.cn/,www.dg.gov.cn,unprobed,,,地级市门户,枚举:豫鄂湘粤桂琼川黔滇 区县/市门户导航下挖 2026-10
gov:www.dh.gov.cn,gov,德宏州,http://www.dh.gov.cn/,www.dh.gov.cn,unprobed,,,地级市门户,枚举:豫鄂湘粤桂琼川黔滇 区县/市门户导航下挖 2026-10
gov:www.diqing.gov.cn,gov,迪庆州,http://www.diqing.gov.cn/,www.diqing.gov.cn,unprobed,,,地级市门户,枚举:豫鄂湘粤桂琼川黔滇 区县/市门户导航下挖 2026-10
gov:www.dx.gov.cn,gov,道县,http://www.dx.gov.cn/,www.dx.gov.cn,unprobed,,,县,枚举:豫鄂湘粤桂琼川黔滇 区县/市门户导航下挖 2026-10
gov:www.enshi.gov.cn,gov,恩施州,http://www.enshi.gov.cn/,www.enshi.gov.cn,unprobed,,,地级市门户,枚举:豫鄂湘粤桂琼川黔滇 区县/市门户导航下挖 2026-10
gov:www.ezhou.gov.cn,gov,鄂州市,http://www.ezhou.gov.cn/,www.ezhou.gov.cn,unprobed,,,地级市门户,枚举:豫鄂湘粤桂琼川黔滇 区县/市门户导航下挖 2026-10
gov:www.fcgs.gov.cn,gov,防城港市,http://www.fcgs.gov.cn/,www.fcgs.gov.cn,unprobed,,,地级市门户,枚举:豫鄂湘粤桂琼川黔滇 区县/市门户导航下挖 2026-10
gov:www.fhzf.gov.cn,gov,凤凰县,http://www.fhzf.gov.cn/,www.fhzf.gov.cn,unprobed,,,县,枚举:豫鄂湘粤桂琼川黔滇 区县/市门户导航下挖 2026-10
gov:www.foshan.gov.cn,gov,佛山市,http://www.foshan.gov.cn/,www.foshan.gov.cn,unprobed,,,地级市门户,枚举:豫鄂湘粤桂琼川黔滇 区县/市门户导航下挖 2026-10
gov:www.fugou.gov.cn,gov,扶沟县,http://www.fugou.gov.cn/,www.fugou.gov.cn,unprobed,,,县,枚举:豫鄂湘粤桂琼川黔滇 区县/市门户导航下挖 2026-10
gov:www.gdqy.gov.cn,gov,清远市,http://www.gdqy.gov.cn/,www.gdqy.gov.cn,unprobed,,,地级市门户,枚举:豫鄂湘粤桂琼川黔滇 区县/市门户导航下挖 2026-10
gov:www.gdx.gov.cn,gov,桂东县,http://www.gdx.gov.cn/,www.gdx.gov.cn,unprobed,,,县,枚举:豫鄂湘粤桂琼川黔滇 区县/市门户导航下挖 2026-10
gov:www.guang-an.gov.cn,gov,广安市,http://www.guang-an.gov.cn/,www.guang-an.gov.cn,unprobed,,,地级市门户,枚举:豫鄂湘粤桂琼川黔滇 区县/市门户导航下挖 2026-10
gov:www.guangshui.gov.cn,gov,广水市,http://www.guangshui.gov.cn/,www.guangshui.gov.cn,unprobed,,,县级市,枚举:豫鄂湘粤桂琼川黔滇 区县/市门户导航下挖 2026-10
gov:www.guilin.gov.cn,gov,桂林市,http://www.guilin.gov.cn/,www.guilin.gov.cn,unprobed,,,地级市门户,枚举:豫鄂湘粤桂琼川黔滇 区县/市门户导航下挖 2026-10
gov:www.guiyang.gov.cn,gov,贵阳市,http://www.guiyang.gov.cn/,www.guiyang.gov.cn,unprobed,,,地级市门户,枚举:豫鄂湘粤桂琼川黔滇 区县/市门户导航下挖 2026-10
gov:www.guzhang.gov.cn,gov,古丈县,http://www.guzhang.gov.cn/,www.guzhang.gov.cn,unprobed,,,县,枚举:豫鄂湘粤桂琼川黔滇 区县/市门户导航下挖 2026-10
gov:www.gxgg.gov.cn,gov,贵港市,http://www.gxgg.gov.cn/,www.gxgg.gov.cn,unprobed,,,地级市门户,枚举:豫鄂湘粤桂琼川黔滇 区县/市门户导航下挖 2026-10
gov:www.gxhz.gov.cn,gov,贺州市,http://www.gxhz.gov.cn/,www.gxhz.gov.cn,unprobed,,,地级市门户,枚举:豫鄂湘粤桂琼川黔滇 区县/市门户导航下挖 2026-10
gov:www.gz.gov.cn,gov,广州市,http://www.gz.gov.cn/,www.gz.gov.cn,unprobed,,,地级市门户,枚举:豫鄂湘粤桂琼川黔滇 区县/市门户导航下挖 2026-10
gov:www.gzbaiyun.gov.cn,gov,白云区,http://www.gzbaiyun.gov.cn/,www.gzbaiyun.gov.cn,unprobed,,,市辖区,枚举:豫鄂湘粤桂琼川黔滇 区县/市门户导航下挖 2026-10
gov:www.gzlps.gov.cn,gov,六盘水市,http://www.gzlps.gov.cn/,www.gzlps.gov.cn,unprobed,,,地级市门户,枚举:豫鄂湘粤桂琼川黔滇 区县/市门户导航下挖 2026-10
gov:www.gzz.gov.cn,gov,甘孜州,http://www.gzz.gov.cn/,www.gzz.gov.cn,unprobed,,,地级市门户,枚举:豫鄂湘粤桂琼川黔滇 区县/市门户导航下挖 2026-10
gov:www.gzzy.gov.cn,gov,紫云苗族布依族自治县,http://www.gzzy.gov.cn/,www.gzzy.gov.cn,unprobed,,,自治县,枚举:豫鄂湘粤桂琼川黔滇 区县/市门户导航下挖 2026-10
gov:www.haikou.gov.cn,gov,海口市,http://www.haikou.gov.cn/,www.haikou.gov.cn,unprobed,,,地级市门户,枚举:豫鄂湘粤桂琼川黔滇 区县/市门户导航下挖 2026-10
gov:www.hebi.gov.cn,gov,鹤壁市,http://www.hebi.gov.cn/,www.hebi.gov.cn,unprobed,,,地级市门户,枚举:豫鄂湘粤桂琼川黔滇 区县/市门户导航下挖 2026-10
gov:www.hechi.gov.cn,gov,河池市,http://www.hechi.gov.cn/,www.hechi.gov.cn,unprobed,,,地级市门户,枚举:豫鄂湘粤桂琼川黔滇 区县/市门户导航下挖 2026-10
gov:www.hengdong.gov.cn,gov,衡东县,http://www.hengdong.gov.cn/,www.hengdong.gov.cn,unprobed,,,县,枚举:豫鄂湘粤桂琼川黔滇 区县/市门户导航下挖 2026-10
gov:www.hengnan.gov.cn,gov,衡南县,http://www.hengnan.gov.cn/,www.hengnan.gov.cn,unprobed,,,县,枚举:豫鄂湘粤桂琼川黔滇 区县/市门户导航下挖 2026-10
gov:www.hengshan.gov.cn,gov,衡山县,http://www.hengshan.gov.cn/,www.hengshan.gov.cn,unprobed,,,县,枚举:豫鄂湘粤桂琼川黔滇 区县/市门户导航下挖 2026-10
gov:www.hengyang.gov.cn,gov,衡阳市,http://www.hengyang.gov.cn/,www.hengyang.gov.cn,unprobed,,,地级市门户,枚举:豫鄂湘粤桂琼川黔滇 区县/市门户导航下挖 2026-10
gov:www.hepu.gov.cn,gov,合浦县,http://www.hepu.gov.cn/,www.hepu.gov.cn,unprobed,,,县,枚举:豫鄂湘粤桂琼川黔滇 区县/市门户导航下挖 2026-10
gov:www.heyuan.gov.cn,gov,河源市,http://www.heyuan.gov.cn/,www.heyuan.gov.cn,unprobed,,,地级市门户,枚举:豫鄂湘粤桂琼川黔滇 区县/市门户导航下挖 2026-10
gov:www.hg.gov.cn,gov,黄冈市,http://www.hg.gov.cn/,www.hg.gov.cn,unprobed,,,地级市门户,枚举:豫鄂湘粤桂琼川黔滇 区县/市门户导航下挖 2026-10
gov:www.hh.gov.cn,gov,红河州,https://www.hh.gov.cn/,www.hh.gov.cn,unprobed,,,地级市门户,枚举:豫鄂湘粤桂琼川黔滇 区县/市门户导航下挖 2026-10
gov:www.hnchangning.gov.cn,gov,常宁市,http://www.hnchangning.gov.cn/,www.hnchangning.gov.cn,unprobed,,,县级市,枚举:豫鄂湘粤桂琼川黔滇 区县/市门户导航下挖 2026-10
gov:www.hngy.gov.cn,gov,桂阳县,http://www.hngy.gov.cn/,www.hngy.gov.cn,unprobed,,,县,枚举:豫鄂湘粤桂琼川黔滇 区县/市门户导航下挖 2026-10
gov:www.hnjh.gov.cn,gov,嘉禾县,http://www.hnjh.gov.cn/,www.hnjh.gov.cn,unprobed,,,县,枚举:豫鄂湘粤桂琼川黔滇 区县/市门户导航下挖 2026-10
gov:www.hnloudi.gov.cn,gov,娄底市,http://www.hnloudi.gov.cn/,www.hnloudi.gov.cn,unprobed,,,地级市门户,枚举:豫鄂湘粤桂琼川黔滇 区县/市门户导航下挖 2026-10
gov:www.hnsx.gov.cn,gov,苏仙区,http://www.hnsx.gov.cn/,www.hnsx.gov.cn,unprobed,,,市辖区,枚举:豫鄂湘粤桂琼川黔滇 区县/市门户导航下挖 2026-10
gov:www.huaihua.gov.cn,gov,怀化市,http://www.huaihua.gov.cn/,www.huaihua.gov.cn,unprobed,,,地级市门户,枚举:豫鄂湘粤桂琼川黔滇 区县/市门户导航下挖 2026-10
gov:www.huangshi.gov.cn,gov,黄石市,http://www.huangshi.gov.cn/,www.huangshi.gov.cn,unprobed,,,地级市门户,枚举:豫鄂湘粤桂琼川黔滇 区县/市门户导航下挖 2026-10
gov:www.huayuan.gov.cn,gov,花垣县,http://www.huayuan.gov.cn/,www.huayuan.gov.cn,unprobed,,,县,枚举:豫鄂湘粤桂琼川黔滇 区县/市门户导航下挖 2026-10
gov:www.huilai.gov.cn,gov,惠来县,http://www.huilai.gov.cn/,www.huilai.gov.cn,unprobed,,,县,枚举:豫鄂湘粤桂琼川黔滇 区县/市门户导航下挖 2026-10
gov:www.huizhou.gov.cn,gov,惠州市,http://www.huizhou.gov.cn/,www.huizhou.gov.cn,unprobed,,,地级市门户,枚举:豫鄂湘粤桂琼川黔滇 区县/市门户导航下挖 2026-10
gov:www.hysgq.gov.cn,gov,石鼓区,http://www.hysgq.gov.cn/,www.hysgq.gov.cn,unprobed,,,市辖区,枚举:豫鄂湘粤桂琼川黔滇 区县/市门户导航下挖 2026-10
gov:www.hyyfq.gov.cn,gov,雁峰区,http://www.hyyfq.gov.cn/,www.hyyfq.gov.cn,unprobed,,,市辖区,枚举:豫鄂湘粤桂琼川黔滇 区县/市门户导航下挖 2026-10
gov:www.hyzhq.gov.cn,gov,珠晖区,http://www.hyzhq.gov.cn/,www.hyzhq.gov.cn,unprobed,,,市辖区,枚举:豫鄂湘粤桂琼川黔滇 区县/市门户导航下挖 2026-10
gov:www.hyzww.gov.cn,gov,淮阳区,https://www.hyzww.gov.cn/,www.hyzww.gov.cn,unprobed,,,市辖区,枚举:豫鄂湘粤桂琼川黔滇 区县/市门户导航下挖 2026-10
gov:www.jiangmen.gov.cn,gov,江门市,http://www.jiangmen.gov.cn/,www.jiangmen.gov.cn,unprobed,,,地级市门户,枚举:豫鄂湘粤桂琼川黔滇 区县/市门户导航下挖 2026-10
gov:www.jiaozuo.gov.cn,gov,焦作市,http://www.jiaozuo.gov.cn/,www.jiaozuo.gov.cn,unprobed,,,地级市门户,枚举:豫鄂湘粤桂琼川黔滇 区县/市门户导航下挖 2026-10
gov:www.jieyang.gov.cn,gov,揭阳市,http://www.jieyang.gov.cn/,www.jieyang.gov.cn,unprobed,,,地级市门户,枚举:豫鄂湘粤桂琼川黔滇 区县/市门户导航下挖 2026-10
gov:www.jingmen.gov.cn,gov,荆门市,http://www.jingmen.gov.cn/,www.jingmen.gov.cn,unprobed,,,地级市门户,枚举:豫鄂湘粤桂琼川黔滇 区县/市门户导航下挖 2026-10
gov:www.jingzhou.gov.cn,gov,荆州市,http://www.jingzhou.gov.cn/,www.jingzhou.gov.cn,unprobed,,,地级市门户,枚举:豫鄂湘粤桂琼川黔滇 区县/市门户导航下挖 2026-10
gov:www.jishou.gov.cn,gov,吉首市,http://www.jishou.gov.cn/,www.jishou.gov.cn,unprobed,,,县级市,枚举:豫鄂湘粤桂琼川黔滇 区县/市门户导航下挖 2026-10
gov:www.jiyuan.gov.cn,gov,济源市,http://www.jiyuan.gov.cn/,www.jiyuan.gov.cn,unprobed,,,地级市门户,枚举:豫鄂湘粤桂琼川黔滇 区县/市门户导航下挖 2026-10
gov:www.kaifeng.gov.cn,gov,开封市,http://www.kaifeng.gov.cn/,www.kaifeng.gov.cn,unprobed,,,地级市门户,枚举:豫鄂湘粤桂琼川黔滇 区县/市门户导航下挖 2026-10
gov:www.km.gov.cn,gov,昆明市,http://www.km.gov.cn/,www.km.gov.cn,unprobed,,,地级市门户,枚举:豫鄂湘粤桂琼川黔滇 区县/市门户导航下挖 2026-10
gov:www.laibin.gov.cn,gov,来宾市,http://www.laibin.gov.cn/,www.laibin.gov.cn,unprobed,,,地级市门户,枚举:豫鄂湘粤桂琼川黔滇 区县/市门户导航下挖 2026-10
gov:www.lcxzf.gov.cn,gov,灵川县,http://www.lcxzf.gov.cn,www.lcxzf.gov.cn,unprobed,,,县,枚举:豫鄂湘粤桂琼川黔滇 区县/市门户导航下挖 2026-10
gov:www.leiyang.gov.cn,gov,耒阳市,http://www.leiyang.gov.cn/,www.leiyang.gov.cn,unprobed,,,县级市,枚举:豫鄂湘粤桂琼川黔滇 区县/市门户导航下挖 2026-10
gov:www.leshan.gov.cn,gov,乐山市,http://www.leshan.gov.cn/,www.leshan.gov.cn,unprobed,,,地级市门户,枚举:豫鄂湘粤桂琼川黔滇 区县/市门户导航下挖 2026-10
gov:www.lijiang.gov.cn,gov,丽江市,http://www.lijiang.gov.cn/,www.lijiang.gov.cn,unprobed,,,地级市门户,枚举:豫鄂湘粤桂琼川黔滇 区县/市门户导航下挖 2026-10
gov:www.lincang.gov.cn,gov,临沧市,http://www.lincang.gov.cn/,www.lincang.gov.cn,unprobed,,,地级市门户,枚举:豫鄂湘粤桂琼川黔滇 区县/市门户导航下挖 2026-10
gov:www.liuzhou.gov.cn,gov,柳州市,http://www.liuzhou.gov.cn/,www.liuzhou.gov.cn,unprobed,,,地级市门户,枚举:豫鄂湘粤桂琼川黔滇 区县/市门户导航下挖 2026-10
gov:www.lsz.gov.cn,gov,凉山州,http://www.lsz.gov.cn/,www.lsz.gov.cn,unprobed,,,地级市门户,枚举:豫鄂湘粤桂琼川黔滇 区县/市门户导航下挖 2026-10
gov:www.luohe.gov.cn,gov,漯河市,http://www.luohe.gov.cn/,www.luohe.gov.cn,unprobed,,,地级市门户,枚举:豫鄂湘粤桂琼川黔滇 区县/市门户导航下挖 2026-10
gov:www.luyi.gov.cn,gov,鹿邑县,http://www.luyi.gov.cn/portal/index.htm,www.luyi.gov.cn,unprobed,,,县,枚举:豫鄂湘粤桂琼川黔滇 区县/市门户导航下挖 2026-10
gov:www.luzhou.gov.cn,gov,泸州市,http://www.luzhou.gov.cn/,www.luzhou.gov.cn,unprobed,,,地级市门户,枚举:豫鄂湘粤桂琼川黔滇 区县/市门户导航下挖 2026-10
gov:www.lwx.gov.cn,gov,临武县,http://www.lwx.gov.cn/,www.lwx.gov.cn,unprobed,,,县,枚举:豫鄂湘粤桂琼川黔滇 区县/市门户导航下挖 2026-10
gov:www.lxx.gov.cn,gov,泸溪县,http://www.lxx.gov.cn/,www.lxx.gov.cn,unprobed,,,县,枚举:豫鄂湘粤桂琼川黔滇 区县/市门户导航下挖 2026-10
gov:www.ly.gov.cn,gov,洛阳市,http://www.ly.gov.cn/,www.ly.gov.cn,unprobed,,,地级市门户,枚举:豫鄂湘粤桂琼川黔滇 区县/市门户导航下挖 2026-10
gov:www.maoming.gov.cn,gov,茂名市,http://www.maoming.gov.cn/,www.maoming.gov.cn,unprobed,,,地级市门户,枚举:豫鄂湘粤桂琼川黔滇 区县/市门户导航下挖 2026-10
gov:www.meizhou.gov.cn,gov,梅州市,http://www.meizhou.gov.cn/,www.meizhou.gov.cn,unprobed,,,地级市门户,枚举:豫鄂湘粤桂琼川黔滇 区县/市门户导航下挖 2026-10
gov:www.mianyang.gov.cn,gov,绵阳市,http://www.mianyang.gov.cn/,www.mianyang.gov.cn,unprobed,,,地级市门户,枚举:豫鄂湘粤桂琼川黔滇 区县/市门户导航下挖 2026-10
gov:www.ms.gov.cn,gov,眉山市,http://www.ms.gov.cn/,www.ms.gov.cn,unprobed,,,地级市门户,枚举:豫鄂湘粤桂琼川黔滇 区县/市门户导航下挖 2026-10
gov:www.nanchong.gov.cn,gov,南充市,http://www.nanchong.gov.cn/,www.nanchong.gov.cn,unprobed,,,地级市门户,枚举:豫鄂湘粤桂琼川黔滇 区县/市门户导航下挖 2026-10
gov:www.nanning.gov.cn,gov,南宁市,http://www.nanning.gov.cn/,www.nanning.gov.cn,unprobed,,,地级市门户,枚举:豫鄂湘粤桂琼川黔滇 区县/市门户导航下挖 2026-10
gov:www.nanyang.gov.cn,gov,南阳市,http://www.nanyang.gov.cn/,www.nanyang.gov.cn,unprobed,,,地级市门户,枚举:豫鄂湘粤桂琼川黔滇 区县/市门户导航下挖 2026-10
gov:www.nanyue.gov.cn,gov,南岳区,http://www.nanyue.gov.cn/,www.nanyue.gov.cn,unprobed,,,市辖区,枚举:豫鄂湘粤桂琼川黔滇 区县/市门户导航下挖 2026-10
gov:www.neijiang.gov.cn,gov,内江市,http://www.neijiang.gov.cn/,www.neijiang.gov.cn,unprobed,,,地级市门户,枚举:豫鄂湘粤桂琼川黔滇 区县/市门户导航下挖 2026-10
gov:www.nnms.gov.cn,gov,马山县,http://www.nnms.gov.cn/,www.nnms.gov.cn,unprobed,,,县,枚举:豫鄂湘粤桂琼川黔滇 区县/市门户导航下挖 2026-10
gov:www.nujiang.gov.cn,gov,怒江州,http://www.nujiang.gov.cn/,www.nujiang.gov.cn,unprobed,,,地级市门户,枚举:豫鄂湘粤桂琼川黔滇 区县/市门户导航下挖 2026-10
gov:www.nyx.gov.cn,gov,宁远县,http://www.nyx.gov.cn/,www.nyx.gov.cn,unprobed,,,县,枚举:豫鄂湘粤桂琼川黔滇 区县/市门户导航下挖 2026-10
gov:www.panzhihua.gov.cn,gov,攀枝花市,http://www.panzhihua.gov.cn/,www.panzhihua.gov.cn,unprobed,,,地级市门户,枚举:豫鄂湘粤桂琼川黔滇 区县/市门户导航下挖 2026-10
gov:www.pds.gov.cn,gov,平顶山市,http://www.pds.gov.cn/,www.pds.gov.cn,unprobed,,,地级市门户,枚举:豫鄂湘粤桂琼川黔滇 区县/市门户导航下挖 2026-10
gov:www.puershi.gov.cn,gov,普洱市,https://www.puershi.gov.cn/,www.puershi.gov.cn,unprobed,,,地级市门户,枚举:豫鄂湘粤桂琼川黔滇 区县/市门户导航下挖 2026-10
gov:www.puyang.gov.cn,gov,濮阳市,http://www.puyang.gov.cn/,www.puyang.gov.cn,unprobed,,,地级市门户,枚举:豫鄂湘粤桂琼川黔滇 区县/市门户导航下挖 2026-10
gov:www.qdn.gov.cn,gov,黔东南州,http://www.qdn.gov.cn/,www.qdn.gov.cn,unprobed,,,地级市门户,枚举:豫鄂湘粤桂琼川黔滇 区县/市门户导航下挖 2026-10
gov:www.qdx.gov.cn,gov,祁东县,http://www.qdx.gov.cn/,www.qdx.gov.cn,unprobed,,,县,枚举:豫鄂湘粤桂琼川黔滇 区县/市门户导航下挖 2026-10
gov:www.qiannan.gov.cn,gov,黔南州,http://www.qiannan.gov.cn/,www.qiannan.gov.cn,unprobed,,,地级市门户,枚举:豫鄂湘粤桂琼川黔滇 区县/市门户导航下挖 2026-10
gov:www.qinzhou.gov.cn,gov,钦州市,http://www.qinzhou.gov.cn/,www.qinzhou.gov.cn,unprobed,,,地级市门户,枚举:豫鄂湘粤桂琼川黔滇 区县/市门户导航下挖 2026-10
gov:www.qj.gov.cn,gov,曲靖市,http://www.qj.gov.cn/,www.qj.gov.cn,unprobed,,,地级市门户,枚举:豫鄂湘粤桂琼川黔滇 区县/市门户导航下挖 2026-10
gov:www.qxn.gov.cn,gov,黔西南州,http://www.qxn.gov.cn/,www.qxn.gov.cn,unprobed,,,地级市门户,枚举:豫鄂湘粤桂琼川黔滇 区县/市门户导航下挖 2026-10
gov:www.qy.gov.cn,gov,祁阳市,http://www.qy.gov.cn/,www.qy.gov.cn,unprobed,,,县级市,枚举:豫鄂湘粤桂琼川黔滇 区县/市门户导航下挖 2026-10
gov:www.rc.gov.cn,gov,汝城县,http://www.rc.gov.cn/,www.rc.gov.cn,unprobed,,,县,枚举:豫鄂湘粤桂琼川黔滇 区县/市门户导航下挖 2026-10
gov:www.sansha.gov.cn,gov,三沙市,http://www.sansha.gov.cn/,www.sansha.gov.cn,unprobed,,,地级市门户,枚举:豫鄂湘粤桂琼川黔滇 区县/市门户导航下挖 2026-10
gov:www.sanya.gov.cn,gov,三亚市,http://www.sanya.gov.cn/,www.sanya.gov.cn,unprobed,,,地级市门户,枚举:豫鄂湘粤桂琼川黔滇 区县/市门户导航下挖 2026-10
gov:www.sg.gov.cn,gov,韶关市,http://www.sg.gov.cn/,www.sg.gov.cn,unprobed,,,地级市门户,枚举:豫鄂湘粤桂琼川黔滇 区县/市门户导航下挖 2026-10
gov:www.shangqiu.gov.cn,gov,商丘市,http://www.shangqiu.gov.cn/,www.shangqiu.gov.cn,unprobed,,,地级市门户,枚举:豫鄂湘粤桂琼川黔滇 区县/市门户导航下挖 2026-10
gov:www.shangshui.gov.cn,gov,商水县,https://www.shangshui.gov.cn/,www.shangshui.gov.cn,unprobed,,,县,枚举:豫鄂湘粤桂琼川黔滇 区县/市门户导航下挖 2026-10
gov:www.shantou.gov.cn,gov,汕头市,http://www.shantou.gov.cn/,www.shantou.gov.cn,unprobed,,,地级市门户,枚举:豫鄂湘粤桂琼川黔滇 区县/市门户导航下挖 2026-10
gov:www.shanwei.gov.cn,gov,汕尾市,http://www.shanwei.gov.cn/,www.shanwei.gov.cn,unprobed,,,地级市门户,枚举:豫鄂湘粤桂琼川黔滇 区县/市门户导航下挖 2026-10
gov:www.shaoyang.gov.cn,gov,邵阳市,https://www.shaoyang.gov.cn/,www.shaoyang.gov.cn,unprobed,,,地级市门户,枚举:豫鄂湘粤桂琼川黔滇 区县/市门户导航下挖 2026-10
gov:www.shiyan.gov.cn,gov,十堰市,http://www.shiyan.gov.cn/,www.shiyan.gov.cn,unprobed,,,地级市门户,枚举:豫鄂湘粤桂琼川黔滇 区县/市门户导航下挖 2026-10
gov:www.smx.gov.cn,gov,三门峡市,http://www.smx.gov.cn/,www.smx.gov.cn,unprobed,,,地级市门户,枚举:豫鄂湘粤桂琼川黔滇 区县/市门户导航下挖 2026-10
gov:www.sp.gov.cn,gov,双牌县,http://www.sp.gov.cn/,www.sp.gov.cn,unprobed,,,县,枚举:豫鄂湘粤桂琼川黔滇 区县/市门户导航下挖 2026-10
gov:www.suining.gov.cn,gov,遂宁市,http://www.suining.gov.cn/,www.suining.gov.cn,unprobed,,,地级市门户,枚举:豫鄂湘粤桂琼川黔滇 区县/市门户导航下挖 2026-10
gov:www.suizhou.gov.cn,gov,随州市,http://www.suizhou.gov.cn/,www.suizhou.gov.cn,unprobed,,,地级市门户,枚举:豫鄂湘粤桂琼川黔滇 区县/市门户导航下挖 2026-10
gov:www.sz.gov.cn,gov,深圳市,http://www.sz.gov.cn/,www.sz.gov.cn,unprobed,,,地级市门户,枚举:豫鄂湘粤桂琼川黔滇 区县/市门户导航下挖 2026-10
gov:www.taikang.gov.cn,gov,太康县,http://www.taikang.gov.cn/,www.taikang.gov.cn,unprobed,,,县,枚举:豫鄂湘粤桂琼川黔滇 区县/市门户导航下挖 2026-10
gov:www.trs.gov.cn,gov,铜仁市,http://www.trs.gov.cn/,www.trs.gov.cn,unprobed,,,地级市门户,枚举:豫鄂湘粤桂琼川黔滇 区县/市门户导航下挖 2026-10
gov:www.wuhan.gov.cn,gov,武汉市,http://www.wuhan.gov.cn/,www.wuhan.gov.cn,unprobed,,,地级市门户,枚举:豫鄂湘粤桂琼川黔滇 区县/市门户导航下挖 2026-10
gov:www.wuzhou.gov.cn,gov,梧州市,http://www.wuzhou.gov.cn/,www.wuzhou.gov.cn,unprobed,,,地级市门户,枚举:豫鄂湘粤桂琼川黔滇 区县/市门户导航下挖 2026-10
gov:www.xiangcheng.gov.cn,gov,项城市,http://www.xiangcheng.gov.cn/,www.xiangcheng.gov.cn,unprobed,,,县级市,枚举:豫鄂湘粤桂琼川黔滇 区县/市门户导航下挖 2026-10
gov:www.xiangtan.gov.cn,gov,湘潭市,http://www.xiangtan.gov.cn/,www.xiangtan.gov.cn,unprobed,,,地级市门户,枚举:豫鄂湘粤桂琼川黔滇 区县/市门户导航下挖 2026-10
gov:www.xiangyang.gov.cn,gov,襄阳市,http://www.xiangyang.gov.cn/,www.xiangyang.gov.cn,unprobed,,,地级市门户,枚举:豫鄂湘粤桂琼川黔滇 区县/市门户导航下挖 2026-10
gov:www.xianning.gov.cn,gov,咸宁市,http://www.xianning.gov.cn/,www.xianning.gov.cn,unprobed,,,地级市门户,枚举:豫鄂湘粤桂琼川黔滇 区县/市门户导航下挖 2026-10
gov:www.xiaogan.gov.cn,gov,孝感市,http://www.xiaogan.gov.cn/,www.xiaogan.gov.cn,unprobed,,,地级市门户,枚举:豫鄂湘粤桂琼川黔滇 区县/市门户导航下挖 2026-10
gov:www.xinning.gov.cn,gov,新宁县,http://www.xinning.gov.cn/,www.xinning.gov.cn,unprobed,,,县,枚举:豫鄂湘粤桂琼川黔滇 区县/市门户导航下挖 2026-10
gov:www.xinxiang.gov.cn,gov,新乡市,http://www.xinxiang.gov.cn/,www.xinxiang.gov.cn,unprobed,,,地级市门户,枚举:豫鄂湘粤桂琼川黔滇 区县/市门户导航下挖 2026-10
gov:www.xinyang.gov.cn,gov,信阳市,http://www.xinyang.gov.cn/,www.xinyang.gov.cn,unprobed,,,地级市门户,枚举:豫鄂湘粤桂琼川黔滇 区县/市门户导航下挖 2026-10
gov:www.xsbn.gov.cn,gov,西双版纳州,http://www.xsbn.gov.cn/,www.xsbn.gov.cn,unprobed,,,地级市门户,枚举:豫鄂湘粤桂琼川黔滇 区县/市门户导航下挖 2026-10
gov:www.xt.gov.cn,gov,新田县,http://www.xt.gov.cn/,www.xt.gov.cn,unprobed,,,县,枚举:豫鄂湘粤桂琼川黔滇 区县/市门户导航下挖 2026-10
gov:www.xuchang.gov.cn,gov,许昌市,http://www.xuchang.gov.cn/,www.xuchang.gov.cn,unprobed,,,地级市门户,枚举:豫鄂湘粤桂琼川黔滇 区县/市门户导航下挖 2026-10
gov:www.xxls.gov.cn,gov,龙山县,http://www.xxls.gov.cn/,www.xxls.gov.cn,unprobed,,,县,枚举:豫鄂湘粤桂琼川黔滇 区县/市门户导航下挖 2026-10
gov:www.xxz.gov.cn,gov,湘西州,http://www.xxz.gov.cn/,www.xxz.gov.cn,unprobed,,,地级市门户,枚举:豫鄂湘粤桂琼川黔滇 区县/市门户导航下挖 2026-10
gov:www.yaan.gov.cn,gov,雅安市,http://www.yaan.gov.cn/,www.yaan.gov.cn,unprobed,,,地级市门户,枚举:豫鄂湘粤桂琼川黔滇 区县/市门户导航下挖 2026-10
gov:www.yangjiang.gov.cn,gov,阳江市,http://www.yangjiang.gov.cn/,www.yangjiang.gov.cn,unprobed,,,地级市门户,枚举:豫鄂湘粤桂琼川黔滇 区县/市门户导航下挖 2026-10
gov:www.yibin.gov.cn,gov,宜宾市,http://www.yibin.gov.cn/,www.yibin.gov.cn,unprobed,,,地级市门户,枚举:豫鄂湘粤桂琼川黔滇 区县/市门户导航下挖 2026-10
gov:www.yichang.gov.cn,gov,宜昌市,http://www.yichang.gov.cn/,www.yichang.gov.cn,unprobed,,,地级市门户,枚举:豫鄂湘粤桂琼川黔滇 区县/市门户导航下挖 2026-10
gov:www.yiyang.gov.cn,gov,益阳市,http://www.yiyang.gov.cn/,www.yiyang.gov.cn,unprobed,,,地级市门户,枚举:豫鄂湘粤桂琼川黔滇 区县/市门户导航下挖 2026-10
gov:www.yn.gov.cn,gov,勐腊县,https://www.yn.gov.cn/,www.yn.gov.cn,unprobed,,,无独立站（挂靠省门户）,枚举:豫鄂湘粤桂琼川黔滇 区县/市门户导航下挖 2026-10
gov:www.ynws.gov.cn,gov,文山州,http://www.ynws.gov.cn/,www.ynws.gov.cn,unprobed,,,地级市门户,枚举:豫鄂湘粤桂琼川黔滇 区县/市门户导航下挖 2026-10
gov:www.ysx.gov.cn,gov,永顺县,http://www.ysx.gov.cn/,www.ysx.gov.cn,unprobed,,,县,枚举:豫鄂湘粤桂琼川黔滇 区县/市门户导航下挖 2026-10
gov:www.yueyang.gov.cn,gov,岳阳市,http://www.yueyang.gov.cn/,www.yueyang.gov.cn,unprobed,,,地级市门户,枚举:豫鄂湘粤桂琼川黔滇 区县/市门户导航下挖 2026-10
gov:www.yulin.gov.cn,gov,玉林市,http://www.yulin.gov.cn/,www.yulin.gov.cn,unprobed,,,地级市门户,枚举:豫鄂湘粤桂琼川黔滇 区县/市门户导航下挖 2026-10
gov:www.yunfu.gov.cn,gov,云浮市,http://www.yunfu.gov.cn/,www.yunfu.gov.cn,unprobed,,,地级市门户,枚举:豫鄂湘粤桂琼川黔滇 区县/市门户导航下挖 2026-10
gov:www.yunmeng.gov.cn,gov,云梦县,http://www.yunmeng.gov.cn/,www.yunmeng.gov.cn,unprobed,,,县,枚举:豫鄂湘粤桂琼川黔滇 区县/市门户导航下挖 2026-10
gov:www.yuxi.gov.cn,gov,玉溪市,http://www.yuxi.gov.cn/,www.yuxi.gov.cn,unprobed,,,地级市门户,枚举:豫鄂湘粤桂琼川黔滇 区县/市门户导航下挖 2026-10
gov:www.yxx.gov.cn,gov,永兴县,http://www.yxx.gov.cn/,www.yxx.gov.cn,unprobed,,,县,枚举:豫鄂湘粤桂琼川黔滇 区县/市门户导航下挖 2026-10
gov:www.yzcity.gov.cn,gov,永州市,http://www.yzcity.gov.cn/,www.yzcity.gov.cn,unprobed,,,地级市门户,枚举:豫鄂湘粤桂琼川黔滇 区县/市门户导航下挖 2026-10
gov:www.yzx.gov.cn,gov,宜章县,http://www.yzx.gov.cn/,www.yzx.gov.cn,unprobed,,,县,枚举:豫鄂湘粤桂琼川黔滇 区县/市门户导航下挖 2026-10
gov:www.zg.gov.cn,gov,自贡市,http://www.zg.gov.cn/,www.zg.gov.cn,unprobed,,,地级市门户,枚举:豫鄂湘粤桂琼川黔滇 区县/市门户导航下挖 2026-10
gov:www.zgsuixian.gov.cn,gov,随县,http://www.zgsuixian.gov.cn/,www.zgsuixian.gov.cn,unprobed,,,县,枚举:豫鄂湘粤桂琼川黔滇 区县/市门户导航下挖 2026-10
gov:www.zhanjiang.gov.cn,gov,湛江市,http://www.zhanjiang.gov.cn/,www.zhanjiang.gov.cn,unprobed,,,地级市门户,枚举:豫鄂湘粤桂琼川黔滇 区县/市门户导航下挖 2026-10
gov:www.zhaoqing.gov.cn,gov,肇庆市,http://www.zhaoqing.gov.cn/,www.zhaoqing.gov.cn,unprobed,,,地级市门户,枚举:豫鄂湘粤桂琼川黔滇 区县/市门户导航下挖 2026-10
gov:www.zhengxiang.gov.cn,gov,蒸湘区,http://www.zhengxiang.gov.cn/,www.zhengxiang.gov.cn,unprobed,,,市辖区,枚举:豫鄂湘粤桂琼川黔滇 区县/市门户导航下挖 2026-10
gov:www.zhengzhou.gov.cn,gov,郑州市,http://www.zhengzhou.gov.cn/,www.zhengzhou.gov.cn,unprobed,,,地级市门户,枚举:豫鄂湘粤桂琼川黔滇 区县/市门户导航下挖 2026-10
gov:www.zhoukou.gov.cn,gov,周口市,http://www.zhoukou.gov.cn/,www.zhoukou.gov.cn,unprobed,,,地级市门户,枚举:豫鄂湘粤桂琼川黔滇 区县/市门户导航下挖 2026-10
gov:www.zhuhai.gov.cn,gov,珠海市,http://www.zhuhai.gov.cn/,www.zhuhai.gov.cn,unprobed,,,地级市门户,枚举:豫鄂湘粤桂琼川黔滇 区县/市门户导航下挖 2026-10
gov:www.zhuzhou.gov.cn,gov,株洲市,http://www.zhuzhou.gov.cn/,www.zhuzhou.gov.cn,unprobed,,,地级市门户,枚举:豫鄂湘粤桂琼川黔滇 区县/市门户导航下挖 2026-10
gov:www.zixing.gov.cn,gov,资兴市,http://www.zixing.gov.cn/,www.zixing.gov.cn,unprobed,,,县级市,枚举:豫鄂湘粤桂琼川黔滇 区县/市门户导航下挖 2026-10
gov:www.ziyang.gov.cn,gov,资阳市,http://www.ziyang.gov.cn/,www.ziyang.gov.cn,unprobed,,,地级市门户,枚举:豫鄂湘粤桂琼川黔滇 区县/市门户导航下挖 2026-10
gov:www.zjj.gov.cn,gov,张家界市,http://www.zjj.gov.cn/,www.zjj.gov.cn,unprobed,,,地级市门户,枚举:豫鄂湘粤桂琼川黔滇 区县/市门户导航下挖 2026-10
gov:www.zmd.gov.cn,gov,驻马店市,http://www.zmd.gov.cn/,www.zmd.gov.cn,unprobed,,,地级市门户,枚举:豫鄂湘粤桂琼川黔滇 区县/市门户导航下挖 2026-10
gov:www.zs.gov.cn,gov,中山市,http://www.zs.gov.cn/,www.zs.gov.cn,unprobed,,,地级市门户,枚举:豫鄂湘粤桂琼川黔滇 区县/市门户导航下挖 2026-10
gov:www.zt.gov.cn,gov,昭通市,http://www.zt.gov.cn/,www.zt.gov.cn,unprobed,,,地级市门户,枚举:豫鄂湘粤桂琼川黔滇 区县/市门户导航下挖 2026-10
gov:www.zunyi.gov.cn,gov,遵义市,http://www.zunyi.gov.cn/,www.zunyi.gov.cn,unprobed,,,地级市门户,枚举:豫鄂湘粤桂琼川黔滇 区县/市门户导航下挖 2026-10
gov:wzczq.gov.cn,gov,长洲区,https://wzczq.gov.cn/,wzczq.gov.cn,unprobed,,,市辖区,枚举:豫鄂湘粤桂琼川黔滇 区县/市门户导航下挖 2026-10
gov:wzlxq.gov.cn,gov,龙圩区,https://wzlxq.gov.cn/,wzlxq.gov.cn,unprobed,,,市辖区,枚举:豫鄂湘粤桂琼川黔滇 区县/市门户导航下挖 2026-10
gov:wzs.hainan.gov.cn,gov,五指山市,http://wzs.hainan.gov.cn/wzs/zjwzs/zjwc.shtml,wzs.hainan.gov.cn,unprobed,,,县级市,枚举:豫鄂湘粤桂琼川黔滇 区县/市门户导航下挖 2026-10
gov:wzwxq.gov.cn,gov,万秀区,https://wzwxq.gov.cn/,wzwxq.gov.cn,unprobed,,,市辖区,枚举:豫鄂湘粤桂琼川黔滇 区县/市门户导航下挖 2026-10
gov:xazf.gov.cn,gov,兴安县,https://xazf.gov.cn/,xazf.gov.cn,unprobed,,,县,枚举:豫鄂湘粤桂琼川黔滇 区县/市门户导航下挖 2026-10
gov:xcx.gov.cn,gov,乡城县,https://xcx.gov.cn/,xcx.gov.cn,unprobed,,,县,枚举:豫鄂湘粤桂琼川黔滇 区县/市门户导航下挖 2026-10
gov:xczw.gov.cn,gov,西畴县,https://xczw.gov.cn/,xczw.gov.cn,unprobed,,,县,枚举:豫鄂湘粤桂琼川黔滇 区县/市门户导航下挖 2026-10
gov:xe.gov.cn,gov,宣恩县,https://xe.gov.cn/,xe.gov.cn,unprobed,,,县,枚举:豫鄂湘粤桂琼川黔滇 区县/市门户导航下挖 2026-10
gov:xialuqu.gov.cn,gov,下陆区,https://xialuqu.gov.cn/,xialuqu.gov.cn,unprobed,,,市辖区,枚举:豫鄂湘粤桂琼川黔滇 区县/市门户导航下挖 2026-10
gov:xianan.gov.cn,gov,咸安区,https://xianan.gov.cn/,xianan.gov.cn,unprobed,,,市辖区,枚举:豫鄂湘粤桂琼川黔滇 区县/市门户导航下挖 2026-10
gov:xianfeng.gov.cn,gov,咸丰县,https://xianfeng.gov.cn/,xianfeng.gov.cn,unprobed,,,县,枚举:豫鄂湘粤桂琼川黔滇 区县/市门户导航下挖 2026-10
gov:xiangchengxian.gov.cn,gov,襄城县,https://xiangchengxian.gov.cn/,xiangchengxian.gov.cn,unprobed,,,县,枚举:豫鄂湘粤桂琼川黔滇 区县/市门户导航下挖 2026-10
gov:xiangfuqu.gov.cn,gov,祥符区,https://xiangfuqu.gov.cn/,xiangfuqu.gov.cn,unprobed,,,市辖区,枚举:豫鄂湘粤桂琼川黔滇 区县/市门户导航下挖 2026-10
gov:xianggelila.gov.cn,gov,香格里拉市,https://xianggelila.gov.cn/,xianggelila.gov.cn,unprobed,,,县级市,枚举:豫鄂湘粤桂琼川黔滇 区县/市门户导航下挖 2026-10
gov:xiangqiao.gov.cn,gov,湘桥区,https://xiangqiao.gov.cn/,xiangqiao.gov.cn,unprobed,,,市辖区,枚举:豫鄂湘粤桂琼川黔滇 区县/市门户导航下挖 2026-10
gov:xiangtan.gov.cn,gov,湘潭县,https://xiangtan.gov.cn/,xiangtan.gov.cn,unprobed,,,县,枚举:豫鄂湘粤桂琼川黔滇 区县/市门户导航下挖 2026-10
gov:xiangyin.gov.cn,gov,湘阴县,https://xiangyin.gov.cn/,xiangyin.gov.cn,unprobed,,,县,枚举:豫鄂湘粤桂琼川黔滇 区县/市门户导航下挖 2026-10
gov:xiangyun.gov.cn,gov,祥云县,https://xiangyun.gov.cn/,xiangyun.gov.cn,unprobed,,,县,枚举:豫鄂湘粤桂琼川黔滇 区县/市门户导航下挖 2026-10
gov:xiangzhou.gov.cn,gov,象州县,https://xiangzhou.gov.cn/,xiangzhou.gov.cn,unprobed,,,县,枚举:豫鄂湘粤桂琼川黔滇 区县/市门户导航下挖 2026-10
gov:xiantao.gov.cn,gov,仙桃市,https://xiantao.gov.cn/,xiantao.gov.cn,unprobed,,,县级市,枚举:豫鄂湘粤桂琼川黔滇 区县/市门户导航下挖 2026-10
gov:xiaochang.gov.cn,gov,孝昌县,https://xiaochang.gov.cn/,xiaochang.gov.cn,unprobed,,,县,枚举:豫鄂湘粤桂琼川黔滇 区县/市门户导航下挖 2026-10
gov:xiaojin.gov.cn,gov,小金县,https://xiaojin.gov.cn/,xiaojin.gov.cn,unprobed,,,县,枚举:豫鄂湘粤桂琼川黔滇 区县/市门户导航下挖 2026-10
gov:xiaonan.gov.cn,gov,孝南区,https://xiaonan.gov.cn/,xiaonan.gov.cn,unprobed,,,市辖区,枚举:豫鄂湘粤桂琼川黔滇 区县/市门户导航下挖 2026-10
gov:xiaoting.gov.cn,gov,猇亭区,https://xiaoting.gov.cn/,xiaoting.gov.cn,unprobed,,,市辖区,枚举:豫鄂湘粤桂琼川黔滇 区县/市门户导航下挖 2026-10
gov:xiayi.gov.cn,gov,夏邑县,https://xiayi.gov.cn/,xiayi.gov.cn,unprobed,,,县,枚举:豫鄂湘粤桂琼川黔滇 区县/市门户导航下挖 2026-10
gov:xichang.gov.cn,gov,西昌市,https://xichang.gov.cn/,xichang.gov.cn,unprobed,,,县级市,枚举:豫鄂湘粤桂琼川黔滇 区县/市门户导航下挖 2026-10
gov:xichong.gov.cn,gov,西充县,https://xichong.gov.cn/,xichong.gov.cn,unprobed,,,县,枚举:豫鄂湘粤桂琼川黔滇 区县/市门户导航下挖 2026-10
gov:xichuan.gov.cn,gov,淅川县,https://xichuan.gov.cn/,xichuan.gov.cn,unprobed,,,县,枚举:豫鄂湘粤桂琼川黔滇 区县/市门户导航下挖 2026-10
gov:xifeng.gov.cn,gov,息烽县,https://xifeng.gov.cn/,xifeng.gov.cn,unprobed,,,县,枚举:豫鄂湘粤桂琼川黔滇 区县/市门户导航下挖 2026-10
gov:xigong.gov.cn,gov,西工区,https://xigong.gov.cn/,xigong.gov.cn,unprobed,,,市辖区,枚举:豫鄂湘粤桂琼川黔滇 区县/市门户导航下挖 2026-10
gov:xihua.gov.cn,gov,西华县,https://xihua.gov.cn/,xihua.gov.cn,unprobed,,,县,枚举:豫鄂湘粤桂琼川黔滇 区县/市门户导航下挖 2026-10
gov:ximeng.gov.cn,gov,西盟佤族自治县,https://ximeng.gov.cn/,ximeng.gov.cn,unprobed,,,自治县,枚举:豫鄂湘粤桂琼川黔滇 区县/市门户导航下挖 2026-10
gov:xinan.gov.cn,gov,新安县,https://xinan.gov.cn/,xinan.gov.cn,unprobed,,,县,枚举:豫鄂湘粤桂琼川黔滇 区县/市门户导航下挖 2026-10
gov:xincai.gov.cn,gov,新蔡县,https://xincai.gov.cn/,xincai.gov.cn,unprobed,,,县,枚举:豫鄂湘粤桂琼川黔滇 区县/市门户导航下挖 2026-10
gov:xinfeng.gov.cn,gov,新丰县,https://xinfeng.gov.cn/,xinfeng.gov.cn,unprobed,,,县,枚举:豫鄂湘粤桂琼川黔滇 区县/市门户导航下挖 2026-10
gov:xingbin.gov.cn,gov,兴宾区,https://xingbin.gov.cn/,xingbin.gov.cn,unprobed,,,市辖区,枚举:豫鄂湘粤桂琼川黔滇 区县/市门户导航下挖 2026-10
gov:xingning.gov.cn,gov,兴宁市,https://xingning.gov.cn/,xingning.gov.cn,unprobed,,,县级市,枚举:豫鄂湘粤桂琼川黔滇 区县/市门户导航下挖 2026-10
gov:xingshan.gov.cn,gov,兴山县,https://xingshan.gov.cn/,xingshan.gov.cn,unprobed,,,县,枚举:豫鄂湘粤桂琼川黔滇 区县/市门户导航下挖 2026-10
gov:xingyang.gov.cn,gov,荥阳市,https://xingyang.gov.cn/,xingyang.gov.cn,unprobed,,,县级市,枚举:豫鄂湘粤桂琼川黔滇 区县/市门户导航下挖 2026-10
gov:xingye.gov.cn,gov,兴业县,https://xingye.gov.cn/,xingye.gov.cn,unprobed,,,县,枚举:豫鄂湘粤桂琼川黔滇 区县/市门户导航下挖 2026-10
gov:xinhua.gov.cn,gov,新化县,https://xinhua.gov.cn/,xinhua.gov.cn,unprobed,,,县,枚举:豫鄂湘粤桂琼川黔滇 区县/市门户导航下挖 2026-10
gov:xinhuang.gov.cn,gov,新晃侗族自治县,https://xinhuang.gov.cn/,xinhuang.gov.cn,unprobed,,,自治县,枚举:豫鄂湘粤桂琼川黔滇 区县/市门户导航下挖 2026-10
gov:xinhuaqu.gov.cn,gov,新华区,https://xinhuaqu.gov.cn/,xinhuaqu.gov.cn,unprobed,,,市辖区,枚举:豫鄂湘粤桂琼川黔滇 区县/市门户导航下挖 2026-10
gov:xinhui.gov.cn,gov,新会区,https://xinhui.gov.cn/,xinhui.gov.cn,unprobed,,,市辖区,枚举:豫鄂湘粤桂琼川黔滇 区县/市门户导航下挖 2026-10
gov:xinmi.gov.cn,gov,新密市,https://xinmi.gov.cn/,xinmi.gov.cn,unprobed,,,县级市,枚举:豫鄂湘粤桂琼川黔滇 区县/市门户导航下挖 2026-10
gov:xinping.gov.cn,gov,新平彝族傣族自治县,https://xinping.gov.cn/,xinping.gov.cn,unprobed,,,自治县,枚举:豫鄂湘粤桂琼川黔滇 区县/市门户导航下挖 2026-10
gov:xinshao.gov.cn,gov,新邵县,https://xinshao.gov.cn/,xinshao.gov.cn,unprobed,,,县,枚举:豫鄂湘粤桂琼川黔滇 区县/市门户导航下挖 2026-10
gov:xinxiang.gov.cn,gov,新乡县,https://xinxiang.gov.cn/,xinxiang.gov.cn,unprobed,,,县,枚举:豫鄂湘粤桂琼川黔滇 区县/市门户导航下挖 2026-10
gov:xinxing.gov.cn,gov,新兴县,https://xinxing.gov.cn/,xinxing.gov.cn,unprobed,,,县,枚举:豫鄂湘粤桂琼川黔滇 区县/市门户导航下挖 2026-10
gov:xinye.gov.cn,gov,新野县,https://xinye.gov.cn/,xinye.gov.cn,unprobed,,,县,枚举:豫鄂湘粤桂琼川黔滇 区县/市门户导航下挖 2026-10
gov:xinyi.gov.cn,gov,信宜市,https://xinyi.gov.cn/,xinyi.gov.cn,unprobed,,,县级市,枚举:豫鄂湘粤桂琼川黔滇 区县/市门户导航下挖 2026-10
gov:xinzheng.gov.cn,gov,新郑市,https://xinzheng.gov.cn/,xinzheng.gov.cn,unprobed,,,县级市,枚举:豫鄂湘粤桂琼川黔滇 区县/市门户导航下挖 2026-10
gov:xiping.gov.cn,gov,西平县,https://xiping.gov.cn/,xiping.gov.cn,unprobed,,,县,枚举:豫鄂湘粤桂琼川黔滇 区县/市门户导航下挖 2026-10
gov:xisaishan.gov.cn,gov,西塞山区,https://xisaishan.gov.cn/,xisaishan.gov.cn,unprobed,,,市辖区,枚举:豫鄂湘粤桂琼川黔滇 区县/市门户导航下挖 2026-10
gov:xishui.gov.cn,gov,浠水县,https://xishui.gov.cn/,xishui.gov.cn,unprobed,,,县,枚举:豫鄂湘粤桂琼川黔滇 区县/市门户导航下挖 2026-10
gov:xiuwen.gov.cn,gov,修文县,https://xiuwen.gov.cn/,xiuwen.gov.cn,unprobed,,,县,枚举:豫鄂湘粤桂琼川黔滇 区县/市门户导航下挖 2026-10
gov:xiuwu.gov.cn,gov,修武县,https://xiuwu.gov.cn/,xiuwu.gov.cn,unprobed,,,县,枚举:豫鄂湘粤桂琼川黔滇 区县/市门户导航下挖 2026-10
gov:xixia.gov.cn,gov,西峡县,https://xixia.gov.cn/,xixia.gov.cn,unprobed,,,县,枚举:豫鄂湘粤桂琼川黔滇 区县/市门户导航下挖 2026-10
gov:xixian.gov.cn,gov,息县,https://xixian.gov.cn/,xixian.gov.cn,unprobed,,,县,枚举:豫鄂湘粤桂琼川黔滇 区县/市门户导航下挖 2026-10
gov:xixiu.gov.cn,gov,西秀区,https://xixiu.gov.cn/,xixiu.gov.cn,unprobed,,,市辖区,枚举:豫鄂湘粤桂琼川黔滇 区县/市门户导航下挖 2026-10
gov:xp.gov.cn,gov,溆浦县,https://xp.gov.cn/,xp.gov.cn,unprobed,,,县,枚举:豫鄂湘粤桂琼川黔滇 区县/市门户导航下挖 2026-10
gov:xsx.gov.cn,gov,习水县,https://xsx.gov.cn/,xsx.gov.cn,unprobed,,,县,枚举:豫鄂湘粤桂琼川黔滇 区县/市门户导航下挖 2026-10
gov:xtyh.gov.cn,gov,雨湖区,https://xtyh.gov.cn/,xtyh.gov.cn,unprobed,,,市辖区,枚举:豫鄂湘粤桂琼川黔滇 区县/市门户导航下挖 2026-10
gov:xuanhan.gov.cn,gov,宣汉县,https://xuanhan.gov.cn/,xuanhan.gov.cn,unprobed,,,县,枚举:豫鄂湘粤桂琼川黔滇 区县/市门户导航下挖 2026-10
gov:xunxian.gov.cn,gov,浚县,https://xunxian.gov.cn/,xunxian.gov.cn,unprobed,,,县,枚举:豫鄂湘粤桂琼川黔滇 区县/市门户导航下挖 2026-10
gov:xuwen.gov.cn,gov,徐闻县,https://xuwen.gov.cn/,xuwen.gov.cn,unprobed,,,县,枚举:豫鄂湘粤桂琼川黔滇 区县/市门户导航下挖 2026-10
gov:xuyong.gov.cn,gov,叙永县,https://xuyong.gov.cn/,xuyong.gov.cn,unprobed,,,县,枚举:豫鄂湘粤桂琼川黔滇 区县/市门户导航下挖 2026-10
gov:xw.gov.cn,gov,宣威市,https://xw.gov.cn/,xw.gov.cn,unprobed,,,县级市,枚举:豫鄂湘粤桂琼川黔滇 区县/市门户导航下挖 2026-10
gov:xxs.gov.cn,gov,湘乡市,https://xxs.gov.cn/,xxs.gov.cn,unprobed,,,县级市,枚举:豫鄂湘粤桂琼川黔滇 区县/市门户导航下挖 2026-10
gov:xxtq.gov.cn,gov,西乡塘区,https://xxtq.gov.cn/,xxtq.gov.cn,unprobed,,,市辖区,枚举:豫鄂湘粤桂琼川黔滇 区县/市门户导航下挖 2026-10
gov:xypingqiao.gov.cn,gov,平桥区,https://xypingqiao.gov.cn/,xypingqiao.gov.cn,unprobed,,,市辖区,枚举:豫鄂湘粤桂琼川黔滇 区县/市门户导航下挖 2026-10
gov:xyqzf.haikou.gov.cn,gov,秀英区,https://xyqzf.haikou.gov.cn/,xyqzf.haikou.gov.cn,unprobed,,,市辖区,枚举:豫鄂湘粤桂琼川黔滇 区县/市门户导航下挖 2026-10
gov:yajiang.gov.cn,gov,雅江县,https://yajiang.gov.cn/,yajiang.gov.cn,unprobed,,,县,枚举:豫鄂湘粤桂琼川黔滇 区县/市门户导航下挖 2026-10
gov:yals.gov.cn,gov,芦山县,https://yals.gov.cn/,yals.gov.cn,unprobed,,,县,枚举:豫鄂湘粤桂琼川黔滇 区县/市门户导航下挖 2026-10
gov:yangbi.gov.cn,gov,漾濞彝族自治县,https://yangbi.gov.cn/,yangbi.gov.cn,unprobed,,,自治县,枚举:豫鄂湘粤桂琼川黔滇 区县/市门户导航下挖 2026-10
gov:yangchun.gov.cn,gov,阳春市,https://yangchun.gov.cn/,yangchun.gov.cn,unprobed,,,县级市,枚举:豫鄂湘粤桂琼川黔滇 区县/市门户导航下挖 2026-10
gov:yangdong.gov.cn,gov,阳东区,https://yangdong.gov.cn/,yangdong.gov.cn,unprobed,,,市辖区,枚举:豫鄂湘粤桂琼川黔滇 区县/市门户导航下挖 2026-10
gov:yangshan.gov.cn,gov,阳山县,https://yangshan.gov.cn/,yangshan.gov.cn,unprobed,,,县,枚举:豫鄂湘粤桂琼川黔滇 区县/市门户导航下挖 2026-10
gov:yangshuo.gov.cn,gov,阳朔县,https://yangshuo.gov.cn/,yangshuo.gov.cn,unprobed,,,县,枚举:豫鄂湘粤桂琼川黔滇 区县/市门户导航下挖 2026-10
gov:yangxi.gov.cn,gov,阳西县,https://yangxi.gov.cn/,yangxi.gov.cn,unprobed,,,县,枚举:豫鄂湘粤桂琼川黔滇 区县/市门户导航下挖 2026-10
gov:yanjiang.gov.cn,gov,雁江区,https://yanjiang.gov.cn/,yanjiang.gov.cn,unprobed,,,市辖区,枚举:豫鄂湘粤桂琼川黔滇 区县/市门户导航下挖 2026-10
gov:yanjin.gov.cn,gov,延津县,https://yanjin.gov.cn/,yanjin.gov.cn,unprobed,,,县,枚举:豫鄂湘粤桂琼川黔滇 区县/市门户导航下挖 2026-10
gov:yanling.gov.cn,gov,鄢陵县,https://yanling.gov.cn/,yanling.gov.cn,unprobed,,,县,枚举:豫鄂湘粤桂琼川黔滇 区县/市门户导航下挖 2026-10
gov:yanshan.gov.cn,gov,砚山县,https://yanshan.gov.cn/,yanshan.gov.cn,unprobed,,,县,枚举:豫鄂湘粤桂琼川黔滇 区县/市门户导航下挖 2026-10
gov:yanshi.gov.cn,gov,偃师区,https://yanshi.gov.cn/,yanshi.gov.cn,unprobed,,,市辖区,枚举:豫鄂湘粤桂琼川黔滇 区县/市门户导航下挖 2026-10
gov:yantian.gov.cn,gov,盐田区,https://yantian.gov.cn/,yantian.gov.cn,unprobed,,,市辖区,枚举:豫鄂湘粤桂琼川黔滇 区县/市门户导航下挖 2026-10
gov:yanting.gov.cn,gov,盐亭县,https://yanting.gov.cn/,yanting.gov.cn,unprobed,,,县,枚举:豫鄂湘粤桂琼川黔滇 区县/市门户导航下挖 2026-10
gov:yanyuan.gov.cn,gov,盐源县,https://yanyuan.gov.cn/,yanyuan.gov.cn,unprobed,,,县,枚举:豫鄂湘粤桂琼川黔滇 区县/市门户导航下挖 2026-10
gov:yaoan.gov.cn,gov,姚安县,https://yaoan.gov.cn/,yaoan.gov.cn,unprobed,,,县,枚举:豫鄂湘粤桂琼川黔滇 区县/市门户导航下挖 2026-10
gov:yayc.gov.cn,gov,雨城区,https://yayc.gov.cn/,yayc.gov.cn,unprobed,,,市辖区,枚举:豫鄂湘粤桂琼川黔滇 区县/市门户导航下挖 2026-10
gov:ybja.gov.cn,gov,江安县,https://ybja.gov.cn/,ybja.gov.cn,unprobed,,,县,枚举:豫鄂湘粤桂琼川黔滇 区县/市门户导航下挖 2026-10
gov:ybps.gov.cn,gov,屏山县,https://ybps.gov.cn/,ybps.gov.cn,unprobed,,,县,枚举:豫鄂湘粤桂琼川黔滇 区县/市门户导航下挖 2026-10
gov:ybxz.gov.cn,gov,叙州区,https://ybxz.gov.cn/,ybxz.gov.cn,unprobed,,,市辖区,枚举:豫鄂湘粤桂琼川黔滇 区县/市门户导航下挖 2026-10
gov:ycs.gov.cn,gov,永城市,https://ycs.gov.cn/,ycs.gov.cn,unprobed,,,县级市,枚举:豫鄂湘粤桂琼川黔滇 区县/市门户导航下挖 2026-10
gov:ycwjg.gov.cn,gov,伍家岗区,https://ycwjg.gov.cn/,ycwjg.gov.cn,unprobed,,,市辖区,枚举:豫鄂湘粤桂琼川黔滇 区县/市门户导航下挖 2026-10
gov:ycxl.gov.cn,gov,西陵区,https://ycxl.gov.cn/,ycxl.gov.cn,unprobed,,,市辖区,枚举:豫鄂湘粤桂琼川黔滇 区县/市门户导航下挖 2026-10
gov:yexian.gov.cn,gov,叶县,https://yexian.gov.cn/,yexian.gov.cn,unprobed,,,县,枚举:豫鄂湘粤桂琼川黔滇 区县/市门户导航下挖 2026-10
gov:yfq.gov.cn,gov,鱼峰区,https://yfq.gov.cn/,yfq.gov.cn,unprobed,,,市辖区,枚举:豫鄂湘粤桂琼川黔滇 区县/市门户导航下挖 2026-10
gov:yfyunchengqu.gov.cn,gov,云城区,https://yfyunchengqu.gov.cn/,yfyunchengqu.gov.cn,unprobed,,,市辖区,枚举:豫鄂湘粤桂琼川黔滇 区县/市门户导航下挖 2026-10
gov:yfzf.gov.cn,gov,永福县,https://yfzf.gov.cn/,yfzf.gov.cn,unprobed,,,县,枚举:豫鄂湘粤桂琼川黔滇 区县/市门户导航下挖 2026-10
gov:yichuan.gov.cn,gov,伊川县,https://yichuan.gov.cn/,yichuan.gov.cn,unprobed,,,县,枚举:豫鄂湘粤桂琼川黔滇 区县/市门户导航下挖 2026-10
gov:yidu.gov.cn,gov,宜都市,https://yidu.gov.cn/,yidu.gov.cn,unprobed,,,县级市,枚举:豫鄂湘粤桂琼川黔滇 区县/市门户导航下挖 2026-10
gov:yiling.gov.cn,gov,夷陵区,https://yiling.gov.cn/,yiling.gov.cn,unprobed,,,市辖区,枚举:豫鄂湘粤桂琼川黔滇 区县/市门户导航下挖 2026-10
gov:yilong.gov.cn,gov,仪陇县,https://yilong.gov.cn/,yilong.gov.cn,unprobed,,,县,枚举:豫鄂湘粤桂琼川黔滇 区县/市门户导航下挖 2026-10
gov:yima.gov.cn,gov,义马市,https://yima.gov.cn/,yima.gov.cn,unprobed,,,县级市,枚举:豫鄂湘粤桂琼川黔滇 区县/市门户导航下挖 2026-10
gov:yindu.gov.cn,gov,殷都区,https://yindu.gov.cn/,yindu.gov.cn,unprobed,,,市辖区,枚举:豫鄂湘粤桂琼川黔滇 区县/市门户导航下挖 2026-10
gov:yingcheng.gov.cn,gov,应城市,https://yingcheng.gov.cn/,yingcheng.gov.cn,unprobed,,,县级市,枚举:豫鄂湘粤桂琼川黔滇 区县/市门户导航下挖 2026-10
gov:yingde.gov.cn,gov,英德市,https://yingde.gov.cn/,yingde.gov.cn,unprobed,,,县级市,枚举:豫鄂湘粤桂琼川黔滇 区县/市门户导航下挖 2026-10
gov:yingjing.gov.cn,gov,荥经县,https://yingjing.gov.cn/,yingjing.gov.cn,unprobed,,,县,枚举:豫鄂湘粤桂琼川黔滇 区县/市门户导航下挖 2026-10
gov:yingshan.gov.cn,gov,营山县,https://yingshan.gov.cn/,yingshan.gov.cn,unprobed,,,县,枚举:豫鄂湘粤桂琼川黔滇 区县/市门户导航下挖 2026-10
gov:yinhai.gov.cn,gov,银海区,https://yinhai.gov.cn/,yinhai.gov.cn,unprobed,,,市辖区,枚举:豫鄂湘粤桂琼川黔滇 区县/市门户导航下挖 2026-10
gov:yinjiang.gov.cn,gov,印江土家族苗族自治县,https://yinjiang.gov.cn/,yinjiang.gov.cn,unprobed,,,自治县,枚举:豫鄂湘粤桂琼川黔滇 区县/市门户导航下挖 2026-10
gov:yjx.gov.cn,gov,元江哈尼族彝族傣族自治县,https://yjx.gov.cn/,yjx.gov.cn,unprobed,,,自治县,枚举:豫鄂湘粤桂琼川黔滇 区县/市门户导航下挖 2026-10
gov:ylfm.gov.cn,gov,福绵区,https://ylfm.gov.cn/,ylfm.gov.cn,unprobed,,,市辖区,枚举:豫鄂湘粤桂琼川黔滇 区县/市门户导航下挖 2026-10
gov:ylyz.gov.cn,gov,玉州区,https://ylyz.gov.cn/,ylyz.gov.cn,unprobed,,,市辖区,枚举:豫鄂湘粤桂琼川黔滇 区县/市门户导航下挖 2026-10
gov:ym.gov.cn,gov,易门县,https://ym.gov.cn/,ym.gov.cn,unprobed,,,县,枚举:豫鄂湘粤桂琼川黔滇 区县/市门户导航下挖 2026-10
gov:yncj.gov.cn,gov,澄江市,https://yncj.gov.cn/,yncj.gov.cn,unprobed,,,县级市,枚举:豫鄂湘粤桂琼川黔滇 区县/市门户导航下挖 2026-10
gov:yncn.gov.cn,gov,昌宁县,https://yncn.gov.cn/,yncn.gov.cn,unprobed,,,县,枚举:豫鄂湘粤桂琼川黔滇 区县/市门户导航下挖 2026-10
gov:yncxym.gov.cn,gov,元谋县,https://yncxym.gov.cn/,yncxym.gov.cn,unprobed,,,县,枚举:豫鄂湘粤桂琼川黔滇 区县/市门户导航下挖 2026-10
gov:ynfn.gov.cn,gov,富宁县,https://ynfn.gov.cn/,ynfn.gov.cn,unprobed,,,县,枚举:豫鄂湘粤桂琼川黔滇 区县/市门户导航下挖 2026-10
gov:ynfq.gov.cn,gov,凤庆县,https://ynfq.gov.cn/,ynfq.gov.cn,unprobed,,,县,枚举:豫鄂湘粤桂琼川黔滇 区县/市门户导航下挖 2026-10
gov:yngm.gov.cn,gov,耿马傣族佤族自治县,https://yngm.gov.cn/,yngm.gov.cn,unprobed,,,自治县,枚举:豫鄂湘粤桂琼川黔滇 区县/市门户导航下挖 2026-10
gov:yngn.gov.cn,gov,广南县,https://yngn.gov.cn/,yngn.gov.cn,unprobed,,,县,枚举:豫鄂湘粤桂琼川黔滇 区县/市门户导航下挖 2026-10
gov:ynjc.gov.cn,gov,江川区,https://ynjc.gov.cn/,ynjc.gov.cn,unprobed,,,市辖区,枚举:豫鄂湘粤桂琼川黔滇 区县/市门户导航下挖 2026-10
gov:ynlf.gov.cn,gov,禄丰市,https://ynlf.gov.cn/,ynlf.gov.cn,unprobed,,,县级市,枚举:豫鄂湘粤桂琼川黔滇 区县/市门户导航下挖 2026-10
gov:ynljys.gov.cn,gov,永胜县,https://ynljys.gov.cn/,ynljys.gov.cn,unprobed,,,县,枚举:豫鄂湘粤桂琼川黔滇 区县/市门户导航下挖 2026-10
gov:ynls.gov.cn,gov,泸水市,https://ynls.gov.cn/,ynls.gov.cn,unprobed,,,县级市,枚举:豫鄂湘粤桂琼川黔滇 区县/市门户导航下挖 2026-10
gov:ynlx.gov.cn,gov,临翔区,https://ynlx.gov.cn/,ynlx.gov.cn,unprobed,,,市辖区,枚举:豫鄂湘粤桂琼川黔滇 区县/市门户导航下挖 2026-10
gov:ynmg.gov.cn,gov,马关县,https://ynmg.gov.cn/,ynmg.gov.cn,unprobed,,,县,枚举:豫鄂湘粤桂琼川黔滇 区县/市门户导航下挖 2026-10
gov:ynmh.gov.cn,gov,勐海县,https://ynmh.gov.cn/,ynmh.gov.cn,unprobed,,,县,枚举:豫鄂湘粤桂琼川黔滇 区县/市门户导航下挖 2026-10
gov:ynmlp.gov.cn,gov,麻栗坡县,https://ynmlp.gov.cn/,ynmlp.gov.cn,unprobed,,,县,枚举:豫鄂湘粤桂琼川黔滇 区县/市门户导航下挖 2026-10
gov:ynnh.gov.cn,gov,南华县,https://ynnh.gov.cn/,ynnh.gov.cn,unprobed,,,县,枚举:豫鄂湘粤桂琼川黔滇 区县/市门户导航下挖 2026-10
gov:ynnl.gov.cn,gov,宁蒗彝族自治县,https://ynnl.gov.cn/,ynnl.gov.cn,unprobed,,,自治县,枚举:豫鄂湘粤桂琼川黔滇 区县/市门户导航下挖 2026-10
gov:ynqb.gov.cn,gov,丘北县,https://ynqb.gov.cn/,ynqb.gov.cn,unprobed,,,县,枚举:豫鄂湘粤桂琼川黔滇 区县/市门户导航下挖 2026-10
gov:ynsz.gov.cn,gov,师宗县,https://ynsz.gov.cn/,ynsz.gov.cn,unprobed,,,县,枚举:豫鄂湘粤桂琼川黔滇 区县/市门户导航下挖 2026-10
gov:ynwd.gov.cn,gov,武定县,https://ynwd.gov.cn/,ynwd.gov.cn,unprobed,,,县,枚举:豫鄂湘粤桂琼川黔滇 区县/市门户导航下挖 2026-10
gov:ynwss.gov.cn,gov,文山市,https://ynwss.gov.cn/,ynwss.gov.cn,unprobed,,,县级市,枚举:豫鄂湘粤桂琼川黔滇 区县/市门户导航下挖 2026-10
gov:ynys.gov.cn,gov,永善县,https://ynys.gov.cn/,ynys.gov.cn,unprobed,,,县,枚举:豫鄂湘粤桂琼川黔滇 区县/市门户导航下挖 2026-10
gov:ynyx.gov.cn,gov,云县,https://ynyx.gov.cn/,ynyx.gov.cn,unprobed,,,县,枚举:豫鄂湘粤桂琼川黔滇 区县/市门户导航下挖 2026-10
gov:ynzk.gov.cn,gov,镇康县,https://ynzk.gov.cn/,ynzk.gov.cn,unprobed,,,县,枚举:豫鄂湘粤桂琼川黔滇 区县/市门户导航下挖 2026-10
gov:yongde.gov.cn,gov,永德县,https://yongde.gov.cn/,yongde.gov.cn,unprobed,,,县,枚举:豫鄂湘粤桂琼川黔滇 区县/市门户导航下挖 2026-10
gov:yongning.gov.cn,gov,邕宁区,https://yongning.gov.cn/,yongning.gov.cn,unprobed,,,市辖区,枚举:豫鄂湘粤桂琼川黔滇 区县/市门户导航下挖 2026-10
gov:youxian.gov.cn,gov,游仙区,https://youxian.gov.cn/,youxian.gov.cn,unprobed,,,市辖区,枚举:豫鄂湘粤桂琼川黔滇 区县/市门户导航下挖 2026-10
gov:yr.gov.cn,gov,永仁县,https://yr.gov.cn/,yr.gov.cn,unprobed,,,县,枚举:豫鄂湘粤桂琼川黔滇 区县/市门户导航下挖 2026-10
gov:yuanan.gov.cn,gov,远安县,https://yuanan.gov.cn/,yuanan.gov.cn,unprobed,,,县,枚举:豫鄂湘粤桂琼川黔滇 区县/市门户导航下挖 2026-10
gov:yuanhui.gov.cn,gov,源汇区,https://yuanhui.gov.cn/,yuanhui.gov.cn,unprobed,,,市辖区,枚举:豫鄂湘粤桂琼川黔滇 区县/市门户导航下挖 2026-10
gov:yuanjiang.gov.cn,gov,沅江市,https://yuanjiang.gov.cn/,yuanjiang.gov.cn,unprobed,,,县级市,枚举:豫鄂湘粤桂琼川黔滇 区县/市门户导航下挖 2026-10
gov:yuanling.gov.cn,gov,沅陵县,https://yuanling.gov.cn/,yuanling.gov.cn,unprobed,,,县,枚举:豫鄂湘粤桂琼川黔滇 区县/市门户导航下挖 2026-10
gov:yuanyang.gov.cn,gov,原阳县,https://yuanyang.gov.cn/,yuanyang.gov.cn,unprobed,,,县,枚举:豫鄂湘粤桂琼川黔滇 区县/市门户导航下挖 2026-10
gov:yuchengxian.gov.cn,gov,虞城县,https://yuchengxian.gov.cn/,yuchengxian.gov.cn,unprobed,,,县,枚举:豫鄂湘粤桂琼川黔滇 区县/市门户导航下挖 2026-10
gov:yuelu.gov.cn,gov,岳麓区,https://yuelu.gov.cn/,yuelu.gov.cn,unprobed,,,市辖区,枚举:豫鄂湘粤桂琼川黔滇 区县/市门户导航下挖 2026-10
gov:yuexiu.gov.cn,gov,越秀区,https://yuexiu.gov.cn/,yuexiu.gov.cn,unprobed,,,市辖区,枚举:豫鄂湘粤桂琼川黔滇 区县/市门户导航下挖 2026-10
gov:yueyang.gov.cn,gov,岳阳县,https://yueyang.gov.cn/,yueyang.gov.cn,unprobed,,,县,枚举:豫鄂湘粤桂琼川黔滇 区县/市门户导航下挖 2026-10
gov:yuhua.gov.cn,gov,雨花区,https://yuhua.gov.cn/,yuhua.gov.cn,unprobed,,,市辖区,枚举:豫鄂湘粤桂琼川黔滇 区县/市门户导航下挖 2026-10
gov:yulong.gov.cn,gov,玉龙纳西族自治县,https://yulong.gov.cn/,yulong.gov.cn,unprobed,,,自治县,枚举:豫鄂湘粤桂琼川黔滇 区县/市门户导航下挖 2026-10
gov:yunan.gov.cn,gov,云安区,https://yunan.gov.cn/,yunan.gov.cn,unprobed,,,市辖区,枚举:豫鄂湘粤桂琼川黔滇 区县/市门户导航下挖 2026-10
gov:yunxi.gov.cn,gov,郧西县,https://yunxi.gov.cn/,yunxi.gov.cn,unprobed,,,县,枚举:豫鄂湘粤桂琼川黔滇 区县/市门户导航下挖 2026-10
gov:yunxiqu.gov.cn,gov,云溪区,https://yunxiqu.gov.cn/,yunxiqu.gov.cn,unprobed,,,市辖区,枚举:豫鄂湘粤桂琼川黔滇 区县/市门户导航下挖 2026-10
gov:yunyan.gov.cn,gov,云岩区,https://yunyan.gov.cn/,yunyan.gov.cn,unprobed,,,市辖区,枚举:豫鄂湘粤桂琼川黔滇 区县/市门户导航下挖 2026-10
gov:yunyang.shiyan.gov.cn,gov,郧阳区,http://yunyang.shiyan.gov.cn/,yunyang.shiyan.gov.cn,unprobed,,,市辖区,枚举:豫鄂湘粤桂琼川黔滇 区县/市门户导航下挖 2026-10
gov:yuping.gov.cn,gov,玉屏侗族自治县,https://yuping.gov.cn/,yuping.gov.cn,unprobed,,,自治县,枚举:豫鄂湘粤桂琼川黔滇 区县/市门户导航下挖 2026-10
gov:yuwangtai.gov.cn,gov,禹王台区,https://yuwangtai.gov.cn/,yuwangtai.gov.cn,unprobed,,,市辖区,枚举:豫鄂湘粤桂琼川黔滇 区县/市门户导航下挖 2026-10
gov:yuzhou.gov.cn,gov,禹州市,https://yuzhou.gov.cn/,yuzhou.gov.cn,unprobed,,,县级市,枚举:豫鄂湘粤桂琼川黔滇 区县/市门户导航下挖 2026-10
gov:yx.gov.cn,gov,阳新县,https://yx.gov.cn/,yx.gov.cn,unprobed,,,县,枚举:豫鄂湘粤桂琼川黔滇 区县/市门户导航下挖 2026-10
gov:yxes.gov.cn,gov,峨山彝族自治县,https://yxes.gov.cn/,yxes.gov.cn,unprobed,,,自治县,枚举:豫鄂湘粤桂琼川黔滇 区县/市门户导航下挖 2026-10
gov:yylq.gov.cn,gov,岳阳楼区,https://yylq.gov.cn/,yylq.gov.cn,unprobed,,,市辖区,枚举:豫鄂湘粤桂琼川黔滇 区县/市门户导航下挖 2026-10
gov:yyzfw.gov.cn,gov,宜阳县,https://yyzfw.gov.cn/,yyzfw.gov.cn,unprobed,,,县,枚举:豫鄂湘粤桂琼川黔滇 区县/市门户导航下挖 2026-10
gov:yz.sanya.gov.cn,gov,崖州区,http://yz.sanya.gov.cn/,yz.sanya.gov.cn,unprobed,,,市辖区,枚举:豫鄂湘粤桂琼川黔滇 区县/市门户导航下挖 2026-10
gov:zc.gov.cn,gov,增城区,https://zc.gov.cn/,zc.gov.cn,unprobed,,,市辖区,枚举:豫鄂湘粤桂琼川黔滇 区县/市门户导航下挖 2026-10
gov:zengdu.gov.cn,gov,曾都区,https://zengdu.gov.cn/,zengdu.gov.cn,unprobed,,,市辖区,枚举:豫鄂湘粤桂琼川黔滇 区县/市门户导航下挖 2026-10
gov:zgda.gov.cn,gov,大安区,https://zgda.gov.cn/,zgda.gov.cn,unprobed,,,市辖区,枚举:豫鄂湘粤桂琼川黔滇 区县/市门户导航下挖 2026-10
gov:zgqx.gov.cn,gov,杞县,https://zgqx.gov.cn/,zgqx.gov.cn,unprobed,,,县,枚举:豫鄂湘粤桂琼川黔滇 区县/市门户导航下挖 2026-10
gov:zgtc.gov.cn,gov,通城县,https://zgtc.gov.cn/,zgtc.gov.cn,unprobed,,,县,枚举:豫鄂湘粤桂琼川黔滇 区县/市门户导航下挖 2026-10
gov:zgwg.gov.cn,gov,舞钢市,https://zgwg.gov.cn/,zgwg.gov.cn,unprobed,,,县级市,枚举:豫鄂湘粤桂琼川黔滇 区县/市门户导航下挖 2026-10
gov:zgyq.gov.cn,gov,余庆县,https://zgyq.gov.cn/,zgyq.gov.cn,unprobed,,,县,枚举:豫鄂湘粤桂琼川黔滇 区县/市门户导航下挖 2026-10
gov:zgyt.gov.cn,gov,沿滩区,https://zgyt.gov.cn/,zgyt.gov.cn,unprobed,,,市辖区,枚举:豫鄂湘粤桂琼川黔滇 区县/市门户导航下挖 2026-10
gov:zgzhijiang.gov.cn,gov,枝江市,https://zgzhijiang.gov.cn/,zgzhijiang.gov.cn,unprobed,,,县级市,枚举:豫鄂湘粤桂琼川黔滇 区县/市门户导航下挖 2026-10
gov:zhangwan.gov.cn,gov,张湾区,https://zhangwan.gov.cn/,zhangwan.gov.cn,unprobed,,,市辖区,枚举:豫鄂湘粤桂琼川黔滇 区县/市门户导航下挖 2026-10
gov:zhanyi.gov.cn,gov,沾益区,https://zhanyi.gov.cn/,zhanyi.gov.cn,unprobed,,,市辖区,枚举:豫鄂湘粤桂琼川黔滇 区县/市门户导航下挖 2026-10
gov:zhaojue.gov.cn,gov,昭觉县,https://zhaojue.gov.cn/,zhaojue.gov.cn,unprobed,,,县,枚举:豫鄂湘粤桂琼川黔滇 区县/市门户导航下挖 2026-10
gov:zhecheng.gov.cn,gov,柘城县,https://zhecheng.gov.cn/,zhecheng.gov.cn,unprobed,,,县,枚举:豫鄂湘粤桂琼川黔滇 区县/市门户导航下挖 2026-10
gov:zhengyang.gov.cn,gov,正阳县,https://zhengyang.gov.cn/,zhengyang.gov.cn,unprobed,,,县,枚举:豫鄂湘粤桂琼川黔滇 区县/市门户导航下挖 2026-10
gov:zhenping.gov.cn,gov,镇平县,https://zhenping.gov.cn/,zhenping.gov.cn,unprobed,,,县,枚举:豫鄂湘粤桂琼川黔滇 区县/市门户导航下挖 2026-10
gov:zhongfang.gov.cn,gov,中方县,https://zhongfang.gov.cn/,zhongfang.gov.cn,unprobed,,,县,枚举:豫鄂湘粤桂琼川黔滇 区县/市门户导航下挖 2026-10
gov:zhongjiang.gov.cn,gov,中江县,https://zhongjiang.gov.cn/,zhongjiang.gov.cn,unprobed,,,县,枚举:豫鄂湘粤桂琼川黔滇 区县/市门户导航下挖 2026-10
gov:zhongmu.gov.cn,gov,中牟县,https://zhongmu.gov.cn/,zhongmu.gov.cn,unprobed,,,县,枚举:豫鄂湘粤桂琼川黔滇 区县/市门户导航下挖 2026-10
gov:zhongxiang.gov.cn,gov,钟祥市,https://zhongxiang.gov.cn/,zhongxiang.gov.cn,unprobed,,,县级市,枚举:豫鄂湘粤桂琼川黔滇 区县/市门户导航下挖 2026-10
gov:zhongyuan.gov.cn,gov,中原区,https://zhongyuan.gov.cn/,zhongyuan.gov.cn,unprobed,,,市辖区,枚举:豫鄂湘粤桂琼川黔滇 区县/市门户导航下挖 2026-10
gov:zhq.gov.cn,gov,湛河区,https://zhq.gov.cn/,zhq.gov.cn,unprobed,,,市辖区,枚举:豫鄂湘粤桂琼川黔滇 区县/市门户导航下挖 2026-10
gov:zhuhaiwanshan.gov.cn,gov,万山区,https://zhuhaiwanshan.gov.cn/,zhuhaiwanshan.gov.cn,unprobed,,,市辖区,枚举:豫鄂湘粤桂琼川黔滇 区县/市门户导航下挖 2026-10
gov:zhushan.gov.cn,gov,竹山县,https://zhushan.gov.cn/,zhushan.gov.cn,unprobed,,,县,枚举:豫鄂湘粤桂琼川黔滇 区县/市门户导航下挖 2026-10
gov:zhuxi.gov.cn,gov,竹溪县,https://zhuxi.gov.cn/,zhuxi.gov.cn,unprobed,,,县,枚举:豫鄂湘粤桂琼川黔滇 区县/市门户导航下挖 2026-10
gov:zhxz.gov.cn,gov,香洲区,https://zhxz.gov.cn/,zhxz.gov.cn,unprobed,,,市辖区,枚举:豫鄂湘粤桂琼川黔滇 区县/市门户导航下挖 2026-10
gov:zijin.gov.cn,gov,紫金县,https://zijin.gov.cn/,zijin.gov.cn,unprobed,,,县,枚举:豫鄂湘粤桂琼川黔滇 区县/市门户导航下挖 2026-10
gov:zitong.gov.cn,gov,梓潼县,https://zitong.gov.cn/,zitong.gov.cn,unprobed,,,县,枚举:豫鄂湘粤桂琼川黔滇 区县/市门户导航下挖 2026-10
gov:ziyang.gov.cn,gov,资阳区,https://ziyang.gov.cn/,ziyang.gov.cn,unprobed,,,市辖区,枚举:豫鄂湘粤桂琼川黔滇 区县/市门户导航下挖 2026-10
gov:ziyuan.gov.cn,gov,资源县,https://ziyuan.gov.cn/,ziyuan.gov.cn,unprobed,,,县,枚举:豫鄂湘粤桂琼川黔滇 区县/市门户导航下挖 2026-10
gov:zizhong.gov.cn,gov,资中县,https://zizhong.gov.cn/,zizhong.gov.cn,unprobed,,,县,枚举:豫鄂湘粤桂琼川黔滇 区县/市门户导航下挖 2026-10
gov:zjjwly.gov.cn,gov,武陵源区,https://zjjwly.gov.cn/,zjjwly.gov.cn,unprobed,,,市辖区,枚举:豫鄂湘粤桂琼川黔滇 区县/市门户导航下挖 2026-10
gov:zjjyd.gov.cn,gov,永定区,https://zjjyd.gov.cn/,zjjyd.gov.cn,unprobed,,,市辖区,枚举:豫鄂湘粤桂琼川黔滇 区县/市门户导航下挖 2026-10
gov:zlj.gov.cn,gov,自流井区,https://zlj.gov.cn/,zlj.gov.cn,unprobed,,,市辖区,枚举:豫鄂湘粤桂琼川黔滇 区县/市门户导航下挖 2026-10
gov:zqdh.gov.cn,gov,鼎湖区,https://zqdh.gov.cn/,zqdh.gov.cn,unprobed,,,市辖区,枚举:豫鄂湘粤桂琼川黔滇 区县/市门户导航下挖 2026-10
gov:zqdz.gov.cn,gov,端州区,https://zqdz.gov.cn/,zqdz.gov.cn,unprobed,,,市辖区,枚举:豫鄂湘粤桂琼川黔滇 区县/市门户导航下挖 2026-10
gov:zs.gov.cn,gov,中山市,https://zs.gov.cn/,zs.gov.cn,unprobed,,,县级市,枚举:豫鄂湘粤桂琼川黔滇 区县/市门户导航下挖 2026-10
gov:ztyj.gov.cn,gov,盐津县,https://ztyj.gov.cn/,ztyj.gov.cn,unprobed,,,县,枚举:豫鄂湘粤桂琼川黔滇 区县/市门户导航下挖 2026-10
gov:zx.gov.cn,gov,镇雄县,https://zx.gov.cn/,zx.gov.cn,unprobed,,,县,枚举:豫鄂湘粤桂琼川黔滇 区县/市门户导航下挖 2026-10
gov:zybz.gov.cn,gov,播州区,https://zybz.gov.cn/,zybz.gov.cn,unprobed,,,市辖区,枚举:豫鄂湘粤桂琼川黔滇 区县/市门户导航下挖 2026-10
gov:zygov.gov.cn,gov,镇远县,https://zygov.gov.cn/,zygov.gov.cn,unprobed,,,县,枚举:豫鄂湘粤桂琼川黔滇 区县/市门户导航下挖 2026-10
gov:zyhc.gov.cn,gov,汇川区,https://zyhc.gov.cn/,zyhc.gov.cn,unprobed,,,市辖区,枚举:豫鄂湘粤桂琼川黔滇 区县/市门户导航下挖 2026-10
gov:zyhhg.gov.cn,gov,红花岗区,https://zyhhg.gov.cn/,zyhhg.gov.cn,unprobed,,,市辖区,枚举:豫鄂湘粤桂琼川黔滇 区县/市门户导航下挖 2026-10
gov:zyq.gov.cn,gov,昭阳区,https://zyq.gov.cn/,zyq.gov.cn,unprobed,,,市辖区,枚举:豫鄂湘粤桂琼川黔滇 区县/市门户导航下挖 2026-10
