id,tier,name,url,host,status,http_code,probe_date,note,ref
gov:aqdz.anqing.gov.cn,gov,安徽安庆经济开发区,http://aqdz.anqing.gov.cn/,aqdz.anqing.gov.cn,probed-2xx,200,2026-10-03,功能区(县级)(安庆市),枚举:Wikidata官方站点+2025区划码 2026-10
gov:baohe.gov.cn,gov,包河区,http://baohe.gov.cn/,baohe.gov.cn,probed-000,000,2026-10-03,市辖区(合肥市),枚举:Wikidata官方站点+2025区划码 2026-10
gov:bp.gov.cn,gov,北票市,http://bp.gov.cn/,bp.gov.cn,probed-2xx,200,2026-10-03,县级市(朝阳市),枚举:Wikidata官方站点+2025区划码 2026-10
gov:chaoyang.changchun.gov.cn,gov,朝阳区,http://chaoyang.changchun.gov.cn/,chaoyang.changchun.gov.cn,probed-2xx,200,2026-10-03,市辖区(长春市),枚举:Wikidata官方站点+2025区划码 2026-10
gov:czh.jixi.gov.cn,gov,城子河区,http://czh.jixi.gov.cn/,czh.jixi.gov.cn,probed-000,000,2026-10-03,市辖区(鸡西市),枚举:Wikidata官方站点+2025区划码 2026-10
gov:dafeng.yancheng.gov.cn,gov,大丰区,http://dafeng.yancheng.gov.cn/,dafeng.yancheng.gov.cn,probed-000,000,2026-10-03,市辖区(盐城市),枚举:Wikidata官方站点+2025区划码 2026-10
gov:dhp.daqing.gov.cn,gov,大庆高新技术产业开发区,http://dhp.daqing.gov.cn/,dhp.daqing.gov.cn,probed-2xx,200,2026-10-03,功能区(县级)(大庆市),枚举:Wikidata官方站点+2025区划码 2026-10
gov:faku.gov.cn,gov,法库县,http://faku.gov.cn/,faku.gov.cn,probed-2xx,200,2026-10-03,县(沈阳市),枚举:Wikidata官方站点+2025区划码 2026-10
gov:fhip.fy.gov.cn,gov,阜阳合肥现代产业园区,http://fhip.fy.gov.cn/,fhip.fy.gov.cn,probed-2xx,200,2026-10-03,功能区(县级)(阜阳市),枚举:Wikidata官方站点+2025区划码 2026-10
gov:fmx.fuxin.gov.cn,gov,阜新蒙古族自治县,http://fmx.fuxin.gov.cn/,fmx.fuxin.gov.cn,probed-000,000,2026-10-03,自治县(阜新市),枚举:Wikidata官方站点+2025区划码 2026-10
gov:fsdz.gov.cn,gov,东洲区,http://fsdz.gov.cn/,fsdz.gov.cn,probed-2xx,200,2026-10-03,市辖区(抚顺市),枚举:Wikidata官方站点+2025区划码 2026-10
gov:gxq.hefei.gov.cn,gov,合肥高新技术产业开发区,http://gxq.hefei.gov.cn/,gxq.hefei.gov.cn,probed-5xx,521,2026-10-03,"功能区(县级,hefei.gov.cn集约化)",枚举:Wikidata官方站点+2025区划码 2026-10
gov:hadz.huaian.gov.cn,gov,淮安经济技术开发区,http://hadz.huaian.gov.cn/,hadz.huaian.gov.cn,probed-2xx,200,2026-10-03,功能区(县级)(淮安市),枚举:Wikidata官方站点+2025区划码 2026-10
gov:hetda.hefei.gov.cn,gov,合肥经济技术开发区,http://hetda.hefei.gov.cn/,hetda.hefei.gov.cn,probed-5xx,521,2026-10-03,功能区(县级)(合肥市),枚举:Wikidata官方站点+2025区划码 2026-10
gov:hfxz.hefei.gov.cn,gov,合肥新站高新技术产业开发区,http://hfxz.hefei.gov.cn/,hfxz.hefei.gov.cn,probed-5xx,521,2026-10-03,功能区(县级)(合肥市),枚举:Wikidata官方站点+2025区划码 2026-10
gov:hgt.nc.gov.cn,gov,红谷滩区,http://hgt.nc.gov.cn/,hgt.nc.gov.cn,probed-2xx,200,2026-10-03,市辖区(南昌市),枚举:Wikidata官方站点+2025区划码 2026-10
gov:htz.bengbu.gov.cn,gov,蚌埠市高新技术开发区,http://htz.bengbu.gov.cn/,htz.bengbu.gov.cn,probed-2xx,200,2026-10-03,功能区(县级)(蚌埠市),枚举:Wikidata官方站点+2025区划码 2026-10
gov:hzlxxq.heze.gov.cn,gov,菏泽经济技术开发区,http://hzlxxq.heze.gov.cn/,hzlxxq.heze.gov.cn,probed-2xx,200,2026-10-03,"功能区(县级,门户整合入菏泽鲁西新区)",枚举:Wikidata官方站点+2025区划码 2026-10
gov:innovation.jinan.gov.cn,gov,济南高新技术产业开发区,http://innovation.jinan.gov.cn/,innovation.jinan.gov.cn,probed-2xx,200,2026-10-03,功能区(县级)(济南市),枚举:Wikidata官方站点+2025区划码 2026-10
gov:invest.fy.gov.cn,gov,阜阳经济技术开发区,http://invest.fy.gov.cn/,invest.fy.gov.cn,probed-2xx,200,2026-10-03,功能区(县级)(阜阳市),枚举:Wikidata官方站点+2025区划码 2026-10
gov:jiangle.gov.cn,gov,将乐县,http://jiangle.gov.cn/,jiangle.gov.cn,probed-000,000,2026-10-03,县(三明市),枚举:Wikidata官方站点+2025区划码 2026-10
gov:jixihengshan.gov.cn,gov,恒山区,http://jixihengshan.gov.cn/,jixihengshan.gov.cn,probed-2xx,200,2026-10-03,市辖区(鸡西市),枚举:Wikidata官方站点+2025区划码 2026-10
gov:jixilishu.gov.cn,gov,梨树区,http://jixilishu.gov.cn/,jixilishu.gov.cn,probed-2xx,200,2026-10-03,市辖区(鸡西市),枚举:Wikidata官方站点+2025区划码 2026-10
gov:jiximashan.gov.cn,gov,麻山区,http://jiximashan.gov.cn/,jiximashan.gov.cn,probed-2xx,200,2026-10-03,市辖区(鸡西市),枚举:Wikidata官方站点+2025区划码 2026-10
gov:jjjskfq.dezhou.gov.cn,gov,德州天衢新区,http://jjjskfq.dezhou.gov.cn/,jjjskfq.dezhou.gov.cn,probed-2xx,200,2026-10-03,功能区(县级)(德州市),枚举:Wikidata官方站点+2025区划码 2026-10
gov:jjkfq.bengbu.gov.cn,gov,蚌埠市经济开发区,http://jjkfq.bengbu.gov.cn/,jjkfq.bengbu.gov.cn,probed-2xx,200,2026-10-03,功能区(县级)(蚌埠市),枚举:Wikidata官方站点+2025区划码 2026-10
gov:jkq.jlbc.gov.cn,gov,吉林白城经济开发区,http://jkq.jlbc.gov.cn/,jkq.jlbc.gov.cn,probed-2xx,200,2026-10-03,功能区(县级)(白城市),枚举:Wikidata官方站点+2025区划码 2026-10
gov:jkq.jlsy.gov.cn,gov,吉林松原经济开发区,http://jkq.jlsy.gov.cn/,jkq.jlsy.gov.cn,probed-2xx,200,2026-10-03,功能区(县级)(松原市),枚举:Wikidata官方站点+2025区划码 2026-10
gov:jy.cbs.gov.cn,gov,江源区,http://jy.cbs.gov.cn/,jy.cbs.gov.cn,probed-2xx,200,2026-10-03,市辖区(白山市),枚举:Wikidata官方站点+2025区划码 2026-10
gov:jyx.cbs.gov.cn,gov,靖宇县,http://jyx.cbs.gov.cn/,jyx.cbs.gov.cn,probed-2xx,200,2026-10-03,县(白山市),枚举:Wikidata官方站点+2025区划码 2026-10
gov:kfq.ahsz.gov.cn,gov,宿州经济技术开发区,http://kfq.ahsz.gov.cn/,kfq.ahsz.gov.cn,probed-2xx,200,2026-10-03,功能区(县级)(宿州市),枚举:Wikidata官方站点+2025区划码 2026-10
gov:kfq.chuzhou.gov.cn,gov,滁州经济技术开发区,http://kfq.chuzhou.gov.cn/,kfq.chuzhou.gov.cn,probed-2xx,200,2026-10-03,功能区(县级)(滁州市),枚举:Wikidata官方站点+2025区划码 2026-10
gov:kfq.suqian.gov.cn,gov,宿迁经济技术开发区,http://kfq.suqian.gov.cn/,kfq.suqian.gov.cn,probed-2xx,200,2026-10-03,功能区(县级)(宿迁市),枚举:Wikidata官方站点+2025区划码 2026-10
gov:kfq.yancheng.gov.cn,gov,盐城经济技术开发区,http://kfq.yancheng.gov.cn/,kfq.yancheng.gov.cn,probed-2xx,200,2026-10-03,功能区(县级)(盐城市),枚举:Wikidata官方站点+2025区划码 2026-10
gov:kfq.yangzhou.gov.cn,gov,扬州经济技术开发区,http://kfq.yangzhou.gov.cn/,kfq.yangzhou.gov.cn,probed-2xx,200,2026-10-03,功能区(县级)(扬州市),枚举:Wikidata官方站点+2025区划码 2026-10
gov:lgs.wenzhou.gov.cn,gov,龙港市,http://lgs.wenzhou.gov.cn/,lgs.wenzhou.gov.cn,probed-000,000,2026-10-03,县级市(温州市),枚举:Wikidata官方站点+2025区划码 2026-10
gov:lj.cbs.gov.cn,gov,临江市,http://lj.cbs.gov.cn/,lj.cbs.gov.cn,probed-000,000,2026-10-03,县级市(白山市),枚举:Wikidata官方站点+2025区划码 2026-10
gov:longjing.yanbian.gov.cn,gov,龙井市,http://longjing.yanbian.gov.cn/,longjing.yanbian.gov.cn,probed-000,000,2026-10-03,县级市(延边朝鲜族自治州),枚举:Wikidata官方站点+2025区划码 2026-10
gov:lyx.fuzhou.gov.cn,gov,罗源县,http://lyx.fuzhou.gov.cn/,lyx.fuzhou.gov.cn,probed-000,000,2026-10-03,县(福州市),枚举:Wikidata官方站点+2025区划码 2026-10
gov:mengyin.gov.cn,gov,蒙阴县,http://mengyin.gov.cn/,mengyin.gov.cn,probed-4xx,403,2026-10-03,县(临沂市),枚举:Wikidata官方站点+2025区划码 2026-10
gov:mqx.fuzhou.gov.cn,gov,闽清县,http://mqx.fuzhou.gov.cn/,mqx.fuzhou.gov.cn,probed-2xx,200,2026-10-03,县(福州市),枚举:Wikidata官方站点+2025区划码 2026-10
gov:nanguan.changchun.gov.cn,gov,南关区,http://nanguan.changchun.gov.cn/,nanguan.changchun.gov.cn,probed-2xx,200,2026-10-03,市辖区(长春市),枚举:Wikidata官方站点+2025区划码 2026-10
gov:qj.qz.gov.cn,gov,衢江区,http://qj.qz.gov.cn/,qj.qz.gov.cn,probed-000,000,2026-10-03,市辖区(衢州市),枚举:Wikidata官方站点+2025区划码 2026-10
gov:qt.hangzhou.gov.cn,gov,钱塘区,http://qt.hangzhou.gov.cn/,qt.hangzhou.gov.cn,probed-000,000,2026-10-03,市辖区(杭州市),枚举:Wikidata官方站点+2025区划码 2026-10
gov:scp.chuzhou.gov.cn,gov,中新苏滁高新技术产业开发区,http://scp.chuzhou.gov.cn/,scp.chuzhou.gov.cn,probed-2xx,200,2026-10-03,功能区(县级)(滁州市),枚举:Wikidata官方站点+2025区划码 2026-10
gov:shibei.qingdao.gov.cn,gov,市北区,http://shibei.qingdao.gov.cn/,shibei.qingdao.gov.cn,probed-000,000,2026-10-03,市辖区(青岛市),枚举:Wikidata官方站点+2025区划码 2026-10
gov:sina.shuyang.gov.cn,gov,沭阳县,http://sina.shuyang.gov.cn/,sina.shuyang.gov.cn,probed-000,000,2026-10-03,县(宿迁市),枚举:Wikidata官方站点+2025区划码 2026-10
gov:sjtq.gov.cn,gov,苏家屯区,http://sjtq.gov.cn/,sjtq.gov.cn,probed-2xx,200,2026-10-03,市辖区(沈阳市),枚举:Wikidata官方站点+2025区划码 2026-10
gov:suma.ahsz.gov.cn,gov,宿州马鞍山现代产业园区,http://suma.ahsz.gov.cn/,suma.ahsz.gov.cn,probed-2xx,200,2026-10-03,功能区(县级)(宿州市),枚举:Wikidata官方站点+2025区划码 2026-10
gov:tancheng.gov.cn,gov,郯城县,http://tancheng.gov.cn/,tancheng.gov.cn,probed-4xx,403,2026-10-03,县(临沂市),枚举:Wikidata官方站点+2025区划码 2026-10
gov:tinghu.yancheng.gov.cn,gov,亭湖区,http://tinghu.yancheng.gov.cn/,tinghu.yancheng.gov.cn,probed-000,000,2026-10-03,市辖区(盐城市),枚举:Wikidata官方站点+2025区划码 2026-10
gov:tpq.fuxin.gov.cn,gov,太平区,http://tpq.fuxin.gov.cn/,tpq.fuxin.gov.cn,probed-000,000,2026-10-03,市辖区(阜新市),枚举:Wikidata官方站点+2025区划码 2026-10
gov:tumen.gov.cn,gov,图们市,http://tumen.gov.cn/,tumen.gov.cn,probed-2xx,200,2026-10-03,县级市(延边朝鲜族自治州),枚举:Wikidata官方站点+2025区划码 2026-10
gov:weda.wuhu.gov.cn,gov,芜湖经济技术开发区,http://weda.wuhu.gov.cn/,weda.wuhu.gov.cn,probed-2xx,200,2026-10-03,功能区(县级)(芜湖市),枚举:Wikidata官方站点+2025区划码 2026-10
gov:www.aax.gov.cn,gov,昂昂溪区,http://www.aax.gov.cn/,www.aax.gov.cn,probed-2xx,200,2026-10-03,市辖区(齐齐哈尔市),枚举:Wikidata官方站点+2025区划码 2026-10
gov:www.acheng.gov.cn,gov,阿城区,http://www.acheng.gov.cn/,www.acheng.gov.cn,probed-2xx,200,2026-10-03,市辖区(哈尔滨市),枚举:Wikidata官方站点+2025区划码 2026-10
gov:www.afx.gov.cn,gov,安福县,http://www.afx.gov.cn/,www.afx.gov.cn,probed-2xx,200,2026-10-03,县(吉安市),枚举:Wikidata官方站点+2025区划码 2026-10
gov:www.ahdzzx.gov.cn,gov,东至县,http://www.ahdzzx.gov.cn/,www.ahdzzx.gov.cn,probed-2xx,200,2026-10-03,县(池州市),枚举:Wikidata官方站点+2025区划码 2026-10
gov:www.ahfeixi.gov.cn,gov,肥西县,http://www.ahfeixi.gov.cn/,www.ahfeixi.gov.cn,probed-5xx,521,2026-10-03,县(合肥市),枚举:Wikidata官方站点+2025区划码 2026-10
gov:www.ahgc.gov.cn,gov,贵池区,http://www.ahgc.gov.cn/,www.ahgc.gov.cn,probed-2xx,200,2026-10-03,市辖区(池州市),枚举:Wikidata官方站点+2025区划码 2026-10
gov:www.ahhfly.gov.cn,gov,庐阳区,http://www.ahhfly.gov.cn/,www.ahhfly.gov.cn,probed-5xx,521,2026-10-03,市辖区(合肥市),枚举:Wikidata官方站点+2025区划码 2026-10
gov:www.ahhn.gov.cn,gov,怀宁县,http://www.ahhn.gov.cn/,www.ahhn.gov.cn,probed-2xx,200,2026-10-03,县(安庆市),枚举:Wikidata官方站点+2025区划码 2026-10
gov:www.ahhs.gov.cn,gov,含山县,http://www.ahhs.gov.cn/,www.ahhs.gov.cn,probed-2xx,200,2026-10-03,县(马鞍山市),枚举:Wikidata官方站点+2025区划码 2026-10
gov:www.ahhuoshan.gov.cn,gov,霍山县,http://www.ahhuoshan.gov.cn/,www.ahhuoshan.gov.cn,probed-2xx,200,2026-10-03,县(六安市),枚举:Wikidata官方站点+2025区划码 2026-10
gov:www.ahhy.gov.cn,gov,怀远县,http://www.ahhy.gov.cn/,www.ahhy.gov.cn,probed-2xx,200,2026-10-03,县(蚌埠市),枚举:Wikidata官方站点+2025区划码 2026-10
gov:www.ahhz.gov.cn,gov,徽州区,http://www.ahhz.gov.cn/,www.ahhz.gov.cn,probed-4xx,412,2026-10-03,市辖区(黄山市),枚举:Wikidata官方站点+2025区划码 2026-10
gov:www.ahjd.gov.cn,gov,旌德县,http://www.ahjd.gov.cn/,www.ahjd.gov.cn,probed-2xx,200,2026-10-03,县(宣城市),枚举:Wikidata官方站点+2025区划码 2026-10
gov:www.ahjinzhai.gov.cn,gov,金寨县,http://www.ahjinzhai.gov.cn/,www.ahjinzhai.gov.cn,probed-2xx,200,2026-10-03,县(六安市),枚举:Wikidata官方站点+2025区划码 2026-10
gov:www.ahjs.gov.cn,gov,界首市,http://www.ahjs.gov.cn/,www.ahjs.gov.cn,probed-2xx,200,2026-10-03,县级市(阜阳市),枚举:Wikidata官方站点+2025区划码 2026-10
gov:www.ahjx.gov.cn,gov,泾县,http://www.ahjx.gov.cn/,www.ahjx.gov.cn,probed-2xx,200,2026-10-03,县(宣城市),枚举:Wikidata官方站点+2025区划码 2026-10
gov:www.ahlx.gov.cn,gov,郎溪县,http://www.ahlx.gov.cn/,www.ahlx.gov.cn,probed-2xx,200,2026-10-03,县(宣城市),枚举:Wikidata官方站点+2025区划码 2026-10
gov:www.ahqimen.gov.cn,gov,祁门县,http://www.ahqimen.gov.cn/,www.ahqimen.gov.cn,probed-4xx,412,2026-10-03,县(黄山市),枚举:Wikidata官方站点+2025区划码 2026-10
gov:www.ahqy.gov.cn,gov,青阳县,http://www.ahqy.gov.cn/,www.ahqy.gov.cn,probed-2xx,200,2026-10-03,县(池州市),枚举:Wikidata官方站点+2025区划码 2026-10
gov:www.ahshitai.gov.cn,gov,石台县,http://www.ahshitai.gov.cn/,www.ahshitai.gov.cn,probed-2xx,200,2026-10-03,县(池州市),枚举:Wikidata官方站点+2025区划码 2026-10
gov:www.ahshx.gov.cn,gov,歙县,http://www.ahshx.gov.cn/,www.ahshx.gov.cn,probed-4xx,412,2026-10-03,县(黄山市),枚举:Wikidata官方站点+2025区划码 2026-10
gov:www.ahtlyaq.gov.cn,gov,义安区,http://www.ahtlyaq.gov.cn/,www.ahtlyaq.gov.cn,probed-2xx,200,2026-10-03,市辖区(铜陵市),枚举:Wikidata官方站点+2025区划码 2026-10
gov:www.ahtxq.gov.cn,gov,屯溪区,http://www.ahtxq.gov.cn/,www.ahtxq.gov.cn,probed-4xx,412,2026-10-03,市辖区(黄山市),枚举:Wikidata官方站点+2025区划码 2026-10
gov:www.ahxx.gov.cn,gov,萧县,http://www.ahxx.gov.cn/,www.ahxx.gov.cn,probed-2xx,200,2026-10-03,县(宿州市),枚举:Wikidata官方站点+2025区划码 2026-10
gov:www.ahyeji.gov.cn,gov,叶集区,http://www.ahyeji.gov.cn/,www.ahyeji.gov.cn,probed-2xx,200,2026-10-03,市辖区(六安市),枚举:Wikidata官方站点+2025区划码 2026-10
gov:www.ahyingjiang.gov.cn,gov,迎江区,http://www.ahyingjiang.gov.cn/,www.ahyingjiang.gov.cn,probed-2xx,200,2026-10-03,市辖区(安庆市),枚举:Wikidata官方站点+2025区划码 2026-10
gov:www.ahys.gov.cn,gov,颍上县,http://www.ahys.gov.cn/,www.ahys.gov.cn,probed-2xx,200,2026-10-03,县(阜阳市),枚举:Wikidata官方站点+2025区划码 2026-10
gov:www.aihui.gov.cn,gov,爱辉区,http://www.aihui.gov.cn/,www.aihui.gov.cn,probed-2xx,200,2026-10-03,市辖区(黑河市),枚举:Wikidata官方站点+2025区划码 2026-10
gov:www.aimin.gov.cn,gov,爱民区,http://www.aimin.gov.cn/,www.aimin.gov.cn,probed-2xx,200,2026-10-03,市辖区(牡丹江市),枚举:Wikidata官方站点+2025区划码 2026-10
gov:www.anji.gov.cn,gov,安吉县,http://www.anji.gov.cn/,www.anji.gov.cn,probed-2xx,200,2026-10-03,县(湖州市),枚举:Wikidata官方站点+2025区划码 2026-10
gov:www.anqiu.gov.cn,gov,安丘市,http://www.anqiu.gov.cn/,www.anqiu.gov.cn,probed-2xx,200,2026-10-03,县级市(潍坊市),枚举:Wikidata官方站点+2025区划码 2026-10
gov:www.antu.gov.cn,gov,安图县,http://www.antu.gov.cn/,www.antu.gov.cn,probed-2xx,200,2026-10-03,县(延边朝鲜族自治州),枚举:Wikidata官方站点+2025区划码 2026-10
gov:www.anyi.gov.cn,gov,安义县,http://www.anyi.gov.cn/,www.anyi.gov.cn,probed-000,000,2026-10-03,县(南昌市),枚举:Wikidata官方站点+2025区划码 2026-10
gov:www.aqdgq.gov.cn,gov,大观区,http://www.aqdgq.gov.cn/,www.aqdgq.gov.cn,probed-2xx,200,2026-10-03,市辖区(安庆市),枚举:Wikidata官方站点+2025区划码 2026-10
gov:www.astxqzf.gov.cn,gov,铁西区,http://www.astxqzf.gov.cn/,www.astxqzf.gov.cn,probed-2xx,200,2026-10-03,市辖区(鞍山市),枚举:Wikidata官方站点+2025区划码 2026-10
gov:www.ay.gov.cn,gov,安远县,http://www.ay.gov.cn/,www.ay.gov.cn,probed-2xx,200,2026-10-03,县(赣州市),枚举:Wikidata官方站点+2025区划码 2026-10
gov:www.bagongshan.gov.cn,gov,八公山区,http://www.bagongshan.gov.cn/,www.bagongshan.gov.cn,probed-2xx,200,2026-10-03,市辖区(淮南市),枚举:Wikidata官方站点+2025区划码 2026-10
gov:www.baiquan.gov.cn,gov,拜泉县,http://www.baiquan.gov.cn/,www.baiquan.gov.cn,probed-2xx,200,2026-10-03,县(齐齐哈尔市),枚举:Wikidata官方站点+2025区划码 2026-10
gov:www.baoying.gov.cn,gov,宝应县,http://www.baoying.gov.cn/,www.baoying.gov.cn,probed-2xx,200,2026-10-03,县(扬州市),枚举:Wikidata官方站点+2025区划码 2026-10
gov:www.bayan.gov.cn,gov,巴彦县,http://www.bayan.gov.cn/,www.bayan.gov.cn,probed-2xx,200,2026-10-03,县(哈尔滨市),枚举:Wikidata官方站点+2025区划码 2026-10
gov:www.bblzh.gov.cn,gov,龙子湖区,http://www.bblzh.gov.cn/,www.bblzh.gov.cn,probed-2xx,200,2026-10-03,市辖区(蚌埠市),枚举:Wikidata官方站点+2025区划码 2026-10
gov:www.bctb.gov.cn,gov,洮北区,http://www.bctb.gov.cn/,www.bctb.gov.cn,probed-000,000,2026-10-03,市辖区(白城市),枚举:Wikidata官方站点+2025区划码 2026-10
gov:www.bengshan.gov.cn,gov,蚌山区,http://www.bengshan.gov.cn/,www.bengshan.gov.cn,probed-2xx,200,2026-10-03,市辖区(蚌埠市),枚举:Wikidata官方站点+2025区划码 2026-10
gov:www.bincheng.gov.cn,gov,滨城区,http://www.bincheng.gov.cn/,www.bincheng.gov.cn,probed-2xx,200,2026-10-03,市辖区(滨州市),枚举:Wikidata官方站点+2025区划码 2026-10
gov:www.binhai.gov.cn,gov,滨海县,http://www.binhai.gov.cn/,www.binhai.gov.cn,probed-2xx,200,2026-10-03,县(盐城市),枚举:Wikidata官方站点+2025区划码 2026-10
gov:www.bl.gov.cn,gov,北仑区,http://www.bl.gov.cn/,www.bl.gov.cn,probed-2xx,200,2026-10-03,市辖区(宁波市),枚举:Wikidata官方站点+2025区划码 2026-10
gov:www.boshan.gov.cn,gov,博山区,http://www.boshan.gov.cn/,www.boshan.gov.cn,probed-2xx,200,2026-10-03,市辖区(淄博市),枚举:Wikidata官方站点+2025区划码 2026-10
gov:www.boxing.gov.cn,gov,博兴县,http://www.boxing.gov.cn/,www.boxing.gov.cn,probed-2xx,200,2026-10-03,县(滨州市),枚举:Wikidata官方站点+2025区划码 2026-10
gov:www.bx.gov.cn,gov,本溪满族自治县,http://www.bx.gov.cn/,www.bx.gov.cn,probed-2xx,200,2026-10-03,自治县(本溪市),枚举:Wikidata官方站点+2025区划码 2026-10
gov:www.bzqc.gov.cn,gov,谯城区,http://www.bzqc.gov.cn/,www.bzqc.gov.cn,probed-2xx,200,2026-10-03,市辖区(亳州市),枚举:Wikidata官方站点+2025区划码 2026-10
gov:www.bzs.gov.cn,gov,北镇市,http://www.bzs.gov.cn/,www.bzs.gov.cn,probed-000,000,2026-10-03,县级市(锦州市),枚举:Wikidata官方站点+2025区划码 2026-10
gov:www.caida.gov.cn,gov,长春汽车经济技术开发区,http://www.caida.gov.cn/,www.caida.gov.cn,probed-2xx,200,2026-10-03,功能区(县级)(长春市),枚举:Wikidata官方站点+2025区划码 2026-10
gov:www.caoxian.gov.cn,gov,曹县,http://www.caoxian.gov.cn/,www.caoxian.gov.cn,probed-2xx,200,2026-10-03,县(菏泽市),枚举:Wikidata官方站点+2025区划码 2026-10
gov:www.ccerdao.gov.cn,gov,二道区,http://www.ccerdao.gov.cn/,www.ccerdao.gov.cn,probed-2xx,200,2026-10-03,市辖区(长春市),枚举:Wikidata官方站点+2025区划码 2026-10
gov:www.ccgx.gov.cn,gov,长春高新技术产业开发区,http://www.ccgx.gov.cn/,www.ccgx.gov.cn,probed-000,000,2026-10-03,功能区(县级)(长春市),枚举:Wikidata官方站点+2025区划码 2026-10
gov:www.cckc.gov.cn,gov,宽城区,http://www.cckc.gov.cn/,www.cckc.gov.cn,probed-000,000,2026-10-03,市辖区(长春市),枚举:Wikidata官方站点+2025区划码 2026-10
gov:www.cetdz.gov.cn,gov,长春经济技术开发区,http://www.cetdz.gov.cn/,www.cetdz.gov.cn,probed-2xx,200,2026-10-03,功能区(县级)(长春市),枚举:Wikidata官方站点+2025区划码 2026-10
gov:www.chaisang.gov.cn,gov,柴桑区,http://www.chaisang.gov.cn/,www.chaisang.gov.cn,probed-2xx,200,2026-10-03,市辖区(九江市),枚举:Wikidata官方站点+2025区划码 2026-10
gov:www.changbai.gov.cn,gov,长白朝鲜族自治县,http://www.changbai.gov.cn/,www.changbai.gov.cn,probed-2xx,200,2026-10-03,自治县(白山市),枚举:Wikidata官方站点+2025区划码 2026-10
gov:www.changfeng.gov.cn,gov,长丰县,http://www.changfeng.gov.cn/,www.changfeng.gov.cn,probed-5xx,521,2026-10-03,县(合肥市),枚举:Wikidata官方站点+2025区划码 2026-10
gov:www.changhai.dl.gov.cn,gov,长海县,http://www.changhai.dl.gov.cn/,www.changhai.dl.gov.cn,probed-000,000,2026-10-03,县(大连市),枚举:Wikidata官方站点+2025区划码 2026-10
gov:www.changle.gov.cn,gov,昌乐县,http://www.changle.gov.cn/,www.changle.gov.cn,probed-2xx,200,2026-10-03,县(潍坊市),枚举:Wikidata官方站点+2025区划码 2026-10
gov:www.changqing.gov.cn,gov,长清区,http://www.changqing.gov.cn/,www.changqing.gov.cn,probed-000,000,2026-10-03,市辖区(济南市),枚举:Wikidata官方站点+2025区划码 2026-10
gov:www.changshan.gov.cn,gov,常山县,http://www.changshan.gov.cn/,www.changshan.gov.cn,probed-000,000,2026-10-03,县(衢州市),枚举:Wikidata官方站点+2025区划码 2026-10
gov:www.changshu.gov.cn,gov,常熟市,http://www.changshu.gov.cn/,www.changshu.gov.cn,probed-2xx,200,2026-10-03,县级市(苏州市),枚举:Wikidata官方站点+2025区划码 2026-10
gov:www.changtai.gov.cn,gov,长泰区,http://www.changtai.gov.cn/,www.changtai.gov.cn,probed-2xx,200,2026-10-03,市辖区(漳州市),枚举:Wikidata官方站点+2025区划码 2026-10
gov:www.changting.gov.cn,gov,长汀县,http://www.changting.gov.cn/,www.changting.gov.cn,probed-2xx,200,2026-10-03,县(龙岩市),枚举:Wikidata官方站点+2025区划码 2026-10
gov:www.changtu.gov.cn,gov,昌图县,http://www.changtu.gov.cn/,www.changtu.gov.cn,probed-2xx,200,2026-10-03,县(铁岭市),枚举:Wikidata官方站点+2025区划码 2026-10
gov:www.changyi.gov.cn,gov,昌邑市,http://www.changyi.gov.cn/,www.changyi.gov.cn,probed-2xx,200,2026-10-03,县级市(潍坊市),枚举:Wikidata官方站点+2025区划码 2026-10
gov:www.chaohu.gov.cn,gov,巢湖市,http://www.chaohu.gov.cn/,www.chaohu.gov.cn,probed-5xx,521,2026-10-03,县级市(合肥市),枚举:Wikidata官方站点+2025区划码 2026-10
gov:www.chengwu.gov.cn,gov,成武县,http://www.chengwu.gov.cn/,www.chengwu.gov.cn,probed-2xx,200,2026-10-03,县(菏泽市),枚举:Wikidata官方站点+2025区划码 2026-10
gov:www.chengxiang.gov.cn,gov,城厢区,http://www.chengxiang.gov.cn/,www.chengxiang.gov.cn,probed-2xx,200,2026-10-03,市辖区(莆田市),枚举:Wikidata官方站点+2025区划码 2026-10
gov:www.chengyang.gov.cn,gov,城阳区,http://www.chengyang.gov.cn/,www.chengyang.gov.cn,probed-2xx,200,2026-10-03,市辖区(青岛市),枚举:Wikidata官方站点+2025区划码 2026-10
gov:www.china-wannian.gov.cn,gov,万年县,http://www.china-wannian.gov.cn/,www.china-wannian.gov.cn,probed-000,000,2026-10-03,县(上饶市),枚举:Wikidata官方站点+2025区划码 2026-10
gov:www.chinabx.gov.cn,gov,宾县,http://www.chinabx.gov.cn/,www.chinabx.gov.cn,probed-2xx,200,2026-10-03,县(哈尔滨市),枚举:Wikidata官方站点+2025区划码 2026-10
gov:www.chinafx.gov.cn,gov,丰县,http://www.chinafx.gov.cn/,www.chinafx.gov.cn,probed-2xx,200,2026-10-03,县(徐州市),枚举:Wikidata官方站点+2025区划码 2026-10
gov:www.chiping.gov.cn,gov,茌平区,http://www.chiping.gov.cn/,www.chiping.gov.cn,probed-2xx,200,2026-10-03,市辖区(聊城市),枚举:Wikidata官方站点+2025区划码 2026-10
gov:www.chongchuan.gov.cn,gov,崇川区,http://www.chongchuan.gov.cn/,www.chongchuan.gov.cn,probed-2xx,200,2026-10-03,市辖区(南通市),枚举:Wikidata官方站点+2025区划码 2026-10
gov:www.chongyi.gov.cn,gov,崇义县,http://www.chongyi.gov.cn/,www.chongyi.gov.cn,probed-2xx,200,2026-10-03,县(赣州市),枚举:Wikidata官方站点+2025区划码 2026-10
gov:www.cixi.gov.cn,gov,慈溪市,http://www.cixi.gov.cn/,www.cixi.gov.cn,probed-2xx,200,2026-10-03,县级市(宁波市),枚举:Wikidata官方站点+2025区划码 2026-10
gov:www.cly.gov.cn,gov,凌源市,http://www.cly.gov.cn/,www.cly.gov.cn,probed-000,000,2026-10-03,县级市(朝阳市),枚举:Wikidata官方站点+2025区划码 2026-10
gov:www.cncn.gov.cn,gov,苍南县,http://www.cncn.gov.cn/,www.cncn.gov.cn,probed-2xx,200,2026-10-03,县(温州市),枚举:Wikidata官方站点+2025区划码 2026-10
gov:www.cnjx.gov.cn,gov,绩溪县,http://www.cnjx.gov.cn/,www.cnjx.gov.cn,probed-2xx,200,2026-10-03,县(宣城市),枚举:Wikidata官方站点+2025区划码 2026-10
gov:www.cnsn.gov.cn,gov,睢宁县,http://www.cnsn.gov.cn/,www.cnsn.gov.cn,probed-2xx,200,2026-10-03,县(徐州市),枚举:Wikidata官方站点+2025区划码 2026-10
gov:www.cnyc.gov.cn,gov,郓城县,http://www.cnyc.gov.cn/,www.cnyc.gov.cn,probed-2xx,200,2026-10-03,县(菏泽市),枚举:Wikidata官方站点+2025区划码 2026-10
gov:www.cylc.gov.cn,gov,龙城区,http://www.cylc.gov.cn/,www.cylc.gov.cn,probed-2xx,200,2026-10-03,市辖区(朝阳市),枚举:Wikidata官方站点+2025区划码 2026-10
gov:www.cyx.gov.cn,gov,朝阳县,http://www.cyx.gov.cn/,www.cyx.gov.cn,probed-2xx,200,2026-10-03,县(朝阳市),枚举:Wikidata官方站点+2025区划码 2026-10
gov:www.czjs.gov.cn,gov,江山市,http://www.czjs.gov.cn/,www.czjs.gov.cn,probed-000,000,2026-10-03,县级市(衢州市),枚举:Wikidata官方站点+2025区划码 2026-10
gov:www.cznq.gov.cn,gov,南谯区,http://www.cznq.gov.cn/,www.cznq.gov.cn,probed-2xx,200,2026-10-03,市辖区(滁州市),枚举:Wikidata官方站点+2025区划码 2026-10
gov:www.cztn.gov.cn,gov,天宁区,http://www.cztn.gov.cn/,www.cztn.gov.cn,probed-2xx,200,2026-10-03,市辖区(常州市),枚举:Wikidata官方站点+2025区划码 2026-10
gov:www.czxd.gov.cn,gov,新北区,http://www.czxd.gov.cn/,www.czxd.gov.cn,probed-2xx,200,2026-10-03,市辖区(常州市),枚举:Wikidata官方站点+2025区划码 2026-10
gov:www.czzl.gov.cn,gov,钟楼区,http://www.czzl.gov.cn/,www.czzl.gov.cn,probed-000,000,2026-10-03,市辖区(常州市),枚举:Wikidata官方站点+2025区划码 2026-10
gov:www.daan.gov.cn,gov,大安市,http://www.daan.gov.cn/,www.daan.gov.cn,probed-2xx,200,2026-10-03,县级市(白城市),枚举:Wikidata官方站点+2025区划码 2026-10
gov:www.daishan.gov.cn,gov,岱山县,http://www.daishan.gov.cn/,www.daishan.gov.cn,probed-2xx,200,2026-10-03,县(舟山市),枚举:Wikidata官方站点+2025区划码 2026-10
gov:www.daiyue.gov.cn,gov,岱岳区,http://www.daiyue.gov.cn/,www.daiyue.gov.cn,probed-2xx,200,2026-10-03,市辖区(泰安市),枚举:Wikidata官方站点+2025区划码 2026-10
gov:www.dangshan.gov.cn,gov,砀山县,http://www.dangshan.gov.cn/,www.dangshan.gov.cn,probed-2xx,200,2026-10-03,县(宿州市),枚举:Wikidata官方站点+2025区划码 2026-10
gov:www.dangtu.gov.cn,gov,当涂县,http://www.dangtu.gov.cn/,www.dangtu.gov.cn,probed-2xx,200,2026-10-03,县(马鞍山市),枚举:Wikidata官方站点+2025区划码 2026-10
gov:www.dantu.gov.cn,gov,丹徒区,http://www.dantu.gov.cn/,www.dantu.gov.cn,probed-2xx,200,2026-10-03,市辖区(镇江市),枚举:Wikidata官方站点+2025区划码 2026-10
gov:www.danyang.gov.cn,gov,丹阳市,http://www.danyang.gov.cn/,www.danyang.gov.cn,probed-2xx,200,2026-10-03,县级市(镇江市),枚举:Wikidata官方站点+2025区划码 2026-10
gov:www.datian.gov.cn,gov,大田县,http://www.datian.gov.cn/,www.datian.gov.cn,probed-2xx,200,2026-10-03,县(三明市),枚举:Wikidata官方站点+2025区划码 2026-10
gov:www.dawa.gov.cn,gov,大洼区,http://www.dawa.gov.cn/,www.dawa.gov.cn,probed-2xx,200,2026-10-03,市辖区(盘锦市),枚举:Wikidata官方站点+2025区划码 2026-10
gov:www.dc.gov.cn,gov,东昌区,http://www.dc.gov.cn/,www.dc.gov.cn,probed-2xx,200,2026-10-03,市辖区(通化市),枚举:Wikidata官方站点+2025区划码 2026-10
gov:www.dean.gov.cn,gov,德安县,http://www.dean.gov.cn/,www.dean.gov.cn,probed-2xx,200,2026-10-03,县(九江市),枚举:Wikidata官方站点+2025区划码 2026-10
gov:www.decheng.gov.cn,gov,德城区,http://www.decheng.gov.cn/,www.decheng.gov.cn,probed-2xx,200,2026-10-03,市辖区(德州市),枚举:Wikidata官方站点+2025区划码 2026-10
gov:www.dehua.gov.cn,gov,德化县,http://www.dehua.gov.cn/,www.dehua.gov.cn,probed-2xx,200,2026-10-03,县(泉州市),枚举:Wikidata官方站点+2025区划码 2026-10
gov:www.dehui.gov.cn,gov,德惠市,http://www.dehui.gov.cn/,www.dehui.gov.cn,probed-2xx,200,2026-10-03,县级市(长春市),枚举:Wikidata官方站点+2025区划码 2026-10
gov:www.dengta.gov.cn,gov,灯塔市,http://www.dengta.gov.cn/,www.dengta.gov.cn,probed-2xx,200,2026-10-03,县级市(辽阳市),枚举:Wikidata官方站点+2025区划码 2026-10
gov:www.deqing.gov.cn,gov,德清县,http://www.deqing.gov.cn/,www.deqing.gov.cn,probed-2xx,200,2026-10-03,县(湖州市),枚举:Wikidata官方站点+2025区划码 2026-10
gov:www.dh.jl.gov.cn,gov,敦化市,http://www.dh.jl.gov.cn/,www.dh.jl.gov.cn,probed-000,000,2026-10-03,县级市(延边朝鲜族自治州),枚举:Wikidata官方站点+2025区划码 2026-10
gov:www.didaoqu.gov.cn,gov,滴道区,http://www.didaoqu.gov.cn/,www.didaoqu.gov.cn,probed-2xx,200,2026-10-03,市辖区(鸡西市),枚举:Wikidata官方站点+2025区划码 2026-10
gov:www.dinghai.gov.cn,gov,定海区,http://www.dinghai.gov.cn/,www.dinghai.gov.cn,probed-2xx,200,2026-10-03,市辖区(舟山市),枚举:Wikidata官方站点+2025区划码 2026-10
gov:www.dingnan.gov.cn,gov,定南县,http://www.dingnan.gov.cn/,www.dingnan.gov.cn,probed-2xx,200,2026-10-03,县(赣州市),枚举:Wikidata官方站点+2025区划码 2026-10
gov:www.dingtao.gov.cn,gov,定陶区,http://www.dingtao.gov.cn/,www.dingtao.gov.cn,probed-2xx,200,2026-10-03,市辖区(菏泽市),枚举:Wikidata官方站点+2025区划码 2026-10
gov:www.dingyuan.gov.cn,gov,定远县,http://www.dingyuan.gov.cn/,www.dingyuan.gov.cn,probed-2xx,200,2026-10-03,县(滁州市),枚举:Wikidata官方站点+2025区划码 2026-10
gov:www.dljz.gov.cn,gov,金州区,http://www.dljz.gov.cn/,www.dljz.gov.cn,probed-000,000,2026-10-03,市辖区(大连市),枚举:Wikidata官方站点+2025区划码 2026-10
gov:www.dllsk.gov.cn,gov,旅顺口区,http://www.dllsk.gov.cn/,www.dllsk.gov.cn,probed-2xx,200,2026-10-03,市辖区(大连市),枚举:Wikidata官方站点+2025区划码 2026-10
gov:www.dlpld.gov.cn,gov,普兰店区,http://www.dlpld.gov.cn/,www.dlpld.gov.cn,probed-2xx,200,2026-10-03,市辖区(大连市),枚举:Wikidata官方站点+2025区划码 2026-10
gov:www.dlshk.gov.cn,gov,沙河口区,http://www.dlshk.gov.cn/,www.dlshk.gov.cn,probed-2xx,200,2026-10-03,市辖区(大连市),枚举:Wikidata官方站点+2025区划码 2026-10
gov:www.dlwfd.gov.cn,gov,瓦房店市,http://www.dlwfd.gov.cn/,www.dlwfd.gov.cn,probed-2xx,200,2026-10-03,县级市(大连市),枚举:Wikidata官方站点+2025区划码 2026-10
gov:www.dlzh.gov.cn,gov,庄河市,http://www.dlzh.gov.cn/,www.dlzh.gov.cn,probed-000,000,2026-10-03,县级市(大连市),枚举:Wikidata官方站点+2025区划码 2026-10
gov:www.dlzs.gov.cn,gov,中山区,http://www.dlzs.gov.cn/,www.dlzs.gov.cn,probed-2xx,200,2026-10-03,市辖区(大连市),枚举:Wikidata官方站点+2025区划码 2026-10
gov:www.dmzf.gov.cn,gov,东明县,http://www.dmzf.gov.cn/,www.dmzf.gov.cn,probed-2xx,200,2026-10-03,县(菏泽市),枚举:Wikidata官方站点+2025区划码 2026-10
gov:www.donganqu.gov.cn,gov,东安区,http://www.donganqu.gov.cn/,www.donganqu.gov.cn,probed-2xx,200,2026-10-03,市辖区(牡丹江市),枚举:Wikidata官方站点+2025区划码 2026-10
gov:www.dongchangfu.gov.cn,gov,东昌府区,http://www.dongchangfu.gov.cn/,www.dongchangfu.gov.cn,probed-2xx,200,2026-10-03,市辖区(聊城市),枚举:Wikidata官方站点+2025区划码 2026-10
gov:www.dongfeng.gov.cn,gov,东丰县,http://www.dongfeng.gov.cn/,www.dongfeng.gov.cn,probed-2xx,200,2026-10-03,县(辽源市),枚举:Wikidata官方站点+2025区划码 2026-10
gov:www.donggang.gov.cn,gov,东港市,http://www.donggang.gov.cn/,www.donggang.gov.cn,probed-2xx,200,2026-10-03,县级市(丹东市),枚举:Wikidata官方站点+2025区划码 2026-10
gov:www.dongliao.gov.cn,gov,东辽县,http://www.dongliao.gov.cn/,www.dongliao.gov.cn,probed-2xx,200,2026-10-03,县(辽源市),枚举:Wikidata官方站点+2025区划码 2026-10
gov:www.dongning.gov.cn,gov,东宁市,http://www.dongning.gov.cn/,www.dongning.gov.cn,probed-2xx,200,2026-10-03,县级市(牡丹江市),枚举:Wikidata官方站点+2025区划码 2026-10
gov:www.dongping.gov.cn,gov,东平县,http://www.dongping.gov.cn/,www.dongping.gov.cn,probed-2xx,200,2026-10-03,县(泰安市),枚举:Wikidata官方站点+2025区划码 2026-10
gov:www.dongshandao.gov.cn,gov,东山县,http://www.dongshandao.gov.cn/,www.dongshandao.gov.cn,probed-2xx,200,2026-10-03,县(漳州市),枚举:Wikidata官方站点+2025区划码 2026-10
gov:www.dongtai.gov.cn,gov,东台市,http://www.dongtai.gov.cn/,www.dongtai.gov.cn,probed-2xx,200,2026-10-03,县级市(盐城市),枚举:Wikidata官方站点+2025区划码 2026-10
gov:www.dongtou.gov.cn,gov,洞头区,http://www.dongtou.gov.cn/,www.dongtou.gov.cn,probed-2xx,200,2026-10-03,市辖区(温州市),枚举:Wikidata官方站点+2025区划码 2026-10
gov:www.dongyang.gov.cn,gov,东阳市,http://www.dongyang.gov.cn/,www.dongyang.gov.cn,probed-2xx,200,2026-10-03,县级市(金华市),枚举:Wikidata官方站点+2025区划码 2026-10
gov:www.dqdt.gov.cn,gov,大同区,http://www.dqdt.gov.cn/,www.dqdt.gov.cn,probed-2xx,200,2026-10-03,市辖区(大庆市),枚举:Wikidata官方站点+2025区划码 2026-10
gov:www.dqlf.gov.cn,gov,龙凤区,http://www.dqlf.gov.cn/,www.dqlf.gov.cn,probed-2xx,200,2026-10-03,市辖区(大庆市),枚举:Wikidata官方站点+2025区划码 2026-10
gov:www.dqranghulu.gov.cn,gov,让胡路区,http://www.dqranghulu.gov.cn/,www.dqranghulu.gov.cn,probed-000,000,2026-10-03,市辖区(大庆市),枚举:Wikidata官方站点+2025区划码 2026-10
gov:www.drbt.gov.cn,gov,杜尔伯特蒙古族自治县,http://www.drbt.gov.cn/,www.drbt.gov.cn,probed-2xx,200,2026-10-03,自治县(大庆市),枚举:Wikidata官方站点+2025区划码 2026-10
gov:www.dsq.gov.cn,gov,大石桥市,http://www.dsq.gov.cn/,www.dsq.gov.cn,probed-2xx,200,2026-10-03,县级市(营口市),枚举:Wikidata官方站点+2025区划码 2026-10
gov:www.duchang.gov.cn,gov,都昌县,http://www.duchang.gov.cn/,www.duchang.gov.cn,probed-2xx,200,2026-10-03,县(九江市),枚举:Wikidata官方站点+2025区划码 2026-10
gov:www.dxalxl.gov.cn,gov,新林区,http://www.dxalxl.gov.cn/,www.dxalxl.gov.cn,probed-2xx,200,2026-10-03,市辖区(大兴安岭地区),枚举:Wikidata官方站点+2025区划码 2026-10
gov:www.dxs.gov.cn,gov,德兴市,http://www.dxs.gov.cn/,www.dxs.gov.cn,probed-4xx,412,2026-10-03,县级市(上饶市),枚举:Wikidata官方站点+2025区划码 2026-10
gov:www.dyedz.gov.cn,gov,东营经济技术开发区,http://www.dyedz.gov.cn/,www.dyedz.gov.cn,probed-2xx,200,2026-10-03,功能区(县级)(东营市),枚举:Wikidata官方站点+2025区划码 2026-10
gov:www.dypedz.gov.cn,gov,东营港经济开发区,http://www.dypedz.gov.cn/,www.dypedz.gov.cn,probed-2xx,200,2026-10-03,功能区(县级)(东营市),枚举:Wikidata官方站点+2025区划码 2026-10
gov:www.dyq.gov.cn,gov,东营区,http://www.dyq.gov.cn/,www.dyq.gov.cn,probed-2xx,200,2026-10-03,市辖区(东营市),枚举:Wikidata官方站点+2025区划码 2026-10
gov:www.dzlc.gov.cn,gov,陵城区,http://www.dzlc.gov.cn/,www.dzlc.gov.cn,probed-2xx,200,2026-10-03,市辖区(德州市),枚举:Wikidata官方站点+2025区划码 2026-10
gov:www.edj.gov.cn,gov,二道江区,http://www.edj.gov.cn/,www.edj.gov.cn,probed-2xx,200,2026-10-03,市辖区(通化市),枚举:Wikidata官方站点+2025区划码 2026-10
gov:www.eweihai.gov.cn,gov,威海经济技术开发区,http://www.eweihai.gov.cn/,www.eweihai.gov.cn,probed-2xx,200,2026-10-03,功能区(县级)(威海市),枚举:Wikidata官方站点+2025区划码 2026-10
gov:www.fanchang.gov.cn,gov,繁昌区,http://www.fanchang.gov.cn/,www.fanchang.gov.cn,probed-2xx,200,2026-10-03,市辖区(芜湖市),枚举:Wikidata官方站点+2025区划码 2026-10
gov:www.fangzi.gov.cn,gov,坊子区,http://www.fangzi.gov.cn/,www.fangzi.gov.cn,probed-2xx,200,2026-10-03,市辖区(潍坊市),枚举:Wikidata官方站点+2025区划码 2026-10
gov:www.feicheng.gov.cn,gov,肥城市,http://www.feicheng.gov.cn/,www.feicheng.gov.cn,probed-2xx,200,2026-10-03,县级市(泰安市),枚举:Wikidata官方站点+2025区划码 2026-10
gov:www.feidong.gov.cn,gov,肥东县,http://www.feidong.gov.cn/,www.feidong.gov.cn,probed-5xx,521,2026-10-03,县(合肥市),枚举:Wikidata官方站点+2025区划码 2026-10
gov:www.feixian.gov.cn,gov,费县,http://www.feixian.gov.cn/,www.feixian.gov.cn,probed-2xx,200,2026-10-03,县(临沂市),枚举:Wikidata官方站点+2025区划码 2026-10
gov:www.fengxin.gov.cn,gov,奉新县,http://www.fengxin.gov.cn/,www.fengxin.gov.cn,probed-2xx,200,2026-10-03,县(宜春市),枚举:Wikidata官方站点+2025区划码 2026-10
gov:www.fengyang.gov.cn,gov,凤阳县,http://www.fengyang.gov.cn/,www.fengyang.gov.cn,probed-2xx,200,2026-10-03,县(滁州市),枚举:Wikidata官方站点+2025区划码 2026-10
gov:www.fenyi.gov.cn,gov,分宜县,http://www.fenyi.gov.cn/,www.fenyi.gov.cn,probed-2xx,200,2026-10-03,县(新余市),枚举:Wikidata官方站点+2025区划码 2026-10
gov:www.fh.gov.cn,gov,奉化区,http://www.fh.gov.cn/,www.fh.gov.cn,probed-2xx,200,2026-10-03,市辖区(宁波市),枚举:Wikidata官方站点+2025区划码 2026-10
gov:www.fjax.gov.cn,gov,安溪县,http://www.fjax.gov.cn/,www.fjax.gov.cn,probed-2xx,200,2026-10-03,县(泉州市),枚举:Wikidata官方站点+2025区划码 2026-10
gov:www.fjfa.gov.cn,gov,福安市,http://www.fjfa.gov.cn/,www.fjfa.gov.cn,probed-2xx,200,2026-10-03,县级市(宁德市),枚举:Wikidata官方站点+2025区划码 2026-10
gov:www.fjjn.gov.cn,gov,建宁县,http://www.fjjn.gov.cn/,www.fjjn.gov.cn,probed-2xx,200,2026-10-03,县(三明市),枚举:Wikidata官方站点+2025区划码 2026-10
gov:www.fjlc.gov.cn,gov,连城县,http://www.fjlc.gov.cn/,www.fjlc.gov.cn,probed-000,000,2026-10-03,县(龙岩市),枚举:Wikidata官方站点+2025区划码 2026-10
gov:www.fjmx.gov.cn,gov,明溪县,http://www.fjmx.gov.cn/,www.fjmx.gov.cn,probed-2xx,200,2026-10-03,县(三明市),枚举:Wikidata官方站点+2025区划码 2026-10
gov:www.fjnh.gov.cn,gov,宁化县,http://www.fjnh.gov.cn/,www.fjnh.gov.cn,probed-2xx,200,2026-10-03,县(三明市),枚举:Wikidata官方站点+2025区划码 2026-10
gov:www.fjnj.gov.cn,gov,南靖县,http://www.fjnj.gov.cn/,www.fjnj.gov.cn,probed-2xx,200,2026-10-03,县(漳州市),枚举:Wikidata官方站点+2025区划码 2026-10
gov:www.fjql.gov.cn,gov,清流县,http://www.fjql.gov.cn/,www.fjql.gov.cn,probed-2xx,200,2026-10-03,县(三明市),枚举:Wikidata官方站点+2025区划码 2026-10
gov:www.fjsc.gov.cn,gov,顺昌县,http://www.fjsc.gov.cn/,www.fjsc.gov.cn,probed-2xx,200,2026-10-03,县(南平市),枚举:Wikidata官方站点+2025区划码 2026-10
gov:www.fjsn.gov.cn,gov,寿宁县,http://www.fjsn.gov.cn/,www.fjsn.gov.cn,probed-2xx,200,2026-10-03,县(宁德市),枚举:Wikidata官方站点+2025区划码 2026-10
gov:www.fjsx.gov.cn,gov,沙县区,http://www.fjsx.gov.cn/,www.fjsx.gov.cn,probed-2xx,200,2026-10-03,市辖区(三明市),枚举:Wikidata官方站点+2025区划码 2026-10
gov:www.fjtn.gov.cn,gov,泰宁县,http://www.fjtn.gov.cn/,www.fjtn.gov.cn,probed-2xx,200,2026-10-03,县(三明市),枚举:Wikidata官方站点+2025区划码 2026-10
gov:www.fjxinluo.gov.cn,gov,新罗区,http://www.fjxinluo.gov.cn/,www.fjxinluo.gov.cn,probed-2xx,200,2026-10-03,市辖区(龙岩市),枚举:Wikidata官方站点+2025区划码 2026-10
gov:www.fjyc.gov.cn,gov,永春县,http://www.fjyc.gov.cn/,www.fjyc.gov.cn,probed-2xx,200,2026-10-03,县(泉州市),枚举:Wikidata官方站点+2025区划码 2026-10
gov:www.fjyd.gov.cn,gov,永定区,http://www.fjyd.gov.cn/,www.fjyd.gov.cn,probed-000,000,2026-10-03,市辖区(龙岩市),枚举:Wikidata官方站点+2025区划码 2026-10
gov:www.fjyx.gov.cn,gov,尤溪县,http://www.fjyx.gov.cn/,www.fjyx.gov.cn,probed-2xx,200,2026-10-03,县(三明市),枚举:Wikidata官方站点+2025区划码 2026-10
gov:www.flej.gov.cn,gov,富拉尔基区,http://www.flej.gov.cn/,www.flej.gov.cn,probed-2xx,200,2026-10-03,市辖区(齐齐哈尔市),枚举:Wikidata官方站点+2025区划码 2026-10
gov:www.fssc.gov.cn,gov,顺城区,http://www.fssc.gov.cn/,www.fssc.gov.cn,probed-2xx,200,2026-10-03,市辖区(抚顺市),枚举:Wikidata官方站点+2025区划码 2026-10
gov:www.fswh.gov.cn,gov,望花区,http://www.fswh.gov.cn/,www.fswh.gov.cn,probed-000,000,2026-10-03,市辖区(抚顺市),枚举:Wikidata官方站点+2025区划码 2026-10
gov:www.fsxf.gov.cn,gov,新抚区,http://www.fsxf.gov.cn/,www.fsxf.gov.cn,probed-2xx,200,2026-10-03,市辖区(抚顺市),枚举:Wikidata官方站点+2025区划码 2026-10
gov:www.ft.gov.cn,gov,凤台县,http://www.ft.gov.cn/,www.ft.gov.cn,probed-2xx,200,2026-10-03,县(淮南市),枚举:Wikidata官方站点+2025区划码 2026-10
gov:www.fuding.gov.cn,gov,福鼎市,http://www.fuding.gov.cn/,www.fuding.gov.cn,probed-2xx,200,2026-10-03,县级市(宁德市),枚举:Wikidata官方站点+2025区划码 2026-10
gov:www.fujin.gov.cn,gov,富锦市,http://www.fujin.gov.cn/,www.fujin.gov.cn,probed-2xx,200,2026-10-03,县级市(佳木斯市),枚举:Wikidata官方站点+2025区划码 2026-10
gov:www.fuliang.gov.cn,gov,浮梁县,http://www.fuliang.gov.cn/,www.fuliang.gov.cn,probed-2xx,200,2026-10-03,县(景德镇市),枚举:Wikidata官方站点+2025区划码 2026-10
gov:www.funan.gov.cn,gov,阜南县,http://www.funan.gov.cn/,www.funan.gov.cn,probed-2xx,200,2026-10-03,县(阜阳市),枚举:Wikidata官方站点+2025区划码 2026-10
gov:www.funing.gov.cn,gov,阜宁县,http://www.funing.gov.cn/,www.funing.gov.cn,probed-2xx,200,2026-10-03,县(盐城市),枚举:Wikidata官方站点+2025区划码 2026-10
gov:www.fuqing.gov.cn,gov,福清市,http://www.fuqing.gov.cn/,www.fuqing.gov.cn,probed-2xx,200,2026-10-03,县级市(福州市),枚举:Wikidata官方站点+2025区划码 2026-10
gov:www.fusong.gov.cn,gov,抚松县,http://www.fusong.gov.cn/,www.fusong.gov.cn,probed-2xx,200,2026-10-03,县(白山市),枚举:Wikidata官方站点+2025区划码 2026-10
gov:www.fuyang.gov.cn,gov,富阳区,http://www.fuyang.gov.cn/,www.fuyang.gov.cn,probed-2xx,200,2026-10-03,市辖区(杭州市),枚举:Wikidata官方站点+2025区划码 2026-10
gov:www.fuyu.gov.cn,gov,富裕县,http://www.fuyu.gov.cn/,www.fuyu.gov.cn,probed-2xx,200,2026-10-03,县(齐齐哈尔市),枚举:Wikidata官方站点+2025区划码 2026-10
gov:www.fxqhm.gov.cn,gov,清河门区,http://www.fxqhm.gov.cn/,www.fxqhm.gov.cn,probed-2xx,200,2026-10-03,市辖区(阜新市),枚举:Wikidata官方站点+2025区划码 2026-10
gov:www.fzcangshan.gov.cn,gov,仓山区,http://www.fzcangshan.gov.cn/,www.fzcangshan.gov.cn,probed-2xx,200,2026-10-03,市辖区(福州市),枚举:Wikidata官方站点+2025区划码 2026-10
gov:www.fzcl.gov.cn,gov,长乐区,http://www.fzcl.gov.cn/,www.fzcl.gov.cn,probed-2xx,200,2026-10-03,市辖区(福州市),枚举:Wikidata官方站点+2025区划码 2026-10
gov:www.fzja.gov.cn,gov,晋安区,http://www.fzja.gov.cn/,www.fzja.gov.cn,probed-2xx,200,2026-10-03,市辖区(福州市),枚举:Wikidata官方站点+2025区划码 2026-10
gov:www.fzlj.gov.cn,gov,连江县,http://www.fzlj.gov.cn/,www.fzlj.gov.cn,probed-2xx,200,2026-10-03,县(福州市),枚举:Wikidata官方站点+2025区划码 2026-10
gov:www.gaizhou.gov.cn,gov,盖州市,http://www.gaizhou.gov.cn/,www.gaizhou.gov.cn,probed-2xx,200,2026-10-03,县级市(营口市),枚举:Wikidata官方站点+2025区划码 2026-10
gov:www.gangcheng.gov.cn,gov,钢城区,http://www.gangcheng.gov.cn/,www.gangcheng.gov.cn,probed-2xx,200,2026-10-03,市辖区(济南市),枚举:Wikidata官方站点+2025区划码 2026-10
gov:www.gannan.gov.cn,gov,甘南县,http://www.gannan.gov.cn/,www.gannan.gov.cn,probed-2xx,200,2026-10-03,县(齐齐哈尔市),枚举:Wikidata官方站点+2025区划码 2026-10
gov:www.ganxian.gov.cn,gov,赣县区,http://www.ganxian.gov.cn/,www.ganxian.gov.cn,probed-2xx,200,2026-10-03,市辖区(赣州市),枚举:Wikidata官方站点+2025区划码 2026-10
gov:www.ganyu.gov.cn,gov,赣榆区,http://www.ganyu.gov.cn/,www.ganyu.gov.cn,probed-2xx,200,2026-10-03,市辖区(连云港市),枚举:Wikidata官方站点+2025区划码 2026-10
gov:www.gaoan.gov.cn,gov,高安市,http://www.gaoan.gov.cn/,www.gaoan.gov.cn,probed-2xx,200,2026-10-03,县级市(宜春市),枚举:Wikidata官方站点+2025区划码 2026-10
gov:www.gaogang.gov.cn,gov,高港区,http://www.gaogang.gov.cn/,www.gaogang.gov.cn,probed-000,000,2026-10-03,市辖区(泰州市),枚举:Wikidata官方站点+2025区划码 2026-10
gov:www.gaomi.gov.cn,gov,高密市,http://www.gaomi.gov.cn/,www.gaomi.gov.cn,probed-2xx,200,2026-10-03,县级市(潍坊市),枚举:Wikidata官方站点+2025区划码 2026-10
gov:www.gaoqing.gov.cn,gov,高青县,http://www.gaoqing.gov.cn/,www.gaoqing.gov.cn,probed-2xx,200,2026-10-03,县(淄博市),枚举:Wikidata官方站点+2025区划码 2026-10
gov:www.gaotang.gov.cn,gov,高唐县,http://www.gaotang.gov.cn/,www.gaotang.gov.cn,probed-2xx,200,2026-10-03,县(聊城市),枚举:Wikidata官方站点+2025区划码 2026-10
gov:www.gaoyou.gov.cn,gov,高邮市,http://www.gaoyou.gov.cn/,www.gaoyou.gov.cn,probed-2xx,200,2026-10-03,县级市(扬州市),枚举:Wikidata官方站点+2025区划码 2026-10
gov:www.gfx.gov.cn,gov,广丰区,http://www.gfx.gov.cn/,www.gfx.gov.cn,probed-2xx,200,2026-10-03,市辖区(上饶市),枚举:Wikidata官方站点+2025区划码 2026-10
gov:www.gjz.gov.cn,gov,甘井子区,http://www.gjz.gov.cn/,www.gjz.gov.cn,probed-000,000,2026-10-03,市辖区(大连市),枚举:Wikidata官方站点+2025区划码 2026-10
gov:www.gl.gov.cn,gov,鼓楼区,http://www.gl.gov.cn/,www.gl.gov.cn,probed-2xx,200,2026-10-03,市辖区(福州市),枚举:Wikidata官方站点+2025区划码 2026-10
gov:www.gongqing.gov.cn,gov,共青城市,http://www.gongqing.gov.cn/,www.gongqing.gov.cn,probed-2xx,200,2026-10-03,县级市(九江市),枚举:Wikidata官方站点+2025区划码 2026-10
gov:www.gongshu.gov.cn,gov,拱墅区,http://www.gongshu.gov.cn/,www.gongshu.gov.cn,probed-2xx,200,2026-10-03,市辖区(杭州市),枚举:Wikidata官方站点+2025区划码 2026-10
gov:www.gongzhuling.gov.cn,gov,公主岭市,http://www.gongzhuling.gov.cn/,www.gongzhuling.gov.cn,probed-2xx,200,2026-10-03,县级市(长春市),枚举:Wikidata官方站点+2025区划码 2026-10
gov:www.guangde.gov.cn,gov,广德市,http://www.guangde.gov.cn/,www.guangde.gov.cn,probed-2xx,200,2026-10-03,县级市(宣城市),枚举:Wikidata官方站点+2025区划码 2026-10
gov:www.guangrao.gov.cn,gov,广饶县,http://www.guangrao.gov.cn/,www.guangrao.gov.cn,probed-2xx,200,2026-10-03,县(东营市),枚举:Wikidata官方站点+2025区划码 2026-10
gov:www.guangze.gov.cn,gov,光泽县,http://www.guangze.gov.cn/,www.guangze.gov.cn,probed-2xx,200,2026-10-03,县(南平市),枚举:Wikidata官方站点+2025区划码 2026-10
gov:www.guannan.gov.cn,gov,灌南县,http://www.guannan.gov.cn/,www.guannan.gov.cn,probed-2xx,200,2026-10-03,县(连云港市),枚举:Wikidata官方站点+2025区划码 2026-10
gov:www.guanxian.gov.cn,gov,冠县,http://www.guanxian.gov.cn/,www.guanxian.gov.cn,probed-2xx,200,2026-10-03,县(聊城市),枚举:Wikidata官方站点+2025区划码 2026-10
gov:www.guanyun.gov.cn,gov,灌云县,http://www.guanyun.gov.cn/,www.guanyun.gov.cn,probed-2xx,200,2026-10-03,县(连云港市),枚举:Wikidata官方站点+2025区划码 2026-10
gov:www.guixi.gov.cn,gov,贵溪市,http://www.guixi.gov.cn/,www.guixi.gov.cn,probed-000,000,2026-10-03,县级市(鹰潭市),枚举:Wikidata官方站点+2025区划码 2026-10
gov:www.gusu.gov.cn,gov,姑苏区,http://www.gusu.gov.cn/,www.gusu.gov.cn,probed-2xx,200,2026-10-03,市辖区(苏州市),枚举:Wikidata官方站点+2025区划码 2026-10
gov:www.gutian.gov.cn,gov,古田县,http://www.gutian.gov.cn/,www.gutian.gov.cn,probed-2xx,200,2026-10-03,县(宁德市),枚举:Wikidata官方站点+2025区划码 2026-10
gov:www.guzhen.gov.cn,gov,固镇县,http://www.guzhen.gov.cn/,www.guzhen.gov.cn,probed-2xx,200,2026-10-03,县(蚌埠市),枚举:Wikidata官方站点+2025区划码 2026-10
gov:www.gy.gov.cn,gov,涡阳县,http://www.gy.gov.cn/,www.gy.gov.cn,probed-2xx,200,2026-10-03,县(亳州市),枚举:Wikidata官方站点+2025区划码 2026-10
gov:www.hacz.gov.cn,gov,淮安区,http://www.hacz.gov.cn/,www.hacz.gov.cn,probed-000,000,2026-10-03,市辖区(淮安市),枚举:Wikidata官方站点+2025区划码 2026-10
gov:www.haian.gov.cn,gov,海安市,http://www.haian.gov.cn/,www.haian.gov.cn,probed-2xx,200,2026-10-03,县级市(南通市),枚举:Wikidata官方站点+2025区划码 2026-10
gov:www.haicang.gov.cn,gov,海沧区,http://www.haicang.gov.cn/,www.haicang.gov.cn,probed-2xx,200,2026-10-03,市辖区(厦门市),枚举:Wikidata官方站点+2025区划码 2026-10
gov:www.haicheng.gov.cn,gov,海城市,http://www.haicheng.gov.cn/,www.haicheng.gov.cn,probed-2xx,200,2026-10-03,县级市(鞍山市),枚举:Wikidata官方站点+2025区划码 2026-10
gov:www.hailin.gov.cn,gov,海林市,http://www.hailin.gov.cn/,www.hailin.gov.cn,probed-2xx,200,2026-10-03,县级市(牡丹江市),枚举:Wikidata官方站点+2025区划码 2026-10
gov:www.hailun.gov.cn,gov,海伦市,http://www.hailun.gov.cn/,www.hailun.gov.cn,probed-2xx,200,2026-10-03,县级市(绥化市),枚举:Wikidata官方站点+2025区划码 2026-10
gov:www.haimen.gov.cn,gov,海门区,http://www.haimen.gov.cn/,www.haimen.gov.cn,probed-2xx,200,2026-10-03,市辖区(南通市),枚举:Wikidata官方站点+2025区划码 2026-10
gov:www.haining.gov.cn,gov,海宁市,http://www.haining.gov.cn/,www.haining.gov.cn,probed-2xx,200,2026-10-03,县级市(嘉兴市),枚举:Wikidata官方站点+2025区划码 2026-10
gov:www.haishu.gov.cn,gov,海曙区,http://www.haishu.gov.cn/,www.haishu.gov.cn,probed-2xx,200,2026-10-03,市辖区(宁波市),枚举:Wikidata官方站点+2025区划码 2026-10
gov:www.haiyan.gov.cn,gov,海盐县,http://www.haiyan.gov.cn/,www.haiyan.gov.cn,probed-2xx,200,2026-10-03,县(嘉兴市),枚举:Wikidata官方站点+2025区划码 2026-10
gov:www.haiyang.gov.cn,gov,海阳市,http://www.haiyang.gov.cn/,www.haiyang.gov.cn,probed-2xx,200,2026-10-03,县级市(烟台市),枚举:Wikidata官方站点+2025区划码 2026-10
gov:www.haizhou.gov.cn,gov,海州区,http://www.haizhou.gov.cn/,www.haizhou.gov.cn,probed-000,000,2026-10-03,市辖区(阜新市),枚举:Wikidata官方站点+2025区划码 2026-10
gov:www.hanting.gov.cn,gov,寒亭区,http://www.hanting.gov.cn/,www.hanting.gov.cn,probed-2xx,200,2026-10-03,市辖区(潍坊市),枚举:Wikidata官方站点+2025区划码 2026-10
gov:www.haqjp.gov.cn,gov,清江浦区,http://www.haqjp.gov.cn/,www.haqjp.gov.cn,probed-2xx,200,2026-10-03,市辖区(淮安市),枚举:Wikidata官方站点+2025区划码 2026-10
gov:www.hbdj.gov.cn,gov,杜集区,http://www.hbdj.gov.cn/,www.hbdj.gov.cn,probed-2xx,200,2026-10-03,市辖区(淮北市),枚举:Wikidata官方站点+2025区划码 2026-10
gov:www.hbxs.gov.cn,gov,相山区,http://www.hbxs.gov.cn/,www.hbxs.gov.cn,probed-2xx,200,2026-10-03,市辖区(淮北市),枚举:Wikidata官方站点+2025区划码 2026-10
gov:www.hedong.gov.cn,gov,河东区,http://www.hedong.gov.cn/,www.hedong.gov.cn,probed-2xx,200,2026-10-03,市辖区(临沂市),枚举:Wikidata官方站点+2025区划码 2026-10
gov:www.heishan.gov.cn,gov,黑山县,http://www.heishan.gov.cn/,www.heishan.gov.cn,probed-2xx,200,2026-10-03,县(锦州市),枚举:Wikidata官方站点+2025区划码 2026-10
gov:www.helong.gov.cn,gov,和龙市,http://www.helong.gov.cn/,www.helong.gov.cn,probed-2xx,200,2026-10-03,县级市(延边朝鲜族自治州),枚举:Wikidata官方站点+2025区划码 2026-10
gov:www.hfss.gov.cn,gov,蜀山区,http://www.hfss.gov.cn/,www.hfss.gov.cn,probed-5xx,521,2026-10-03,市辖区(合肥市),枚举:Wikidata官方站点+2025区划码 2026-10
gov:www.hfyaohai.gov.cn,gov,瑶海区,http://www.hfyaohai.gov.cn/,www.hfyaohai.gov.cn,probed-5xx,521,2026-10-03,市辖区(合肥市),枚举:Wikidata官方站点+2025区划码 2026-10
gov:www.hfzf.gov.cn,gov,横峰县,http://www.hfzf.gov.cn/,www.hfzf.gov.cn,probed-4xx,412,2026-10-03,县(上饶市),枚举:Wikidata官方站点+2025区划码 2026-10
gov:www.hgds.gov.cn,gov,东山区,http://www.hgds.gov.cn/,www.hgds.gov.cn,probed-2xx,200,2026-10-03,市辖区(鹤岗市),枚举:Wikidata官方站点+2025区划码 2026-10
gov:www.hggongnong.gov.cn,gov,工农区,http://www.hggongnong.gov.cn/,www.hggongnong.gov.cn,probed-000,000,2026-10-03,市辖区(鹤岗市),枚举:Wikidata官方站点+2025区划码 2026-10
gov:www.hgns.gov.cn,gov,南山区,http://www.hgns.gov.cn/,www.hgns.gov.cn,probed-2xx,200,2026-10-03,市辖区(鹤岗市),枚举:Wikidata官方站点+2025区划码 2026-10
gov:www.hgxa.gov.cn,gov,兴安区,http://www.hgxa.gov.cn/,www.hgxa.gov.cn,probed-2xx,200,2026-10-03,市辖区(鹤岗市),枚举:Wikidata官方站点+2025区划码 2026-10
gov:www.hgxs.gov.cn,gov,兴山区,http://www.hgxs.gov.cn/,www.hgxs.gov.cn,probed-2xx,200,2026-10-03,市辖区(鹤岗市),枚举:Wikidata官方站点+2025区划码 2026-10
gov:www.hgxyq.gov.cn,gov,向阳区,http://www.hgxyq.gov.cn/,www.hgxyq.gov.cn,probed-2xx,200,2026-10-03,市辖区(鹤岗市),枚举:Wikidata官方站点+2025区划码 2026-10
gov:www.hhtz.gov.cn,gov,滨江区,http://www.hhtz.gov.cn/,www.hhtz.gov.cn,probed-2xx,200,2026-10-03,市辖区(杭州市),枚举:Wikidata官方站点+2025区划码 2026-10
gov:www.hj.gov.cn,gov,邗江区,http://www.hj.gov.cn/,www.hj.gov.cn,probed-2xx,200,2026-10-03,市辖区(扬州市),枚举:Wikidata官方站点+2025区划码 2026-10
gov:www.hlanda.gov.cn,gov,安达市,http://www.hlanda.gov.cn/,www.hlanda.gov.cn,probed-2xx,200,2026-10-03,县级市(绥化市),枚举:Wikidata官方站点+2025区划码 2026-10
gov:www.hlbaoqing.gov.cn,gov,宝清县,http://www.hlbaoqing.gov.cn/,www.hlbaoqing.gov.cn,probed-2xx,200,2026-10-03,县(双鸭山市),枚举:Wikidata官方站点+2025区划码 2026-10
gov:www.hldlg.gov.cn,gov,龙港区,http://www.hldlg.gov.cn/,www.hldlg.gov.cn,probed-000,000,2026-10-03,市辖区(葫芦岛市),枚举:Wikidata官方站点+2025区划码 2026-10
gov:www.hljba.gov.cn,gov,北安市,http://www.hljba.gov.cn/,www.hljba.gov.cn,probed-2xx,200,2026-10-03,县级市(黑河市),枚举:Wikidata官方站点+2025区划码 2026-10
gov:www.hljbeilin.gov.cn,gov,北林区,http://www.hljbeilin.gov.cn/,www.hljbeilin.gov.cn,probed-2xx,200,2026-10-03,市辖区(绥化市),枚举:Wikidata官方站点+2025区划码 2026-10
gov:www.hljboli.gov.cn,gov,勃利县,http://www.hljboli.gov.cn/,www.hljboli.gov.cn,probed-2xx,200,2026-10-03,县(七台河市),枚举:Wikidata官方站点+2025区划码 2026-10
gov:www.hljfy.gov.cn,gov,抚远市,http://www.hljfy.gov.cn/,www.hljfy.gov.cn,probed-2xx,200,2026-10-03,县级市(佳木斯市),枚举:Wikidata官方站点+2025区划码 2026-10
gov:www.hljhulin.gov.cn,gov,虎林市,http://www.hljhulin.gov.cn/,www.hljhulin.gov.cn,probed-2xx,200,2026-10-03,县级市(鸡西市),枚举:Wikidata官方站点+2025区划码 2026-10
gov:www.hljlanxi.gov.cn,gov,兰西县,http://www.hljlanxi.gov.cn/,www.hljlanxi.gov.cn,probed-2xx,200,2026-10-03,县(绥化市),枚举:Wikidata官方站点+2025区划码 2026-10
gov:www.hljms.gov.cn,gov,密山市,http://www.hljms.gov.cn/,www.hljms.gov.cn,probed-2xx,200,2026-10-03,县级市(鸡西市),枚举:Wikidata官方站点+2025区划码 2026-10
gov:www.hljqingan.gov.cn,gov,庆安县,http://www.hljqingan.gov.cn/,www.hljqingan.gov.cn,probed-2xx,200,2026-10-03,县(绥化市),枚举:Wikidata官方站点+2025区划码 2026-10
gov:www.hljqzh.gov.cn,gov,茄子河区,http://www.hljqzh.gov.cn/,www.hljqzh.gov.cn,probed-2xx,200,2026-10-03,市辖区(七台河市),枚举:Wikidata官方站点+2025区划码 2026-10
gov:www.hljsunwu.gov.cn,gov,孙吴县,http://www.hljsunwu.gov.cn/,www.hljsunwu.gov.cn,probed-2xx,200,2026-10-03,县(黑河市),枚举:Wikidata官方站点+2025区划码 2026-10
gov:www.hljtsq.gov.cn,gov,桃山区,http://www.hljtsq.gov.cn/,www.hljtsq.gov.cn,probed-2xx,200,2026-10-03,市辖区(七台河市),枚举:Wikidata官方站点+2025区划码 2026-10
gov:www.hljwch.gov.cn,gov,五常市,http://www.hljwch.gov.cn/,www.hljwch.gov.cn,probed-2xx,200,2026-10-03,县级市(哈尔滨市),枚举:Wikidata官方站点+2025区划码 2026-10
gov:www.hljwdlc.gov.cn,gov,五大连池市,http://www.hljwdlc.gov.cn/,www.hljwdlc.gov.cn,probed-000,000,2026-10-03,县级市(黑河市),枚举:Wikidata官方站点+2025区划码 2026-10
gov:www.hljxinxing.gov.cn,gov,新兴区,http://www.hljxinxing.gov.cn/,www.hljxinxing.gov.cn,probed-2xx,200,2026-10-03,市辖区(七台河市),枚举:Wikidata官方站点+2025区划码 2026-10
gov:www.hljyian.gov.cn,gov,依安县,http://www.hljyian.gov.cn/,www.hljyian.gov.cn,probed-2xx,200,2026-10-03,县(齐齐哈尔市),枚举:Wikidata官方站点+2025区划码 2026-10
gov:www.hljyy.gov.cn,gov,友谊县,http://www.hljyy.gov.cn/,www.hljyy.gov.cn,probed-2xx,200,2026-10-03,县(双鸭山市),枚举:Wikidata官方站点+2025区划码 2026-10
gov:www.hljzhaodong.gov.cn,gov,肇东市,http://www.hljzhaodong.gov.cn/,www.hljzhaodong.gov.cn,probed-2xx,200,2026-10-03,县级市(绥化市),枚举:Wikidata官方站点+2025区划码 2026-10
gov:www.hlmohe.gov.cn,gov,漠河市,http://www.hlmohe.gov.cn/,www.hlmohe.gov.cn,probed-000,000,2026-10-03,县级市(大兴安岭地区),枚举:Wikidata官方站点+2025区划码 2026-10
gov:www.hlraohe.gov.cn,gov,饶河县,http://www.hlraohe.gov.cn/,www.hlraohe.gov.cn,probed-000,000,2026-10-03,县(双鸭山市),枚举:Wikidata官方站点+2025区划码 2026-10
gov:www.hlsaertu.gov.cn,gov,萨尔图区,http://www.hlsaertu.gov.cn/,www.hlsaertu.gov.cn,probed-000,000,2026-10-03,市辖区(大庆市),枚举:Wikidata官方站点+2025区划码 2026-10
gov:www.hltahe.gov.cn,gov,塔河县,http://www.hltahe.gov.cn/,www.hltahe.gov.cn,probed-000,000,2026-10-03,县(大兴安岭地区),枚举:Wikidata官方站点+2025区划码 2026-10
gov:www.hlwangkui.gov.cn,gov,望奎县,http://www.hlwangkui.gov.cn/,www.hlwangkui.gov.cn,probed-2xx,200,2026-10-03,县(绥化市),枚举:Wikidata官方站点+2025区划码 2026-10
gov:www.hndt.gov.cn,gov,大通区,http://www.hndt.gov.cn/,www.hndt.gov.cn,probed-2xx,200,2026-10-03,市辖区(淮南市),枚举:Wikidata官方站点+2025区划码 2026-10
gov:www.honggang.gov.cn,gov,红岗区,http://www.honggang.gov.cn/,www.honggang.gov.cn,probed-2xx,200,2026-10-03,市辖区(大庆市),枚举:Wikidata官方站点+2025区划码 2026-10
gov:www.hongze.gov.cn,gov,洪泽区,http://www.hongze.gov.cn/,www.hongze.gov.cn,probed-2xx,200,2026-10-03,市辖区(淮安市),枚举:Wikidata官方站点+2025区划码 2026-10
gov:www.hr.gov.cn,gov,桓仁满族自治县,http://www.hr.gov.cn/,www.hr.gov.cn,probed-2xx,200,2026-10-03,自治县(本溪市),枚举:Wikidata官方站点+2025区划码 2026-10
gov:www.hrbdl.gov.cn,gov,道里区,http://www.hrbdl.gov.cn/,www.hrbdl.gov.cn,probed-2xx,200,2026-10-03,市辖区(哈尔滨市),枚举:Wikidata官方站点+2025区划码 2026-10
gov:www.hrbdw.gov.cn,gov,道外区,http://www.hrbdw.gov.cn/,www.hrbdw.gov.cn,probed-2xx,200,2026-10-03,市辖区(哈尔滨市),枚举:Wikidata官方站点+2025区划码 2026-10
gov:www.hrbfz.gov.cn,gov,方正县,http://www.hrbfz.gov.cn/,www.hrbfz.gov.cn,probed-2xx,200,2026-10-03,县(哈尔滨市),枚举:Wikidata官方站点+2025区划码 2026-10
gov:www.hrbng.gov.cn,gov,南岗区,http://www.hrbng.gov.cn/,www.hrbng.gov.cn,probed-2xx,200,2026-10-03,市辖区(哈尔滨市),枚举:Wikidata官方站点+2025区划码 2026-10
gov:www.hrbpf.gov.cn,gov,平房区,http://www.hrbpf.gov.cn/,www.hrbpf.gov.cn,probed-2xx,200,2026-10-03,市辖区(哈尔滨市),枚举:Wikidata官方站点+2025区划码 2026-10
gov:www.hrbsc.gov.cn,gov,双城区,http://www.hrbsc.gov.cn/,www.hrbsc.gov.cn,probed-2xx,200,2026-10-03,市辖区(哈尔滨市),枚举:Wikidata官方站点+2025区划码 2026-10
gov:www.hrbtonghe.gov.cn,gov,通河县,http://www.hrbtonghe.gov.cn/,www.hrbtonghe.gov.cn,probed-2xx,200,2026-10-03,县(哈尔滨市),枚举:Wikidata官方站点+2025区划码 2026-10
gov:www.hrbxf.gov.cn,gov,香坊区,http://www.hrbxf.gov.cn/,www.hrbxf.gov.cn,probed-2xx,200,2026-10-03,市辖区(哈尔滨市),枚举:Wikidata官方站点+2025区划码 2026-10
gov:www.hrbyanshou.gov.cn,gov,延寿县,http://www.hrbyanshou.gov.cn/,www.hrbyanshou.gov.cn,probed-2xx,200,2026-10-03,县(哈尔滨市),枚举:Wikidata官方站点+2025区划码 2026-10
gov:www.hrbyl.gov.cn,gov,依兰县,http://www.hrbyl.gov.cn/,www.hrbyl.gov.cn,probed-2xx,200,2026-10-03,县(哈尔滨市),枚举:Wikidata官方站点+2025区划码 2026-10
gov:www.hsq.gov.cn,gov,黄山区,http://www.hsq.gov.cn/,www.hsq.gov.cn,probed-4xx,412,2026-10-03,市辖区(黄山市),枚举:Wikidata官方站点+2025区划码 2026-10
gov:www.huaan.gov.cn,gov,华安县,http://www.huaan.gov.cn/,www.huaan.gov.cn,probed-2xx,200,2026-10-03,县(漳州市),枚举:Wikidata官方站点+2025区划码 2026-10
gov:www.huachuan.gov.cn,gov,桦川县,http://www.huachuan.gov.cn/,www.huachuan.gov.cn,probed-2xx,200,2026-10-03,县(佳木斯市),枚举:Wikidata官方站点+2025区划码 2026-10
gov:www.huadian.gov.cn,gov,桦甸市,http://www.huadian.gov.cn/,www.huadian.gov.cn,probed-2xx,200,2026-10-03,县级市(吉林市),枚举:Wikidata官方站点+2025区划码 2026-10
gov:www.huaishang.gov.cn,gov,淮上区,http://www.huaishang.gov.cn/,www.huaishang.gov.cn,probed-2xx,200,2026-10-03,市辖区(蚌埠市),枚举:Wikidata官方站点+2025区划码 2026-10
gov:www.huaiyin.gov.cn,gov,槐荫区,http://www.huaiyin.gov.cn/,www.huaiyin.gov.cn,probed-2xx,200,2026-10-03,市辖区(济南市),枚举:Wikidata官方站点+2025区划码 2026-10
gov:www.huanan.gov.cn,gov,桦南县,http://www.huanan.gov.cn/,www.huanan.gov.cn,probed-2xx,200,2026-10-03,县(佳木斯市),枚举:Wikidata官方站点+2025区划码 2026-10
gov:www.huancui.gov.cn,gov,环翠区,http://www.huancui.gov.cn/,www.huancui.gov.cn,probed-2xx,200,2026-10-03,市辖区(威海市),枚举:Wikidata官方站点+2025区划码 2026-10
gov:www.huangdao.gov.cn,gov,黄岛区,http://www.huangdao.gov.cn/,www.huangdao.gov.cn,probed-2xx,200,2026-10-03,市辖区(青岛市),枚举:Wikidata官方站点+2025区划码 2026-10
gov:www.huantai.gov.cn,gov,桓台县,http://www.huantai.gov.cn/,www.huantai.gov.cn,probed-2xx,200,2026-10-03,县(淄博市),枚举:Wikidata官方站点+2025区划码 2026-10
gov:www.huian.gov.cn,gov,惠安县,http://www.huian.gov.cn/,www.huian.gov.cn,probed-2xx,200,2026-10-03,县(泉州市),枚举:Wikidata官方站点+2025区划码 2026-10
gov:www.huichang.gov.cn,gov,会昌县,http://www.huichang.gov.cn/,www.huichang.gov.cn,probed-2xx,200,2026-10-03,县(赣州市),枚举:Wikidata官方站点+2025区划码 2026-10
gov:www.huimin.gov.cn,gov,惠民县,http://www.huimin.gov.cn/,www.huimin.gov.cn,probed-2xx,200,2026-10-03,县(滨州市),枚举:Wikidata官方站点+2025区划码 2026-10
gov:www.huinanxian.gov.cn,gov,辉南县,http://www.huinanxian.gov.cn/,www.huinanxian.gov.cn,probed-2xx,200,2026-10-03,县(通化市),枚举:Wikidata官方站点+2025区划码 2026-10
gov:www.huishan.gov.cn,gov,惠山区,http://www.huishan.gov.cn/,www.huishan.gov.cn,probed-2xx,200,2026-10-03,市辖区(无锡市),枚举:Wikidata官方站点+2025区划码 2026-10
gov:www.hukou.gov.cn,gov,湖口县,http://www.hukou.gov.cn/,www.hukou.gov.cn,probed-2xx,200,2026-10-03,县(九江市),枚举:Wikidata官方站点+2025区划码 2026-10
gov:www.hulan.gov.cn,gov,呼兰区,http://www.hulan.gov.cn/,www.hulan.gov.cn,probed-2xx,200,2026-10-03,市辖区(哈尔滨市),枚举:Wikidata官方站点+2025区划码 2026-10
gov:www.huli.gov.cn,gov,湖里区,http://www.huli.gov.cn/,www.huli.gov.cn,probed-2xx,200,2026-10-03,市辖区(厦门市),枚举:Wikidata官方站点+2025区划码 2026-10
gov:www.huma.gov.cn,gov,呼玛县,http://www.huma.gov.cn/,www.huma.gov.cn,probed-2xx,200,2026-10-03,县(大兴安岭地区),枚举:Wikidata官方站点+2025区划码 2026-10
gov:www.hunchun.gov.cn,gov,珲春市,http://www.hunchun.gov.cn/,www.hunchun.gov.cn,probed-2xx,200,2026-10-03,县级市(延边朝鲜族自治州),枚举:Wikidata官方站点+2025区划码 2026-10
gov:www.hunjiang.gov.cn,gov,浑江区,http://www.hunjiang.gov.cn/,www.hunjiang.gov.cn,probed-2xx,200,2026-10-03,市辖区(白山市),枚举:Wikidata官方站点+2025区划码 2026-10
gov:www.huoqiu.gov.cn,gov,霍邱县,http://www.huoqiu.gov.cn/,www.huoqiu.gov.cn,probed-2xx,200,2026-10-03,县(六安市),枚举:Wikidata官方站点+2025区划码 2026-10
gov:www.huzhong.gov.cn,gov,呼中区,http://www.huzhong.gov.cn/,www.huzhong.gov.cn,probed-2xx,200,2026-10-03,市辖区(大兴安岭地区),枚举:Wikidata官方站点+2025区划码 2026-10
gov:www.hx.gov.cn,gov,和县,http://www.hx.gov.cn/,www.hx.gov.cn,probed-2xx,200,2026-10-03,县(马鞍山市),枚举:Wikidata官方站点+2025区划码 2026-10
gov:www.hzsc.gov.cn,gov,上城区,http://www.hzsc.gov.cn/,www.hzsc.gov.cn,probed-2xx,200,2026-10-03,市辖区(杭州市),枚举:Wikidata官方站点+2025区划码 2026-10
gov:www.hzxh.gov.cn,gov,西湖区,http://www.hzxh.gov.cn/,www.hzxh.gov.cn,probed-2xx,200,2026-10-03,市辖区(杭州市),枚举:Wikidata官方站点+2025区划码 2026-10
gov:www.ja.gov.cn,gov,金安区,http://www.ja.gov.cn/,www.ja.gov.cn,probed-2xx,200,2026-10-03,市辖区(六安市),枚举:Wikidata官方站点+2025区划码 2026-10
gov:www.jdzcjq.gov.cn,gov,昌江区,http://www.jdzcjq.gov.cn/,www.jdzcjq.gov.cn,probed-2xx,200,2026-10-03,市辖区(景德镇市),枚举:Wikidata官方站点+2025区划码 2026-10
gov:www.jdzzsq.gov.cn,gov,珠山区,http://www.jdzzsq.gov.cn/,www.jdzzsq.gov.cn,probed-2xx,200,2026-10-03,市辖区(景德镇市),枚举:Wikidata官方站点+2025区划码 2026-10
gov:www.jgdq.gov.cn,gov,加格达奇区,http://www.jgdq.gov.cn/,www.jgdq.gov.cn,probed-2xx,200,2026-10-03,市辖区(大兴安岭地区),枚举:Wikidata官方站点+2025区划码 2026-10
gov:www.jgq.gov.cn,gov,鸡冠区,http://www.jgq.gov.cn/,www.jgq.gov.cn,probed-2xx,200,2026-10-03,市辖区(鸡西市),枚举:Wikidata官方站点+2025区划码 2026-10
gov:www.jgs.gov.cn,gov,井冈山市,http://www.jgs.gov.cn/,www.jgs.gov.cn,probed-2xx,200,2026-10-03,县级市(吉安市),枚举:Wikidata官方站点+2025区划码 2026-10
gov:www.jhq.gov.cn,gov,建华区,http://www.jhq.gov.cn/,www.jhq.gov.cn,probed-2xx,200,2026-10-03,市辖区(齐齐哈尔市),枚举:Wikidata官方站点+2025区划码 2026-10
gov:www.jiande.gov.cn,gov,建德市,http://www.jiande.gov.cn/,www.jiande.gov.cn,probed-2xx,200,2026-10-03,县级市(杭州市),枚举:Wikidata官方站点+2025区划码 2026-10
gov:www.jiangdu.gov.cn,gov,江都区,http://www.jiangdu.gov.cn/,www.jiangdu.gov.cn,probed-2xx,200,2026-10-03,市辖区(扬州市),枚举:Wikidata官方站点+2025区划码 2026-10
gov:www.jiangning.gov.cn,gov,江宁区,http://www.jiangning.gov.cn/,www.jiangning.gov.cn,probed-2xx,200,2026-10-03,市辖区(南京市),枚举:Wikidata官方站点+2025区划码 2026-10
gov:www.jiangyan.gov.cn,gov,姜堰区,http://www.jiangyan.gov.cn/,www.jiangyan.gov.cn,probed-2xx,200,2026-10-03,市辖区(泰州市),枚举:Wikidata官方站点+2025区划码 2026-10
gov:www.jiangyin.gov.cn,gov,江阴市,http://www.jiangyin.gov.cn/,www.jiangyin.gov.cn,probed-2xx,200,2026-10-03,县级市(无锡市),枚举:Wikidata官方站点+2025区划码 2026-10
gov:www.jianhu.gov.cn,gov,建湖县,http://www.jianhu.gov.cn/,www.jianhu.gov.cn,probed-2xx,200,2026-10-03,县(盐城市),枚举:Wikidata官方站点+2025区划码 2026-10
gov:www.jianou.gov.cn,gov,建瓯市,http://www.jianou.gov.cn/,www.jianou.gov.cn,probed-000,000,2026-10-03,县级市(南平市),枚举:Wikidata官方站点+2025区划码 2026-10
gov:www.jianxian.gov.cn,gov,吉安县,http://www.jianxian.gov.cn/,www.jianxian.gov.cn,probed-2xx,200,2026-10-03,县(吉安市),枚举:Wikidata官方站点+2025区划码 2026-10
gov:www.jiaocheng.gov.cn,gov,蕉城区,http://www.jiaocheng.gov.cn/,www.jiaocheng.gov.cn,probed-2xx,200,2026-10-03,市辖区(宁德市),枚举:Wikidata官方站点+2025区划码 2026-10
gov:www.jiaohe.gov.cn,gov,蛟河市,http://www.jiaohe.gov.cn/,www.jiaohe.gov.cn,probed-2xx,200,2026-10-03,县级市(吉林市),枚举:Wikidata官方站点+2025区划码 2026-10
gov:www.jiaozhou.gov.cn,gov,胶州市,http://www.jiaozhou.gov.cn/,www.jiaozhou.gov.cn,probed-2xx,200,2026-10-03,县级市(青岛市),枚举:Wikidata官方站点+2025区划码 2026-10
gov:www.jiashan.gov.cn,gov,嘉善县,http://www.jiashan.gov.cn/,www.jiashan.gov.cn,probed-2xx,200,2026-10-03,县(嘉兴市),枚举:Wikidata官方站点+2025区划码 2026-10
gov:www.jiaxiang.gov.cn,gov,嘉祥县,http://www.jiaxiang.gov.cn/,www.jiaxiang.gov.cn,probed-4xx,412,2026-10-03,县(济宁市),枚举:Wikidata官方站点+2025区划码 2026-10
gov:www.jidong.gov.cn,gov,鸡东县,http://www.jidong.gov.cn/,www.jidong.gov.cn,probed-2xx,200,2026-10-03,县(鸡西市),枚举:Wikidata官方站点+2025区划码 2026-10
gov:www.jilinja.gov.cn,gov,集安市,http://www.jilinja.gov.cn/,www.jilinja.gov.cn,probed-2xx,200,2026-10-03,县级市(通化市),枚举:Wikidata官方站点+2025区划码 2026-10
gov:www.jimei.gov.cn,gov,集美区,http://www.jimei.gov.cn/,www.jimei.gov.cn,probed-2xx,200,2026-10-03,市辖区(厦门市),枚举:Wikidata官方站点+2025区划码 2026-10
gov:www.jimo.gov.cn,gov,即墨区,http://www.jimo.gov.cn/,www.jimo.gov.cn,probed-2xx,200,2026-10-03,市辖区(青岛市),枚举:Wikidata官方站点+2025区划码 2026-10
gov:www.jindong.gov.cn,gov,金东区,http://www.jindong.gov.cn/,www.jindong.gov.cn,probed-2xx,200,2026-10-03,市辖区(金华市),枚举:Wikidata官方站点+2025区划码 2026-10
gov:www.jingjiang.gov.cn,gov,靖江市,http://www.jingjiang.gov.cn/,www.jingjiang.gov.cn,probed-2xx,200,2026-10-03,县级市(泰州市),枚举:Wikidata官方站点+2025区划码 2026-10
gov:www.jingkou.gov.cn,gov,京口区,http://www.jingkou.gov.cn/,www.jingkou.gov.cn,probed-2xx,200,2026-10-03,市辖区(镇江市),枚举:Wikidata官方站点+2025区划码 2026-10
gov:www.jingning.gov.cn,gov,景宁畲族自治县,http://www.jingning.gov.cn/,www.jingning.gov.cn,probed-2xx,200,2026-10-03,自治县(丽水市),枚举:Wikidata官方站点+2025区划码 2026-10
gov:www.jingyue.gov.cn,gov,长春净月高新技术产业开发区,http://www.jingyue.gov.cn/,www.jingyue.gov.cn,probed-2xx,200,2026-10-03,功能区(县级)(长春市),枚举:Wikidata官方站点+2025区划码 2026-10
gov:www.jinhu.gov.cn,gov,金湖县,http://www.jinhu.gov.cn/,www.jinhu.gov.cn,probed-2xx,200,2026-10-03,县(淮安市),枚举:Wikidata官方站点+2025区划码 2026-10
gov:www.jinjiang.gov.cn,gov,晋江市,http://www.jinjiang.gov.cn/,www.jinjiang.gov.cn,probed-2xx,200,2026-10-03,县级市(泉州市),枚举:Wikidata官方站点+2025区划码 2026-10
gov:www.jinxi.gov.cn,gov,金溪县,http://www.jinxi.gov.cn/,www.jinxi.gov.cn,probed-2xx,200,2026-10-03,县(抚州市),枚举:Wikidata官方站点+2025区划码 2026-10
gov:www.jinxian.gov.cn,gov,进贤县,http://www.jinxian.gov.cn/,www.jinxian.gov.cn,probed-000,000,2026-10-03,县(南昌市),枚举:Wikidata官方站点+2025区划码 2026-10
gov:www.jinxiang.gov.cn,gov,金乡县,http://www.jinxiang.gov.cn/,www.jinxiang.gov.cn,probed-2xx,200,2026-10-03,县(济宁市),枚举:Wikidata官方站点+2025区划码 2026-10
gov:www.jinyun.gov.cn,gov,缙云县,http://www.jinyun.gov.cn/,www.jinyun.gov.cn,probed-2xx,200,2026-10-03,县(丽水市),枚举:Wikidata官方站点+2025区划码 2026-10
gov:www.jishui.gov.cn,gov,吉水县,http://www.jishui.gov.cn/,www.jishui.gov.cn,probed-2xx,200,2026-10-03,县(吉安市),枚举:Wikidata官方站点+2025区划码 2026-10
gov:www.jiutai.gov.cn,gov,九台区,http://www.jiutai.gov.cn/,www.jiutai.gov.cn,probed-2xx,200,2026-10-03,市辖区(长春市),枚举:Wikidata官方站点+2025区划码 2026-10
gov:www.jixian.gov.cn,gov,集贤县,http://www.jixian.gov.cn/,www.jixian.gov.cn,probed-2xx,200,2026-10-03,县(双鸭山市),枚举:Wikidata官方站点+2025区划码 2026-10
gov:www.jiyang.gov.cn,gov,济阳区,http://www.jiyang.gov.cn/,www.jiyang.gov.cn,probed-2xx,200,2026-10-03,市辖区(济南市),枚举:Wikidata官方站点+2025区划码 2026-10
gov:www.jj.gov.cn,gov,椒江区,http://www.jj.gov.cn/,www.jj.gov.cn,probed-2xx,200,2026-10-03,市辖区(台州市),枚举:Wikidata官方站点+2025区划码 2026-10
gov:www.jjq.gov.cn,gov,鸠江区,http://www.jjq.gov.cn/,www.jjq.gov.cn,probed-2xx,200,2026-10-03,市辖区(芜湖市),枚举:Wikidata官方站点+2025区划码 2026-10
gov:www.jlcl.gov.cn,gov,长岭县,http://www.jlcl.gov.cn/,www.jlcl.gov.cn,probed-2xx,200,2026-10-03,县(松原市),枚举:Wikidata官方站点+2025区划码 2026-10
gov:www.jlcy.gov.cn,gov,船营区,http://www.jlcy.gov.cn/,www.jlcy.gov.cn,probed-2xx,200,2026-10-03,市辖区(吉林市),枚举:Wikidata官方站点+2025区划码 2026-10
gov:www.jleda.gov.cn,gov,吉林经济开发区,http://www.jleda.gov.cn/,www.jleda.gov.cn,probed-2xx,200,2026-10-03,功能区(县级)(吉林市),枚举:Wikidata官方站点+2025区划码 2026-10
gov:www.jlfm.gov.cn,gov,丰满区,http://www.jlfm.gov.cn/,www.jlfm.gov.cn,probed-2xx,200,2026-10-03,市辖区(吉林市),枚举:Wikidata官方站点+2025区划码 2026-10
gov:www.jlfy.gov.cn,gov,扶余市,http://www.jlfy.gov.cn/,www.jlfy.gov.cn,probed-2xx,200,2026-10-03,县级市(松原市),枚举:Wikidata官方站点+2025区划码 2026-10
gov:www.jlhitech.gov.cn,gov,吉林高新技术产业开发区,http://www.jlhitech.gov.cn/,www.jlhitech.gov.cn,probed-2xx,200,2026-10-03,功能区(县级)(吉林市),枚举:Wikidata官方站点+2025区划码 2026-10
gov:www.jllh.gov.cn,gov,柳河县,http://www.jllh.gov.cn/,www.jllh.gov.cn,probed-2xx,200,2026-10-03,县(通化市),枚举:Wikidata官方站点+2025区划码 2026-10
gov:www.jllyls.gov.cn,gov,龙山区,http://www.jllyls.gov.cn/,www.jllyls.gov.cn,probed-2xx,200,2026-10-03,市辖区(辽源市),枚举:Wikidata官方站点+2025区划码 2026-10
gov:www.jlqa.gov.cn,gov,乾安县,http://www.jlqa.gov.cn/,www.jlqa.gov.cn,probed-2xx,200,2026-10-03,县(松原市),枚举:Wikidata官方站点+2025区划码 2026-10
gov:www.jlscy.gov.cn,gov,昌邑区,http://www.jlscy.gov.cn/,www.jlscy.gov.cn,probed-2xx,200,2026-10-03,市辖区(吉林市),枚举:Wikidata官方站点+2025区划码 2026-10
gov:www.jlsptd.gov.cn,gov,铁东区,http://www.jlsptd.gov.cn/,www.jlsptd.gov.cn,probed-000,000,2026-10-03,市辖区(四平市),枚举:Wikidata官方站点+2025区划码 2026-10
gov:www.jlthx.gov.cn,gov,通化县,http://www.jlthx.gov.cn/,www.jlthx.gov.cn,probed-000,000,2026-10-03,县(通化市),枚举:Wikidata官方站点+2025区划码 2026-10
gov:www.jlyj.gov.cn,gov,永吉县,http://www.jlyj.gov.cn/,www.jlyj.gov.cn,probed-2xx,200,2026-10-03,县(吉林市),枚举:Wikidata官方站点+2025区划码 2026-10
gov:www.jlzhenlai.gov.cn,gov,镇赉县,http://www.jlzhenlai.gov.cn/,www.jlzhenlai.gov.cn,probed-2xx,200,2026-10-03,县(白城市),枚举:Wikidata官方站点+2025区划码 2026-10
gov:www.jmsdf.gov.cn,gov,东风区,http://www.jmsdf.gov.cn/,www.jmsdf.gov.cn,probed-2xx,200,2026-10-03,市辖区(佳木斯市),枚举:Wikidata官方站点+2025区划码 2026-10
gov:www.jmsjq.gov.cn,gov,郊区,http://www.jmsjq.gov.cn/,www.jmsjq.gov.cn,probed-000,000,2026-10-03,市辖区(佳木斯市),枚举:Wikidata官方站点+2025区划码 2026-10
gov:www.jmsqjq.gov.cn,gov,前进区,http://www.jmsqjq.gov.cn/,www.jmsqjq.gov.cn,probed-2xx,200,2026-10-03,市辖区(佳木斯市),枚举:Wikidata官方站点+2025区划码 2026-10
gov:www.jnhn.gov.cn,gov,济宁高新技术产业开发区,http://www.jnhn.gov.cn/,www.jnhn.gov.cn,probed-2xx,200,2026-10-03,功能区(县级)(济宁市),枚举:Wikidata官方站点+2025区划码 2026-10
gov:www.jsdh.gov.cn,gov,东海县,http://www.jsdh.gov.cn/,www.jsdh.gov.cn,probed-2xx,200,2026-10-03,县(连云港市),枚举:Wikidata官方站点+2025区划码 2026-10
gov:www.jsjt.gov.cn,gov,金坛区,http://www.jsjt.gov.cn/,www.jsjt.gov.cn,probed-000,000,2026-10-03,市辖区(常州市),枚举:Wikidata官方站点+2025区划码 2026-10
gov:www.jsxishan.gov.cn,gov,锡山区,http://www.jsxishan.gov.cn/,www.jsxishan.gov.cn,probed-2xx,200,2026-10-03,市辖区(无锡市),枚举:Wikidata官方站点+2025区划码 2026-10
gov:www.juancheng.gov.cn,gov,鄄城县,http://www.juancheng.gov.cn/,www.juancheng.gov.cn,probed-2xx,200,2026-10-03,县(菏泽市),枚举:Wikidata官方站点+2025区划码 2026-10
gov:www.junan.gov.cn,gov,莒南县,http://www.junan.gov.cn/,www.junan.gov.cn,probed-2xx,200,2026-10-03,县(临沂市),枚举:Wikidata官方站点+2025区划码 2026-10
gov:www.jurong.gov.cn,gov,句容市,http://www.jurong.gov.cn/,www.jurong.gov.cn,probed-2xx,200,2026-10-03,县级市(镇江市),枚举:Wikidata官方站点+2025区划码 2026-10
gov:www.juxian.gov.cn,gov,莒县,http://www.juxian.gov.cn/,www.juxian.gov.cn,probed-2xx,200,2026-10-03,县(日照市),枚举:Wikidata官方站点+2025区划码 2026-10
gov:www.juye.gov.cn,gov,巨野县,http://www.juye.gov.cn/,www.juye.gov.cn,probed-2xx,200,2026-10-03,县(菏泽市),枚举:Wikidata官方站点+2025区划码 2026-10
gov:www.jxay.gov.cn,gov,安源区,http://www.jxay.gov.cn/,www.jxay.gov.cn,probed-2xx,200,2026-10-03,市辖区(萍乡市),枚举:Wikidata官方站点+2025区划码 2026-10
gov:www.jxcr.gov.cn,gov,崇仁县,http://www.jxcr.gov.cn/,www.jxcr.gov.cn,probed-2xx,200,2026-10-03,县(抚州市),枚举:Wikidata官方站点+2025区划码 2026-10
gov:www.jxdy.gov.cn,gov,大余县,http://www.jxdy.gov.cn/,www.jxdy.gov.cn,probed-2xx,200,2026-10-03,县(赣州市),枚举:Wikidata官方站点+2025区划码 2026-10
gov:www.jxfc.gov.cn,gov,丰城市,http://www.jxfc.gov.cn/,www.jxfc.gov.cn,probed-2xx,200,2026-10-03,县级市(宜春市),枚举:Wikidata官方站点+2025区划码 2026-10
gov:www.jxfzdx.gov.cn,gov,东乡区,http://www.jxfzdx.gov.cn/,www.jxfzdx.gov.cn,probed-2xx,200,2026-10-03,市辖区(抚州市),枚举:Wikidata官方站点+2025区划码 2026-10
gov:www.jxgc.gov.cn,gov,广昌县,http://www.jxgc.gov.cn/,www.jxgc.gov.cn,probed-2xx,200,2026-10-03,县(抚州市),枚举:Wikidata官方站点+2025区划码 2026-10
gov:www.jxja.gov.cn,gov,靖安县,http://www.jxja.gov.cn/,www.jxja.gov.cn,probed-000,000,2026-10-03,县(宜春市),枚举:Wikidata官方站点+2025区划码 2026-10
gov:www.jxlc.gov.cn,gov,临川区,http://www.jxlc.gov.cn/,www.jxlc.gov.cn,probed-2xx,200,2026-10-03,市辖区(抚州市),枚举:Wikidata官方站点+2025区划码 2026-10
gov:www.jxlcx.gov.cn,gov,黎川县,http://www.jxlcx.gov.cn/,www.jxlcx.gov.cn,probed-2xx,200,2026-10-03,县(抚州市),枚举:Wikidata官方站点+2025区划码 2026-10
gov:www.jxlean.gov.cn,gov,乐安县,http://www.jxlean.gov.cn/,www.jxlean.gov.cn,probed-2xx,200,2026-10-03,县(抚州市),枚举:Wikidata官方站点+2025区划码 2026-10
gov:www.jxln.gov.cn,gov,龙南市,http://www.jxln.gov.cn/,www.jxln.gov.cn,probed-2xx,200,2026-10-03,县级市(赣州市),枚举:Wikidata官方站点+2025区划码 2026-10
gov:www.jxnc.gov.cn,gov,南城县,http://www.jxnc.gov.cn/,www.jxnc.gov.cn,probed-2xx,200,2026-10-03,县(抚州市),枚举:Wikidata官方站点+2025区划码 2026-10
gov:www.jxnf.gov.cn,gov,南丰县,http://www.jxnf.gov.cn/,www.jxnf.gov.cn,probed-2xx,200,2026-10-03,县(抚州市),枚举:Wikidata官方站点+2025区划码 2026-10
gov:www.jxslx.gov.cn,gov,上栗县,http://www.jxslx.gov.cn/,www.jxslx.gov.cn,probed-2xx,200,2026-10-03,县(萍乡市),枚举:Wikidata官方站点+2025区划码 2026-10
gov:www.jxth.gov.cn,gov,泰和县,http://www.jxth.gov.cn/,www.jxth.gov.cn,probed-2xx,200,2026-10-03,县(吉安市),枚举:Wikidata官方站点+2025区划码 2026-10
gov:www.jxwy.gov.cn,gov,婺源县,http://www.jxwy.gov.cn/,www.jxwy.gov.cn,probed-4xx,412,2026-10-03,县(上饶市),枚举:Wikidata官方站点+2025区划码 2026-10
gov:www.jxxd.gov.cn,gov,湘东区,http://www.jxxd.gov.cn/,www.jxxd.gov.cn,probed-2xx,200,2026-10-03,市辖区(萍乡市),枚举:Wikidata官方站点+2025区划码 2026-10
gov:www.jxxf.gov.cn,gov,信丰县,http://www.jxxf.gov.cn/,www.jxxf.gov.cn,probed-2xx,200,2026-10-03,县(赣州市),枚举:Wikidata官方站点+2025区划码 2026-10
gov:www.jxxz.gov.cn,gov,信州区,http://www.jxxz.gov.cn/,www.jxxz.gov.cn,probed-4xx,412,2026-10-03,市辖区(上饶市),枚举:Wikidata官方站点+2025区划码 2026-10
gov:www.jxyanshan.gov.cn,gov,铅山县,http://www.jxyanshan.gov.cn/,www.jxyanshan.gov.cn,probed-4xx,412,2026-10-03,县(上饶市),枚举:Wikidata官方站点+2025区划码 2026-10
gov:www.jxyf.gov.cn,gov,宜丰县,http://www.jxyf.gov.cn/,www.jxyf.gov.cn,probed-2xx,200,2026-10-03,县(宜春市),枚举:Wikidata官方站点+2025区划码 2026-10
gov:www.jxyh.gov.cn,gov,宜黄县,http://www.jxyh.gov.cn/,www.jxyh.gov.cn,probed-2xx,200,2026-10-03,县(抚州市),枚举:Wikidata官方站点+2025区划码 2026-10
gov:www.jxyongfeng.gov.cn,gov,永丰县,http://www.jxyongfeng.gov.cn/,www.jxyongfeng.gov.cn,probed-2xx,200,2026-10-03,县(吉安市),枚举:Wikidata官方站点+2025区划码 2026-10
gov:www.jxyy.gov.cn,gov,弋阳县,http://www.jxyy.gov.cn/,www.jxyy.gov.cn,probed-4xx,412,2026-10-03,县(上饶市),枚举:Wikidata官方站点+2025区划码 2026-10
gov:www.jyszfw.gov.cn,gov,建阳区,http://www.jyszfw.gov.cn/,www.jyszfw.gov.cn,probed-000,000,2026-10-03,市辖区(南平市),枚举:Wikidata官方站点+2025区划码 2026-10
gov:www.jyx.gov.cn,gov,嘉荫县,http://www.jyx.gov.cn/,www.jyx.gov.cn,probed-2xx,200,2026-10-03,县(伊春市),枚举:Wikidata官方站点+2025区划码 2026-10
gov:www.jzgtq.gov.cn,gov,古塔区,http://www.jzgtq.gov.cn/,www.jzgtq.gov.cn,probed-2xx,200,2026-10-03,市辖区(锦州市),枚举:Wikidata官方站点+2025区划码 2026-10
gov:www.jzlhqzf.gov.cn,gov,凌河区,http://www.jzlhqzf.gov.cn/,www.jzlhqzf.gov.cn,probed-2xx,200,2026-10-03,市辖区(锦州市),枚举:Wikidata官方站点+2025区划码 2026-10
gov:www.jzq.gov.cn,gov,吉州区,http://www.jzq.gov.cn/,www.jzq.gov.cn,probed-2xx,200,2026-10-03,市辖区(吉安市),枚举:Wikidata官方站点+2025区划码 2026-10
gov:www.jzth.gov.cn,gov,太和区,http://www.jzth.gov.cn/,www.jzth.gov.cn,probed-2xx,200,2026-10-03,市辖区(锦州市),枚举:Wikidata官方站点+2025区划码 2026-10
gov:www.kaihua.gov.cn,gov,开化县,http://www.kaihua.gov.cn/,www.kaihua.gov.cn,probed-2xx,200,2026-10-03,县(衢州市),枚举:Wikidata官方站点+2025区划码 2026-10
gov:www.kazuo.gov.cn,gov,喀喇沁左翼蒙古族自治县,http://www.kazuo.gov.cn/,www.kazuo.gov.cn,probed-2xx,200,2026-10-03,自治县(朝阳市),枚举:Wikidata官方站点+2025区划码 2026-10
gov:www.kecheng.gov.cn,gov,柯城区,http://www.kecheng.gov.cn/,www.kecheng.gov.cn,probed-2xx,200,2026-10-03,市辖区(衢州市),枚举:Wikidata官方站点+2025区划码 2026-10
gov:www.kedong.gov.cn,gov,克东县,http://www.kedong.gov.cn/,www.kedong.gov.cn,probed-2xx,200,2026-10-03,县(齐齐哈尔市),枚举:Wikidata官方站点+2025区划码 2026-10
gov:www.kenli.gov.cn,gov,垦利区,http://www.kenli.gov.cn/,www.kenli.gov.cn,probed-2xx,200,2026-10-03,市辖区(东营市),枚举:Wikidata官方站点+2025区划码 2026-10
gov:www.keshan.gov.cn,gov,克山县,http://www.keshan.gov.cn/,www.keshan.gov.cn,probed-2xx,200,2026-10-03,县(齐齐哈尔市),枚举:Wikidata官方站点+2025区划码 2026-10
gov:www.kp.shenyang.gov.cn,gov,康平县,http://www.kp.shenyang.gov.cn/,www.kp.shenyang.gov.cn,probed-000,000,2026-10-03,县(沈阳市),枚举:Wikidata官方站点+2025区划码 2026-10
gov:www.ks.gov.cn,gov,昆山市,http://www.ks.gov.cn/,www.ks.gov.cn,probed-2xx,200,2026-10-03,县级市(苏州市),枚举:Wikidata官方站点+2025区划码 2026-10
gov:www.kuiwen.gov.cn,gov,奎文区,http://www.kuiwen.gov.cn/,www.kuiwen.gov.cn,probed-2xx,200,2026-10-03,市辖区(潍坊市),枚举:Wikidata官方站点+2025区划码 2026-10
gov:www.laian.gov.cn,gov,来安县,http://www.laian.gov.cn/,www.laian.gov.cn,probed-2xx,200,2026-10-03,县(滁州市),枚举:Wikidata官方站点+2025区划码 2026-10
gov:www.laiwu.gov.cn,gov,莱芜区,http://www.laiwu.gov.cn/,www.laiwu.gov.cn,probed-2xx,200,2026-10-03,市辖区(济南市),枚举:Wikidata官方站点+2025区划码 2026-10
gov:www.laixi.gov.cn,gov,莱西市,http://www.laixi.gov.cn/,www.laixi.gov.cn,probed-2xx,200,2026-10-03,县级市(青岛市),枚举:Wikidata官方站点+2025区划码 2026-10
gov:www.laiyang.gov.cn,gov,莱阳市,http://www.laiyang.gov.cn/,www.laiyang.gov.cn,probed-2xx,200,2026-10-03,县级市(烟台市),枚举:Wikidata官方站点+2025区划码 2026-10
gov:www.laizhou.gov.cn,gov,莱州市,http://www.laizhou.gov.cn/,www.laizhou.gov.cn,probed-2xx,200,2026-10-03,县级市(烟台市),枚举:Wikidata官方站点+2025区划码 2026-10
gov:www.lanling.gov.cn,gov,兰陵县,http://www.lanling.gov.cn/,www.lanling.gov.cn,probed-2xx,200,2026-10-03,县(临沂市),枚举:Wikidata官方站点+2025区划码 2026-10
gov:www.lanxi.gov.cn,gov,兰溪市,http://www.lanxi.gov.cn/,www.lanxi.gov.cn,probed-2xx,200,2026-10-03,县级市(金华市),枚举:Wikidata官方站点+2025区划码 2026-10
gov:www.laobian.gov.cn,gov,老边区,http://www.laobian.gov.cn/,www.laobian.gov.cn,probed-2xx,200,2026-10-03,市辖区(营口市),枚举:Wikidata官方站点+2025区划码 2026-10
gov:www.laoling.gov.cn,gov,乐陵市,http://www.laoling.gov.cn/,www.laoling.gov.cn,probed-2xx,200,2026-10-03,县级市(德州市),枚举:Wikidata官方站点+2025区划码 2026-10
gov:www.laoshan.gov.cn,gov,崂山区,http://www.laoshan.gov.cn/,www.laoshan.gov.cn,probed-2xx,200,2026-10-03,市辖区(青岛市),枚举:Wikidata官方站点+2025区划码 2026-10
gov:www.lda.gov.cn,gov,连云港经济技术开发区,http://www.lda.gov.cn/,www.lda.gov.cn,probed-2xx,200,2026-10-03,功能区(县级)(连云港市),枚举:Wikidata官方站点+2025区划码 2026-10
gov:www.lepingshi.gov.cn,gov,乐平市,http://www.lepingshi.gov.cn/,www.lepingshi.gov.cn,probed-000,000,2026-10-03,县级市(景德镇市),枚举:Wikidata官方站点+2025区划码 2026-10
gov:www.liandu.gov.cn,gov,莲都区,http://www.liandu.gov.cn/,www.liandu.gov.cn,probed-2xx,200,2026-10-03,市辖区(丽水市),枚举:Wikidata官方站点+2025区划码 2026-10
gov:www.liangshan.gov.cn,gov,梁山县,http://www.liangshan.gov.cn/,www.liangshan.gov.cn,probed-2xx,200,2026-10-03,县(济宁市),枚举:Wikidata官方站点+2025区划码 2026-10
gov:www.lianshan.gov.cn,gov,连山区,http://www.lianshan.gov.cn/,www.lianshan.gov.cn,probed-2xx,200,2026-10-03,市辖区(葫芦岛市),枚举:Wikidata官方站点+2025区划码 2026-10
gov:www.lianshui.gov.cn,gov,涟水县,http://www.lianshui.gov.cn/,www.lianshui.gov.cn,probed-2xx,200,2026-10-03,县(淮安市),枚举:Wikidata官方站点+2025区划码 2026-10
gov:www.lianxi.gov.cn,gov,濂溪区,http://www.lianxi.gov.cn/,www.lianxi.gov.cn,probed-2xx,200,2026-10-03,市辖区(九江市),枚举:Wikidata官方站点+2025区划码 2026-10
gov:www.lianyun.gov.cn,gov,连云区,http://www.lianyun.gov.cn/,www.lianyun.gov.cn,probed-2xx,200,2026-10-03,市辖区(连云港市),枚举:Wikidata官方站点+2025区划码 2026-10
gov:www.liaoyangxian.gov.cn,gov,辽阳县,http://www.liaoyangxian.gov.cn/,www.liaoyangxian.gov.cn,probed-2xx,200,2026-10-03,县(辽阳市),枚举:Wikidata官方站点+2025区划码 2026-10
gov:www.liaozhong.gov.cn,gov,辽中区,http://www.liaozhong.gov.cn/,www.liaozhong.gov.cn,probed-2xx,200,2026-10-03,市辖区(沈阳市),枚举:Wikidata官方站点+2025区划码 2026-10
gov:www.licheng.gov.cn,gov,历城区,http://www.licheng.gov.cn/,www.licheng.gov.cn,probed-2xx,200,2026-10-03,市辖区(济南市),枚举:Wikidata官方站点+2025区划码 2026-10
gov:www.lieshan.gov.cn,gov,烈山区,http://www.lieshan.gov.cn/,www.lieshan.gov.cn,probed-2xx,200,2026-10-03,市辖区(淮北市),枚举:Wikidata官方站点+2025区划码 2026-10
gov:www.lijin.gov.cn,gov,利津县,http://www.lijin.gov.cn/,www.lijin.gov.cn,probed-2xx,200,2026-10-03,县(东营市),枚举:Wikidata官方站点+2025区划码 2026-10
gov:www.linan.gov.cn,gov,临安区,http://www.linan.gov.cn/,www.linan.gov.cn,probed-2xx,200,2026-10-03,市辖区(杭州市),枚举:Wikidata官方站点+2025区划码 2026-10
gov:www.lindian.gov.cn,gov,林甸县,http://www.lindian.gov.cn/,www.lindian.gov.cn,probed-2xx,200,2026-10-03,县(大庆市),枚举:Wikidata官方站点+2025区划码 2026-10
gov:www.lingbi.gov.cn,gov,灵璧县,http://www.lingbi.gov.cn/,www.lingbi.gov.cn,probed-2xx,200,2026-10-03,县(宿州市),枚举:Wikidata官方站点+2025区划码 2026-10
gov:www.linhai.gov.cn,gov,临海市,http://www.linhai.gov.cn/,www.linhai.gov.cn,probed-2xx,200,2026-10-03,县级市(台州市),枚举:Wikidata官方站点+2025区划码 2026-10
gov:www.linkou.gov.cn,gov,林口县,http://www.linkou.gov.cn/,www.linkou.gov.cn,probed-2xx,200,2026-10-03,县(牡丹江市),枚举:Wikidata官方站点+2025区划码 2026-10
gov:www.linping.gov.cn,gov,临平区,http://www.linping.gov.cn/,www.linping.gov.cn,probed-2xx,200,2026-10-03,市辖区(杭州市),枚举:Wikidata官方站点+2025区划码 2026-10
gov:www.linqing.gov.cn,gov,临清市,http://www.linqing.gov.cn/,www.linqing.gov.cn,probed-2xx,200,2026-10-03,县级市(聊城市),枚举:Wikidata官方站点+2025区划码 2026-10
gov:www.linqu.gov.cn,gov,临朐县,http://www.linqu.gov.cn/,www.linqu.gov.cn,probed-2xx,200,2026-10-03,县(潍坊市),枚举:Wikidata官方站点+2025区划码 2026-10
gov:www.linquan.gov.cn,gov,临泉县,http://www.linquan.gov.cn/,www.linquan.gov.cn,probed-2xx,200,2026-10-03,县(阜阳市),枚举:Wikidata官方站点+2025区划码 2026-10
gov:www.linshu.gov.cn,gov,临沭县,http://www.linshu.gov.cn/,www.linshu.gov.cn,probed-4xx,403,2026-10-03,县(临沂市),枚举:Wikidata官方站点+2025区划码 2026-10
gov:www.linyixian.gov.cn,gov,临邑县,http://www.linyixian.gov.cn/,www.linyixian.gov.cn,probed-2xx,200,2026-10-03,县(德州市),枚举:Wikidata官方站点+2025区划码 2026-10
gov:www.linzi.gov.cn,gov,临淄区,http://www.linzi.gov.cn/,www.linzi.gov.cn,probed-2xx,200,2026-10-03,市辖区(淄博市),枚举:Wikidata官方站点+2025区划码 2026-10
gov:www.lishan.gov.cn,gov,立山区,http://www.lishan.gov.cn/,www.lishan.gov.cn,probed-2xx,200,2026-10-03,市辖区(鞍山市),枚举:Wikidata官方站点+2025区划码 2026-10
gov:www.lishu.gov.cn,gov,梨树县,http://www.lishu.gov.cn/,www.lishu.gov.cn,probed-2xx,200,2026-10-03,县(四平市),枚举:Wikidata官方站点+2025区划码 2026-10
gov:www.lixia.gov.cn,gov,历下区,http://www.lixia.gov.cn/,www.lixia.gov.cn,probed-2xx,200,2026-10-03,市辖区(济南市),枚举:Wikidata官方站点+2025区划码 2026-10
gov:www.lixin.gov.cn,gov,利辛县,http://www.lixin.gov.cn/,www.lixin.gov.cn,probed-2xx,200,2026-10-03,县(亳州市),枚举:Wikidata官方站点+2025区划码 2026-10
gov:www.liyang.gov.cn,gov,溧阳市,http://www.liyang.gov.cn/,www.liyang.gov.cn,probed-2xx,200,2026-10-03,县级市(常州市),枚举:Wikidata官方站点+2025区划码 2026-10
gov:www.lj.gov.cn,gov,庐江县,http://www.lj.gov.cn/,www.lj.gov.cn,probed-5xx,521,2026-10-03,县(合肥市),枚举:Wikidata官方站点+2025区划码 2026-10
gov:www.ljxzsyzw.gov.cn,gov,龙江县,http://www.ljxzsyzw.gov.cn/,www.ljxzsyzw.gov.cn,probed-000,000,2026-10-03,县(齐齐哈尔市),枚举:Wikidata官方站点+2025区划码 2026-10
gov:www.lndbss.gov.cn,gov,调兵山市,http://www.lndbss.gov.cn/,www.lndbss.gov.cn,probed-3xx,302,2026-10-03,县级市(铁岭市),枚举:Wikidata官方站点+2025区划码 2026-10
gov:www.lnfc.gov.cn,gov,凤城市,http://www.lnfc.gov.cn/,www.lnfc.gov.cn,probed-2xx,200,2026-10-03,县级市(丹东市),枚举:Wikidata官方站点+2025区划码 2026-10
gov:www.lnfsx.gov.cn,gov,抚顺县,http://www.lnfsx.gov.cn/,www.lnfsx.gov.cn,probed-2xx,200,2026-10-03,县(抚顺市),枚举:Wikidata官方站点+2025区划码 2026-10
gov:www.lnjc.gov.cn,gov,建昌县,http://www.lnjc.gov.cn/,www.lnjc.gov.cn,probed-000,000,2026-10-03,县(葫芦岛市),枚举:Wikidata官方站点+2025区划码 2026-10
gov:www.lnjp.gov.cn,gov,建平县,http://www.lnjp.gov.cn/,www.lnjp.gov.cn,probed-2xx,200,2026-10-03,县(朝阳市),枚举:Wikidata官方站点+2025区划码 2026-10
gov:www.lnkd.gov.cn,gov,宽甸满族自治县,http://www.lnkd.gov.cn/,www.lnkd.gov.cn,probed-2xx,200,2026-10-03,自治县(丹东市),枚举:Wikidata官方站点+2025区划码 2026-10
gov:www.lnky.gov.cn,gov,开原市,http://www.lnky.gov.cn/,www.lnky.gov.cn,probed-3xx,302,2026-10-03,县级市(铁岭市),枚举:Wikidata官方站点+2025区划码 2026-10
gov:www.lnlh.gov.cn,gov,凌海市,http://www.lnlh.gov.cn/,www.lnlh.gov.cn,probed-2xx,200,2026-10-03,县级市(锦州市),枚举:Wikidata官方站点+2025区划码 2026-10
gov:www.lnst.gov.cn,gov,双塔区,http://www.lnst.gov.cn/,www.lnst.gov.cn,probed-2xx,200,2026-10-03,市辖区(朝阳市),枚举:Wikidata官方站点+2025区划码 2026-10
gov:www.lntaian.gov.cn,gov,台安县,http://www.lntaian.gov.cn/,www.lntaian.gov.cn,probed-2xx,200,2026-10-03,县(鞍山市),枚举:Wikidata官方站点+2025区划码 2026-10
gov:www.lntlxf.gov.cn,gov,西丰县,http://www.lntlxf.gov.cn/,www.lntlxf.gov.cn,probed-3xx,302,2026-10-03,县(铁岭市),枚举:Wikidata官方站点+2025区划码 2026-10
gov:www.lnyx.gov.cn,gov,义县,http://www.lnyx.gov.cn/,www.lnyx.gov.cn,probed-2xx,200,2026-10-03,县(锦州市),枚举:Wikidata官方站点+2025区划码 2026-10
gov:www.longhai.gov.cn,gov,龙海区,http://www.longhai.gov.cn/,www.longhai.gov.cn,probed-2xx,200,2026-10-03,市辖区(漳州市),枚举:Wikidata官方站点+2025区划码 2026-10
gov:www.longkou.gov.cn,gov,龙口市,http://www.longkou.gov.cn/,www.longkou.gov.cn,probed-2xx,200,2026-10-03,县级市(烟台市),枚举:Wikidata官方站点+2025区划码 2026-10
gov:www.longquan.gov.cn,gov,龙泉市,http://www.longquan.gov.cn/,www.longquan.gov.cn,probed-2xx,200,2026-10-03,县级市(丽水市),枚举:Wikidata官方站点+2025区划码 2026-10
gov:www.longtan.gov.cn,gov,龙潭区,http://www.longtan.gov.cn/,www.longtan.gov.cn,probed-2xx,200,2026-10-03,市辖区(吉林市),枚举:Wikidata官方站点+2025区划码 2026-10
gov:www.longwan.gov.cn,gov,龙湾区,http://www.longwan.gov.cn/,www.longwan.gov.cn,probed-2xx,200,2026-10-03,市辖区(温州市),枚举:Wikidata官方站点+2025区划码 2026-10
gov:www.longyou.gov.cn,gov,龙游县,http://www.longyou.gov.cn/,www.longyou.gov.cn,probed-2xx,200,2026-10-03,县(衢州市),枚举:Wikidata官方站点+2025区划码 2026-10
gov:www.lucheng.gov.cn,gov,鹿城区,http://www.lucheng.gov.cn/,www.lucheng.gov.cn,probed-2xx,200,2026-10-03,市辖区(温州市),枚举:Wikidata官方站点+2025区划码 2026-10
gov:www.luobei.gov.cn,gov,萝北县,http://www.luobei.gov.cn/,www.luobei.gov.cn,probed-2xx,200,2026-10-03,县(鹤岗市),枚举:Wikidata官方站点+2025区划码 2026-10
gov:www.luozhuang.gov.cn,gov,罗庄区,http://www.luozhuang.gov.cn/,www.luozhuang.gov.cn,probed-2xx,200,2026-10-03,市辖区(临沂市),枚举:Wikidata官方站点+2025区划码 2026-10
gov:www.luqiao.gov.cn,gov,路桥区,http://www.luqiao.gov.cn/,www.luqiao.gov.cn,probed-2xx,200,2026-10-03,市辖区(台州市),枚举:Wikidata官方站点+2025区划码 2026-10
gov:www.lushan.gov.cn,gov,庐山市,http://www.lushan.gov.cn/,www.lushan.gov.cn,probed-2xx,200,2026-10-03,县级市(九江市),枚举:Wikidata官方站点+2025区划码 2026-10
gov:www.luxi.gov.cn,gov,芦溪县,http://www.luxi.gov.cn/,www.luxi.gov.cn,probed-2xx,200,2026-10-03,县(萍乡市),枚举:Wikidata官方站点+2025区划码 2026-10
gov:www.luyuan.gov.cn,gov,绿园区,http://www.luyuan.gov.cn/,www.luyuan.gov.cn,probed-2xx,200,2026-10-03,功能区(县级)(长春市),枚举:Wikidata官方站点+2025区划码 2026-10
gov:www.lwq.gov.cn,gov,龙文区,http://www.lwq.gov.cn/,www.lwq.gov.cn,probed-2xx,200,2026-10-03,市辖区(漳州市),枚举:Wikidata官方站点+2025区划码 2026-10
gov:www.lybtq.gov.cn,gov,白塔区,http://www.lybtq.gov.cn/,www.lybtq.gov.cn,probed-2xx,200,2026-10-03,市辖区(辽阳市),枚举:Wikidata官方站点+2025区划码 2026-10
gov:www.lyctp.gov.cn,gov,临沂高新技术产业开发区,http://www.lyctp.gov.cn/,www.lyctp.gov.cn,probed-2xx,200,2026-10-03,功能区(县级)(临沂市),枚举:Wikidata官方站点+2025区划码 2026-10
gov:www.lygcl.gov.cn,gov,弓长岭区,http://www.lygcl.gov.cn/,www.lygcl.gov.cn,probed-2xx,200,2026-10-03,市辖区(辽阳市),枚举:Wikidata官方站点+2025区划码 2026-10
gov:www.lyghz.gov.cn,gov,海州区,http://www.lyghz.gov.cn/,www.lyghz.gov.cn,probed-2xx,200,2026-10-03,市辖区(连云港市),枚举:Wikidata官方站点+2025区划码 2026-10
gov:www.lyhw.gov.cn,gov,宏伟区,http://www.lyhw.gov.cn/,www.lyhw.gov.cn,probed-2xx,200,2026-10-03,市辖区(辽阳市),枚举:Wikidata官方站点+2025区划码 2026-10
gov:www.lyls.gov.cn,gov,兰山区,http://www.lyls.gov.cn/,www.lyls.gov.cn,probed-2xx,200,2026-10-03,市辖区(临沂市),枚举:Wikidata官方站点+2025区划码 2026-10
gov:www.lyq.gov.cn,gov,琅琊区,http://www.lyq.gov.cn/,www.lyq.gov.cn,probed-2xx,200,2026-10-03,市辖区(滁州市),枚举:Wikidata官方站点+2025区划码 2026-10
gov:www.lyxa.gov.cn,gov,西安区,http://www.lyxa.gov.cn/,www.lyxa.gov.cn,probed-2xx,200,2026-10-03,市辖区(辽源市),枚举:Wikidata官方站点+2025区划码 2026-10
gov:www.masbwq.gov.cn,gov,博望区,http://www.masbwq.gov.cn/,www.masbwq.gov.cn,probed-2xx,200,2026-10-03,市辖区(马鞍山市),枚举:Wikidata官方站点+2025区划码 2026-10
gov:www.mashsq.gov.cn,gov,花山区,http://www.mashsq.gov.cn/,www.mashsq.gov.cn,probed-2xx,200,2026-10-03,市辖区(马鞍山市),枚举:Wikidata官方站点+2025区划码 2026-10
gov:www.masys.gov.cn,gov,雨山区,http://www.masys.gov.cn/,www.masys.gov.cn,probed-2xx,200,2026-10-03,市辖区(马鞍山市),枚举:Wikidata官方站点+2025区划码 2026-10
gov:www.mawei.gov.cn,gov,马尾区,http://www.mawei.gov.cn/,www.mawei.gov.cn,probed-2xx,200,2026-10-03,市辖区(福州市),枚举:Wikidata官方站点+2025区划码 2026-10
gov:www.mdjxa.gov.cn,gov,西安区,http://www.mdjxa.gov.cn/,www.mdjxa.gov.cn,probed-2xx,200,2026-10-03,市辖区(牡丹江市),枚举:Wikidata官方站点+2025区划码 2026-10
gov:www.mengcheng.gov.cn,gov,蒙城县,http://www.mengcheng.gov.cn/,www.mengcheng.gov.cn,probed-2xx,200,2026-10-03,县(亳州市),枚举:Wikidata官方站点+2025区划码 2026-10
gov:www.mhk.gov.cn,gov,梅河口市,http://www.mhk.gov.cn/,www.mhk.gov.cn,probed-2xx,200,2026-10-03,县级市(通化市),枚举:Wikidata官方站点+2025区划码 2026-10
gov:www.mingguang.gov.cn,gov,明光市,http://www.mingguang.gov.cn/,www.mingguang.gov.cn,probed-2xx,200,2026-10-03,县级市(滁州市),枚举:Wikidata官方站点+2025区划码 2026-10
gov:www.mingshan.gov.cn,gov,明山区,http://www.mingshan.gov.cn/,www.mingshan.gov.cn,probed-2xx,200,2026-10-03,市辖区(本溪市),枚举:Wikidata官方站点+2025区划码 2026-10
gov:www.mingshui.gov.cn,gov,明水县,http://www.mingshui.gov.cn/,www.mingshui.gov.cn,probed-2xx,200,2026-10-03,县(绥化市),枚举:Wikidata官方站点+2025区划码 2026-10
gov:www.minhou.gov.cn,gov,闽侯县,http://www.minhou.gov.cn/,www.minhou.gov.cn,probed-2xx,200,2026-10-03,县(福州市),枚举:Wikidata官方站点+2025区划码 2026-10
gov:www.mls.gov.cn,gov,梅里斯达斡尔族区,http://www.mls.gov.cn/,www.mls.gov.cn,probed-2xx,200,2026-10-03,市辖区(齐齐哈尔市),枚举:Wikidata官方站点+2025区划码 2026-10
gov:www.mudan.gov.cn,gov,牡丹区,http://www.mudan.gov.cn/,www.mudan.gov.cn,probed-2xx,200,2026-10-03,市辖区(菏泽市),枚举:Wikidata官方站点+2025区划码 2026-10
gov:www.mulan.gov.cn,gov,木兰县,http://www.mulan.gov.cn/,www.mulan.gov.cn,probed-2xx,200,2026-10-03,县(哈尔滨市),枚举:Wikidata官方站点+2025区划码 2026-10
gov:www.muling.gov.cn,gov,穆棱市,http://www.muling.gov.cn/,www.muling.gov.cn,probed-2xx,200,2026-10-03,县级市(牡丹江市),枚举:Wikidata官方站点+2025区划码 2026-10
gov:www.muping.gov.cn,gov,牟平区,http://www.muping.gov.cn/,www.muping.gov.cn,probed-2xx,200,2026-10-03,市辖区(烟台市),枚举:Wikidata官方站点+2025区划码 2026-10
gov:www.nanan.gov.cn,gov,南安市,http://www.nanan.gov.cn/,www.nanan.gov.cn,probed-2xx,200,2026-10-03,县级市(泉州市),枚举:Wikidata官方站点+2025区划码 2026-10
gov:www.nancha.gov.cn,gov,南岔县,http://www.nancha.gov.cn/,www.nancha.gov.cn,probed-2xx,200,2026-10-03,县(伊春市),枚举:Wikidata官方站点+2025区划码 2026-10
gov:www.nanfen.gov.cn,gov,南芬区,http://www.nanfen.gov.cn/,www.nanfen.gov.cn,probed-2xx,200,2026-10-03,市辖区(本溪市),枚举:Wikidata官方站点+2025区划码 2026-10
gov:www.nanhu.gov.cn,gov,南湖区,http://www.nanhu.gov.cn/,www.nanhu.gov.cn,probed-2xx,200,2026-10-03,市辖区(嘉兴市),枚举:Wikidata官方站点+2025区划码 2026-10
gov:www.nanpiao.gov.cn,gov,南票区,http://www.nanpiao.gov.cn/,www.nanpiao.gov.cn,probed-000,000,2026-10-03,市辖区(葫芦岛市),枚举:Wikidata官方站点+2025区划码 2026-10
gov:www.nanxun.gov.cn,gov,南浔区,http://www.nanxun.gov.cn/,www.nanxun.gov.cn,probed-2xx,200,2026-10-03,市辖区(湖州市),枚举:Wikidata官方站点+2025区划码 2026-10
gov:www.nbjiangbei.gov.cn,gov,江北区,http://www.nbjiangbei.gov.cn/,www.nbjiangbei.gov.cn,probed-000,000,2026-10-03,市辖区(宁波市),枚举:Wikidata官方站点+2025区划码 2026-10
gov:www.nbyz.gov.cn,gov,鄞州区,http://www.nbyz.gov.cn/,www.nbyz.gov.cn,probed-2xx,200,2026-10-03,市辖区(宁波市),枚举:Wikidata官方站点+2025区划码 2026-10
gov:www.ncdh.gov.cn,gov,东湖区,http://www.ncdh.gov.cn/,www.ncdh.gov.cn,probed-000,000,2026-10-03,市辖区(南昌市),枚举:Wikidata官方站点+2025区划码 2026-10
gov:www.ncqsh.gov.cn,gov,青山湖区,http://www.ncqsh.gov.cn/,www.ncqsh.gov.cn,probed-000,000,2026-10-03,市辖区(南昌市),枚举:Wikidata官方站点+2025区划码 2026-10
gov:www.ncx.gov.cn,gov,南昌县,http://www.ncx.gov.cn/,www.ncx.gov.cn,probed-000,000,2026-10-03,县(南昌市),枚举:Wikidata官方站点+2025区划码 2026-10
gov:www.ncxh.gov.cn,gov,西湖区,http://www.ncxh.gov.cn/,www.ncxh.gov.cn,probed-000,000,2026-10-03,市辖区(南昌市),枚举:Wikidata官方站点+2025区划码 2026-10
gov:www.nehe.gov.cn,gov,讷河市,http://www.nehe.gov.cn/,www.nehe.gov.cn,probed-2xx,200,2026-10-03,县级市(齐齐哈尔市),枚举:Wikidata官方站点+2025区划码 2026-10
gov:www.nenjiang.gov.cn,gov,嫩江市,http://www.nenjiang.gov.cn/,www.nenjiang.gov.cn,probed-2xx,200,2026-10-03,县级市(黑河市),枚举:Wikidata官方站点+2025区划码 2026-10
gov:www.netda.gov.cn,gov,南通经济技术开发区,http://www.netda.gov.cn/,www.netda.gov.cn,probed-2xx,200,2026-10-03,功能区(县级)(南通市),枚举:Wikidata官方站点+2025区划码 2026-10
gov:www.nh.gov.cn,gov,宁海县,http://www.nh.gov.cn/,www.nh.gov.cn,probed-000,000,2026-10-03,县(宁波市),枚举:Wikidata官方站点+2025区划码 2026-10
gov:www.ningan.gov.cn,gov,宁安市,http://www.ningan.gov.cn/,www.ningan.gov.cn,probed-2xx,200,2026-10-03,县级市(牡丹江市),枚举:Wikidata官方站点+2025区划码 2026-10
gov:www.ningdu.gov.cn,gov,宁都县,http://www.ningdu.gov.cn/,www.ningdu.gov.cn,probed-2xx,200,2026-10-03,县(赣州市),枚举:Wikidata官方站点+2025区划码 2026-10
gov:www.ningguo.gov.cn,gov,宁国市,http://www.ningguo.gov.cn/,www.ningguo.gov.cn,probed-2xx,200,2026-10-03,县级市(宣城市),枚举:Wikidata官方站点+2025区划码 2026-10
gov:www.ningjiang.gov.cn,gov,宁江区,http://www.ningjiang.gov.cn/,www.ningjiang.gov.cn,probed-2xx,200,2026-10-03,市辖区(松原市),枚举:Wikidata官方站点+2025区划码 2026-10
gov:www.njgc.gov.cn,gov,高淳区,http://www.njgc.gov.cn/,www.njgc.gov.cn,probed-2xx,200,2026-10-03,市辖区(南京市),枚举:Wikidata官方站点+2025区划码 2026-10
gov:www.njgl.gov.cn,gov,鼓楼区,http://www.njgl.gov.cn/,www.njgl.gov.cn,probed-2xx,200,2026-10-03,市辖区(南京市),枚举:Wikidata官方站点+2025区划码 2026-10
gov:www.njjy.gov.cn,gov,建邺区,http://www.njjy.gov.cn/,www.njjy.gov.cn,probed-2xx,200,2026-10-03,市辖区(南京市),枚举:Wikidata官方站点+2025区划码 2026-10
gov:www.njlh.gov.cn,gov,六合区,http://www.njlh.gov.cn/,www.njlh.gov.cn,probed-2xx,200,2026-10-03,市辖区(南京市),枚举:Wikidata官方站点+2025区划码 2026-10
gov:www.njls.gov.cn,gov,溧水区,http://www.njls.gov.cn/,www.njls.gov.cn,probed-2xx,200,2026-10-03,市辖区(南京市),枚举:Wikidata官方站点+2025区划码 2026-10
gov:www.njqh.gov.cn,gov,秦淮区,http://www.njqh.gov.cn/,www.njqh.gov.cn,probed-2xx,200,2026-10-03,市辖区(南京市),枚举:Wikidata官方站点+2025区划码 2026-10
gov:www.njqxq.gov.cn,gov,栖霞区,http://www.njqxq.gov.cn/,www.njqxq.gov.cn,probed-2xx,200,2026-10-03,市辖区(南京市),枚举:Wikidata官方站点+2025区划码 2026-10
gov:www.njyh.gov.cn,gov,雨花台区,http://www.njyh.gov.cn/,www.njyh.gov.cn,probed-2xx,200,2026-10-03,市辖区(南京市),枚举:Wikidata官方站点+2025区划码 2026-10
gov:www.nkjx.gov.cn,gov,南康区,http://www.nkjx.gov.cn/,www.nkjx.gov.cn,probed-2xx,200,2026-10-03,市辖区(赣州市),枚举:Wikidata官方站点+2025区划码 2026-10
gov:www.nlx.gov.cn,gov,南陵县,http://www.nlx.gov.cn/,www.nlx.gov.cn,probed-2xx,200,2026-10-03,县(芜湖市),枚举:Wikidata官方站点+2025区划码 2026-10
gov:www.nong-an.gov.cn,gov,农安县,http://www.nong-an.gov.cn/,www.nong-an.gov.cn,probed-000,000,2026-10-03,县(长春市),枚举:Wikidata官方站点+2025区划码 2026-10
gov:www.nsy.gov.cn,gov,沈北新区,http://www.nsy.gov.cn/,www.nsy.gov.cn,probed-2xx,200,2026-10-03,功能区(县级)(沈阳市),枚举:Wikidata官方站点+2025区划码 2026-10
gov:www.ny.gov.cn,gov,宁阳县,http://www.ny.gov.cn/,www.ny.gov.cn,probed-2xx,200,2026-10-03,县(泰安市),枚举:Wikidata官方站点+2025区划码 2026-10
gov:www.nzs.gov.cn,gov,碾子山区,http://www.nzs.gov.cn/,www.nzs.gov.cn,probed-2xx,200,2026-10-03,市辖区(齐齐哈尔市),枚举:Wikidata官方站点+2025区划码 2026-10
gov:www.ouhai.gov.cn,gov,瓯海区,http://www.ouhai.gov.cn/,www.ouhai.gov.cn,probed-2xx,200,2026-10-03,市辖区(温州市),枚举:Wikidata官方站点+2025区划码 2026-10
gov:www.panan.gov.cn,gov,磐安县,http://www.panan.gov.cn/,www.panan.gov.cn,probed-2xx,200,2026-10-03,县(金华市),枚举:Wikidata官方站点+2025区划码 2026-10
gov:www.panji.gov.cn,gov,潘集区,http://www.panji.gov.cn/,www.panji.gov.cn,probed-2xx,200,2026-10-03,市辖区(淮南市),枚举:Wikidata官方站点+2025区划码 2026-10
gov:www.panshan.gov.cn,gov,盘山县,http://www.panshan.gov.cn/,www.panshan.gov.cn,probed-2xx,200,2026-10-03,县(盘锦市),枚举:Wikidata官方站点+2025区划码 2026-10
gov:www.panshi.gov.cn,gov,磐石市,http://www.panshi.gov.cn/,www.panshi.gov.cn,probed-2xx,200,2026-10-03,县级市(吉林市),枚举:Wikidata官方站点+2025区划码 2026-10
gov:www.pc.gov.cn,gov,浦城县,http://www.pc.gov.cn/,www.pc.gov.cn,probed-2xx,200,2026-10-03,县(南平市),枚举:Wikidata官方站点+2025区划码 2026-10
gov:www.penglai.gov.cn,gov,蓬莱区,http://www.penglai.gov.cn/,www.penglai.gov.cn,probed-2xx,200,2026-10-03,市辖区(烟台市),枚举:Wikidata官方站点+2025区划码 2026-10
gov:www.pengze.gov.cn,gov,彭泽县,http://www.pengze.gov.cn/,www.pengze.gov.cn,probed-2xx,200,2026-10-03,县(九江市),枚举:Wikidata官方站点+2025区划码 2026-10
gov:www.pingdu.gov.cn,gov,平度市,http://www.pingdu.gov.cn/,www.pingdu.gov.cn,probed-2xx,200,2026-10-03,县级市(青岛市),枚举:Wikidata官方站点+2025区划码 2026-10
gov:www.pinghe.gov.cn,gov,平和县,http://www.pinghe.gov.cn/,www.pinghe.gov.cn,probed-2xx,200,2026-10-03,县(漳州市),枚举:Wikidata官方站点+2025区划码 2026-10
gov:www.pinghu.gov.cn,gov,平湖市,http://www.pinghu.gov.cn/,www.pinghu.gov.cn,probed-2xx,200,2026-10-03,县级市(嘉兴市),枚举:Wikidata官方站点+2025区划码 2026-10
gov:www.pingnan.gov.cn,gov,屏南县,http://www.pingnan.gov.cn/,www.pingnan.gov.cn,probed-2xx,200,2026-10-03,县(宁德市),枚举:Wikidata官方站点+2025区划码 2026-10
gov:www.pingshan.gov.cn,gov,平山区,http://www.pingshan.gov.cn/,www.pingshan.gov.cn,probed-2xx,200,2026-10-03,市辖区(本溪市),枚举:Wikidata官方站点+2025区划码 2026-10
gov:www.pingtan.gov.cn,gov,平潭县,http://www.pingtan.gov.cn/,www.pingtan.gov.cn,probed-2xx,200,2026-10-03,县(福州市),枚举:Wikidata官方站点+2025区划码 2026-10
gov:www.pingyin.gov.cn,gov,平阴县,http://www.pingyin.gov.cn/,www.pingyin.gov.cn,probed-2xx,200,2026-10-03,县(济南市),枚举:Wikidata官方站点+2025区划码 2026-10
gov:www.pj.gov.cn,gov,浦江县,http://www.pj.gov.cn/,www.pj.gov.cn,probed-2xx,200,2026-10-03,县(金华市),枚举:Wikidata官方站点+2025区划码 2026-10
gov:www.poyang.gov.cn,gov,鄱阳县,http://www.poyang.gov.cn/,www.poyang.gov.cn,probed-4xx,412,2026-10-03,县(上饶市),枚举:Wikidata官方站点+2025区划码 2026-10
gov:www.pthj.gov.cn,gov,涵江区,http://www.pthj.gov.cn/,www.pthj.gov.cn,probed-2xx,200,2026-10-03,市辖区(莆田市),枚举:Wikidata官方站点+2025区划码 2026-10
gov:www.ptlc.gov.cn,gov,荔城区,http://www.ptlc.gov.cn/,www.ptlc.gov.cn,probed-2xx,200,2026-10-03,市辖区(莆田市),枚举:Wikidata官方站点+2025区划码 2026-10
gov:www.ptxy.gov.cn,gov,秀屿区,http://www.ptxy.gov.cn/,www.ptxy.gov.cn,probed-2xx,200,2026-10-03,市辖区(莆田市),枚举:Wikidata官方站点+2025区划码 2026-10
gov:www.pukou.gov.cn,gov,浦口区,http://www.pukou.gov.cn/,www.pukou.gov.cn,probed-000,000,2026-10-03,市辖区(南京市),枚举:Wikidata官方站点+2025区划码 2026-10
gov:www.putuo.gov.cn,gov,普陀区,http://www.putuo.gov.cn/,www.putuo.gov.cn,probed-2xx,200,2026-10-03,市辖区(舟山市),枚举:Wikidata官方站点+2025区划码 2026-10
gov:www.px.gov.cn,gov,沛县,http://www.px.gov.cn/,www.px.gov.cn,probed-2xx,200,2026-10-03,县(徐州市),枚举:Wikidata官方站点+2025区划码 2026-10
gov:www.py.gov.cn,gov,平邑县,http://www.py.gov.cn/,www.py.gov.cn,probed-000,000,2026-10-03,县(临沂市),枚举:Wikidata官方站点+2025区划码 2026-10
gov:www.pz.gov.cn,gov,邳州市,http://www.pz.gov.cn/,www.pz.gov.cn,probed-2xx,200,2026-10-03,县级市(徐州市),枚举:Wikidata官方站点+2025区划码 2026-10
gov:www.qdh.gov.cn,gov,淳安县,http://www.qdh.gov.cn/,www.qdh.gov.cn,probed-2xx,200,2026-10-03,县(杭州市),枚举:Wikidata官方站点+2025区划码 2026-10
gov:www.qdlc.gov.cn,gov,李沧区,http://www.qdlc.gov.cn/,www.qdlc.gov.cn,probed-2xx,200,2026-10-03,市辖区(青岛市),枚举:Wikidata官方站点+2025区划码 2026-10
gov:www.qdsn.gov.cn,gov,市南区,http://www.qdsn.gov.cn/,www.qdsn.gov.cn,probed-2xx,200,2026-10-03,市辖区(青岛市),枚举:Wikidata官方站点+2025区划码 2026-10
gov:www.qg.gov.cn,gov,泉港区,http://www.qg.gov.cn/,www.qg.gov.cn,probed-2xx,200,2026-10-03,市辖区(泉州市),枚举:Wikidata官方站点+2025区划码 2026-10
gov:www.qgnet.gov.cn,gov,青冈县,http://www.qgnet.gov.cn/,www.qgnet.gov.cn,probed-2xx,200,2026-10-03,县(绥化市),枚举:Wikidata官方站点+2025区划码 2026-10
gov:www.qianguo.gov.cn,gov,前郭尔罗斯蒙古族自治县,http://www.qianguo.gov.cn/,www.qianguo.gov.cn,probed-2xx,200,2026-10-03,自治县(松原市),枚举:Wikidata官方站点+2025区划码 2026-10
gov:www.qianshan.gov.cn,gov,千山区,http://www.qianshan.gov.cn/,www.qianshan.gov.cn,probed-2xx,200,2026-10-03,市辖区(鞍山市),枚举:Wikidata官方站点+2025区划码 2026-10
gov:www.qidong.gov.cn,gov,启东市,http://www.qidong.gov.cn/,www.qidong.gov.cn,probed-2xx,200,2026-10-03,县级市(南通市),枚举:Wikidata官方站点+2025区划码 2026-10
gov:www.qihe.gov.cn,gov,齐河县,http://www.qihe.gov.cn/,www.qihe.gov.cn,probed-2xx,200,2026-10-03,县(德州市),枚举:Wikidata官方站点+2025区划码 2026-10
gov:www.qingtian.gov.cn,gov,青田县,http://www.qingtian.gov.cn/,www.qingtian.gov.cn,probed-2xx,200,2026-10-03,县(丽水市),枚举:Wikidata官方站点+2025区划码 2026-10
gov:www.qingyuan.gov.cn,gov,清原满族自治县,http://www.qingyuan.gov.cn/,www.qingyuan.gov.cn,probed-2xx,200,2026-10-03,自治县(抚顺市),枚举:Wikidata官方站点+2025区划码 2026-10
gov:www.qingyun.gov.cn,gov,庆云县,http://www.qingyun.gov.cn/,www.qingyun.gov.cn,probed-2xx,200,2026-10-03,县(德州市),枚举:Wikidata官方站点+2025区划码 2026-10
gov:www.qingzhou.gov.cn,gov,青州市,http://www.qingzhou.gov.cn/,www.qingzhou.gov.cn,probed-2xx,200,2026-10-03,县级市(潍坊市),枚举:Wikidata官方站点+2025区划码 2026-10
gov:www.qqhrlsq.gov.cn,gov,龙沙区,http://www.qqhrlsq.gov.cn/,www.qqhrlsq.gov.cn,probed-2xx,200,2026-10-03,市辖区(齐齐哈尔市),枚举:Wikidata官方站点+2025区划码 2026-10
gov:www.qss.gov.cn,gov,潜山市,http://www.qss.gov.cn/,www.qss.gov.cn,probed-2xx,200,2026-10-03,县级市(安庆市),枚举:Wikidata官方站点+2025区划码 2026-10
gov:www.quanjiao.gov.cn,gov,全椒县,http://www.quanjiao.gov.cn/,www.quanjiao.gov.cn,probed-2xx,200,2026-10-03,县(滁州市),枚举:Wikidata官方站点+2025区划码 2026-10
gov:www.quannan.gov.cn,gov,全南县,http://www.quannan.gov.cn/,www.quannan.gov.cn,probed-2xx,200,2026-10-03,县(赣州市),枚举:Wikidata官方站点+2025区划码 2026-10
gov:www.qufu.gov.cn,gov,曲阜市,http://www.qufu.gov.cn/,www.qufu.gov.cn,probed-4xx,412,2026-10-03,县级市(济宁市),枚举:Wikidata官方站点+2025区划码 2026-10
gov:www.qyp.gov.cn,gov,青云谱区,http://www.qyp.gov.cn/,www.qyp.gov.cn,probed-000,000,2026-10-03,市辖区(南昌市),枚举:Wikidata官方站点+2025区划码 2026-10
gov:www.qyq.gov.cn,gov,青原区,http://www.qyq.gov.cn/,www.qyq.gov.cn,probed-2xx,200,2026-10-03,市辖区(吉安市),枚举:Wikidata官方站点+2025区划码 2026-10
gov:www.qzfz.gov.cn,gov,丰泽区,http://www.qzfz.gov.cn/,www.qzfz.gov.cn,probed-2xx,200,2026-10-03,市辖区(泉州市),枚举:Wikidata官方站点+2025区划码 2026-10
gov:www.qzlc.gov.cn,gov,鲤城区,http://www.qzlc.gov.cn/,www.qzlc.gov.cn,probed-2xx,200,2026-10-03,市辖区(泉州市),枚举:Wikidata官方站点+2025区划码 2026-10
gov:www.qzlj.gov.cn,gov,洛江区,http://www.qzlj.gov.cn/,www.qzlj.gov.cn,probed-2xx,200,2026-10-03,市辖区(泉州市),枚举:Wikidata官方站点+2025区划码 2026-10
gov:www.reda.gov.cn,gov,日照经济技术开发区,http://www.reda.gov.cn/,www.reda.gov.cn,probed-2xx,200,2026-10-03,功能区(县级)(日照市),枚举:Wikidata官方站点+2025区划码 2026-10
gov:www.rencheng.gov.cn,gov,任城区,http://www.rencheng.gov.cn/,www.rencheng.gov.cn,probed-2xx,200,2026-10-03,市辖区(济宁市),枚举:Wikidata官方站点+2025区划码 2026-10
gov:www.rongcheng.gov.cn,gov,荣成市,http://www.rongcheng.gov.cn/,www.rongcheng.gov.cn,probed-2xx,200,2026-10-03,县级市(威海市),枚举:Wikidata官方站点+2025区划码 2026-10
gov:www.rudong.gov.cn,gov,如东县,http://www.rudong.gov.cn/,www.rudong.gov.cn,probed-2xx,200,2026-10-03,县(南通市),枚举:Wikidata官方站点+2025区划码 2026-10
gov:www.rugao.gov.cn,gov,如皋市,http://www.rugao.gov.cn/,www.rugao.gov.cn,probed-2xx,200,2026-10-03,县级市(南通市),枚举:Wikidata官方站点+2025区划码 2026-10
gov:www.ruian.gov.cn,gov,瑞安市,http://www.ruian.gov.cn/,www.ruian.gov.cn,probed-2xx,200,2026-10-03,县级市(温州市),枚举:Wikidata官方站点+2025区划码 2026-10
gov:www.ruichang.gov.cn,gov,瑞昌市,http://www.ruichang.gov.cn/,www.ruichang.gov.cn,probed-2xx,200,2026-10-03,县级市(九江市),枚举:Wikidata官方站点+2025区划码 2026-10
gov:www.ruijin.gov.cn,gov,瑞金市,http://www.ruijin.gov.cn/,www.ruijin.gov.cn,probed-2xx,200,2026-10-03,县级市(赣州市),枚举:Wikidata官方站点+2025区划码 2026-10
gov:www.runzhou.gov.cn,gov,润州区,http://www.runzhou.gov.cn/,www.runzhou.gov.cn,probed-2xx,200,2026-10-03,市辖区(镇江市),枚举:Wikidata官方站点+2025区划码 2026-10
gov:www.rushan.gov.cn,gov,乳山市,http://www.rushan.gov.cn/,www.rushan.gov.cn,probed-2xx,200,2026-10-03,县级市(威海市),枚举:Wikidata官方站点+2025区划码 2026-10
gov:www.rzdonggang.gov.cn,gov,东港区,http://www.rzdonggang.gov.cn/,www.rzdonggang.gov.cn,probed-2xx,200,2026-10-03,市辖区(日照市),枚举:Wikidata官方站点+2025区划码 2026-10
gov:www.rzlanshan.gov.cn,gov,岚山区,http://www.rzlanshan.gov.cn/,www.rzlanshan.gov.cn,probed-2xx,200,2026-10-03,市辖区(日照市),枚举:Wikidata官方站点+2025区划码 2026-10
gov:www.sanmen.gov.cn,gov,三门县,http://www.sanmen.gov.cn/,www.sanmen.gov.cn,probed-2xx,200,2026-10-03,县(台州市),枚举:Wikidata官方站点+2025区划码 2026-10
gov:www.sdde.gov.cn,gov,东阿县,http://www.sdde.gov.cn/,www.sdde.gov.cn,probed-2xx,200,2026-10-03,县(聊城市),枚举:Wikidata官方站点+2025区划码 2026-10
gov:www.sdhekou.gov.cn,gov,河口区,http://www.sdhekou.gov.cn/,www.sdhekou.gov.cn,probed-000,000,2026-10-03,市辖区(东营市),枚举:Wikidata官方站点+2025区划码 2026-10
gov:www.sdningjin.gov.cn,gov,宁津县,http://www.sdningjin.gov.cn/,www.sdningjin.gov.cn,probed-2xx,200,2026-10-03,县(德州市),枚举:Wikidata官方站点+2025区划码 2026-10
gov:www.sdpy.gov.cn,gov,平原县,http://www.sdpy.gov.cn/,www.sdpy.gov.cn,probed-000,000,2026-10-03,县(德州市),枚举:Wikidata官方站点+2025区划码 2026-10
gov:www.sdqixia.gov.cn,gov,栖霞市,http://www.sdqixia.gov.cn/,www.sdqixia.gov.cn,probed-2xx,200,2026-10-03,县级市(烟台市),枚举:Wikidata官方站点+2025区划码 2026-10
gov:www.sdsx.gov.cn,gov,莘县,http://www.sdsx.gov.cn/,www.sdsx.gov.cn,probed-2xx,200,2026-10-03,县(聊城市),枚举:Wikidata官方站点+2025区划码 2026-10
gov:www.sdtaishan.gov.cn,gov,泰山区,http://www.sdtaishan.gov.cn/,www.sdtaishan.gov.cn,probed-2xx,200,2026-10-03,市辖区(泰安市),枚举:Wikidata官方站点+2025区划码 2026-10
gov:www.shanggao.gov.cn,gov,上高县,http://www.shanggao.gov.cn/,www.shanggao.gov.cn,probed-2xx,200,2026-10-03,县(宜春市),枚举:Wikidata官方站点+2025区划码 2026-10
gov:www.shanghang.gov.cn,gov,上杭县,http://www.shanghang.gov.cn/,www.shanghang.gov.cn,probed-2xx,200,2026-10-03,县(龙岩市),枚举:Wikidata官方站点+2025区划码 2026-10
gov:www.shanghe.gov.cn,gov,商河县,http://www.shanghe.gov.cn/,www.shanghe.gov.cn,probed-2xx,200,2026-10-03,县(济南市),枚举:Wikidata官方站点+2025区划码 2026-10
gov:www.shangyou.gov.cn,gov,上犹县,http://www.shangyou.gov.cn/,www.shangyou.gov.cn,probed-2xx,200,2026-10-03,县(赣州市),枚举:Wikidata官方站点+2025区划码 2026-10
gov:www.shangyu.gov.cn,gov,上虞区,http://www.shangyu.gov.cn/,www.shangyu.gov.cn,probed-2xx,200,2026-10-03,市辖区(绍兴市),枚举:Wikidata官方站点+2025区划码 2026-10
gov:www.shangzhi.gov.cn,gov,尚志市,http://www.shangzhi.gov.cn/,www.shangzhi.gov.cn,probed-2xx,200,2026-10-03,县级市(哈尔滨市),枚举:Wikidata官方站点+2025区划码 2026-10
gov:www.shanting.gov.cn,gov,山亭区,http://www.shanting.gov.cn/,www.shanting.gov.cn,probed-2xx,200,2026-10-03,市辖区(枣庄市),枚举:Wikidata官方站点+2025区划码 2026-10
gov:www.shanxian.gov.cn,gov,单县,http://www.shanxian.gov.cn/,www.shanxian.gov.cn,probed-2xx,200,2026-10-03,县(菏泽市),枚举:Wikidata官方站点+2025区划码 2026-10
gov:www.shaowu.gov.cn,gov,邵武市,http://www.shaowu.gov.cn/,www.shaowu.gov.cn,probed-2xx,200,2026-10-03,县级市(南平市),枚举:Wikidata官方站点+2025区划码 2026-10
gov:www.shaoxing.gov.cn,gov,柯桥区,http://www.shaoxing.gov.cn/,www.shaoxing.gov.cn,probed-000,000,2026-10-03,市辖区(绍兴市),枚举:Wikidata官方站点+2025区划码 2026-10
gov:www.shengsi.gov.cn,gov,嵊泗县,http://www.shengsi.gov.cn/,www.shengsi.gov.cn,probed-2xx,200,2026-10-03,县(舟山市),枚举:Wikidata官方站点+2025区划码 2026-10
gov:www.shenhe.gov.cn,gov,沈河区,http://www.shenhe.gov.cn/,www.shenhe.gov.cn,probed-2xx,200,2026-10-03,市辖区(沈阳市),枚举:Wikidata官方站点+2025区划码 2026-10
gov:www.sheyang.gov.cn,gov,射阳县,http://www.sheyang.gov.cn/,www.sheyang.gov.cn,probed-2xx,200,2026-10-03,县(盐城市),枚举:Wikidata官方站点+2025区划码 2026-10
gov:www.shicheng.gov.cn,gov,石城县,http://www.shicheng.gov.cn/,www.shicheng.gov.cn,probed-2xx,200,2026-10-03,县(赣州市),枚举:Wikidata官方站点+2025区划码 2026-10
gov:www.shishi.gov.cn,gov,石狮市,http://www.shishi.gov.cn/,www.shishi.gov.cn,probed-2xx,200,2026-10-03,县级市(泉州市),枚举:Wikidata官方站点+2025区划码 2026-10
gov:www.shizhong.gov.cn,gov,市中区,http://www.shizhong.gov.cn/,www.shizhong.gov.cn,probed-2xx,200,2026-10-03,市辖区(济南市),枚举:Wikidata官方站点+2025区划码 2026-10
gov:www.shouguang.gov.cn,gov,寿光市,http://www.shouguang.gov.cn/,www.shouguang.gov.cn,probed-2xx,200,2026-10-03,县级市(潍坊市),枚举:Wikidata官方站点+2025区划码 2026-10
gov:www.shouxian.gov.cn,gov,寿县,http://www.shouxian.gov.cn/,www.shouxian.gov.cn,probed-2xx,200,2026-10-03,县(淮南市),枚举:Wikidata官方站点+2025区划码 2026-10
gov:www.shuangliao.gov.cn,gov,双辽市,http://www.shuangliao.gov.cn/,www.shuangliao.gov.cn,probed-2xx,200,2026-10-03,县级市(四平市),枚举:Wikidata官方站点+2025区划码 2026-10
gov:www.shuangyang.gov.cn,gov,双阳区,http://www.shuangyang.gov.cn/,www.shuangyang.gov.cn,probed-2xx,200,2026-10-03,市辖区(长春市),枚举:Wikidata官方站点+2025区划码 2026-10
gov:www.shucheng.gov.cn,gov,舒城县,http://www.shucheng.gov.cn/,www.shucheng.gov.cn,probed-2xx,200,2026-10-03,县(六安市),枚举:Wikidata官方站点+2025区划码 2026-10
gov:www.shulan.gov.cn,gov,舒兰市,http://www.shulan.gov.cn/,www.shulan.gov.cn,probed-2xx,200,2026-10-03,县级市(吉林市),枚举:Wikidata官方站点+2025区划码 2026-10
gov:www.sihong.gov.cn,gov,泗洪县,http://www.sihong.gov.cn/,www.sihong.gov.cn,probed-2xx,200,2026-10-03,县(宿迁市),枚举:Wikidata官方站点+2025区划码 2026-10
gov:www.siming.gov.cn,gov,思明区,http://www.siming.gov.cn/,www.siming.gov.cn,probed-2xx,200,2026-10-03,市辖区(厦门市),枚举:Wikidata官方站点+2025区划码 2026-10
gov:www.sipac.gov.cn,gov,苏州工业园区,http://www.sipac.gov.cn/,www.sipac.gov.cn,probed-2xx,200,2026-10-03,功能区(县级)(苏州市),枚举:Wikidata官方站点+2025区划码 2026-10
gov:www.sishui.gov.cn,gov,泗水县,http://www.sishui.gov.cn/,www.sishui.gov.cn,probed-2xx,200,2026-10-03,县(济宁市),枚举:Wikidata官方站点+2025区划码 2026-10
gov:www.sixian.gov.cn,gov,泗县,http://www.sixian.gov.cn/,www.sixian.gov.cn,probed-2xx,200,2026-10-03,县(宿州市),枚举:Wikidata官方站点+2025区划码 2026-10
gov:www.siyang.gov.cn,gov,泗阳县,http://www.siyang.gov.cn/,www.siyang.gov.cn,probed-2xx,200,2026-10-03,县(宿迁市),枚举:Wikidata官方站点+2025区划码 2026-10
gov:www.smsy.gov.cn,gov,三元区,http://www.smsy.gov.cn/,www.smsy.gov.cn,probed-2xx,200,2026-10-03,市辖区(三明市),枚举:Wikidata官方站点+2025区划码 2026-10
gov:www.snd.gov.cn,gov,虎丘区,http://www.snd.gov.cn/,www.snd.gov.cn,probed-2xx,200,2026-10-03,市辖区(苏州市),枚举:Wikidata官方站点+2025区划码 2026-10
gov:www.songbei.gov.cn,gov,松北区,http://www.songbei.gov.cn/,www.songbei.gov.cn,probed-2xx,200,2026-10-03,市辖区(哈尔滨市),枚举:Wikidata官方站点+2025区划码 2026-10
gov:www.songling.gov.cn,gov,松岭区,http://www.songling.gov.cn/,www.songling.gov.cn,probed-2xx,200,2026-10-03,市辖区(大兴安岭地区),枚举:Wikidata官方站点+2025区划码 2026-10
gov:www.songxi.gov.cn,gov,松溪县,http://www.songxi.gov.cn/,www.songxi.gov.cn,probed-2xx,200,2026-10-03,县(南平市),枚举:Wikidata官方站点+2025区划码 2026-10
gov:www.songyang.gov.cn,gov,松阳县,http://www.songyang.gov.cn/,www.songyang.gov.cn,probed-2xx,200,2026-10-03,县(丽水市),枚举:Wikidata官方站点+2025区划码 2026-10
gov:www.sptxq.gov.cn,gov,铁西区,http://www.sptxq.gov.cn/,www.sptxq.gov.cn,probed-000,000,2026-10-03,市辖区(四平市),枚举:Wikidata官方站点+2025区划码 2026-10
gov:www.sqsc.gov.cn,gov,宿城区,http://www.sqsc.gov.cn/,www.sqsc.gov.cn,probed-2xx,200,2026-10-03,市辖区(宿迁市),枚举:Wikidata官方站点+2025区划码 2026-10
gov:www.srx.gov.cn,gov,广信区,http://www.srx.gov.cn/,www.srx.gov.cn,probed-4xx,412,2026-10-03,市辖区(上饶市),枚举:Wikidata官方站点+2025区划码 2026-10
gov:www.stq.gov.cn,gov,双台子区,http://www.stq.gov.cn/,www.stq.gov.cn,probed-2xx,200,2026-10-03,市辖区(盘锦市),枚举:Wikidata官方站点+2025区划码 2026-10
gov:www.suibin.gov.cn,gov,绥滨县,http://www.suibin.gov.cn/,www.suibin.gov.cn,probed-2xx,200,2026-10-03,县(鹤岗市),枚举:Wikidata官方站点+2025区划码 2026-10
gov:www.suichang.gov.cn,gov,遂昌县,http://www.suichang.gov.cn/,www.suichang.gov.cn,probed-2xx,200,2026-10-03,县(丽水市),枚举:Wikidata官方站点+2025区划码 2026-10
gov:www.suichuan.gov.cn,gov,遂川县,http://www.suichuan.gov.cn/,www.suichuan.gov.cn,probed-2xx,200,2026-10-03,县(吉安市),枚举:Wikidata官方站点+2025区划码 2026-10
gov:www.suifenhe.gov.cn,gov,绥芬河市,http://www.suifenhe.gov.cn/,www.suifenhe.gov.cn,probed-2xx,200,2026-10-03,县级市(牡丹江市),枚举:Wikidata官方站点+2025区划码 2026-10
gov:www.suiling.gov.cn,gov,绥棱县,http://www.suiling.gov.cn/,www.suiling.gov.cn,probed-2xx,200,2026-10-03,县(绥化市),枚举:Wikidata官方站点+2025区划码 2026-10
gov:www.suizhong.gov.cn,gov,绥中县,http://www.suizhong.gov.cn/,www.suizhong.gov.cn,probed-000,000,2026-10-03,县(葫芦岛市),枚举:Wikidata官方站点+2025区划码 2026-10
gov:www.susong.gov.cn,gov,宿松县,http://www.susong.gov.cn/,www.susong.gov.cn,probed-2xx,200,2026-10-03,县(安庆市),枚举:Wikidata官方站点+2025区划码 2026-10
gov:www.suyu.gov.cn,gov,宿豫区,http://www.suyu.gov.cn/,www.suyu.gov.cn,probed-2xx,200,2026-10-03,市辖区(宿迁市),枚举:Wikidata官方站点+2025区划码 2026-10
gov:www.sxx.gov.cn,gov,濉溪县,http://www.sxx.gov.cn/,www.sxx.gov.cn,probed-2xx,200,2026-10-03,县(淮北市),枚举:Wikidata官方站点+2025区划码 2026-10
gov:www.sxyc.gov.cn,gov,越城区,http://www.sxyc.gov.cn/,www.sxyc.gov.cn,probed-2xx,200,2026-10-03,市辖区(绍兴市),枚举:Wikidata官方站点+2025区划码 2026-10
gov:www.sydd.gov.cn,gov,大东区,http://www.sydd.gov.cn/,www.sydd.gov.cn,probed-2xx,200,2026-10-03,市辖区(沈阳市),枚举:Wikidata官方站点+2025区划码 2026-10
gov:www.sydl.gov.cn,gov,浑南区,http://www.sydl.gov.cn/,www.sydl.gov.cn,probed-000,000,2026-10-03,市辖区(沈阳市),枚举:Wikidata官方站点+2025区划码 2026-10
gov:www.syhg.gov.cn,gov,皇姑区,http://www.syhg.gov.cn/,www.syhg.gov.cn,probed-2xx,200,2026-10-03,市辖区(沈阳市),枚举:Wikidata官方站点+2025区划码 2026-10
gov:www.syhp.gov.cn,gov,和平区,http://www.syhp.gov.cn/,www.syhp.gov.cn,probed-2xx,200,2026-10-03,市辖区(沈阳市),枚举:Wikidata官方站点+2025区划码 2026-10
gov:www.sysbsq.gov.cn,gov,宝山区,http://www.sysbsq.gov.cn/,www.sysbsq.gov.cn,probed-2xx,200,2026-10-03,市辖区(双鸭山市),枚举:Wikidata官方站点+2025区划码 2026-10
gov:www.sysjs.gov.cn,gov,尖山区,http://www.sysjs.gov.cn/,www.sysjs.gov.cn,probed-2xx,200,2026-10-03,市辖区(双鸭山市),枚举:Wikidata官方站点+2025区划码 2026-10
gov:www.sysld.gov.cn,gov,岭东区,http://www.sysld.gov.cn/,www.sysld.gov.cn,probed-2xx,200,2026-10-03,市辖区(双鸭山市),枚举:Wikidata官方站点+2025区划码 2026-10
gov:www.syssft.gov.cn,gov,四方台区,http://www.syssft.gov.cn/,www.syssft.gov.cn,probed-2xx,200,2026-10-03,市辖区(双鸭山市),枚举:Wikidata官方站点+2025区划码 2026-10
gov:www.syyh.gov.cn,gov,于洪区,http://www.syyh.gov.cn/,www.syyh.gov.cn,probed-2xx,200,2026-10-03,市辖区(沈阳市),枚举:Wikidata官方站点+2025区划码 2026-10
gov:www.szwz.gov.cn,gov,吴中区,http://www.szwz.gov.cn/,www.szwz.gov.cn,probed-2xx,200,2026-10-03,市辖区(苏州市),枚举:Wikidata官方站点+2025区划码 2026-10
gov:www.szxc.gov.cn,gov,相城区,http://www.szxc.gov.cn/,www.szxc.gov.cn,probed-2xx,200,2026-10-03,市辖区(苏州市),枚举:Wikidata官方站点+2025区划码 2026-10
gov:www.szyq.gov.cn,gov,埇桥区,http://www.szyq.gov.cn/,www.szyq.gov.cn,probed-2xx,200,2026-10-03,市辖区(宿州市),枚举:Wikidata官方站点+2025区划码 2026-10
gov:www.szzj.gov.cn,gov,嵊州市,http://www.szzj.gov.cn/,www.szzj.gov.cn,probed-2xx,200,2026-10-03,县级市(绍兴市),枚举:Wikidata官方站点+2025区划码 2026-10
gov:www.taicang.gov.cn,gov,太仓市,http://www.taicang.gov.cn/,www.taicang.gov.cn,probed-2xx,200,2026-10-03,县级市(苏州市),枚举:Wikidata官方站点+2025区划码 2026-10
gov:www.taihe.gov.cn,gov,太和县,http://www.taihe.gov.cn/,www.taihe.gov.cn,probed-2xx,200,2026-10-03,县(阜阳市),枚举:Wikidata官方站点+2025区划码 2026-10
gov:www.taijiang.gov.cn,gov,台江区,http://www.taijiang.gov.cn/,www.taijiang.gov.cn,probed-2xx,200,2026-10-03,市辖区(福州市),枚举:Wikidata官方站点+2025区划码 2026-10
gov:www.tailai.gov.cn,gov,泰来县,http://www.tailai.gov.cn/,www.tailai.gov.cn,probed-2xx,200,2026-10-03,县(齐齐哈尔市),枚举:Wikidata官方站点+2025区划码 2026-10
gov:www.taixing.gov.cn,gov,泰兴市,http://www.taixing.gov.cn/,www.taixing.gov.cn,probed-2xx,200,2026-10-03,县级市(泰州市),枚举:Wikidata官方站点+2025区划码 2026-10
gov:www.taizihe.gov.cn,gov,太子河区,http://www.taizihe.gov.cn/,www.taizihe.gov.cn,probed-000,000,2026-10-03,市辖区(辽阳市),枚举:Wikidata官方站点+2025区划码 2026-10
gov:www.taonan.gov.cn,gov,洮南市,http://www.taonan.gov.cn/,www.taonan.gov.cn,probed-2xx,200,2026-10-03,县级市(白城市),枚举:Wikidata官方站点+2025区划码 2026-10
gov:www.tengzhou.gov.cn,gov,滕州市,http://www.tengzhou.gov.cn/,www.tengzhou.gov.cn,probed-2xx,200,2026-10-03,县级市(枣庄市),枚举:Wikidata官方站点+2025区划码 2026-10
gov:www.tez.gov.cn,gov,台儿庄区,http://www.tez.gov.cn/,www.tez.gov.cn,probed-2xx,200,2026-10-03,市辖区(枣庄市),枚举:Wikidata官方站点+2025区划码 2026-10
gov:www.tfqzf.gov.cn,gov,铁锋区,http://www.tfqzf.gov.cn/,www.tfqzf.gov.cn,probed-2xx,200,2026-10-03,市辖区(齐齐哈尔市),枚举:Wikidata官方站点+2025区划码 2026-10
gov:www.thx.gov.cn,gov,太湖县,http://www.thx.gov.cn/,www.thx.gov.cn,probed-2xx,200,2026-10-03,县(安庆市),枚举:Wikidata官方站点+2025区划码 2026-10
gov:www.tianchang.gov.cn,gov,天长市,http://www.tianchang.gov.cn/,www.tianchang.gov.cn,probed-2xx,200,2026-10-03,县级市(滁州市),枚举:Wikidata官方站点+2025区划码 2026-10
gov:www.tianqiao.gov.cn,gov,天桥区,http://www.tianqiao.gov.cn/,www.tianqiao.gov.cn,probed-2xx,200,2026-10-03,市辖区(济南市),枚举:Wikidata官方站点+2025区划码 2026-10
gov:www.tiedong.gov.cn,gov,铁东区,http://www.tiedong.gov.cn/,www.tiedong.gov.cn,probed-2xx,200,2026-10-03,市辖区(鞍山市),枚举:Wikidata官方站点+2025区划码 2026-10
gov:www.tielingxian.gov.cn,gov,铁岭县,http://www.tielingxian.gov.cn/,www.tielingxian.gov.cn,probed-3xx,302,2026-10-03,县(铁岭市),枚举:Wikidata官方站点+2025区划码 2026-10
gov:www.tiexi.gov.cn,gov,铁西区,http://www.tiexi.gov.cn/,www.tiexi.gov.cn,probed-2xx,200,2026-10-03,市辖区(沈阳市),枚举:Wikidata官方站点+2025区划码 2026-10
gov:www.tja.gov.cn,gov,田家庵区,http://www.tja.gov.cn/,www.tja.gov.cn,probed-2xx,200,2026-10-03,市辖区(淮南市),枚举:Wikidata官方站点+2025区划码 2026-10
gov:www.tljq.gov.cn,gov,郊区,http://www.tljq.gov.cn/,www.tljq.gov.cn,probed-2xx,200,2026-10-03,市辖区(铜陵市),枚举:Wikidata官方站点+2025区划码 2026-10
gov:www.tlqh.gov.cn,gov,清河区,http://www.tlqh.gov.cn/,www.tlqh.gov.cn,probed-3xx,302,2026-10-03,市辖区(铁岭市),枚举:Wikidata官方站点+2025区划码 2026-10
gov:www.tls.gov.cn,gov,铁力市,http://www.tls.gov.cn/,www.tls.gov.cn,probed-2xx,200,2026-10-03,县级市(伊春市),枚举:Wikidata官方站点+2025区划码 2026-10
gov:www.tltg.gov.cn,gov,铜官区,http://www.tltg.gov.cn/,www.tltg.gov.cn,probed-2xx,200,2026-10-03,市辖区(铜陵市),枚举:Wikidata官方站点+2025区划码 2026-10
gov:www.tlyz.gov.cn,gov,银州区,http://www.tlyz.gov.cn/,www.tlyz.gov.cn,probed-3xx,302,2026-10-03,市辖区(铁岭市),枚举:Wikidata官方站点+2025区划码 2026-10
gov:www.tongcheng.gov.cn,gov,桐城市,http://www.tongcheng.gov.cn/,www.tongcheng.gov.cn,probed-2xx,200,2026-10-03,县级市(安庆市),枚举:Wikidata官方站点+2025区划码 2026-10
gov:www.tonggu.gov.cn,gov,铜鼓县,http://www.tonggu.gov.cn/,www.tonggu.gov.cn,probed-2xx,200,2026-10-03,县(宜春市),枚举:Wikidata官方站点+2025区划码 2026-10
gov:www.tongjiang.gov.cn,gov,同江市,http://www.tongjiang.gov.cn/,www.tongjiang.gov.cn,probed-2xx,200,2026-10-03,县级市(佳木斯市),枚举:Wikidata官方站点+2025区划码 2026-10
gov:www.tonglu.gov.cn,gov,桐庐县,http://www.tonglu.gov.cn/,www.tonglu.gov.cn,probed-2xx,200,2026-10-03,县(杭州市),枚举:Wikidata官方站点+2025区划码 2026-10
gov:www.tongyu.gov.cn,gov,通榆县,http://www.tongyu.gov.cn/,www.tongyu.gov.cn,probed-2xx,200,2026-10-03,县(白城市),枚举:Wikidata官方站点+2025区划码 2026-10
gov:www.tongzhou.gov.cn,gov,通州区,http://www.tongzhou.gov.cn/,www.tongzhou.gov.cn,probed-2xx,200,2026-10-03,市辖区(南通市),枚举:Wikidata官方站点+2025区划码 2026-10
gov:www.ts.gov.cn,gov,泰顺县,http://www.ts.gov.cn/,www.ts.gov.cn,probed-2xx,200,2026-10-03,县(温州市),枚举:Wikidata官方站点+2025区划码 2026-10
gov:www.tx.gov.cn,gov,桐乡市,http://www.tx.gov.cn/,www.tx.gov.cn,probed-2xx,200,2026-10-03,县级市(嘉兴市),枚举:Wikidata官方站点+2025区划码 2026-10
gov:www.tynet.gov.cn,gov,汤原县,http://www.tynet.gov.cn/,www.tynet.gov.cn,probed-000,000,2026-10-03,县(佳木斯市),枚举:Wikidata官方站点+2025区划码 2026-10
gov:www.tzhl.gov.cn,gov,海陵区,http://www.tzhl.gov.cn/,www.tzhl.gov.cn,probed-2xx,200,2026-10-03,市辖区(泰州市),枚举:Wikidata官方站点+2025区划码 2026-10
gov:www.wanan.gov.cn,gov,万安县,http://www.wanan.gov.cn/,www.wanan.gov.cn,probed-2xx,200,2026-10-03,县(吉安市),枚举:Wikidata官方站点+2025区划码 2026-10
gov:www.wangjiang.gov.cn,gov,望江县,http://www.wangjiang.gov.cn/,www.wangjiang.gov.cn,probed-2xx,200,2026-10-03,县(安庆市),枚举:Wikidata官方站点+2025区划码 2026-10
gov:www.wangqing.gov.cn,gov,汪清县,http://www.wangqing.gov.cn/,www.wangqing.gov.cn,probed-000,000,2026-10-03,县(延边朝鲜族自治州),枚举:Wikidata官方站点+2025区划码 2026-10
gov:www.wanzai.gov.cn,gov,万载县,http://www.wanzai.gov.cn/,www.wanzai.gov.cn,probed-2xx,200,2026-10-03,县(宜春市),枚举:Wikidata官方站点+2025区划码 2026-10
gov:www.wanzhi.gov.cn,gov,湾沚区,http://www.wanzhi.gov.cn/,www.wanzhi.gov.cn,probed-2xx,200,2026-10-03,市辖区(芜湖市),枚举:Wikidata官方站点+2025区划码 2026-10
gov:www.weicheng.gov.cn,gov,潍城区,http://www.weicheng.gov.cn/,www.weicheng.gov.cn,probed-2xx,200,2026-10-03,市辖区(潍坊市),枚举:Wikidata官方站点+2025区划码 2026-10
gov:www.weishan.gov.cn,gov,微山县,http://www.weishan.gov.cn/,www.weishan.gov.cn,probed-2xx,200,2026-10-03,县(济宁市),枚举:Wikidata官方站点+2025区划码 2026-10
gov:www.wencheng.gov.cn,gov,文成县,http://www.wencheng.gov.cn/,www.wencheng.gov.cn,probed-2xx,200,2026-10-03,县(温州市),枚举:Wikidata官方站点+2025区划码 2026-10
gov:www.wendeng.gov.cn,gov,文登区,http://www.wendeng.gov.cn/,www.wendeng.gov.cn,probed-2xx,200,2026-10-03,市辖区(威海市),枚举:Wikidata官方站点+2025区划码 2026-10
gov:www.wenshang.gov.cn,gov,汶上县,http://www.wenshang.gov.cn/,www.wenshang.gov.cn,probed-2xx,200,2026-10-03,县(济宁市),枚举:Wikidata官方站点+2025区划码 2026-10
gov:www.wensheng.gov.cn,gov,文圣区,http://www.wensheng.gov.cn/,www.wensheng.gov.cn,probed-2xx,200,2026-10-03,市辖区(辽阳市),枚举:Wikidata官方站点+2025区划码 2026-10
gov:www.wfbinhai.gov.cn,gov,潍坊滨海经济技术开发区,http://www.wfbinhai.gov.cn/,www.wfbinhai.gov.cn,probed-2xx,200,2026-10-03,功能区(县级)(潍坊市),枚举:Wikidata官方站点+2025区划码 2026-10
gov:www.whctp.gov.cn,gov,威海火炬高技术产业开发区,http://www.whctp.gov.cn/,www.whctp.gov.cn,probed-2xx,200,2026-10-03,功能区(县级)(威海市),枚举:Wikidata官方站点+2025区划码 2026-10
gov:www.whjhq.gov.cn,gov,镜湖区,http://www.whjhq.gov.cn/,www.whjhq.gov.cn,probed-2xx,200,2026-10-03,市辖区(芜湖市),枚举:Wikidata官方站点+2025区划码 2026-10
gov:www.wip.gov.cn,gov,威海临港经济技术开发区,http://www.wip.gov.cn/,www.wip.gov.cn,probed-2xx,200,2026-10-03,功能区(县级)(威海市),枚举:Wikidata官方站点+2025区划码 2026-10
gov:www.wj.gov.cn,gov,武进区,http://www.wj.gov.cn/,www.wj.gov.cn,probed-2xx,200,2026-10-03,市辖区(常州市),枚举:Wikidata官方站点+2025区划码 2026-10
gov:www.wl.gov.cn,gov,温岭市,http://www.wl.gov.cn/,www.wl.gov.cn,probed-2xx,200,2026-10-03,县级市(台州市),枚举:Wikidata官方站点+2025区划码 2026-10
gov:www.wnd.gov.cn,gov,新吴区,http://www.wnd.gov.cn/,www.wnd.gov.cn,probed-2xx,200,2026-10-03,市辖区(无锡市),枚举:Wikidata官方站点+2025区划码 2026-10
gov:www.wp.gov.cn,gov,武平县,http://www.wp.gov.cn/,www.wp.gov.cn,probed-2xx,200,2026-10-03,县(龙岩市),枚举:Wikidata官方站点+2025区划码 2026-10
gov:www.wuch.gov.cn,gov,婺城区,http://www.wuch.gov.cn/,www.wuch.gov.cn,probed-2xx,200,2026-10-03,市辖区(金华市),枚举:Wikidata官方站点+2025区划码 2026-10
gov:www.wucheng.gov.cn,gov,武城县,http://www.wucheng.gov.cn/,www.wucheng.gov.cn,probed-2xx,200,2026-10-03,县(德州市),枚举:Wikidata官方站点+2025区划码 2026-10
gov:www.wudi.gov.cn,gov,无棣县,http://www.wudi.gov.cn/,www.wudi.gov.cn,probed-2xx,200,2026-10-03,县(滨州市),枚举:Wikidata官方站点+2025区划码 2026-10
gov:www.wuhe.gov.cn,gov,五河县,http://www.wuhe.gov.cn/,www.wuhe.gov.cn,probed-2xx,200,2026-10-03,县(蚌埠市),枚举:Wikidata官方站点+2025区划码 2026-10
gov:www.wulian.gov.cn,gov,五莲县,http://www.wulian.gov.cn/,www.wulian.gov.cn,probed-2xx,200,2026-10-03,县(日照市),枚举:Wikidata官方站点+2025区划码 2026-10
gov:www.wuning.gov.cn,gov,武宁县,http://www.wuning.gov.cn/,www.wuning.gov.cn,probed-2xx,200,2026-10-03,县(九江市),枚举:Wikidata官方站点+2025区划码 2026-10
gov:www.wuxing.gov.cn,gov,吴兴区,http://www.wuxing.gov.cn/,www.wuxing.gov.cn,probed-2xx,200,2026-10-03,市辖区(湖州市),枚举:Wikidata官方站点+2025区划码 2026-10
gov:www.ww.gov.cn,gov,无为市,http://www.ww.gov.cn/,www.ww.gov.cn,probed-2xx,200,2026-10-03,县级市(芜湖市),枚举:Wikidata官方站点+2025区划码 2026-10
gov:www.wxbh.gov.cn,gov,滨湖区,http://www.wxbh.gov.cn/,www.wxbh.gov.cn,probed-2xx,200,2026-10-03,市辖区(无锡市),枚举:Wikidata官方站点+2025区划码 2026-10
gov:www.wxlx.gov.cn,gov,梁溪区,http://www.wxlx.gov.cn/,www.wxlx.gov.cn,probed-2xx,200,2026-10-03,市辖区(无锡市),枚举:Wikidata官方站点+2025区划码 2026-10
gov:www.wys.gov.cn,gov,武夷山市,http://www.wys.gov.cn/,www.wys.gov.cn,probed-2xx,200,2026-10-03,县级市(南平市),枚举:Wikidata官方站点+2025区划码 2026-10
gov:www.xc.gov.cn,gov,芗城区,http://www.xc.gov.cn/,www.xc.gov.cn,probed-2xx,200,2026-10-03,市辖区(漳州市),枚举:Wikidata官方站点+2025区划码 2026-10
gov:www.xiajiang.gov.cn,gov,峡江县,http://www.xiajiang.gov.cn/,www.xiajiang.gov.cn,probed-2xx,200,2026-10-03,县(吉安市),枚举:Wikidata官方站点+2025区划码 2026-10
gov:www.xiajin.gov.cn,gov,夏津县,http://www.xiajin.gov.cn/,www.xiajin.gov.cn,probed-2xx,200,2026-10-03,县(德州市),枚举:Wikidata官方站点+2025区划码 2026-10
gov:www.xiangan.gov.cn,gov,翔安区,http://www.xiangan.gov.cn/,www.xiangan.gov.cn,probed-2xx,200,2026-10-03,市辖区(厦门市),枚举:Wikidata官方站点+2025区划码 2026-10
gov:www.xiangshan.gov.cn,gov,象山县,http://www.xiangshan.gov.cn/,www.xiangshan.gov.cn,probed-2xx,200,2026-10-03,县(宁波市),枚举:Wikidata官方站点+2025区划码 2026-10
gov:www.xiangshui.gov.cn,gov,响水县,http://www.xiangshui.gov.cn/,www.xiangshui.gov.cn,probed-2xx,200,2026-10-03,县(盐城市),枚举:Wikidata官方站点+2025区划码 2026-10
gov:www.xianyou.gov.cn,gov,仙游县,http://www.xianyou.gov.cn/,www.xianyou.gov.cn,probed-2xx,200,2026-10-03,县(莆田市),枚举:Wikidata官方站点+2025区划码 2026-10
gov:www.xiaoshan.gov.cn,gov,萧山区,http://www.xiaoshan.gov.cn/,www.xiaoshan.gov.cn,probed-2xx,200,2026-10-03,市辖区(杭州市),枚举:Wikidata官方站点+2025区划码 2026-10
gov:www.xiapu.gov.cn,gov,霞浦县,http://www.xiapu.gov.cn/,www.xiapu.gov.cn,probed-2xx,200,2026-10-03,县(宁德市),枚举:Wikidata官方站点+2025区划码 2026-10
gov:www.xiejiaji.gov.cn,gov,谢家集区,http://www.xiejiaji.gov.cn/,www.xiejiaji.gov.cn,probed-2xx,200,2026-10-03,市辖区(淮南市),枚举:Wikidata官方站点+2025区划码 2026-10
gov:www.xigang.gov.cn,gov,西岗区,http://www.xigang.gov.cn/,www.xigang.gov.cn,probed-000,000,2026-10-03,市辖区(大连市),枚举:Wikidata官方站点+2025区划码 2026-10
gov:www.xinbin.gov.cn,gov,新宾满族自治县,http://www.xinbin.gov.cn/,www.xinbin.gov.cn,probed-2xx,200,2026-10-03,自治县(抚顺市),枚举:Wikidata官方站点+2025区划码 2026-10
gov:www.xingan.gov.cn,gov,新干县,http://www.xingan.gov.cn/,www.xingan.gov.cn,probed-2xx,200,2026-10-03,县(吉安市),枚举:Wikidata官方站点+2025区划码 2026-10
gov:www.xingguo.gov.cn,gov,兴国县,http://www.xingguo.gov.cn/,www.xingguo.gov.cn,probed-2xx,200,2026-10-03,县(赣州市),枚举:Wikidata官方站点+2025区划码 2026-10
gov:www.xinghua.gov.cn,gov,兴化市,http://www.xinghua.gov.cn/,www.xinghua.gov.cn,probed-2xx,200,2026-10-03,县级市(泰州市),枚举:Wikidata官方站点+2025区划码 2026-10
gov:www.xinmins.gov.cn,gov,新民市,http://www.xinmins.gov.cn/,www.xinmins.gov.cn,probed-000,000,2026-10-03,县级市(沈阳市),枚举:Wikidata官方站点+2025区划码 2026-10
gov:www.xintai.gov.cn,gov,新泰市,http://www.xintai.gov.cn/,www.xintai.gov.cn,probed-2xx,200,2026-10-03,县级市(泰安市),枚举:Wikidata官方站点+2025区划码 2026-10
gov:www.xiuning.gov.cn,gov,休宁县,http://www.xiuning.gov.cn/,www.xiuning.gov.cn,probed-4xx,412,2026-10-03,县(黄山市),枚举:Wikidata官方站点+2025区划码 2026-10
gov:www.xiushui.gov.cn,gov,修水县,http://www.xiushui.gov.cn/,www.xiushui.gov.cn,probed-2xx,200,2026-10-03,县(九江市),枚举:Wikidata官方站点+2025区划码 2026-10
gov:www.xiuyan.gov.cn,gov,岫岩满族自治县,http://www.xiuyan.gov.cn/,www.xiuyan.gov.cn,probed-2xx,200,2026-10-03,自治县(鞍山市),枚举:Wikidata官方站点+2025区划码 2026-10
gov:www.xiuzhou.gov.cn,gov,秀洲区,http://www.xiuzhou.gov.cn/,www.xiuzhou.gov.cn,probed-2xx,200,2026-10-03,市辖区(嘉兴市),枚举:Wikidata官方站点+2025区划码 2026-10
gov:www.xlt.gov.cn,gov,兴隆台区,http://www.xlt.gov.cn/,www.xlt.gov.cn,probed-2xx,200,2026-10-03,市辖区(盘锦市),枚举:Wikidata官方站点+2025区划码 2026-10
gov:www.xmta.gov.cn,gov,同安区,http://www.xmta.gov.cn/,www.xmta.gov.cn,probed-2xx,200,2026-10-03,市辖区(厦门市),枚举:Wikidata官方站点+2025区划码 2026-10
gov:www.xuanzhou.gov.cn,gov,宣州区,http://www.xuanzhou.gov.cn/,www.xuanzhou.gov.cn,probed-2xx,200,2026-10-03,市辖区(宣城市),枚举:Wikidata官方站点+2025区划码 2026-10
gov:www.xuecheng.gov.cn,gov,薛城区,http://www.xuecheng.gov.cn/,www.xuecheng.gov.cn,probed-2xx,200,2026-10-03,市辖区(枣庄市),枚举:Wikidata官方站点+2025区划码 2026-10
gov:www.xunke.gov.cn,gov,逊克县,http://www.xunke.gov.cn/,www.xunke.gov.cn,probed-2xx,200,2026-10-03,县(黑河市),枚举:Wikidata官方站点+2025区划码 2026-10
gov:www.xunwu.gov.cn,gov,寻乌县,http://www.xunwu.gov.cn/,www.xunwu.gov.cn,probed-2xx,200,2026-10-03,县(赣州市),枚举:Wikidata官方站点+2025区划码 2026-10
gov:www.xunyang.gov.cn,gov,浔阳区,http://www.xunyang.gov.cn/,www.xunyang.gov.cn,probed-2xx,200,2026-10-03,市辖区(九江市),枚举:Wikidata官方站点+2025区划码 2026-10
gov:www.xuyi.gov.cn,gov,盱眙县,http://www.xuyi.gov.cn/,www.xuyi.gov.cn,probed-2xx,200,2026-10-03,县(淮安市),枚举:Wikidata官方站点+2025区划码 2026-10
gov:www.xwzf.gov.cn,gov,玄武区,http://www.xwzf.gov.cn/,www.xwzf.gov.cn,probed-2xx,200,2026-10-03,市辖区(南京市),枚举:Wikidata官方站点+2025区划码 2026-10
gov:www.xy.gov.cn,gov,新沂市,http://www.xy.gov.cn/,www.xy.gov.cn,probed-2xx,200,2026-10-03,县级市(徐州市),枚举:Wikidata官方站点+2025区划码 2026-10
gov:www.xyq.gov.cn,gov,向阳区,http://www.xyq.gov.cn/,www.xyq.gov.cn,probed-2xx,200,2026-10-03,市辖区(佳木斯市),枚举:Wikidata官方站点+2025区划码 2026-10
gov:www.xzgl.gov.cn,gov,鼓楼区,http://www.xzgl.gov.cn/,www.xzgl.gov.cn,probed-2xx,200,2026-10-03,市辖区(徐州市),枚举:Wikidata官方站点+2025区划码 2026-10
gov:www.xzjw.gov.cn,gov,贾汪区,http://www.xzjw.gov.cn/,www.xzjw.gov.cn,probed-2xx,200,2026-10-03,市辖区(徐州市),枚举:Wikidata官方站点+2025区划码 2026-10
gov:www.xzqs.gov.cn,gov,泉山区,http://www.xzqs.gov.cn/,www.xzqs.gov.cn,probed-2xx,200,2026-10-03,市辖区(徐州市),枚举:Wikidata官方站点+2025区划码 2026-10
gov:www.xzyl.gov.cn,gov,云龙区,http://www.xzyl.gov.cn/,www.xzyl.gov.cn,probed-2xx,200,2026-10-03,市辖区(徐州市),枚举:Wikidata官方站点+2025区划码 2026-10
gov:www.ya.gov.cn,gov,永安市,http://www.ya.gov.cn/,www.ya.gov.cn,probed-2xx,200,2026-10-03,县级市(三明市),枚举:Wikidata官方站点+2025区划码 2026-10
gov:www.yandu.gov.cn,gov,盐都区,http://www.yandu.gov.cn/,www.yandu.gov.cn,probed-2xx,200,2026-10-03,市辖区(盐城市),枚举:Wikidata官方站点+2025区划码 2026-10
gov:www.yanggu.gov.cn,gov,阳谷县,http://www.yanggu.gov.cn/,www.yanggu.gov.cn,probed-2xx,200,2026-10-03,县(聊城市),枚举:Wikidata官方站点+2025区划码 2026-10
gov:www.yangming.gov.cn,gov,阳明区,http://www.yangming.gov.cn/,www.yangming.gov.cn,probed-2xx,200,2026-10-03,市辖区(牡丹江市),枚举:Wikidata官方站点+2025区划码 2026-10
gov:www.yangxin.gov.cn,gov,阳信县,http://www.yangxin.gov.cn/,www.yangxin.gov.cn,probed-2xx,200,2026-10-03,县(滨州市),枚举:Wikidata官方站点+2025区划码 2026-10
gov:www.yanzhou.gov.cn,gov,兖州区,http://www.yanzhou.gov.cn/,www.yanzhou.gov.cn,probed-2xx,200,2026-10-03,市辖区(济宁市),枚举:Wikidata官方站点+2025区划码 2026-10
gov:www.yaq.gov.cn,gov,裕安区,http://www.yaq.gov.cn/,www.yaq.gov.cn,probed-000,000,2026-10-03,市辖区(六安市),枚举:Wikidata官方站点+2025区划码 2026-10
gov:www.ycdlq.gov.cn,gov,大箐山县,http://www.ycdlq.gov.cn/,www.ycdlq.gov.cn,probed-000,000,2026-10-03,县(伊春市),枚举:Wikidata官方站点+2025区划码 2026-10
gov:www.ycfl.gov.cn,gov,丰林县,http://www.ycfl.gov.cn/,www.ycfl.gov.cn,probed-2xx,200,2026-10-03,县(伊春市),枚举:Wikidata官方站点+2025区划码 2026-10
gov:www.ycjl.gov.cn,gov,金林区,http://www.ycjl.gov.cn/,www.ycjl.gov.cn,probed-2xx,200,2026-10-03,市辖区(伊春市),枚举:Wikidata官方站点+2025区划码 2026-10
gov:www.ycq.gov.cn,gov,峄城区,http://www.ycq.gov.cn/,www.ycq.gov.cn,probed-2xx,200,2026-10-03,市辖区(枣庄市),枚举:Wikidata官方站点+2025区划码 2026-10
gov:www.yctwx.gov.cn,gov,汤旺县,http://www.yctwx.gov.cn/,www.yctwx.gov.cn,probed-2xx,200,2026-10-03,县(伊春市),枚举:Wikidata官方站点+2025区划码 2026-10
gov:www.ycwc.gov.cn,gov,乌翠区,http://www.ycwc.gov.cn/,www.ycwc.gov.cn,probed-2xx,200,2026-10-03,市辖区(伊春市),枚举:Wikidata官方站点+2025区划码 2026-10
gov:www.ycycq.gov.cn,gov,友好区,http://www.ycycq.gov.cn/,www.ycycq.gov.cn,probed-000,000,2026-10-03,市辖区(伊春市),枚举:Wikidata官方站点+2025区划码 2026-10
gov:www.ycym.gov.cn,gov,伊美区,http://www.ycym.gov.cn/,www.ycym.gov.cn,probed-2xx,200,2026-10-03,市辖区(伊春市),枚举:Wikidata官方站点+2025区划码 2026-10
gov:www.yd.gov.cn,gov,颍东区,http://www.yd.gov.cn/,www.yd.gov.cn,probed-2xx,200,2026-10-03,市辖区(阜阳市),枚举:Wikidata官方站点+2025区划码 2026-10
gov:www.yeda.gov.cn,gov,烟台经济技术开发区,http://www.yeda.gov.cn/,www.yeda.gov.cn,probed-2xx,200,2026-10-03,功能区(县级)(烟台市),枚举:Wikidata官方站点+2025区划码 2026-10
gov:www.yinan.gov.cn,gov,沂南县,http://www.yinan.gov.cn/,www.yinan.gov.cn,probed-2xx,200,2026-10-03,县(临沂市),枚举:Wikidata官方站点+2025区划码 2026-10
gov:www.yingzhou.gov.cn,gov,颍州区,http://www.yingzhou.gov.cn/,www.yingzhou.gov.cn,probed-2xx,200,2026-10-03,市辖区(阜阳市),枚举:Wikidata官方站点+2025区划码 2026-10
gov:www.yishui.gov.cn,gov,沂水县,http://www.yishui.gov.cn/,www.yishui.gov.cn,probed-2xx,200,2026-10-03,县(临沂市),枚举:Wikidata官方站点+2025区划码 2026-10
gov:www.yitong.gov.cn,gov,伊通满族自治县,http://www.yitong.gov.cn/,www.yitong.gov.cn,probed-2xx,200,2026-10-03,自治县(四平市),枚举:Wikidata官方站点+2025区划码 2026-10
gov:www.yixian.gov.cn,gov,黟县,http://www.yixian.gov.cn/,www.yixian.gov.cn,probed-4xx,412,2026-10-03,县(黄山市),枚举:Wikidata官方站点+2025区划码 2026-10
gov:www.yixing.gov.cn,gov,宜兴市,http://www.yixing.gov.cn/,www.yixing.gov.cn,probed-2xx,200,2026-10-03,县级市(无锡市),枚举:Wikidata官方站点+2025区划码 2026-10
gov:www.yixiu.gov.cn,gov,宜秀区,http://www.yixiu.gov.cn/,www.yixiu.gov.cn,probed-2xx,200,2026-10-03,市辖区(安庆市),枚举:Wikidata官方站点+2025区划码 2026-10
gov:www.yiyuan.gov.cn,gov,沂源县,http://www.yiyuan.gov.cn/,www.yiyuan.gov.cn,probed-2xx,200,2026-10-03,县(淄博市),枚举:Wikidata官方站点+2025区划码 2026-10
gov:www.yizheng.gov.cn,gov,仪征市,http://www.yizheng.gov.cn/,www.yizheng.gov.cn,probed-2xx,200,2026-10-03,县级市(扬州市),枚举:Wikidata官方站点+2025区划码 2026-10
gov:www.yj.gov.cn,gov,永嘉县,http://www.yj.gov.cn/,www.yj.gov.cn,probed-2xx,200,2026-10-03,县(温州市),枚举:Wikidata官方站点+2025区划码 2026-10
gov:www.yjq.gov.cn,gov,弋江区,http://www.yjq.gov.cn/,www.yjq.gov.cn,probed-2xx,200,2026-10-03,市辖区(芜湖市),枚举:Wikidata官方站点+2025区划码 2026-10
gov:www.ykdz.gov.cn,gov,鲅鱼圈区,http://www.ykdz.gov.cn/,www.ykdz.gov.cn,probed-2xx,200,2026-10-03,市辖区(营口市),枚举:Wikidata官方站点+2025区划码 2026-10
gov:www.ykxs.gov.cn,gov,西市区,http://www.ykxs.gov.cn/,www.ykxs.gov.cn,probed-2xx,200,2026-10-03,市辖区(营口市),枚举:Wikidata官方站点+2025区划码 2026-10
gov:www.ykzq.gov.cn,gov,站前区,http://www.ykzq.gov.cn/,www.ykzq.gov.cn,probed-2xx,200,2026-10-03,市辖区(营口市),枚举:Wikidata官方站点+2025区划码 2026-10
gov:www.yongkang.gov.cn,gov,永康市,http://www.yongkang.gov.cn/,www.yongkang.gov.cn,probed-000,000,2026-10-03,县级市(金华市),枚举:Wikidata官方站点+2025区划码 2026-10
gov:www.yongtai.gov.cn,gov,永泰县,http://www.yongtai.gov.cn/,www.yongtai.gov.cn,probed-2xx,200,2026-10-03,县(福州市),枚举:Wikidata官方站点+2025区划码 2026-10
gov:www.yongxin.gov.cn,gov,永新县,http://www.yongxin.gov.cn/,www.yongxin.gov.cn,probed-2xx,200,2026-10-03,县(吉安市),枚举:Wikidata官方站点+2025区划码 2026-10
gov:www.yongxiu.gov.cn,gov,永修县,http://www.yongxiu.gov.cn/,www.yongxiu.gov.cn,probed-2xx,200,2026-10-03,县(九江市),枚举:Wikidata官方站点+2025区划码 2026-10
gov:www.ypzf.gov.cn,gov,延平区,http://www.ypzf.gov.cn/,www.ypzf.gov.cn,probed-2xx,200,2026-10-03,市辖区(南平市),枚举:Wikidata官方站点+2025区划码 2026-10
gov:www.ytfushan.gov.cn,gov,福山区,http://www.ytfushan.gov.cn/,www.ytfushan.gov.cn,probed-2xx,200,2026-10-03,市辖区(烟台市),枚举:Wikidata官方站点+2025区划码 2026-10
gov:www.ytgxq.gov.cn,gov,烟台高新技术产业开发区,http://www.ytgxq.gov.cn/,www.ytgxq.gov.cn,probed-2xx,200,2026-10-03,功能区(县级)(烟台市),枚举:Wikidata官方站点+2025区划码 2026-10
gov:www.ytlaishan.gov.cn,gov,莱山区,http://www.ytlaishan.gov.cn/,www.ytlaishan.gov.cn,probed-2xx,200,2026-10-03,市辖区(烟台市),枚举:Wikidata官方站点+2025区划码 2026-10
gov:www.yuchengshi.gov.cn,gov,禹城市,http://www.yuchengshi.gov.cn/,www.yuchengshi.gov.cn,probed-2xx,200,2026-10-03,县级市(德州市),枚举:Wikidata官方站点+2025区划码 2026-10
gov:www.yudu.gov.cn,gov,于都县,http://www.yudu.gov.cn/,www.yudu.gov.cn,probed-2xx,200,2026-10-03,县(赣州市),枚举:Wikidata官方站点+2025区划码 2026-10
gov:www.yuehu.gov.cn,gov,月湖区,http://www.yuehu.gov.cn/,www.yuehu.gov.cn,probed-000,000,2026-10-03,市辖区(鹰潭市),枚举:Wikidata官方站点+2025区划码 2026-10
gov:www.yueqing.gov.cn,gov,乐清市,http://www.yueqing.gov.cn/,www.yueqing.gov.cn,probed-2xx,200,2026-10-03,县级市(温州市),枚举:Wikidata官方站点+2025区划码 2026-10
gov:www.yuexi.gov.cn,gov,岳西县,http://www.yuexi.gov.cn/,www.yuexi.gov.cn,probed-2xx,200,2026-10-03,县(安庆市),枚举:Wikidata官方站点+2025区划码 2026-10
gov:www.yugan.gov.cn,gov,余干县,http://www.yugan.gov.cn/,www.yugan.gov.cn,probed-4xx,412,2026-10-03,县(上饶市),枚举:Wikidata官方站点+2025区划码 2026-10
gov:www.yuhang.gov.cn,gov,余杭区,http://www.yuhang.gov.cn/,www.yuhang.gov.cn,probed-2xx,200,2026-10-03,市辖区(杭州市),枚举:Wikidata官方站点+2025区划码 2026-10
gov:www.yuhuan.gov.cn,gov,玉环市,http://www.yuhuan.gov.cn/,www.yuhuan.gov.cn,probed-2xx,200,2026-10-03,县级市(台州市),枚举:Wikidata官方站点+2025区划码 2026-10
gov:www.yuhui.gov.cn,gov,禹会区,http://www.yuhui.gov.cn/,www.yuhui.gov.cn,probed-2xx,200,2026-10-03,市辖区(蚌埠市),枚举:Wikidata官方站点+2025区划码 2026-10
gov:www.yujiang.gov.cn,gov,余江区,http://www.yujiang.gov.cn/,www.yujiang.gov.cn,probed-000,000,2026-10-03,市辖区(鹰潭市),枚举:Wikidata官方站点+2025区划码 2026-10
gov:www.yunhe.gov.cn,gov,云和县,http://www.yunhe.gov.cn/,www.yunhe.gov.cn,probed-2xx,200,2026-10-03,县(丽水市),枚举:Wikidata官方站点+2025区划码 2026-10
gov:www.yunxiao.gov.cn,gov,云霄县,http://www.yunxiao.gov.cn/,www.yunxiao.gov.cn,probed-2xx,200,2026-10-03,县(漳州市),枚举:Wikidata官方站点+2025区划码 2026-10
gov:www.yushui.gov.cn,gov,渝水区,http://www.yushui.gov.cn/,www.yushui.gov.cn,probed-2xx,200,2026-10-03,市辖区(新余市),枚举:Wikidata官方站点+2025区划码 2026-10
gov:www.yutai.gov.cn,gov,鱼台县,http://www.yutai.gov.cn/,www.yutai.gov.cn,probed-2xx,200,2026-10-03,县(济宁市),枚举:Wikidata官方站点+2025区划码 2026-10
gov:www.yw.gov.cn,gov,义乌市,http://www.yw.gov.cn/,www.yw.gov.cn,probed-2xx,200,2026-10-03,县级市(金华市),枚举:Wikidata官方站点+2025区划码 2026-10
gov:www.yy.gov.cn,gov,余姚市,http://www.yy.gov.cn/,www.yy.gov.cn,probed-2xx,200,2026-10-03,县级市(宁波市),枚举:Wikidata官方站点+2025区划码 2026-10
gov:www.yz.gov.cn,gov,扬中市,http://www.yz.gov.cn/,www.yz.gov.cn,probed-2xx,200,2026-10-03,县级市(镇江市),枚举:Wikidata官方站点+2025区划码 2026-10
gov:www.yzglq.gov.cn,gov,广陵区,http://www.yzglq.gov.cn/,www.yzglq.gov.cn,probed-2xx,200,2026-10-03,市辖区(扬州市),枚举:Wikidata官方站点+2025区划码 2026-10
gov:www.yzq.gov.cn,gov,袁州区,http://www.yzq.gov.cn/,www.yzq.gov.cn,probed-2xx,200,2026-10-03,市辖区(宜春市),枚举:Wikidata官方站点+2025区划码 2026-10
gov:www.zaq.gov.cn,gov,振安区,http://www.zaq.gov.cn/,www.zaq.gov.cn,probed-2xx,200,2026-10-03,市辖区(丹东市),枚举:Wikidata官方站点+2025区划码 2026-10
gov:www.zg-xc.gov.cn,gov,兴城市,http://www.zg-xc.gov.cn/,www.zg-xc.gov.cn,probed-2xx,200,2026-10-03,县级市(葫芦岛市),枚举:Wikidata官方站点+2025区划码 2026-10
gov:www.zghy.gov.cn,gov,淮阴区,http://www.zghy.gov.cn/,www.zghy.gov.cn,probed-2xx,200,2026-10-03,市辖区(淮安市),枚举:Wikidata官方站点+2025区划码 2026-10
gov:www.zglh.gov.cn,gov,莲花县,http://www.zglh.gov.cn/,www.zglh.gov.cn,probed-2xx,200,2026-10-03,县(萍乡市),枚举:Wikidata官方站点+2025区划码 2026-10
gov:www.zgq.gov.cn,gov,章贡区,http://www.zgq.gov.cn/,www.zgq.gov.cn,probed-2xx,200,2026-10-03,市辖区(赣州市),枚举:Wikidata官方站点+2025区划码 2026-10
gov:www.zgts.gov.cn,gov,铜山区,http://www.zgts.gov.cn/,www.zgts.gov.cn,probed-2xx,200,2026-10-03,市辖区(徐州市),枚举:Wikidata官方站点+2025区划码 2026-10
gov:www.zgys.gov.cn,gov,玉山县,http://www.zgys.gov.cn/,www.zgys.gov.cn,probed-2xx,200,2026-10-03,县(上饶市),枚举:Wikidata官方站点+2025区划码 2026-10
gov:www.zgzy.gov.cn,gov,肇源县,http://www.zgzy.gov.cn/,www.zgzy.gov.cn,probed-2xx,200,2026-10-03,县(大庆市),枚举:Wikidata官方站点+2025区划码 2026-10
gov:www.zh.gov.cn,gov,镇海区,http://www.zh.gov.cn/,www.zh.gov.cn,probed-2xx,200,2026-10-03,市辖区(宁波市),枚举:Wikidata官方站点+2025区划码 2026-10
gov:www.zhangdian.gov.cn,gov,张店区,http://www.zhangdian.gov.cn/,www.zhangdian.gov.cn,probed-2xx,200,2026-10-03,市辖区(淄博市),枚举:Wikidata官方站点+2025区划码 2026-10
gov:www.zhangpu.gov.cn,gov,漳浦县,http://www.zhangpu.gov.cn/,www.zhangpu.gov.cn,probed-2xx,200,2026-10-03,县(漳州市),枚举:Wikidata官方站点+2025区划码 2026-10
gov:www.zhangqiu.gov.cn,gov,章丘区,http://www.zhangqiu.gov.cn/,www.zhangqiu.gov.cn,probed-000,000,2026-10-03,市辖区(济南市),枚举:Wikidata官方站点+2025区划码 2026-10
gov:www.zhangshu.gov.cn,gov,樟树市,http://www.zhangshu.gov.cn/,www.zhangshu.gov.cn,probed-2xx,200,2026-10-03,县级市(宜春市),枚举:Wikidata官方站点+2025区划码 2026-10
gov:www.zhangwu.gov.cn,gov,彰武县,http://www.zhangwu.gov.cn/,www.zhangwu.gov.cn,probed-2xx,200,2026-10-03,县(阜新市),枚举:Wikidata官方站点+2025区划码 2026-10
gov:www.zhanhua.gov.cn,gov,沾化区,http://www.zhanhua.gov.cn/,www.zhanhua.gov.cn,probed-2xx,200,2026-10-03,市辖区(滨州市),枚举:Wikidata官方站点+2025区划码 2026-10
gov:www.zhaoan.gov.cn,gov,诏安县,http://www.zhaoan.gov.cn/,www.zhaoan.gov.cn,probed-2xx,200,2026-10-03,县(漳州市),枚举:Wikidata官方站点+2025区划码 2026-10
gov:www.zhaoyuan.gov.cn,gov,招远市,http://www.zhaoyuan.gov.cn/,www.zhaoyuan.gov.cn,probed-2xx,200,2026-10-03,县级市(烟台市),枚举:Wikidata官方站点+2025区划码 2026-10
gov:www.zhaozhou.gov.cn,gov,肇州县,http://www.zhaozhou.gov.cn/,www.zhaozhou.gov.cn,probed-2xx,200,2026-10-03,县(大庆市),枚举:Wikidata官方站点+2025区划码 2026-10
gov:www.zhenghe.gov.cn,gov,政和县,http://www.zhenghe.gov.cn/,www.zhenghe.gov.cn,probed-2xx,200,2026-10-03,县(南平市),枚举:Wikidata官方站点+2025区划码 2026-10
gov:www.zhenxing.gov.cn,gov,振兴区,http://www.zhenxing.gov.cn/,www.zhenxing.gov.cn,probed-2xx,200,2026-10-03,市辖区(丹东市),枚举:Wikidata官方站点+2025区划码 2026-10
gov:www.zherong.gov.cn,gov,柘荣县,http://www.zherong.gov.cn/,www.zherong.gov.cn,probed-2xx,200,2026-10-03,县(宁德市),枚举:Wikidata官方站点+2025区划码 2026-10
gov:www.zhifu.gov.cn,gov,芝罘区,http://www.zhifu.gov.cn/,www.zhifu.gov.cn,probed-2xx,200,2026-10-03,市辖区(烟台市),枚举:Wikidata官方站点+2025区划码 2026-10
gov:www.zhoucun.gov.cn,gov,周村区,http://www.zhoucun.gov.cn/,www.zhoucun.gov.cn,probed-2xx,200,2026-10-03,市辖区(淄博市),枚举:Wikidata官方站点+2025区划码 2026-10
gov:www.zhouning.gov.cn,gov,周宁县,http://www.zhouning.gov.cn/,www.zhouning.gov.cn,probed-2xx,200,2026-10-03,县(宁德市),枚举:Wikidata官方站点+2025区划码 2026-10
gov:www.zhucheng.gov.cn,gov,诸城市,http://www.zhucheng.gov.cn/,www.zhucheng.gov.cn,probed-2xx,200,2026-10-03,县级市(潍坊市),枚举:Wikidata官方站点+2025区划码 2026-10
gov:www.zhuji.gov.cn,gov,诸暨市,http://www.zhuji.gov.cn/,www.zhuji.gov.cn,probed-2xx,200,2026-10-03,县级市(绍兴市),枚举:Wikidata官方站点+2025区划码 2026-10
gov:www.zichuan.gov.cn,gov,淄川区,http://www.zichuan.gov.cn/,www.zichuan.gov.cn,probed-2xx,200,2026-10-03,市辖区(淄博市),枚举:Wikidata官方站点+2025区划码 2026-10
gov:www.zixi.gov.cn,gov,资溪县,http://www.zixi.gov.cn/,www.zixi.gov.cn,probed-2xx,200,2026-10-03,县(抚州市),枚举:Wikidata官方站点+2025区划码 2026-10
gov:www.zjcx.gov.cn,gov,长兴县,http://www.zjcx.gov.cn/,www.zjcx.gov.cn,probed-2xx,200,2026-10-03,县(湖州市),枚举:Wikidata官方站点+2025区划码 2026-10
gov:www.zjg.gov.cn,gov,张家港市,http://www.zjg.gov.cn/,www.zjg.gov.cn,probed-2xx,200,2026-10-03,县级市(苏州市),枚举:Wikidata官方站点+2025区划码 2026-10
gov:www.zjhy.gov.cn,gov,黄岩区,http://www.zjhy.gov.cn/,www.zjhy.gov.cn,probed-2xx,200,2026-10-03,市辖区(台州市),枚举:Wikidata官方站点+2025区划码 2026-10
gov:www.zjna.gov.cn,gov,镇江新区,http://www.zjna.gov.cn/,www.zjna.gov.cn,probed-2xx,200,2026-10-03,功能区(县级)(镇江市),枚举:Wikidata官方站点+2025区划码 2026-10
gov:www.zjpy.gov.cn,gov,平阳县,http://www.zjpy.gov.cn/,www.zjpy.gov.cn,probed-2xx,200,2026-10-03,县(温州市),枚举:Wikidata官方站点+2025区划码 2026-10
gov:www.zjqy.gov.cn,gov,庆元县,http://www.zjqy.gov.cn/,www.zjqy.gov.cn,probed-2xx,200,2026-10-03,县(丽水市),枚举:Wikidata官方站点+2025区划码 2026-10
gov:www.zjtt.gov.cn,gov,天台县,http://www.zjtt.gov.cn/,www.zjtt.gov.cn,probed-2xx,200,2026-10-03,县(台州市),枚举:Wikidata官方站点+2025区划码 2026-10
gov:www.zjwy.gov.cn,gov,武义县,http://www.zjwy.gov.cn/,www.zjwy.gov.cn,probed-2xx,200,2026-10-03,县(金华市),枚举:Wikidata官方站点+2025区划码 2026-10
gov:www.zjxc.gov.cn,gov,新昌县,http://www.zjxc.gov.cn/,www.zjxc.gov.cn,probed-2xx,200,2026-10-03,县(绍兴市),枚举:Wikidata官方站点+2025区划码 2026-10
gov:www.zjxj.gov.cn,gov,仙居县,http://www.zjxj.gov.cn/,www.zjxj.gov.cn,probed-2xx,200,2026-10-03,县(台州市),枚举:Wikidata官方站点+2025区划码 2026-10
gov:www.zongyang.gov.cn,gov,枞阳县,http://www.zongyang.gov.cn/,www.zongyang.gov.cn,probed-2xx,200,2026-10-03,县(铜陵市),枚举:Wikidata官方站点+2025区划码 2026-10
gov:www.zoucheng.gov.cn,gov,邹城市,http://www.zoucheng.gov.cn/,www.zoucheng.gov.cn,probed-2xx,200,2026-10-03,县级市(济宁市),枚举:Wikidata官方站点+2025区划码 2026-10
gov:www.zouping.gov.cn,gov,邹平市,http://www.zouping.gov.cn/,www.zouping.gov.cn,probed-2xx,200,2026-10-03,县级市(滨州市),枚举:Wikidata官方站点+2025区划码 2026-10
gov:www.zp.gov.cn,gov,漳平市,http://www.zp.gov.cn/,www.zp.gov.cn,probed-2xx,200,2026-10-03,县级市(龙岩市),枚举:Wikidata官方站点+2025区划码 2026-10
gov:www.zw.yushu.gov.cn,gov,榆树市,http://www.zw.yushu.gov.cn/,www.zw.yushu.gov.cn,probed-000,000,2026-10-03,县级市(长春市),枚举:Wikidata官方站点+2025区划码 2026-10
gov:www.zzszq.gov.cn,gov,市中区,http://www.zzszq.gov.cn/,www.zzszq.gov.cn,probed-2xx,200,2026-10-03,市辖区(枣庄市),枚举:Wikidata官方站点+2025区划码 2026-10
gov:xceda.xuancheng.gov.cn,gov,宣城市经济开发区,http://xceda.xuancheng.gov.cn/,xceda.xuancheng.gov.cn,probed-2xx,200,2026-10-03,功能区(县级)(宣城市),枚举:Wikidata官方站点+2025区划码 2026-10
gov:xetdz.xz.gov.cn,gov,徐州经济技术开发区,http://xetdz.xz.gov.cn/,xetdz.xz.gov.cn,probed-2xx,200,2026-10-03,功能区(县级)(徐州市),枚举:Wikidata官方站点+2025区划码 2026-10
gov:xh.benxi.gov.cn,gov,溪湖区,http://xh.benxi.gov.cn/,xh.benxi.gov.cn,probed-2xx,200,2026-10-03,市辖区(本溪市),枚举:Wikidata官方站点+2025区划码 2026-10
gov:xhq.fuxin.gov.cn,gov,细河区,http://xhq.fuxin.gov.cn/,xhq.fuxin.gov.cn,probed-000,000,2026-10-03,市辖区(阜新市),枚举:Wikidata官方站点+2025区划码 2026-10
gov:xinjian.gov.cn,gov,新建区,http://xinjian.gov.cn/,xinjian.gov.cn,probed-000,000,2026-10-03,市辖区(南昌市),枚举:Wikidata官方站点+2025区划码 2026-10
gov:xqq.fuxin.gov.cn,gov,新邱区,http://xqq.fuxin.gov.cn/,xqq.fuxin.gov.cn,probed-000,000,2026-10-03,市辖区(阜新市),枚举:Wikidata官方站点+2025区划码 2026-10
gov:xxgk.yingquan.gov.cn,gov,颍泉区,http://xxgk.yingquan.gov.cn/,xxgk.yingquan.gov.cn,probed-5xx,502,2026-10-03,市辖区(阜阳市),枚举:Wikidata官方站点+2025区划码 2026-10
gov:yanji.gov.cn,gov,延吉市,http://yanji.gov.cn/,yanji.gov.cn,probed-000,000,2026-10-03,县级市(延边朝鲜族自治州),枚举:Wikidata官方站点+2025区划码 2026-10
gov:ybq.dandong.gov.cn,gov,元宝区,http://ybq.dandong.gov.cn/,ybq.dandong.gov.cn,probed-000,000,2026-10-03,市辖区(丹东市),枚举:Wikidata官方站点+2025区划码 2026-10
gov:zgwj.gov.cn,gov,吴江区,http://zgwj.gov.cn/,zgwj.gov.cn,probed-000,000,2026-10-03,市辖区(苏州市),枚举:Wikidata官方站点+2025区划码 2026-10
