id,tier,name,url,host,status,http_code,probe_date,note,ref
gov:114.255.111.180~21,gov,talent-programs,http://114.255.111.180/,114.255.111.180,unprobed,,,卡片抽取,references/gov/talent-programs.md
gov:203.192.6.89~122,gov,china-policy-sites,http://203.192.6.89/xhs/xhsjj.htm,203.192.6.89,unprobed,,,卡片抽取,references/gov/china-policy-sites.md
gov:61.133.142.137~38,gov,gov_opendata,http://61.133.142.137:8800/open-data-web/index/index-hfs.do,61.133.142.137,unprobed,,,卡片抽取,references/gov/gov_opendata.md
gov:8221110.com~41,gov,china-policy-sites,https://8221110.com/,8221110.com,unprobed,,,卡片抽取,references/gov/china-policy-sites.md
gov:8221110.com~42,gov,china-policy-sites,https://8221110.com/n6557558/index.html,8221110.com,unprobed,,,卡片抽取,references/gov/china-policy-sites.md
gov:8221110.com~43,gov,china-policy-sites,https://8221110.com/n6557563/index.html,8221110.com,unprobed,,,卡片抽取,references/gov/china-policy-sites.md
gov:api.so-gov.cn~10,gov,北京16区门户站群,https://api.so-gov.cn/query/s,api.so-gov.cn,unprobed,,,卡片抽取,references/gov/beijing-districts.md
gov:api.so-gov.cn~3,gov,veterans-affairs,https://api.so-gov.cn/query/s,api.so-gov.cn,unprobed,,,卡片抽取,references/gov/veterans-affairs.md
gov:api.so-gov.cn~7,gov,veterans-affairs,https://api.so-gov.cn/query/s',api.so-gov.cn,unprobed,,,卡片抽取,references/gov/veterans-affairs.md
gov:api.worldbank.org~20,gov,business-environment,https://api.worldbank.org/v2/country/all/indicator/IC.BRE.BE.OS?format=json&per_page=1000&date=2024,api.worldbank.org,unprobed,,,卡片抽取,references/gov/business-environment.md
gov:api.worldbank.org~8,gov,business-environment,https://api.worldbank.org/v2/country/all/indicator/IC.BRE.BE.OS?format=json,api.worldbank.org,unprobed,,,卡片抽取,references/gov/business-environment.md
gov:banshi.beijing.gov.cn~2,gov,北京市级机构站群,https://banshi.beijing.gov.cn/pubtask/right.html?locationCode=110000000000,banshi.beijing.gov.cn,unprobed,,,卡片抽取,references/gov/beijing-bureaus.md
gov:banshi.beijing.gov.cn~9,gov,信用中国,https://banshi.beijing.gov.cn/pubtask/task/1/110113000000/8712af55-a6d9-4aa5-a391-6c88191a2b31_cjwt.html,banshi.beijing.gov.cn,unprobed,,,卡片抽取,references/gov/credit-china.md
gov:bjjs.zjw.beijing.gov.cn~56,gov,政府信息公开渠道,http://bjjs.zjw.beijing.gov.cn/bjjs/fwgl/fwzscqgl/ygdxx/zs/,bjjs.zjw.beijing.gov.cn,unprobed,,,卡片抽取,references/gov/disclosure-channels.md
gov:bsdt-kc.cast.org.cn~8,gov,edu-research-institutions,https://bsdt-kc.cast.org.cn/index,bsdt-kc.cast.org.cn,unprobed,,,卡片抽取,references/gov/edu-research-institutions.md
gov:cass.cssn.cn~123,gov,china-policy-sites,http://cass.cssn.cn/,cass.cssn.cn,unprobed,,,卡片抽取,references/gov/china-policy-sites.md
gov:cdn.shanghai.gov.cn~17,gov,business-environment,https://cdn.shanghai.gov.cn/yzcylyshj/index.html,cdn.shanghai.gov.cn,unprobed,,,卡片抽取,references/gov/business-environment.md
gov:chinanpo.mca.gov.cn,gov,chinanpo.mca.gov.cn,https://chinanpo.mca.gov.cn/,chinanpo.mca.gov.cn,unprobed,,,卡片抽取,references/gov/chinanpo.md
gov:cpquery.cponline.cnipa.gov.cn~2,gov,cnipa.gov.cn,https://cpquery.cponline.cnipa.gov.cn/,cpquery.cponline.cnipa.gov.cn,unprobed,,,卡片抽取,references/gov/ip-cnipa.md
gov:credit.henan.gov.cn~3,gov,city-credit,https://credit.henan.gov.cn/ca/20240809000009.htm,credit.henan.gov.cn,unprobed,,,卡片抽取,references/gov/city-credit.md
gov:credit.xining.gov.cn~12,gov,city-credit,https://credit.xining.gov.cn/,credit.xining.gov.cn,unprobed,,,卡片抽取,references/gov/city-credit.md
gov:credit.zhuhai.gov.cn~4,gov,city-credit,https://credit.zhuhai.gov.cn/xyzh2024/csxyzkjc/ranking/toIndexRanking?menu=csxyzkjc,credit.zhuhai.gov.cn,unprobed,,,卡片抽取,references/gov/city-credit.md
gov:creditcity.creditchina.gov.cn,gov,city-credit,https://creditcity.creditchina.gov.cn/Index.aspx,creditcity.creditchina.gov.cn,unprobed,,,卡片抽取,references/gov/city-credit.md
gov:creditcity.creditchina.gov.cn~1,gov,city-credit,https://creditcity.creditchina.gov.cn/page/CreditReportDownload.aspx,creditcity.creditchina.gov.cn,unprobed,,,卡片抽取,references/gov/city-credit.md
gov:creditcity.creditchina.gov.cn~14,gov,city-credit,https://creditcity.creditchina.gov.cn/,creditcity.creditchina.gov.cn,unprobed,,,卡片抽取,references/gov/city-credit.md
gov:cx.scjgj.beijing.gov.cn~4,gov,政府信息公开渠道,https://cx.scjgj.beijing.gov.cn/InfoPub/notice/,cx.scjgj.beijing.gov.cn,unprobed,,,卡片抽取,references/gov/disclosure-channels.md
gov:data.beijing.gov.cn~3,gov,gov_opendata,https://data.beijing.gov.cn/,data.beijing.gov.cn,unprobed,,,卡片抽取,references/gov/gov_opendata.md
gov:data.bengbu.gov.cn~39,gov,gov_opendata,http://data.bengbu.gov.cn/,data.bengbu.gov.cn,unprobed,,,卡片抽取,references/gov/gov_opendata.md
gov:data.cq.gov.cn~45,gov,gov_opendata,http://data.cq.gov.cn,data.cq.gov.cn,unprobed,,,卡片抽取,references/gov/gov_opendata.md
gov:data.fujian.gov.cn~6,gov,gov_opendata,https://data.fujian.gov.cn/odweb/,data.fujian.gov.cn,unprobed,,,卡片抽取,references/gov/gov_opendata.md
gov:data.gov.tw~46,gov,gov_opendata,https://data.gov.tw,data.gov.tw,unprobed,,,卡片抽取,references/gov/gov_opendata.md
gov:data.guizhou.gov.cn~16,gov,gov_opendata,http://data.guizhou.gov.cn/,data.guizhou.gov.cn,unprobed,,,卡片抽取,references/gov/gov_opendata.md
gov:data.gz.gov.cn~22,gov,gov_opendata,http://data.gz.gov.cn/odweb/,data.gz.gov.cn,unprobed,,,卡片抽取,references/gov/gov_opendata.md
gov:data.hainan.gov.cn~7,gov,gov_opendata,http://data.hainan.gov.cn/,data.hainan.gov.cn,unprobed,,,卡片抽取,references/gov/gov_opendata.md
gov:data.harbin.gov.cn~36,gov,gov_opendata,http://data.harbin.gov.cn/,data.harbin.gov.cn,unprobed,,,卡片抽取,references/gov/gov_opendata.md
gov:data.hnzwfw.gov.cn~8,gov,gov_opendata,http://data.hnzwfw.gov.cn/odweb/,data.hnzwfw.gov.cn,unprobed,,,卡片抽取,references/gov/gov_opendata.md
gov:data.huizhou.gov.cn~24,gov,gov_opendata,http://data.huizhou.gov.cn/,data.huizhou.gov.cn,unprobed,,,卡片抽取,references/gov/gov_opendata.md
gov:data.jiangmen.gov.cn~26,gov,gov_opendata,http://data.jiangmen.gov.cn/odweb/,data.jiangmen.gov.cn,unprobed,,,卡片抽取,references/gov/gov_opendata.md
gov:data.jiangxi.gov.cn~10,gov,gov_opendata,http://data.jiangxi.gov.cn/,data.jiangxi.gov.cn,unprobed,,,卡片抽取,references/gov/gov_opendata.md
gov:data.jinan.gov.cn~34,gov,gov_opendata,http://data.jinan.gov.cn/,data.jinan.gov.cn,unprobed,,,卡片抽取,references/gov/gov_opendata.md
gov:data.qingdao.gov.cn~35,gov,gov_opendata,http://data.qingdao.gov.cn/,data.qingdao.gov.cn,unprobed,,,卡片抽取,references/gov/gov_opendata.md
gov:data.sd.gov.cn~12,gov,gov_opendata,http://data.sd.gov.cn/,data.sd.gov.cn,unprobed,,,卡片抽取,references/gov/gov_opendata.md
gov:data.sh.gov.cn~4,gov,gov_opendata,https://data.sh.gov.cn/,data.sh.gov.cn,unprobed,,,卡片抽取,references/gov/gov_opendata.md
gov:data.tj.gov.cn~5,gov,gov_opendata,https://data.tj.gov.cn/,data.tj.gov.cn,unprobed,,,卡片抽取,references/gov/gov_opendata.md
gov:data.worldbank.org~19,gov,business-environment,https://data.worldbank.org/indicator/IC.BRE.BE.OS?locations=CN,data.worldbank.org,unprobed,,,卡片抽取,references/gov/business-environment.md
gov:data.xm.gov.cn~20,gov,gov_opendata,http://data.xm.gov.cn/opendata/index.html,data.xm.gov.cn,unprobed,,,卡片抽取,references/gov/gov_opendata.md
gov:data.yinchuan.gov.cn~33,gov,gov_opendata,http://data.yinchuan.gov.cn/odweb/,data.yinchuan.gov.cn,unprobed,,,卡片抽取,references/gov/gov_opendata.md
gov:data.zhuhai.gov.cn~25,gov,gov_opendata,http://data.zhuhai.gov.cn,data.zhuhai.gov.cn,unprobed,,,卡片抽取,references/gov/gov_opendata.md
gov:data.zjzwfw.gov.cn~14,gov,gov_opendata,http://data.zjzwfw.gov.cn/jdop_front/index.do,data.zjzwfw.gov.cn,unprobed,,,卡片抽取,references/gov/gov_opendata.md
gov:data.zjzwfw.gov.cn~15,gov,gov_opendata,https://data.zjzwfw.gov.cn/dopServer/（改版,data.zjzwfw.gov.cn,unprobed,,,卡片抽取,references/gov/gov_opendata.md
gov:dataopen.dg.gov.cn~23,gov,gov_opendata,http://dataopen.dg.gov.cn/dataopen/,dataopen.dg.gov.cn,unprobed,,,卡片抽取,references/gov/gov_opendata.md
gov:epub.cnipa.gov.cn~4,gov,cnipa.gov.cn,http://epub.cnipa.gov.cn/,epub.cnipa.gov.cn,unprobed,,,卡片抽取,references/gov/ip-cnipa.md
gov:epub.sipo.gov.cn~16,gov,cnipa.gov.cn,http://epub.sipo.gov.cn/,epub.sipo.gov.cn,unprobed,,,卡片抽取,references/gov/ip-cnipa.md
gov:f.mnr.gov.cn~50,gov,china-policy-sites,http://f.mnr.gov.cn/,f.mnr.gov.cn,unprobed,,,卡片抽取,references/gov/china-policy-sites.md
gov:fgw.beijing.gov.cn~31,gov,政府信息公开渠道,https://fgw.beijing.gov.cn/zmhd/dczj/,fgw.beijing.gov.cn,unprobed,,,卡片抽取,references/gov/disclosure-channels.md
gov:fgw.beijing.gov.cn~33,gov,政府信息公开渠道,https://fgw.beijing.gov.cn/gzdt/tztg/,fgw.beijing.gov.cn,unprobed,,,卡片抽取,references/gov/disclosure-channels.md
gov:fgw.beijing.gov.cn~34,gov,政府信息公开渠道,https://fgw.beijing.gov.cn/gzdt/zxxxnew/,fgw.beijing.gov.cn,unprobed,,,卡片抽取,references/gov/disclosure-channels.md
gov:fgw.beijing.gov.cn~35,gov,政府信息公开渠道,https://fgw.beijing.gov.cn/fgwzwgk/2024zcwj/bwqtwj/201912/t20191226_3726002.htm,fgw.beijing.gov.cn,unprobed,,,卡片抽取,references/gov/disclosure-channels.md
gov:flk.npc.gov.cn~21,gov,政府信息公开渠道,https://flk.npc.gov.cn/,flk.npc.gov.cn,unprobed,,,卡片抽取,references/gov/disclosure-channels.md
gov:fwfx.ndrc.gov.cn~1,gov,business-environment,https://fwfx.ndrc.gov.cn/api/query,fwfx.ndrc.gov.cn,unprobed,,,卡片抽取,references/gov/business-environment.md
gov:fwfx.ndrc.gov.cn~9,gov,business-environment,https://fwfx.ndrc.gov.cn/api/query?qt=,fwfx.ndrc.gov.cn,unprobed,,,卡片抽取,references/gov/business-environment.md
gov:fzggw.zj.gov.cn~16,gov,business-environment,https://fzggw.zj.gov.cn/,fzggw.zj.gov.cn,unprobed,,,卡片抽取,references/gov/business-environment.md
gov:gaokao.chsi.com.cn~4,gov,edu-research-institutions,https://gaokao.chsi.com.cn/,gaokao.chsi.com.cn,unprobed,,,卡片抽取,references/gov/edu-research-institutions.md
gov:gddata.gd.gov.cn~9,gov,gov_opendata,http://gddata.gd.gov.cn/,gddata.gd.gov.cn,unprobed,,,卡片抽取,references/gov/gov_opendata.md
gov:ggfw.cnipa.gov.cn~1,gov,cnipa.gov.cn,https://ggfw.cnipa.gov.cn/,ggfw.cnipa.gov.cn,unprobed,,,卡片抽取,references/gov/ip-cnipa.md
gov:ggfw.cnipa.gov.cn~13,gov,cnipa.gov.cn,https://ggfw.cnipa.gov.cn/',ggfw.cnipa.gov.cn,unprobed,,,卡片抽取,references/gov/ip-cnipa.md
gov:ggfw.cnipa.gov.cn~14,gov,cnipa.gov.cn,https://ggfw.cnipa.gov.cn/env.js',ggfw.cnipa.gov.cn,unprobed,,,卡片抽取,references/gov/ip-cnipa.md
gov:ghzrzyw.beijing.gov.cn~47,gov,政府信息公开渠道,https://ghzrzyw.beijing.gov.cn/chengxiangguihua/ghlgg/,ghzrzyw.beijing.gov.cn,unprobed,,,卡片抽取,references/gov/disclosure-channels.md
gov:ghzrzyw.beijing.gov.cn~48,gov,政府信息公开渠道,https://ghzrzyw.beijing.gov.cn/ziranziyuanguanli/tdhb/tdhbgs/,ghzrzyw.beijing.gov.cn,unprobed,,,卡片抽取,references/gov/disclosure-channels.md
gov:gjsy.scopsr.gov.cn,gov,事业单位登记平台,https://gjsy.scopsr.gov.cn/,gjsy.scopsr.gov.cn,unprobed,,,卡片抽取,references/gov/sydj.md
gov:gjsy.scopsr.gov.cn~1,gov,事业单位登记平台,https://gjsy.scopsr.gov.cn/sydwfrxxcx/,gjsy.scopsr.gov.cn,unprobed,,,卡片抽取,references/gov/sydj.md
gov:gjsy.scopsr.gov.cn~13,gov,事业单位登记平台,https://gjsy.scopsr.gov.cn/sydwfrxxcx,gjsy.scopsr.gov.cn,unprobed,,,卡片抽取,references/gov/sydj.md
gov:gjsy.scopsr.gov.cn~14,gov,事业单位登记平台,http://gjsy.scopsr.gov.cn/sydwfrxxcx/**,gjsy.scopsr.gov.cn,unprobed,,,卡片抽取,references/gov/sydj.md
gov:gjsy.scopsr.gov.cn~15,gov,事业单位登记平台,http://gjsy.scopsr.gov.cn/sydwfrxxcx/,gjsy.scopsr.gov.cn,unprobed,,,卡片抽取,references/gov/sydj.md
gov:grants.nsfc.gov.cn~3,gov,talent-programs,https://grants.nsfc.gov.cn,grants.nsfc.gov.cn,unprobed,,,卡片抽取,references/gov/talent-programs.md
gov:gsxt.gov.cn~7,gov,gsxt.gov.cn,http://gsxt.gov.cn/,gsxt.gov.cn,unprobed,,,卡片抽取,references/gov/gsxt.md
gov:gztrdata.gov.cn~31,gov,gov_opendata,http://gztrdata.gov.cn/,gztrdata.gov.cn,unprobed,,,卡片抽取,references/gov/gov_opendata.md
gov:hb.gsxt.gov.cn~10,gov,gsxt.gov.cn,https://hb.gsxt.gov.cn/index.html,hb.gsxt.gov.cn,unprobed,,,卡片抽取,references/gov/gsxt.md
gov:hrss.gd.gov.cn,gov,professional-titles,https://hrss.gd.gov.cn/zwgk/gsgg/,hrss.gd.gov.cn,unprobed,,,卡片抽取,references/gov/professional-titles.md
gov:hrss.gd.gov.cn~11,gov,professional-titles,https://hrss.gd.gov.cn/zwgk/gsgg/index.html,hrss.gd.gov.cn,unprobed,,,卡片抽取,references/gov/professional-titles.md
gov:hrss.gd.gov.cn~12,gov,professional-titles,https://hrss.gd.gov.cn/zwgk/rcyj/index.html,hrss.gd.gov.cn,unprobed,,,卡片抽取,references/gov/professional-titles.md
gov:hrss.gd.gov.cn~13,gov,professional-titles,https://hrss.gd.gov.cn/zwgk/xyxxsgs/index.html,hrss.gd.gov.cn,unprobed,,,卡片抽取,references/gov/professional-titles.md
gov:hrss.gd.gov.cn~14,gov,professional-titles,https://hrss.gd.gov.cn/zwgk/gsgg/content/post_{id}.html,hrss.gd.gov.cn,unprobed,,,卡片抽取,references/gov/professional-titles.md
gov:hrss.gd.gov.cn~8,gov,professional-titles,https://hrss.gd.gov.cn/,hrss.gd.gov.cn,unprobed,,,卡片抽取,references/gov/professional-titles.md
gov:jigou.osta.org.cn~7,gov,professional-titles,http://jigou.osta.org.cn/,jigou.osta.org.cn,unprobed,,,卡片抽取,references/gov/professional-titles.md
gov:jj.chinapostdoctor.org.cn~25,gov,talent-programs,https://jj.chinapostdoctor.org.cn/,jj.chinapostdoctor.org.cn,unprobed,,,卡片抽取,references/gov/talent-programs.md
gov:jshrss.jiangsu.gov.cn~1,gov,professional-titles,https://jshrss.jiangsu.gov.cn/col/col77278/index.html,jshrss.jiangsu.gov.cn,unprobed,,,卡片抽取,references/gov/professional-titles.md
gov:jshrss.jiangsu.gov.cn~15,gov,professional-titles,https://jshrss.jiangsu.gov.cn/module/web/jpage/dataproxy.jsp?page=1&appid=1&webid=67&path=/&columnid=77278&unitid=303271&permissiontype=0',jshrss.jiangsu.gov.cn,unprobed,,,卡片抽取,references/gov/professional-titles.md
gov:jshrss.jiangsu.gov.cn~9,gov,professional-titles,https://jshrss.jiangsu.gov.cn/,jshrss.jiangsu.gov.cn,unprobed,,,卡片抽取,references/gov/professional-titles.md
gov:kd.nsfc.cn~13,gov,talent-programs,https://kd.nsfc.cn/api,kd.nsfc.cn,unprobed,,,卡片抽取,references/gov/talent-programs.md
gov:kd.nsfc.cn~14,gov,talent-programs,https://kd.nsfc.cn/',kd.nsfc.cn,unprobed,,,卡片抽取,references/gov/talent-programs.md
gov:kd.nsfc.cn~15,gov,talent-programs,https://kd.nsfc.cn/api/baseQuery/search',kd.nsfc.cn,unprobed,,,卡片抽取,references/gov/talent-programs.md
gov:kd.nsfc.cn~2,gov,talent-programs,https://kd.nsfc.cn/,kd.nsfc.cn,unprobed,,,卡片抽取,references/gov/talent-programs.md
gov:mod-search.mod.gov.cn~11,gov,defense-documents,http://mod-search.mod.gov.cn/api-surface/es/docSearchEasy',mod-search.mod.gov.cn,unprobed,,,卡片抽取,references/gov/defense-documents.md
gov:mod-search.mod.gov.cn~13,gov,defense-documents,http://mod-search.mod.gov.cn/api-surface/es/docSearchEasy?title=白皮书&…&channelId=718,mod-search.mod.gov.cn,unprobed,,,卡片抽取,references/gov/defense-documents.md
gov:mod-search.mod.gov.cn~5,gov,defense-documents,http://mod-search.mod.gov.cn/api-surface/es/docSearchEasy,mod-search.mod.gov.cn,unprobed,,,卡片抽取,references/gov/defense-documents.md
gov:mwr.gov.cn~54,gov,china-policy-sites,http://mwr.gov.cn/,mwr.gov.cn,unprobed,,,卡片抽取,references/gov/china-policy-sites.md
gov:ningxiadata.gov.cn~11,gov,gov_opendata,http://ningxiadata.gov.cn/odweb/index.htm,ningxiadata.gov.cn,unprobed,,,卡片抽取,references/gov/gov_opendata.md
gov:old.osta.org.cn~28,gov,professional-titles,http://old.osta.org.cn/,old.osta.org.cn,unprobed,,,卡片抽取,references/gov/professional-titles.md
gov:opendata.changzhou.gov.cn~44,gov,gov_opendata,http://opendata.changzhou.gov.cn/,opendata.changzhou.gov.cn,unprobed,,,卡片抽取,references/gov/gov_opendata.md
gov:opendata.sz.gov.cn~18,gov,gov_opendata,https://opendata.sz.gov.cn,opendata.sz.gov.cn,unprobed,,,卡片抽取,references/gov/gov_opendata.md
gov:osta.mohrss.gov.cn~4,gov,professional-titles,http://osta.mohrss.gov.cn/,osta.mohrss.gov.cn,unprobed,,,卡片抽取,references/gov/professional-titles.md
gov:pjjg.osta.org.cn~6,gov,professional-titles,http://pjjg.osta.org.cn/,pjjg.osta.org.cn,unprobed,,,卡片抽取,references/gov/professional-titles.md
gov:pss-system.cnipa.gov.cn~17,gov,cnipa.gov.cn,http://pss-system.cnipa.gov.cn/,pss-system.cnipa.gov.cn,unprobed,,,卡片抽取,references/gov/ip-cnipa.md
gov:pss-system.cponline.cnipa.gov.cn~18,gov,cnipa.gov.cn,https://pss-system.cponline.cnipa.gov.cn,pss-system.cponline.cnipa.gov.cn,unprobed,,,卡片抽取,references/gov/ip-cnipa.md
gov:pss-system.cponline.cnipa.gov.cn~3,gov,cnipa.gov.cn,https://pss-system.cponline.cnipa.gov.cn/,pss-system.cponline.cnipa.gov.cn,unprobed,,,卡片抽取,references/gov/ip-cnipa.md
gov:pub.sbj.cnipa.gov.cn~20,gov,cnipa.gov.cn,https://pub.sbj.cnipa.gov.cn/toas-pub-prod/portalui-pub-prod/collectionButtons,pub.sbj.cnipa.gov.cn,unprobed,,,卡片抽取,references/gov/ip-cnipa.md
gov:pub.sbj.cnipa.gov.cn~7,gov,cnipa.gov.cn,https://pub.sbj.cnipa.gov.cn/toas-pub-prod/portalui-pub-prod/systemJumpPage,pub.sbj.cnipa.gov.cn,unprobed,,,卡片抽取,references/gov/ip-cnipa.md
gov:public.creditchina.gov.cn~2,gov,信用中国,https://public.creditchina.gov.cn/private-api/catalogSearchHome,public.creditchina.gov.cn,unprobed,,,卡片抽取,references/gov/credit-china.md
gov:public.creditchina.gov.cn~6,gov,信用中国,"https://public.creditchina.gov.cn/private-api/catalogSearchHome?keyword=%E8%85%BE%E8%AE%AF&scenes=defaultScenario&tableName=credit_xyzx_tyshxydm&searchState=2&entityType=1,2,4,5,6,7,8,1001&page=1&pageSize=10'",public.creditchina.gov.cn,unprobed,,,卡片抽取,references/gov/credit-china.md
gov:public.creditchina.gov.cn~8,gov,信用中国,https://public.creditchina.gov.cn/,public.creditchina.gov.cn,unprobed,,,卡片抽取,references/gov/credit-china.md
gov:renda.bjft.gov.cn~3,gov,北京16区门户站群,https://renda.bjft.gov.cn/',renda.bjft.gov.cn,unprobed,,,卡片抽取,references/gov/beijing-districts.md
gov:renshi.people.com.cn~12,gov,人事任免源清单,http://renshi.people.com.cn/GB/64096/index.html,renshi.people.com.cn,unprobed,,,卡片抽取,references/gov/renshi-sources.md
gov:renshi.people.com.cn~13,gov,人事任免源清单,http://renshi.people.com.cn/GB/139627/140763/index.html,renshi.people.com.cn,unprobed,,,卡片抽取,references/gov/renshi-sources.md
gov:renshi.people.com.cn~14,gov,人事任免源清单,http://renshi.people.com.cn/indexN.html,renshi.people.com.cn,unprobed,,,卡片抽取,references/gov/renshi-sources.md
gov:renshi.people.com.cn~15,gov,人事任免源清单,http://renshi.people.com.cn/n1/YYYY/MMDD/c139617-XXXXXXX.html,renshi.people.com.cn,unprobed,,,卡片抽取,references/gov/renshi-sources.md
gov:renshi.people.com.cn~3,gov,人事任免源清单,http://renshi.people.com.cn/,renshi.people.com.cn,unprobed,,,卡片抽取,references/gov/renshi-sources.md
gov:rlsbt.zj.gov.cn~10,gov,professional-titles,https://rlsbt.zj.gov.cn/,rlsbt.zj.gov.cn,unprobed,,,卡片抽取,references/gov/professional-titles.md
gov:rlsbt.zj.gov.cn~20,gov,professional-titles,https://rlsbt.zj.gov.cn/col/col1229116948/index.html,rlsbt.zj.gov.cn,unprobed,,,卡片抽取,references/gov/professional-titles.md
gov:rst.hunan.gov.cn~22,gov,talent-programs,http://rst.hunan.gov.cn/rst/xxgk/tzgg/202506/33719505/files/5475c9de5f2f4d08abefc693b37c797d.pdf,rst.hunan.gov.cn,unprobed,,,卡片抽取,references/gov/talent-programs.md
gov:sbj.cnipa.gov.cn~15,gov,cnipa.gov.cn,http://sbj.cnipa.gov.cn/,sbj.cnipa.gov.cn,unprobed,,,卡片抽取,references/gov/ip-cnipa.md
gov:sbj.cnipa.gov.cn~5,gov,cnipa.gov.cn,https://sbj.cnipa.gov.cn/,sbj.cnipa.gov.cn,unprobed,,,卡片抽取,references/gov/ip-cnipa.md
gov:sc.gsxt.gov.cn~8,gov,gsxt.gov.cn,https://sc.gsxt.gov.cn/index.html,sc.gsxt.gov.cn,unprobed,,,卡片抽取,references/gov/gsxt.md
gov:search.ccgp.gov.cn~12,gov,ccgp-ggzy,https://search.ccgp.gov.cn/,search.ccgp.gov.cn,unprobed,,,卡片抽取,references/gov/ccgp-ggzy.md
gov:search.ccgp.gov.cn~14,gov,ccgp-ggzy,https://search.ccgp.gov.cn/bxsearch?…&kw=服务器,search.ccgp.gov.cn,unprobed,,,卡片抽取,references/gov/ccgp-ggzy.md
gov:search.ccgp.gov.cn~5,gov,ccgp-ggzy,http://search.ccgp.gov.cn/bxsearch,search.ccgp.gov.cn,unprobed,,,卡片抽取,references/gov/ccgp-ggzy.md
gov:search.ccgp.gov.cn~9,gov,ccgp-ggzy,http://search.ccgp.gov.cn/bxsearch?…&kw=服务器,search.ccgp.gov.cn,unprobed,,,卡片抽取,references/gov/ccgp-ggzy.md
gov:search.gjsy.gov.cn~10,gov,事业单位登记平台,http://search.gjsy.gov.cn/',search.gjsy.gov.cn,unprobed,,,卡片抽取,references/gov/sydj.md
gov:search.gjsy.gov.cn~17,gov,事业单位登记平台,http://search.gjsy.gov.cn,search.gjsy.gov.cn,unprobed,,,卡片抽取,references/gov/sydj.md
gov:search.gjsy.gov.cn~2,gov,事业单位登记平台,http://search.gjsy.gov.cn/,search.gjsy.gov.cn,unprobed,,,卡片抽取,references/gov/sydj.md
gov:search.gjsy.gov.cn~3,gov,事业单位登记平台,http://search.gjsy.gov.cn:9090/queryAll/listFrame1?districtCode=100000,search.gjsy.gov.cn,unprobed,,,卡片抽取,references/gov/sydj.md
gov:search.gjsy.gov.cn~4,gov,事业单位登记平台,http://search.gjsy.gov.cn:9090/queryAll/search?districtCode=,search.gjsy.gov.cn,unprobed,,,卡片抽取,references/gov/sydj.md
gov:search.gjsy.gov.cn~5,gov,事业单位登记平台,http://search.gjsy.gov.cn:9090/queryAll/iframeRandom/,search.gjsy.gov.cn,unprobed,,,卡片抽取,references/gov/sydj.md
gov:search.gjsy.gov.cn~6,gov,事业单位登记平台,http://search.gjsy.gov.cn:9090/query/search?districtCode=,search.gjsy.gov.cn,unprobed,,,卡片抽取,references/gov/sydj.md
gov:search.gjsy.gov.cn~7,gov,事业单位登记平台,http://search.gjsy.gov.cn:9090/queryAll/search?districtCode=100000&sydwName=%E5%8D%9A%E7%89%A9%E9%A6%86',search.gjsy.gov.cn,unprobed,,,卡片抽取,references/gov/sydj.md
gov:search.gjsy.gov.cn~8,gov,事业单位登记平台,http://search.gjsy.gov.cn:9090/queryAll/listFrame1?districtCode=100000',search.gjsy.gov.cn,unprobed,,,卡片抽取,references/gov/sydj.md
gov:search.gjsy.gov.cn~9,gov,事业单位登记平台,http://search.gjsy.gov.cn/wsss/view',search.gjsy.gov.cn,unprobed,,,卡片抽取,references/gov/sydj.md
gov:sfj.beijing.gov.cn~23,gov,政府信息公开渠道,https://sfj.beijing.gov.cn/,sfj.beijing.gov.cn,unprobed,,,卡片抽取,references/gov/disclosure-channels.md
gov:shiming.gsxt.gov.cn~2,gov,gsxt.gov.cn,https://shiming.gsxt.gov.cn/corp-query-search-1.html,shiming.gsxt.gov.cn,unprobed,,,卡片抽取,references/gov/gsxt.md
gov:shiming.gsxt.gov.cn~3,gov,gsxt.gov.cn,https://shiming.gsxt.gov.cn/socialuser-use-login.html,shiming.gsxt.gov.cn,unprobed,,,卡片抽取,references/gov/gsxt.md
gov:sjj.beijing.gov.cn~37,gov,政府信息公开渠道,https://sjj.beijing.gov.cn/zwxx/sjgg/,sjj.beijing.gov.cn,unprobed,,,卡片抽取,references/gov/disclosure-channels.md
gov:sn.gsxt.gov.cn~9,gov,gsxt.gov.cn,https://sn.gsxt.gov.cn/index.html,sn.gsxt.gov.cn,unprobed,,,卡片抽取,references/gov/gsxt.md
gov:so.moe.gov.cn~11,gov,edu-research-institutions,https://so.moe.gov.cn/s?qt=,so.moe.gov.cn,unprobed,,,卡片抽取,references/gov/edu-research-institutions.md
gov:so.moe.gov.cn~5,gov,talent-programs,https://so.moe.gov.cn/s?qt=长江学者,so.moe.gov.cn,unprobed,,,卡片抽取,references/gov/talent-programs.md
gov:sousuo.gov.cn~14,gov,gov.cn,https://sousuo.gov.cn/…,sousuo.gov.cn,unprobed,,,卡片抽取,references/gov/gov.cn.md
gov:sousuo.gov.cn~5,gov,china-policy-sites,http://sousuo.gov.cn/s.htm?q=&t=zhengcelibrary&orpro=,sousuo.gov.cn,unprobed,,,卡片抽取,references/gov/china-policy-sites.md
gov:sousuo.www.gov.cn,gov,gov.cn,https://sousuo.www.gov.cn/search-gov/data,sousuo.www.gov.cn,unprobed,,,卡片抽取,references/gov/gov.cn.md
gov:sousuo.www.gov.cn~10,gov,人事任免源清单,https://sousuo.www.gov.cn/search-gov/data?t=zhengce&q=%E5%9B%BD%E5%8A%A1%E9%99%A2%E4%BB%BB%E5%85%8D&timetype=timeqb&sort=score&sortType=1&searchfield=title%3Acontent&p=1&n=5,sousuo.www.gov.cn,unprobed,,,卡片抽取,references/gov/renshi-sources.md
gov:sousuo.www.gov.cn~11,gov,gov.cn,https://sousuo.www.gov.cn/,sousuo.www.gov.cn,unprobed,,,卡片抽取,references/gov/gov.cn.md
gov:sousuo.www.gov.cn~12,gov,gov.cn,https://sousuo.www.gov.cn/search-gov/data?t=zhengce…,sousuo.www.gov.cn,unprobed,,,卡片抽取,references/gov/gov.cn.md
gov:sousuo.www.gov.cn~17,gov,gov.cn,https://sousuo.www.gov.cn/sousuo/search.shtml?code=17da70961a7&dataTypeId=15&advance=true&title=&content=&searchMode=precision&…,sousuo.www.gov.cn,unprobed,,,卡片抽取,references/gov/gov.cn.md
gov:sousuo.www.gov.cn~3,gov,gov-policy-mcp,https://sousuo.www.gov.cn/search-gov/data,sousuo.www.gov.cn,unprobed,,,卡片抽取,references/gov/gov-policy-mcp.md
gov:sousuo.www.gov.cn~4,gov,gov-policy-mcp,https://sousuo.www.gov.cn/zcwjk/policyDocumentLibrary?t=zhengcelibrary&q=人工智能,sousuo.www.gov.cn,unprobed,,,卡片抽取,references/gov/gov-policy-mcp.md
gov:sousuo.www.gov.cn~5,gov,gov-policy-mcp,https://sousuo.www.gov.cn/zcwjk/advanceSearchPage,sousuo.www.gov.cn,unprobed,,,卡片抽取,references/gov/gov-policy-mcp.md
gov:sousuo.www.gov.cn~7,gov,gov-policy-mcp,https://sousuo.www.gov.cn/,sousuo.www.gov.cn,unprobed,,,卡片抽取,references/gov/gov-policy-mcp.md
gov:sousuo.www.gov.cn~7,gov,gov.cn,https://sousuo.www.gov.cn/',sousuo.www.gov.cn,unprobed,,,卡片抽取,references/gov/gov.cn.md
gov:sousuo.www.gov.cn~8,gov,gov.cn,https://sousuo.www.gov.cn/search-gov/data?t=zhengce&q=%E8%90%A5%E5%95%86%E7%8E%AF%E5%A2%83&timetype=timeqb&sort=score&sortType=1&searchfield=title%3Acontent&p=1&n=5',sousuo.www.gov.cn,unprobed,,,卡片抽取,references/gov/gov.cn.md
gov:sousuo.www.gov.cn~8,gov,gov-policy-mcp,https://sousuo.www.gov.cn/zcwjk/policyDocumentLibrary?t=zhengcelibrary&q=,sousuo.www.gov.cn,unprobed,,,卡片抽取,references/gov/gov-policy-mcp.md
gov:sso.cnipa.gov.cn~19,gov,cnipa.gov.cn,https://sso.cnipa.gov.cn/oauth2/authorize,sso.cnipa.gov.cn,unprobed,,,卡片抽取,references/gov/ip-cnipa.md
gov:sso.cnipa.gov.cn~21,gov,cnipa.gov.cn,https://sso.cnipa.gov.cn/oauth2/authorize?,sso.cnipa.gov.cn,unprobed,,,卡片抽取,references/gov/ip-cnipa.md
gov:sy.mva.gov.cn~1,gov,veterans-affairs,https://sy.mva.gov.cn/,sy.mva.gov.cn,unprobed,,,卡片抽取,references/gov/veterans-affairs.md
gov:sy.mva.gov.cn~15,gov,veterans-affairs,https://sy.mva.gov.cn/tzgg/,sy.mva.gov.cn,unprobed,,,卡片抽取,references/gov/veterans-affairs.md
gov:sy.mva.gov.cn~16,gov,veterans-affairs,https://sy.mva.gov.cn/xjdx/,sy.mva.gov.cn,unprobed,,,卡片抽取,references/gov/veterans-affairs.md
gov:sy.mva.gov.cn~17,gov,veterans-affairs,https://sy.mva.gov.cn/zyzt/,sy.mva.gov.cn,unprobed,,,卡片抽取,references/gov/veterans-affairs.md
gov:sy.mva.gov.cn~4,gov,veterans-affairs,https://sy.mva.gov.cn/tzgg/202504/t20250423_491118.html,sy.mva.gov.cn,unprobed,,,卡片抽取,references/gov/veterans-affairs.md
gov:szssjkf.nxszs.gov.cn~32,gov,gov_opendata,http://szssjkf.nxszs.gov.cn/,szssjkf.nxszs.gov.cn,unprobed,,,卡片抽取,references/gov/gov_opendata.md
gov:tzwh.sbj.cnipa.gov.cn~22,gov,cnipa.gov.cn,https://tzwh.sbj.cnipa.gov.cn/sbj/sbdl/,tzwh.sbj.cnipa.gov.cn,unprobed,,,卡片抽取,references/gov/ip-cnipa.md
gov:wap.miit.gov.cn~39,gov,china-policy-sites,https://wap.miit.gov.cn/,wap.miit.gov.cn,unprobed,,,卡片抽取,references/gov/china-policy-sites.md
gov:wap.miit.gov.cn~40,gov,china-policy-sites,https://wap.miit.gov.cn/search/wjfb.html?websiteid=110000000000000&tpl=14&category=51,wap.miit.gov.cn,unprobed,,,卡片抽取,references/gov/china-policy-sites.md
gov:wcjs.sbj.cnipa.gov.cn~6,gov,cnipa.gov.cn,https://wcjs.sbj.cnipa.gov.cn/,wcjs.sbj.cnipa.gov.cn,unprobed,,,卡片抽取,references/gov/ip-cnipa.md
gov:wuxicredit.wuxi.gov.cn~5,gov,city-credit,https://wuxicredit.wuxi.gov.cn/,wuxicredit.wuxi.gov.cn,unprobed,,,卡片抽取,references/gov/city-credit.md
gov:www.12339.gov.cn~15,gov,china-policy-sites,https://www.12339.gov.cn/,www.12339.gov.cn,unprobed,,,卡片抽取,references/gov/china-policy-sites.md
gov:www.acfic.org.cn~11,gov,business-environment,https://www.acfic.org.cn/,www.acfic.org.cn,unprobed,,,卡片抽取,references/gov/business-environment.md
gov:www.acfic.org.cn~14,gov,business-environment,https://www.acfic.org.cn/lqfw/czyz/yhyshj/,www.acfic.org.cn,unprobed,,,卡片抽取,references/gov/business-environment.md
gov:www.acfic.org.cn~4,gov,business-environment,https://www.acfic.org.cn/ztzlhz/500q2026/,www.acfic.org.cn,unprobed,,,卡片抽取,references/gov/business-environment.md
gov:www.acfic.org.cn~5,gov,business-environment,https://www.acfic.org.cn/ztzlhz/2025_500q/,www.acfic.org.cn,unprobed,,,卡片抽取,references/gov/business-environment.md
gov:www.acfic.org.cn~6,gov,business-environment,https://www.acfic.org.cn/ztzlhz/youhua_zhuli/,www.acfic.org.cn,unprobed,,,卡片抽取,references/gov/business-environment.md
gov:www.ahxf.gov.cn~30,gov,人事任免源清单,https://www.ahxf.gov.cn/Home/List/?Id=236,www.ahxf.gov.cn,unprobed,,,卡片抽取,references/gov/renshi-sources.md
gov:www.ahxf.gov.cn~31,gov,人事任免源清单,https://www.ahxf.gov.cn/Home/Content/,www.ahxf.gov.cn,unprobed,,,卡片抽取,references/gov/renshi-sources.md
gov:www.ahxf.gov.cn~32,gov,人事任免源清单,https://www.ahxf.gov.cn/,www.ahxf.gov.cn,unprobed,,,卡片抽取,references/gov/renshi-sources.md
gov:www.audit.gov.cn~38,gov,政府信息公开渠道,https://www.audit.gov.cn/n5/n25/index.html,www.audit.gov.cn,unprobed,,,卡片抽取,references/gov/disclosure-channels.md
gov:www.audit.gov.cn~39,gov,政府信息公开渠道,https://www.audit.gov.cn/n5/n26/index.html,www.audit.gov.cn,unprobed,,,卡片抽取,references/gov/disclosure-channels.md
gov:www.audit.gov.cn~67,gov,china-policy-sites,https://www.audit.gov.cn/,www.audit.gov.cn,unprobed,,,卡片抽取,references/gov/china-policy-sites.md
gov:www.audit.gov.cn~68,gov,china-policy-sites,https://www.audit.gov.cn/n6/n36/index.html,www.audit.gov.cn,unprobed,,,卡片抽取,references/gov/china-policy-sites.md
gov:www.baidu.com~11,gov,ccgp-ggzy,https://www.baidu.com/,www.baidu.com,unprobed,,,卡片抽取,references/gov/ccgp-ggzy.md
gov:www.beijing.gov.cn,gov,政府信息公开渠道,https://www.beijing.gov.cn/gongkai/,www.beijing.gov.cn,unprobed,,,卡片抽取,references/gov/disclosure-channels.md
gov:www.beijing.gov.cn,gov,北京市级机构站群,https://www.beijing.gov.cn/gongkai/zfxxgk/,www.beijing.gov.cn,unprobed,,,卡片抽取,references/gov/beijing-bureaus.md
gov:www.beijing.gov.cn,gov,beijing.gov.cn,https://www.beijing.gov.cn/zhengce/zcjd/…,www.beijing.gov.cn,unprobed,,,卡片抽取,references/gov/beijing.gov.cn.md
gov:www.beijing.gov.cn~1,gov,北京市级机构站群,https://www.beijing.gov.cn/gongkai/zfxxgk/fdzdgknr/jgzn/,www.beijing.gov.cn,unprobed,,,卡片抽取,references/gov/beijing-bureaus.md
gov:www.beijing.gov.cn~1,gov,政府信息公开渠道,https://www.beijing.gov.cn/gongkai/zfxxgk/ysqgk/,www.beijing.gov.cn,unprobed,,,卡片抽取,references/gov/disclosure-channels.md
gov:www.beijing.gov.cn~1,gov,beijing.gov.cn,https://www.beijing.gov.cn/ywdt/gzdt/201901/t20190119_1826708.html,www.beijing.gov.cn,unprobed,,,卡片抽取,references/gov/beijing.gov.cn.md
gov:www.beijing.gov.cn~11,gov,北京16区门户站群,https://www.beijing.gov.cn/so/ss/query/s,www.beijing.gov.cn,unprobed,,,卡片抽取,references/gov/beijing-districts.md
gov:www.beijing.gov.cn~15,gov,政府信息公开渠道,https://www.beijing.gov.cn/zhengce/gongbao,www.beijing.gov.cn,unprobed,,,卡片抽取,references/gov/disclosure-channels.md
gov:www.beijing.gov.cn~16,gov,政府信息公开渠道,https://www.beijing.gov.cn/so/zcdh/zfgbHistory,www.beijing.gov.cn,unprobed,,,卡片抽取,references/gov/disclosure-channels.md
gov:www.beijing.gov.cn~19,gov,政府信息公开渠道,https://www.beijing.gov.cn/zhengce/gfxwj/,www.beijing.gov.cn,unprobed,,,卡片抽取,references/gov/disclosure-channels.md
gov:www.beijing.gov.cn~2,gov,政府信息公开渠道,http://www.beijing.gov.cn/ysq-web/a/ysqwebset/ysqWebset/ysqweb?officeId=61&type=cx,www.beijing.gov.cn,unprobed,,,卡片抽取,references/gov/disclosure-channels.md
gov:www.beijing.gov.cn~2,gov,beijing.gov.cn,https://www.beijing.gov.cn/so/s?qt=…&tab=all,www.beijing.gov.cn,unprobed,,,卡片抽取,references/gov/beijing.gov.cn.md
gov:www.beijing.gov.cn~20,gov,政府信息公开渠道,https://www.beijing.gov.cn/gongkai/zfxxgk/zc/gz/index.html,www.beijing.gov.cn,unprobed,,,卡片抽取,references/gov/disclosure-channels.md
gov:www.beijing.gov.cn~24,gov,政府信息公开渠道,https://www.beijing.gov.cn/hudong/gfxwjzj/,www.beijing.gov.cn,unprobed,,,卡片抽取,references/gov/disclosure-channels.md
gov:www.beijing.gov.cn~25,gov,政府信息公开渠道,https://www.beijing.gov.cn/hudong/gfxwjzj/qjfkxx/,www.beijing.gov.cn,unprobed,,,卡片抽取,references/gov/disclosure-channels.md
gov:www.beijing.gov.cn~26,gov,政府信息公开渠道,https://www.beijing.gov.cn/hudong/wsdc/,www.beijing.gov.cn,unprobed,,,卡片抽取,references/gov/disclosure-channels.md
gov:www.beijing.gov.cn~3,gov,北京市级机构站群,https://www.beijing.gov.cn/,www.beijing.gov.cn,unprobed,,,卡片抽取,references/gov/beijing-bureaus.md
gov:www.beijing.gov.cn~3,gov,beijing.gov.cn,https://www.beijing.gov.cn/so/ss/query/s,www.beijing.gov.cn,unprobed,,,卡片抽取,references/gov/beijing.gov.cn.md
gov:www.beijing.gov.cn~4,gov,beijing.gov.cn,https://www.beijing.gov.cn/so/ss/query/s',www.beijing.gov.cn,unprobed,,,卡片抽取,references/gov/beijing.gov.cn.md
gov:www.beijing.gov.cn~5,gov,北京16区门户站群,https://www.beijing.gov.cn/,www.beijing.gov.cn,unprobed,,,卡片抽取,references/gov/beijing-districts.md
gov:www.beijing.gov.cn~5,gov,beijing.gov.cn,https://www.beijing.gov.cn/so/s',www.beijing.gov.cn,unprobed,,,卡片抽取,references/gov/beijing.gov.cn.md
gov:www.beijing.gov.cn~6,gov,北京16区门户站群,https://www.beijing.gov.cn/so/ss/query/s?qt=…&tab=all&page=1,www.beijing.gov.cn,unprobed,,,卡片抽取,references/gov/beijing-districts.md
gov:www.beijing.gov.cn~6,gov,beijing.gov.cn,https://www.beijing.gov.cn/ywdt/gzdt/201901/t20190119_1826708.html',www.beijing.gov.cn,unprobed,,,卡片抽取,references/gov/beijing.gov.cn.md
gov:www.beijing.gov.cn~7,gov,北京16区门户站群,http://www.beijing.gov.cn/so/s,www.beijing.gov.cn,unprobed,,,卡片抽取,references/gov/beijing-districts.md
gov:www.beijing.gov.cn~7,gov,beijing.gov.cn,https://www.beijing.gov.cn/,www.beijing.gov.cn,unprobed,,,卡片抽取,references/gov/beijing.gov.cn.md
gov:www.bjchp.gov.cn~11,gov,北京政府信息公开年报,https://www.bjchp.gov.cn/cpqzf/xxgkzl/zfxxgknb82/{Y}43/,www.bjchp.gov.cn,unprobed,,,卡片抽取,references/gov/beijing-xxgk.md
gov:www.bjchp.gov.cn~15,gov,北京街乡镇,https://www.bjchp.gov.cn/cpqzf/xxgk2671/jgzn2024/index.html,www.bjchp.gov.cn,unprobed,,,卡片抽取,references/gov/beijing-street-town.md
gov:www.bjchp.gov.cn~16,gov,北京街乡镇,https://www.bjchp.gov.cn/cpqzf/zj/,www.bjchp.gov.cn,unprobed,,,卡片抽取,references/gov/beijing-street-town.md
gov:www.bjchy.gov.cn,gov,bjchy.gov.cn,http://www.bjchy.gov.cn/dynamic/zwhd/{16,www.bjchy.gov.cn,unprobed,,,卡片抽取,references/gov/bjchy.gov.cn.md
gov:www.bjchy.gov.cn~1,gov,北京16区门户站群,http://www.bjchy.gov.cn/dynamic/zwhd/8a24fe836274afa5016275d0fada0067.html',www.bjchy.gov.cn,unprobed,,,卡片抽取,references/gov/beijing-districts.md
gov:www.bjchy.gov.cn~18,gov,北京政府信息公开年报,https://www.bjchy.gov.cn/zfxxgk/zfxxgknb/{Y}/,www.bjchy.gov.cn,unprobed,,,卡片抽取,references/gov/beijing-xxgk.md
gov:www.bjchy.gov.cn~2,gov,bjchy.gov.cn,http://www.bjchy.gov.cn/,www.bjchy.gov.cn,unprobed,,,卡片抽取,references/gov/bjchy.gov.cn.md
gov:www.bjchy.gov.cn~3,gov,北京街乡镇,http://www.bjchy.gov.cn/affair/govintro/depIndex_hbdw.html?depId=,www.bjchy.gov.cn,unprobed,,,卡片抽取,references/gov/beijing-street-town.md
gov:www.bjchy.gov.cn~30,gov,政府信息公开渠道,http://www.bjchy.gov.cn/hdpt/,www.bjchy.gov.cn,unprobed,,,卡片抽取,references/gov/disclosure-channels.md
gov:www.bjchy.gov.cn~55,gov,政府信息公开渠道,http://www.bjchy.gov.cn/affair/zhengshou/,www.bjchy.gov.cn,unprobed,,,卡片抽取,references/gov/disclosure-channels.md
gov:www.bjchy.gov.cn~6,gov,政府信息公开渠道,http://www.bjchy.gov.cn/ysqgk/gkzlbgxz.html,www.bjchy.gov.cn,unprobed,,,卡片抽取,references/gov/disclosure-channels.md
gov:www.bjdch.gov.cn,gov,北京街乡镇,https://www.bjdch.gov.cn/ztzl/dcqxzzfgs/jdbscgs/,www.bjdch.gov.cn,unprobed,,,卡片抽取,references/gov/beijing-street-town.md
gov:www.bjdch.gov.cn~16,gov,北京政府信息公开年报,https://www.bjdch.gov.cn/zfxxgk/zfxxgknb/{Y}/,www.bjdch.gov.cn,unprobed,,,卡片抽取,references/gov/beijing-xxgk.md
gov:www.bjdch.gov.cn~27,gov,政府信息公开渠道,https://www.bjdch.gov.cn/zmhd/dczj/,www.bjdch.gov.cn,unprobed,,,卡片抽取,references/gov/disclosure-channels.md
gov:www.bjdch.gov.cn~53,gov,政府信息公开渠道,https://www.bjdch.gov.cn/zwgk/zdlygk/fwzscq/,www.bjdch.gov.cn,unprobed,,,卡片抽取,references/gov/disclosure-channels.md
gov:www.bjdx.gov.cn,gov,bjdx.gov.cn,https://www.bjdx.gov.cn/bjsdxqrmzf/zhyw/dxdt13/{id}/index.html,www.bjdx.gov.cn,unprobed,,,卡片抽取,references/gov/bjdx.gov.cn.md
gov:www.bjdx.gov.cn~1,gov,bjdx.gov.cn,https://www.bjdx.gov.cn/bjsdxqrmzf/zhyw/dxdt13/612689/index.html,www.bjdx.gov.cn,unprobed,,,卡片抽取,references/gov/bjdx.gov.cn.md
gov:www.bjdx.gov.cn~1,gov,北京政府信息公开年报,https://www.bjdx.gov.cn/bjsdxqrmzf/zwfw/zfxxgk/dxqzf69/{Y}n/xzjd/,www.bjdx.gov.cn,unprobed,,,卡片抽取,references/gov/beijing-xxgk.md
gov:www.bjdx.gov.cn~17,gov,北京街乡镇,https://www.bjdx.gov.cn/bjsdxqrmzf/zwfw/zfxxgk/zfxxgkzn/xzjd5/index.html,www.bjdx.gov.cn,unprobed,,,卡片抽取,references/gov/beijing-street-town.md
gov:www.bjdx.gov.cn~2,gov,bjdx.gov.cn,https://www.bjdx.gov.cn/bjsdxqrmzf/zhyw/dxdt13/612689/index.html',www.bjdx.gov.cn,unprobed,,,卡片抽取,references/gov/bjdx.gov.cn.md
gov:www.bjdx.gov.cn~28,gov,政府信息公开渠道,https://www.bjdx.gov.cn/eportal/ui?pageId=1841022,www.bjdx.gov.cn,unprobed,,,卡片抽取,references/gov/disclosure-channels.md
gov:www.bjdx.gov.cn~3,gov,bjdx.gov.cn,https://www.bjdx.gov.cn/,www.bjdx.gov.cn,unprobed,,,卡片抽取,references/gov/bjdx.gov.cn.md
gov:www.bjdx.gov.cn~5,gov,北京政府信息公开年报,https://www.bjdx.gov.cn/bjsdxqrmzf/zwfw/zfxxgk/dxqzf69/{Y}n/,www.bjdx.gov.cn,unprobed,,,卡片抽取,references/gov/beijing-xxgk.md
gov:www.bjfsh.gov.cn~10,gov,政府信息公开渠道,https://www.bjfsh.gov.cn/fsysq/client/selectAcceptanceUnit,www.bjfsh.gov.cn,unprobed,,,卡片抽取,references/gov/disclosure-channels.md
gov:www.bjfsh.gov.cn~11,gov,北京街乡镇,https://www.bjfsh.gov.cn/zwgk/xxgkzn/,www.bjfsh.gov.cn,unprobed,,,卡片抽取,references/gov/beijing-street-town.md
gov:www.bjfsh.gov.cn~12,gov,北京街乡镇,https://www.bjfsh.gov.cn/zwgk/,www.bjfsh.gov.cn,unprobed,,,卡片抽取,references/gov/beijing-street-town.md
gov:www.bjfsh.gov.cn~7,gov,北京政府信息公开年报,https://www.bjfsh.gov.cn/zfxxgk/zfxxgknb/{Y}/,www.bjfsh.gov.cn,unprobed,,,卡片抽取,references/gov/beijing-xxgk.md
gov:www.bjft.gov.cn~14,gov,北京政府信息公开年报,https://www.bjft.gov.cn/zfxxgk/zfxxgknb/{Y}/,www.bjft.gov.cn,unprobed,,,卡片抽取,references/gov/beijing-xxgk.md
gov:www.bjft.gov.cn~6,gov,北京街乡镇,https://www.bjft.gov.cn/xxfb/xxgk/,www.bjft.gov.cn,unprobed,,,卡片抽取,references/gov/beijing-street-town.md
gov:www.bjft.gov.cn~7,gov,政府信息公开渠道,http://www.bjft.gov.cn/ftq/ysqgkzl/ztysqgkzl.shtml,www.bjft.gov.cn,unprobed,,,卡片抽取,references/gov/disclosure-channels.md
gov:www.bjft.gov.cn~7,gov,北京街乡镇,https://www.bjft.gov.cn/xxfb/xxgk/c100226/c1002XX/,www.bjft.gov.cn,unprobed,,,卡片抽取,references/gov/beijing-street-town.md
gov:www.bjhd.gov.cn~12,gov,北京政府信息公开年报,https://www.bjhd.gov.cn/zfxxgk/zfxxgknb/{Y}/,www.bjhd.gov.cn,unprobed,,,卡片抽取,references/gov/beijing-xxgk.md
gov:www.bjhr.gov.cn~11,gov,政府信息公开渠道,https://www.bjhr.gov.cn/zwgk/ysqgk/,www.bjhr.gov.cn,unprobed,,,卡片抽取,references/gov/disclosure-channels.md
gov:www.bjhr.gov.cn~2,gov,北京政府信息公开年报,https://www.bjhr.gov.cn/zfxxgkzl/gknb/{Y}nb/zxjd{Y}/,www.bjhr.gov.cn,unprobed,,,卡片抽取,references/gov/beijing-xxgk.md
gov:www.bjhr.gov.cn~20,gov,北京街乡镇,https://www.bjhr.gov.cn/zwgk/jgzn/xzjd/,www.bjhr.gov.cn,unprobed,,,卡片抽取,references/gov/beijing-street-town.md
gov:www.bjhr.gov.cn~21,gov,北京街乡镇,https://www.bjhr.gov.cn/zwgk/zfxxgkjg/zxjddh/,www.bjhr.gov.cn,unprobed,,,卡片抽取,references/gov/beijing-street-town.md
gov:www.bjhr.gov.cn~6,gov,北京政府信息公开年报,https://www.bjhr.gov.cn/zfxxgkzl/gknb/{Y}nb/,www.bjhr.gov.cn,unprobed,,,卡片抽取,references/gov/beijing-xxgk.md
gov:www.bjmtg.gov.cn~10,gov,北京街乡镇,https://www.bjmtg.gov.cn/mtg11J,www.bjmtg.gov.cn,unprobed,,,卡片抽取,references/gov/beijing-street-town.md
gov:www.bjmtg.gov.cn~23,gov,北京街乡镇,https://www.bjmtg.gov.cn/mtg11J035/zxgk/mtgqbm_list_zxgk.shtml,www.bjmtg.gov.cn,unprobed,,,卡片抽取,references/gov/beijing-street-town.md
gov:www.bjmtg.gov.cn~8,gov,北京政府信息公开年报,https://www.bjmtg.gov.cn/zfxxgk/zfxxgknb/{Y}/,www.bjmtg.gov.cn,unprobed,,,卡片抽取,references/gov/beijing-xxgk.md
gov:www.bjmtg.gov.cn~9,gov,北京街乡镇,https://www.bjmtg.gov.cn/bjmtg/zwxx/index.shtml,www.bjmtg.gov.cn,unprobed,,,卡片抽取,references/gov/beijing-street-town.md
gov:www.bjmtg.gov.cn~9,gov,政府信息公开渠道,https://www.bjmtg.gov.cn/mtgysq/client/homePage,www.bjmtg.gov.cn,unprobed,,,卡片抽取,references/gov/disclosure-channels.md
gov:www.bjmy.gov.cn,gov,北京政府信息公开年报,https://www.bjmy.gov.cn/zwgk/zfxxgk/zfxxgknb/gknb2017/201802/t20180223_195744.html,www.bjmy.gov.cn,unprobed,,,卡片抽取,references/gov/beijing-xxgk.md
gov:www.bjmy.gov.cn,gov,北京16区门户站群,https://www.bjmy.gov.cn/zwgk/zfxxgk/zfxxgknb/gknb2017/201802/t20180223_195744.html',www.bjmy.gov.cn,unprobed,,,卡片抽取,references/gov/beijing-districts.md
gov:www.bjmy.gov.cn~18,gov,北京街乡镇,https://www.bjmy.gov.cn/zwgk/zfxxgk/zfxxgkzn/,www.bjmy.gov.cn,unprobed,,,卡片抽取,references/gov/beijing-street-town.md
gov:www.bjmy.gov.cn~20,gov,北京政府信息公开年报,https://www.bjmy.gov.cn/zwgk/zfxxgk/zfxxgknb/gknb2017/201803/t20180309_195741.html,www.bjmy.gov.cn,unprobed,,,卡片抽取,references/gov/beijing-xxgk.md
gov:www.bjmy.gov.cn~29,gov,政府信息公开渠道,https://www.bjmy.gov.cn/zmhd/,www.bjmy.gov.cn,unprobed,,,卡片抽取,references/gov/disclosure-channels.md
gov:www.bjmy.gov.cn~4,gov,北京政府信息公开年报,https://www.bjmy.gov.cn/zwgk/zfxxgk/zfxxgknb/gknb{Y}/,www.bjmy.gov.cn,unprobed,,,卡片抽取,references/gov/beijing-xxgk.md
gov:www.bjpg.gov.cn~10,gov,北京政府信息公开年报,https://www.bjpg.gov.cn/zfxxgk/zfxxgknb/{Y}/,www.bjpg.gov.cn,unprobed,,,卡片抽取,references/gov/beijing-xxgk.md
gov:www.bjpg.gov.cn~12,gov,政府信息公开渠道,http://www.bjpg.gov.cn/eportal/ui?pageId=559300,www.bjpg.gov.cn,unprobed,,,卡片抽取,references/gov/disclosure-channels.md
gov:www.bjpg.gov.cn~19,gov,北京街乡镇,https://www.bjpg.gov.cn/pgqrmzf/zfxxgk68/zfxxgkzn53/index.html,www.bjpg.gov.cn,unprobed,,,卡片抽取,references/gov/beijing-street-town.md
gov:www.bjrd.gov.cn~9,gov,北京16区门户站群,http://www.bjrd.gov.cn/so/s?tab=all&siteCode=bjrd&qt=…,www.bjrd.gov.cn,unprobed,,,卡片抽取,references/gov/beijing-districts.md
gov:www.bjshy.gov.cn~14,gov,北京街乡镇,https://www.bjshy.gov.cn/web/zwgk/jgxx/zzfhjdbsc/index.html,www.bjshy.gov.cn,unprobed,,,卡片抽取,references/gov/beijing-street-town.md
gov:www.bjshy.gov.cn~15,gov,北京政府信息公开年报,https://www.bjshy.gov.cn/web/zwgk/zfxxgk/zfxxgknb/{Y}/,www.bjshy.gov.cn,unprobed,,,卡片抽取,references/gov/beijing-xxgk.md
gov:www.bjsjs.gov.cn~3,gov,北京政府信息公开年报,https://www.bjsjs.gov.cn/gongkai/,www.bjsjs.gov.cn,unprobed,,,卡片抽取,references/gov/beijing-xxgk.md
gov:www.bjsjs.gov.cn~8,gov,北京街乡镇,https://www.bjsjs.gov.cn/gongkai/,www.bjsjs.gov.cn,unprobed,,,卡片抽取,references/gov/beijing-street-town.md
gov:www.bjsjs.gov.cn~8,gov,政府信息公开渠道,https://www.bjsjs.gov.cn/gongkai/ysq/,www.bjsjs.gov.cn,unprobed,,,卡片抽取,references/gov/disclosure-channels.md
gov:www.bjsupervision.gov.cn~43,gov,政府信息公开渠道,http://www.bjsupervision.gov.cn/zt/shejswxc/xsfk/,www.bjsupervision.gov.cn,unprobed,,,卡片抽取,references/gov/disclosure-channels.md
gov:www.bjsupervision.gov.cn~44,gov,政府信息公开渠道,http://www.bjsupervision.gov.cn/was5/web/advanced_search.html,www.bjsupervision.gov.cn,unprobed,,,卡片抽取,references/gov/disclosure-channels.md
gov:www.bjtzh.gov.cn~13,gov,北京街乡镇,https://www.bjtzh.gov.cn/bjtz/zwgk/zcwj67/zfxxgknb/,www.bjtzh.gov.cn,unprobed,,,卡片抽取,references/gov/beijing-street-town.md
gov:www.bjtzh.gov.cn~9,gov,北京政府信息公开年报,https://www.bjtzh.gov.cn/zfxxgk/zfxxgknb/{Y}/,www.bjtzh.gov.cn,unprobed,,,卡片抽取,references/gov/beijing-xxgk.md
gov:www.bjxch.gov.cn~1,gov,北京街乡镇,https://www.bjxch.gov.cn/xxgk/jgzn.html,www.bjxch.gov.cn,unprobed,,,卡片抽取,references/gov/beijing-street-town.md
gov:www.bjxch.gov.cn~17,gov,北京政府信息公开年报,https://www.bjxch.gov.cn/zfxxgk/zfxxgknb/{Y}/,www.bjxch.gov.cn,unprobed,,,卡片抽取,references/gov/beijing-xxgk.md
gov:www.bjxch.gov.cn~2,gov,北京街乡镇,https://www.bjxch.gov.cn/xxgk/jgzn/qjd/,www.bjxch.gov.cn,unprobed,,,卡片抽取,references/gov/beijing-street-town.md
gov:www.bjxch.gov.cn~5,gov,政府信息公开渠道,https://www.bjxch.gov.cn/xxgk/ysqgk.html,www.bjxch.gov.cn,unprobed,,,卡片抽取,references/gov/disclosure-channels.md
gov:www.bjxch.gov.cn~54,gov,政府信息公开渠道,https://www.bjxch.gov.cn/xxgk/zdly/fwxxgk/zdjscq/zdjscq.html,www.bjxch.gov.cn,unprobed,,,卡片抽取,references/gov/disclosure-channels.md
gov:www.bjyq.gov.cn~13,gov,政府信息公开渠道,http://www.bjyq.gov.cn/yanqing/zwgk/wysq/2808001/index.shtml,www.bjyq.gov.cn,unprobed,,,卡片抽取,references/gov/disclosure-channels.md
gov:www.bjyq.gov.cn~19,gov,北京政府信息公开年报,https://www.bjyq.gov.cn/zfxxgk/zfxxgknb/{Y}/,www.bjyq.gov.cn,unprobed,,,卡片抽取,references/gov/beijing-xxgk.md
gov:www.bjyq.gov.cn~2,gov,北京16区门户站群,http://www.bjyq.gov.cn/',www.bjyq.gov.cn,unprobed,,,卡片抽取,references/gov/beijing-districts.md
gov:www.bjyq.gov.cn~22,gov,北京街乡镇,http://www.bjyq.gov.cn/yanqing/zwgk/zfgs1669/xzjd/index.shtml,www.bjyq.gov.cn,unprobed,,,卡片抽取,references/gov/beijing-street-town.md
gov:www.caac.gov.cn~153,gov,china-policy-sites,http://www.caac.gov.cn,www.caac.gov.cn,unprobed,,,卡片抽取,references/gov/china-policy-sites.md
gov:www.caac.gov.cn~154,gov,china-policy-sites,http://www.caac.gov.cn/XXGK/XXGK/index_172.html?fl=10,www.caac.gov.cn,unprobed,,,卡片抽取,references/gov/china-policy-sites.md
gov:www.cac.gov.cn~117,gov,china-policy-sites,http://www.cac.gov.cn/,www.cac.gov.cn,unprobed,,,卡片抽取,references/gov/china-policy-sites.md
gov:www.cac.gov.cn~118,gov,china-policy-sites,http://www.cac.gov.cn/qwfb/A0903index_1.htm,www.cac.gov.cn,unprobed,,,卡片抽取,references/gov/china-policy-sites.md
gov:www.cac.gov.cn~119,gov,china-policy-sites,http://www.cac.gov.cn/zcfg/xzfg/A090902index_1.htm,www.cac.gov.cn,unprobed,,,卡片抽取,references/gov/china-policy-sites.md
gov:www.cae.cn~132,gov,china-policy-sites,https://www.cae.cn/,www.cae.cn,unprobed,,,卡片抽取,references/gov/china-policy-sites.md
gov:www.cae.cn~133,gov,china-policy-sites,https://www.cae.cn/cae/html/main/col25/column_25_1.html,www.cae.cn,unprobed,,,卡片抽取,references/gov/china-policy-sites.md
gov:www.cas.cn~13,gov,edu-research-institutions,https://www.cas.cn/,www.cas.cn,unprobed,,,卡片抽取,references/gov/edu-research-institutions.md
gov:www.cas.cn~130,gov,china-policy-sites,https://www.cas.cn/,www.cas.cn,unprobed,,,卡片抽取,references/gov/china-policy-sites.md
gov:www.cas.cn~131,gov,china-policy-sites,https://www.cas.cn/gzzd/zkxzc/,www.cas.cn,unprobed,,,卡片抽取,references/gov/china-policy-sites.md
gov:www.cas.cn~5,gov,edu-research-institutions,https://www.cas.cn/zz/jg/,www.cas.cn,unprobed,,,卡片抽取,references/gov/edu-research-institutions.md
gov:www.cass.cn~14,gov,edu-research-institutions,http://www.cass.cn/,www.cass.cn,unprobed,,,卡片抽取,references/gov/edu-research-institutions.md
gov:www.cass.cn~6,gov,edu-research-institutions,http://www.cass.cn/ywzzjg/,www.cass.cn,unprobed,,,卡片抽取,references/gov/edu-research-institutions.md
gov:www.cast.org.cn~7,gov,edu-research-institutions,https://www.cast.org.cn/,www.cast.org.cn,unprobed,,,卡片抽取,references/gov/edu-research-institutions.md
gov:www.cbirc.gov.cn~135,gov,china-policy-sites,https://www.cbirc.gov.cn/,www.cbirc.gov.cn,unprobed,,,卡片抽取,references/gov/china-policy-sites.md
gov:www.cbirc.gov.cn~136,gov,china-policy-sites,https://www.cbirc.gov.cn/cn/view/pages/zhengwuxinxi/zhengwuxinxi.html,www.cbirc.gov.cn,unprobed,,,卡片抽取,references/gov/china-policy-sites.md
gov:www.ccdi.gov.cn~45,gov,政府信息公开渠道,https://www.ccdi.gov.cn/xsxcn/,www.ccdi.gov.cn,unprobed,,,卡片抽取,references/gov/disclosure-channels.md
gov:www.ccgp.gov.cn~13,gov,ccgp-ggzy,http://www.ccgp.gov.cn,www.ccgp.gov.cn,unprobed,,,卡片抽取,references/gov/ccgp-ggzy.md
gov:www.ccgp.gov.cn~4,gov,ccgp-ggzy,https://www.ccgp.gov.cn/,www.ccgp.gov.cn,unprobed,,,卡片抽取,references/gov/ccgp-ggzy.md
gov:www.ccgp.gov.cn~6,gov,ccgp-ggzy,https://www.ccgp.gov.cn/cggg/,www.ccgp.gov.cn,unprobed,,,卡片抽取,references/gov/ccgp-ggzy.md
gov:www.ccps.gov.cn~137,gov,china-policy-sites,https://www.ccps.gov.cn/,www.ccps.gov.cn,unprobed,,,卡片抽取,references/gov/china-policy-sites.md
gov:www.cddata.gov.cn~17,gov,gov_opendata,http://www.cddata.gov.cn/,www.cddata.gov.cn,unprobed,,,卡片抽取,references/gov/gov_opendata.md
gov:www.cdgdc.edu.cn~18,gov,edu-research-institutions,https://www.cdgdc.edu.cn/,www.cdgdc.edu.cn,unprobed,,,卡片抽取,references/gov/edu-research-institutions.md
gov:www.changsha.gov.cn~42,gov,gov_opendata,http://www.changsha.gov.cn/data/,www.changsha.gov.cn,unprobed,,,卡片抽取,references/gov/gov_opendata.md
gov:www.chinamine-safety.gov.cn~157,gov,china-policy-sites,https://www.chinamine-safety.gov.cn/,www.chinamine-safety.gov.cn,unprobed,,,卡片抽取,references/gov/china-policy-sites.md
gov:www.chinamine-safety.gov.cn~158,gov,china-policy-sites,https://www.chinamine-safety.gov.cn/zfxxgk/fdzdgknr/tzgg/,www.chinamine-safety.gov.cn,unprobed,,,卡片抽取,references/gov/china-policy-sites.md
gov:www.chinapostdoctor.org.cn~10,gov,talent-programs,https://www.chinapostdoctor.org.cn/,www.chinapostdoctor.org.cn,unprobed,,,卡片抽取,references/gov/talent-programs.md
gov:www.chinapostdoctor.org.cn~23,gov,talent-programs,https://www.chinapostdoctor.org.cn/website/infolist_xwdt.html?categoryid=,www.chinapostdoctor.org.cn,unprobed,,,卡片抽取,references/gov/talent-programs.md
gov:www.chinapostdoctor.org.cn~24,gov,talent-programs,https://www.chinapostdoctor.org.cn/prod-api/profile/info/fujian/{YYYYMMDD}/{uuid}.pdf,www.chinapostdoctor.org.cn,unprobed,,,卡片抽取,references/gov/talent-programs.md
gov:www.chinapostdoctor.org.cn~6,gov,talent-programs,https://www.chinapostdoctor.org.cn/website/index.html,www.chinapostdoctor.org.cn,unprobed,,,卡片抽取,references/gov/talent-programs.md
gov:www.chinatax.gov.cn~86,gov,china-policy-sites,http://www.chinatax.gov.cn/,www.chinatax.gov.cn,unprobed,,,卡片抽取,references/gov/china-policy-sites.md
gov:www.chinatax.gov.cn~87,gov,china-policy-sites,http://www.chinatax.gov.cn/chinatax/n810341/index.html,www.chinatax.gov.cn,unprobed,,,卡片抽取,references/gov/china-policy-sites.md
gov:www.chsi.com.cn~2,gov,edu-research-institutions,https://www.chsi.com.cn/,www.chsi.com.cn,unprobed,,,卡片抽取,references/gov/edu-research-institutions.md
gov:www.cidca.gov.cn~81,gov,china-policy-sites,http://www.cidca.gov.cn/,www.cidca.gov.cn,unprobed,,,卡片抽取,references/gov/china-policy-sites.md
gov:www.cidca.gov.cn~82,gov,china-policy-sites,http://www.cidca.gov.cn/fgzd.htm,www.cidca.gov.cn,unprobed,,,卡片抽取,references/gov/china-policy-sites.md
gov:www.cma.gov.cn~125,gov,china-policy-sites,http://www.cma.gov.cn/,www.cma.gov.cn,unprobed,,,卡片抽取,references/gov/china-policy-sites.md
gov:www.cnca.gov.cn~101,gov,china-policy-sites,http://www.cnca.gov.cn/,www.cnca.gov.cn,unprobed,,,卡片抽取,references/gov/china-policy-sites.md
gov:www.cnca.gov.cn~102,gov,china-policy-sites,http://www.cnca.gov.cn/zw/,www.cnca.gov.cn,unprobed,,,卡片抽取,references/gov/china-policy-sites.md
gov:www.cnipa.gov.cn,gov,cnipa.gov.cn,https://www.cnipa.gov.cn/,www.cnipa.gov.cn,unprobed,,,卡片抽取,references/gov/ip-cnipa.md
gov:www.cnipa.gov.cn~11,gov,cnipa.gov.cn,https://www.cnipa.gov.cn/art/,www.cnipa.gov.cn,unprobed,,,卡片抽取,references/gov/ip-cnipa.md
gov:www.cnipa.gov.cn~12,gov,cnipa.gov.cn,https://www.cnipa.gov.cn/col/col,www.cnipa.gov.cn,unprobed,,,卡片抽取,references/gov/ip-cnipa.md
gov:www.cnipa.gov.cn~177,gov,china-policy-sites,https://www.cnipa.gov.cn/,www.cnipa.gov.cn,unprobed,,,卡片抽取,references/gov/china-policy-sites.md
gov:www.cnipa.gov.cn~178,gov,china-policy-sites,https://www.cnipa.gov.cn/col/col74/index.html,www.cnipa.gov.cn,unprobed,,,卡片抽取,references/gov/china-policy-sites.md
gov:www.cnipa.gov.cn~179,gov,china-policy-sites,https://www.cnipa.gov.cn/col/col66/index.html,www.cnipa.gov.cn,unprobed,,,卡片抽取,references/gov/china-policy-sites.md
gov:www.cnipa.gov.cn~9,gov,cnipa.gov.cn,https://www.cnipa.gov.cn/',www.cnipa.gov.cn,unprobed,,,卡片抽取,references/gov/ip-cnipa.md
gov:www.cnr.cn~134,gov,china-policy-sites,http://www.cnr.cn/,www.cnr.cn,unprobed,,,卡片抽取,references/gov/china-policy-sites.md
gov:www.counsellor.gov.cn~83,gov,china-policy-sites,http://www.counsellor.gov.cn/,www.counsellor.gov.cn,unprobed,,,卡片抽取,references/gov/china-policy-sites.md
gov:www.counsellor.gov.cn~84,gov,china-policy-sites,http://www.counsellor.gov.cn/fgwj.htm,www.counsellor.gov.cn,unprobed,,,卡片抽取,references/gov/china-policy-sites.md
gov:www.counsellor.gov.cn~85,gov,china-policy-sites,http://www.counsellor.gov.cn/wjjd.htm,www.counsellor.gov.cn,unprobed,,,卡片抽取,references/gov/china-policy-sites.md
gov:www.cpta.com.cn~21,gov,professional-titles,http://www.cpta.com.cn/notice.html,www.cpta.com.cn,unprobed,,,卡片抽取,references/gov/professional-titles.md
gov:www.cpta.com.cn~22,gov,professional-titles,http://www.cpta.com.cn/examNotice/{id}.html,www.cpta.com.cn,unprobed,,,卡片抽取,references/gov/professional-titles.md
gov:www.cpta.com.cn~23,gov,professional-titles,http://www.cpta.com.cn/performance/{id}.html,www.cpta.com.cn,unprobed,,,卡片抽取,references/gov/professional-titles.md
gov:www.cpta.com.cn~24,gov,professional-titles,http://www.cpta.com.cn/certCheck.html,www.cpta.com.cn,unprobed,,,卡片抽取,references/gov/professional-titles.md
gov:www.cpta.com.cn~25,gov,professional-titles,http://www.cpta.com.cn/certDown2024.html,www.cpta.com.cn,unprobed,,,卡片抽取,references/gov/professional-titles.md
gov:www.cpta.com.cn~26,gov,professional-titles,http://www.cpta.com.cn/ShanzhaiCertificate/{id}.html,www.cpta.com.cn,unprobed,,,卡片抽取,references/gov/professional-titles.md
gov:www.cpta.com.cn~3,gov,professional-titles,http://www.cpta.com.cn/,www.cpta.com.cn,unprobed,,,卡片抽取,references/gov/professional-titles.md
gov:www.creditchina.gov.cn,gov,信用中国,https://www.creditchina.gov.cn/,www.creditchina.gov.cn,unprobed,,,卡片抽取,references/gov/credit-china.md
gov:www.creditchina.gov.cn'~5,gov,信用中国,https://www.creditchina.gov.cn',www.creditchina.gov.cn',unprobed,,,卡片抽取,references/gov/credit-china.md
gov:www.creditchina.gov.cn~1,gov,信用中国,https://www.creditchina.gov.cn/xinyongfuwu/,www.creditchina.gov.cn,unprobed,,,卡片抽取,references/gov/credit-china.md
gov:www.creditchina.gov.cn~13,gov,city-credit,https://www.creditchina.gov.cn/,www.creditchina.gov.cn,unprobed,,,卡片抽取,references/gov/city-credit.md
gov:www.creditchina.gov.cn~2,gov,city-credit,https://www.creditchina.gov.cn/chengshixinyong/,www.creditchina.gov.cn,unprobed,,,卡片抽取,references/gov/city-credit.md
gov:www.creditchina.gov.cn~3,gov,信用中国,https://www.creditchina.gov.cn/api/credit_info_search?keyword=,www.creditchina.gov.cn,unprobed,,,卡片抽取,references/gov/credit-china.md
gov:www.creditchina.gov.cn~4,gov,信用中国,https://www.creditchina.gov.cn/',www.creditchina.gov.cn,unprobed,,,卡片抽取,references/gov/credit-china.md
gov:www.creditchina.gov.cn~7,gov,信用中国,http://www.creditchina.gov.cn/,www.creditchina.gov.cn,unprobed,,,卡片抽取,references/gov/credit-china.md
gov:www.csrc.gov.cn~128,gov,china-policy-sites,http://www.csrc.gov.cn/pub/newsite/,www.csrc.gov.cn,unprobed,,,卡片抽取,references/gov/china-policy-sites.md
gov:www.csrc.gov.cn~129,gov,china-policy-sites,http://www.csrc.gov.cn/pub/zjhpublic/index.htm?channel=3300/3311,www.csrc.gov.cn,unprobed,,,卡片抽取,references/gov/china-policy-sites.md
gov:www.customs.gov.cn~72,gov,china-policy-sites,http://www.customs.gov.cn/,www.customs.gov.cn,unprobed,,,卡片抽取,references/gov/china-policy-sites.md
gov:www.customs.gov.cn~73,gov,china-policy-sites,http://www.customs.gov.cn/customs/302249/2480148/index.html,www.customs.gov.cn,unprobed,,,卡片抽取,references/gov/china-policy-sites.md
gov:www.customs.gov.cn~74,gov,china-policy-sites,http://www.customs.gov.cn/customs/302249/302266/index.html,www.customs.gov.cn,unprobed,,,卡片抽取,references/gov/china-policy-sites.md
gov:www.customs.gov.cn~75,gov,china-policy-sites,http://www.customs.gov.cn/customs/302249/302270/302272/index.html,www.customs.gov.cn,unprobed,,,卡片抽取,references/gov/china-policy-sites.md
gov:www.datanb.gov.cn~37,gov,gov_opendata,http://www.datanb.gov.cn/nbdatafore/web/indexpage.action,www.datanb.gov.cn,unprobed,,,卡片抽取,references/gov/gov_opendata.md
gov:www.dcrd.gov.cn~4,gov,北京16区门户站群,http://www.dcrd.gov.cn/',www.dcrd.gov.cn,unprobed,,,卡片抽取,references/gov/beijing-districts.md
gov:www.dcrd.gov.cn~8,gov,北京16区门户站群,http://www.dcrd.gov.cn/htmls/jiansuo/list-1.html?tab=all&qt=,www.dcrd.gov.cn,unprobed,,,卡片抽取,references/gov/beijing-districts.md
gov:www.drc.gov.cn~124,gov,china-policy-sites,https://www.drc.gov.cn/,www.drc.gov.cn,unprobed,,,卡片抽取,references/gov/china-policy-sites.md
gov:www.dtdjzx.gov.cn~33,gov,人事任免源清单,https://www.dtdjzx.gov.cn/,www.dtdjzx.gov.cn,unprobed,,,卡片抽取,references/gov/renshi-sources.md
gov:www.fmprc.gov.cn~6,gov,china-policy-sites,https://www.fmprc.gov.cn/,www.fmprc.gov.cn,unprobed,,,卡片抽取,references/gov/china-policy-sites.md
gov:www.fmprc.gov.cn~7,gov,china-policy-sites,https://www.fmprc.gov.cn/web/wjb_673085/zfxxgk_674865/gknrlb/zcfg/,www.fmprc.gov.cn,unprobed,,,卡片抽取,references/gov/china-policy-sites.md
gov:www.forestry.gov.cn~150,gov,china-policy-sites,http://www.forestry.gov.cn/,www.forestry.gov.cn,unprobed,,,卡片抽取,references/gov/china-policy-sites.md
gov:www.forestry.gov.cn~151,gov,china-policy-sites,http://www.forestry.gov.cn/main/5461/index.html,www.forestry.gov.cn,unprobed,,,卡片抽取,references/gov/china-policy-sites.md
gov:www.forestry.gov.cn~152,gov,china-policy-sites,http://www.forestry.gov.cn/sites/main/main/gfxwj/gfxwj-list.jsp,www.forestry.gov.cn,unprobed,,,卡片抽取,references/gov/china-policy-sites.md
gov:www.foshan-data.cn~21,gov,gov_opendata,http://www.foshan-data.cn/,www.foshan-data.cn,unprobed,,,卡片抽取,references/gov/gov_opendata.md
gov:www.gdzz.cn~34,gov,人事任免源清单,https://www.gdzz.cn/,www.gdzz.cn,unprobed,,,卡片抽取,references/gov/renshi-sources.md
gov:www.ggj.gov.cn~100,gov,china-policy-sites,http://www.ggj.gov.cn/zcfg/zcjd/,www.ggj.gov.cn,unprobed,,,卡片抽取,references/gov/china-policy-sites.md
gov:www.ggj.gov.cn~96,gov,china-policy-sites,http://www.ggj.gov.cn/,www.ggj.gov.cn,unprobed,,,卡片抽取,references/gov/china-policy-sites.md
gov:www.ggj.gov.cn~97,gov,china-policy-sites,http://www.ggj.gov.cn/zcfg/flfg/,www.ggj.gov.cn,unprobed,,,卡片抽取,references/gov/china-policy-sites.md
gov:www.ggj.gov.cn~98,gov,china-policy-sites,http://www.ggj.gov.cn/zcfg/bmgz/,www.ggj.gov.cn,unprobed,,,卡片抽取,references/gov/china-policy-sites.md
gov:www.ggj.gov.cn~99,gov,china-policy-sites,http://www.ggj.gov.cn/zcfg/fgxwj/,www.ggj.gov.cn,unprobed,,,卡片抽取,references/gov/china-policy-sites.md
gov:www.ggzy.gov.cn,gov,ccgp-ggzy,https://www.ggzy.gov.cn/,www.ggzy.gov.cn,unprobed,,,卡片抽取,references/gov/ccgp-ggzy.md
gov:www.ggzy.gov.cn~1,gov,ccgp-ggzy,https://www.ggzy.gov.cn/deal/dealList.html,www.ggzy.gov.cn,unprobed,,,卡片抽取,references/gov/ccgp-ggzy.md
gov:www.ggzy.gov.cn~10,gov,ccgp-ggzy,http://www.ggzy.gov.cn/,www.ggzy.gov.cn,unprobed,,,卡片抽取,references/gov/ccgp-ggzy.md
gov:www.ggzy.gov.cn~2,gov,ccgp-ggzy,https://www.ggzy.gov.cn/information/pubTradingInfo/getTradList,www.ggzy.gov.cn,unprobed,,,卡片抽取,references/gov/ccgp-ggzy.md
gov:www.ggzy.gov.cn~3,gov,ccgp-ggzy,https://www.ggzy.gov.cn/information/captcha,www.ggzy.gov.cn,unprobed,,,卡片抽取,references/gov/ccgp-ggzy.md
gov:www.ggzy.gov.cn~7,gov,ccgp-ggzy,https://www.ggzy.gov.cn/information/pubTradingInfo/getTradList',www.ggzy.gov.cn,unprobed,,,卡片抽取,references/gov/ccgp-ggzy.md
gov:www.ggzy.gov.cn~8,gov,ccgp-ggzy,https://www.ggzy.gov.cn/deal/dealList.html',www.ggzy.gov.cn,unprobed,,,卡片抽取,references/gov/ccgp-ggzy.md
gov:www.gjbmj.gov.cn~185,gov,china-policy-sites,http://www.gjbmj.gov.cn/,www.gjbmj.gov.cn,unprobed,,,卡片抽取,references/gov/china-policy-sites.md
gov:www.gjbmj.gov.cn~186,gov,china-policy-sites,http://www.gjbmj.gov.cn/409049/index.html,www.gjbmj.gov.cn,unprobed,,,卡片抽取,references/gov/china-policy-sites.md
gov:www.gjsy.gov.cn~18,gov,事业单位登记平台,http://www.gjsy.gov.cn/,www.gjsy.gov.cn,unprobed,,,卡片抽取,references/gov/sydj.md
gov:www.gjxfj.gov.cn~138,gov,china-policy-sites,https://www.gjxfj.gov.cn,www.gjxfj.gov.cn,unprobed,,,卡片抽取,references/gov/china-policy-sites.md
gov:www.gjxfj.gov.cn~139,gov,china-policy-sites,https://www.gjxfj.gov.cn/gjxfj/fgwj/index.htm,www.gjxfj.gov.cn,unprobed,,,卡片抽取,references/gov/china-policy-sites.md
gov:www.gjxfj.gov.cn~140,gov,china-policy-sites,https://www.gjxfj.gov.cn/gjxfj/fgwj/gfxwj.htm,www.gjxfj.gov.cn,unprobed,,,卡片抽取,references/gov/china-policy-sites.md
gov:www.gjxfj.gov.cn~141,gov,china-policy-sites,https://www.gjxfj.gov.cn/gjxfj/fgwj/zcjd.htm,www.gjxfj.gov.cn,unprobed,,,卡片抽取,references/gov/china-policy-sites.md
gov:www.gov.cn~1,gov,gov.cn,https://www.gov.cn/sousuo/search.shtml?code=17da70961a7&searchWord=…,www.gov.cn,unprobed,,,卡片抽取,references/gov/gov.cn.md
gov:www.gov.cn~1,gov,人事任免源清单,https://www.gov.cn/yaowen/liebiao/,www.gov.cn,unprobed,,,卡片抽取,references/gov/renshi-sources.md
gov:www.gov.cn~10,gov,gov.cn,https://www.gov.cn/,www.gov.cn,unprobed,,,卡片抽取,references/gov/gov.cn.md
gov:www.gov.cn~11,gov,人事任免源清单,https://www.gov.cn/yaowen/liebiao/YYYYMM/content_XXXXXXX.htm,www.gov.cn,unprobed,,,卡片抽取,references/gov/renshi-sources.md
gov:www.gov.cn~112,gov,china-policy-sites,http://www.gov.cn/gjjg/2005-12/26/content_137261.htm,www.gov.cn,unprobed,,,卡片抽取,references/gov/china-policy-sites.md
gov:www.gov.cn~13,gov,gov.cn,https://www.gov.cn/zhengce/zhengceku/,www.gov.cn,unprobed,,,卡片抽取,references/gov/gov.cn.md
gov:www.gov.cn~14,gov,政府信息公开渠道,https://www.gov.cn/zhengce/xxgk/,www.gov.cn,unprobed,,,卡片抽取,references/gov/disclosure-channels.md
gov:www.gov.cn~15,gov,city-credit,https://www.gov.cn/,www.gov.cn,unprobed,,,卡片抽取,references/gov/city-credit.md
gov:www.gov.cn~15,gov,gov.cn,https://www.gov.cn/zhengce/zhengceku/202609/content_7081881.htm,www.gov.cn,unprobed,,,卡片抽取,references/gov/gov.cn.md
gov:www.gov.cn~16,gov,gov.cn,https://www.gov.cn/zhengce/gb/content_2683006.htm,www.gov.cn,unprobed,,,卡片抽取,references/gov/gov.cn.md
gov:www.gov.cn~17,gov,政府信息公开渠道,https://www.gov.cn/gongbao/,www.gov.cn,unprobed,,,卡片抽取,references/gov/disclosure-channels.md
gov:www.gov.cn~18,gov,政府信息公开渠道,https://www.gov.cn/search/gbsousuo.htm,www.gov.cn,unprobed,,,卡片抽取,references/gov/disclosure-channels.md
gov:www.gov.cn~18,gov,gov.cn,https://www.gov.cn/zhengce/fagui/,www.gov.cn,unprobed,,,卡片抽取,references/gov/gov.cn.md
gov:www.gov.cn~2,gov,gov.cn,https://www.gov.cn/zhengce/zuixin/,www.gov.cn,unprobed,,,卡片抽取,references/gov/gov.cn.md
gov:www.gov.cn~3,gov,china-policy-sites,https://www.gov.cn/,www.gov.cn,unprobed,,,卡片抽取,references/gov/china-policy-sites.md
gov:www.gov.cn~3,gov,gov.cn,https://www.gov.cn/zhengce/xxgk/gjgzk/index.htm,www.gov.cn,unprobed,,,卡片抽取,references/gov/gov.cn.md
gov:www.gov.cn~32,gov,政府信息公开渠道,https://www.gov.cn/hudong/,www.gov.cn,unprobed,,,卡片抽取,references/gov/disclosure-channels.md
gov:www.gov.cn~4,gov,china-policy-sites,http://www.gov.cn/zhengce/zuixin.htm,www.gov.cn,unprobed,,,卡片抽取,references/gov/china-policy-sites.md
gov:www.gov.cn~4,gov,人事任免源清单,https://www.gov.cn/,www.gov.cn,unprobed,,,卡片抽取,references/gov/renshi-sources.md
gov:www.gov.cn~4,gov,gov.cn,https://www.gov.cn/gongbao/,www.gov.cn,unprobed,,,卡片抽取,references/gov/gov.cn.md
gov:www.gov.cn~5,gov,gov.cn,https://www.gov.cn/gongbao/YYYY/issue_,www.gov.cn,unprobed,,,卡片抽取,references/gov/gov.cn.md
gov:www.gov.cn~6,gov,city-credit,https://www.gov.cn/gongbao/2025/issue_11986/202504/content_7019258.html,www.gov.cn,unprobed,,,卡片抽取,references/gov/city-credit.md
gov:www.gov.cn~6,gov,gov.cn,https://www.gov.cn/search/gbsousuo.htm,www.gov.cn,unprobed,,,卡片抽取,references/gov/gov.cn.md
gov:www.gov.cn~6,gov,gov-policy-mcp,https://www.gov.cn/zhengce/zuixin/,www.gov.cn,unprobed,,,卡片抽取,references/gov/gov-policy-mcp.md
gov:www.gov.cn~7,gov,人事任免源清单,https://www.gov.cn/renshi/,www.gov.cn,unprobed,,,卡片抽取,references/gov/renshi-sources.md
gov:www.gov.cn~7,gov,city-credit,https://www.gov.cn/zhengce/202503/content_7016601.htm,www.gov.cn,unprobed,,,卡片抽取,references/gov/city-credit.md
gov:www.gov.cn~8,gov,人事任免源清单,https://www.gov.cn/guoqing/renshi/,www.gov.cn,unprobed,,,卡片抽取,references/gov/renshi-sources.md
gov:www.gov.cn~8,gov,city-credit,https://www.gov.cn/zhengce/zhengceku/202406/content_6955501.htm,www.gov.cn,unprobed,,,卡片抽取,references/gov/city-credit.md
gov:www.gov.cn~9,gov,人事任免源清单,https://www.gov.cn/gongbao/2026/issue_12746/202605/content_7069425.html,www.gov.cn,unprobed,,,卡片抽取,references/gov/renshi-sources.md
gov:www.gov.cn~9,gov,gov.cn,https://www.gov.cn/zhengce/zhengceku/202609/content_7081881.htm',www.gov.cn,unprobed,,,卡片抽取,references/gov/gov.cn.md
gov:www.gov.cn~9,gov,gov-policy-mcp,https://www.gov.cn/zhengce/zhengceku/YYYYMM/content_*.htm,www.gov.cn,unprobed,,,卡片抽取,references/gov/gov-policy-mcp.md
gov:www.gqb.gov.cn~113,gov,china-policy-sites,https://www.gqb.gov.cn/,www.gqb.gov.cn,unprobed,,,卡片抽取,references/gov/china-policy-sites.md
gov:www.gqb.gov.cn~114,gov,china-policy-sites,http://www.gqb.gov.cn/gqb/zcfg/index.shtml,www.gqb.gov.cn,unprobed,,,卡片抽取,references/gov/china-policy-sites.md
gov:www.gsxt.gov.cn,gov,gsxt.gov.cn,https://www.gsxt.gov.cn/index.html,www.gsxt.gov.cn,unprobed,,,卡片抽取,references/gov/gsxt.md
gov:www.gsxt.gov.cn~1,gov,gsxt.gov.cn,https://www.gsxt.gov.cn/corp-query-homepage.html,www.gsxt.gov.cn,unprobed,,,卡片抽取,references/gov/gsxt.md
gov:www.gsxt.gov.cn~4,gov,gsxt.gov.cn,https://www.gsxt.gov.cn/corp-query-search-1.html?searchWord=,www.gsxt.gov.cn,unprobed,,,卡片抽取,references/gov/gsxt.md
gov:www.gsxt.gov.cn~5,gov,gsxt.gov.cn,https://www.gsxt.gov.cn/,www.gsxt.gov.cn,unprobed,,,卡片抽取,references/gov/gsxt.md
gov:www.gsxt.gov.cn~6,gov,gsxt.gov.cn,http://www.gsxt.gov.cn/index.html,www.gsxt.gov.cn,unprobed,,,卡片抽取,references/gov/gsxt.md
gov:www.gwytb.gov.cn~115,gov,china-policy-sites,http://www.gwytb.gov.cn/,www.gwytb.gov.cn,unprobed,,,卡片抽取,references/gov/china-policy-sites.md
gov:www.gwytb.gov.cn~116,gov,china-policy-sites,http://www.gwytb.gov.cn/zccs/,www.gwytb.gov.cn,unprobed,,,卡片抽取,references/gov/china-policy-sites.md
gov:www.gyopendata.gov.cn~29,gov,gov_opendata,http://www.gyopendata.gov.cn/city/index.htm,www.gyopendata.gov.cn,unprobed,,,卡片抽取,references/gov/gov_opendata.md
gov:www.hmo.gov.cn~110,gov,china-policy-sites,https://www.hmo.gov.cn/,www.hmo.gov.cn,unprobed,,,卡片抽取,references/gov/china-policy-sites.md
gov:www.hmo.gov.cn~111,gov,china-policy-sites,https://www.hmo.gov.cn/zcfg_new/xf/,www.hmo.gov.cn,unprobed,,,卡片抽取,references/gov/china-policy-sites.md
gov:www.huangshan.gov.cn~40,gov,gov_opendata,http://www.huangshan.gov.cn/DataDevelopment/,www.huangshan.gov.cn,unprobed,,,卡片抽取,references/gov/gov_opendata.md
gov:www.jsxf.gov.cn~22,gov,人事任免源清单,https://www.jsxf.gov.cn/gbrm/index.html,www.jsxf.gov.cn,unprobed,,,卡片抽取,references/gov/renshi-sources.md
gov:www.jsxf.gov.cn~25,gov,人事任免源清单,https://www.jsxf.gov.cn/gbrm/art/YYYY/art_,www.jsxf.gov.cn,unprobed,,,卡片抽取,references/gov/renshi-sources.md
gov:www.jszzb.gov.cn~23,gov,人事任免源清单,https://www.jszzb.gov.cn/,www.jszzb.gov.cn,unprobed,,,卡片抽取,references/gov/renshi-sources.md
gov:www.jszzb.gov.cn~24,gov,人事任免源清单,https://www.jszzb.gov.cn/gbrm/art/2026/art_,www.jszzb.gov.cn,unprobed,,,卡片抽取,references/gov/renshi-sources.md
gov:www.jszzb.gov.cn~26,gov,人事任免源清单,https://www.jszzb.gov.cn/index.html,www.jszzb.gov.cn,unprobed,,,卡片抽取,references/gov/renshi-sources.md
gov:www.lswz.gov.cn~161,gov,china-policy-sites,http://www.lswz.gov.cn,www.lswz.gov.cn,unprobed,,,卡片抽取,references/gov/china-policy-sites.md
gov:www.lswz.gov.cn~162,gov,china-policy-sites,http://www.lswz.gov.cn/html/zfxxgk/fdzdgknr.shtml,www.lswz.gov.cn,unprobed,,,卡片抽取,references/gov/china-policy-sites.md
gov:www.mca.gov.cn~44,gov,china-policy-sites,http://www.mca.gov.cn/,www.mca.gov.cn,unprobed,,,卡片抽取,references/gov/china-policy-sites.md
gov:www.mct.gov.cn~26,gov,china-policy-sites,https://www.mct.gov.cn/,www.mct.gov.cn,unprobed,,,卡片抽取,references/gov/china-policy-sites.md
gov:www.mee.gov.cn~20,gov,china-policy-sites,https://www.mee.gov.cn/,www.mee.gov.cn,unprobed,,,卡片抽取,references/gov/china-policy-sites.md
gov:www.mee.gov.cn~21,gov,china-policy-sites,https://www.mee.gov.cn/zcwj/,www.mee.gov.cn,unprobed,,,卡片抽取,references/gov/china-policy-sites.md
gov:www.mem.gov.cn~19,gov,talent-programs,https://www.mem.gov.cn/gk/rsxx/,www.mem.gov.cn,unprobed,,,卡片抽取,references/gov/talent-programs.md
gov:www.mem.gov.cn~42,gov,政府信息公开渠道,https://www.mem.gov.cn/gk/sgcc/tbzdsgdcbg/,www.mem.gov.cn,unprobed,,,卡片抽取,references/gov/disclosure-channels.md
gov:www.mem.gov.cn~64,gov,china-policy-sites,https://www.mem.gov.cn/,www.mem.gov.cn,unprobed,,,卡片抽取,references/gov/china-policy-sites.md
gov:www.mem.gov.cn~65,gov,china-policy-sites,https://www.mem.gov.cn/gk/zcjd/,www.mem.gov.cn,unprobed,,,卡片抽取,references/gov/china-policy-sites.md
gov:www.mem.gov.cn~66,gov,china-policy-sites,https://www.mem.gov.cn/fw/flfgbz/,www.mem.gov.cn,unprobed,,,卡片抽取,references/gov/china-policy-sites.md
gov:www.mnr.gov.cn~49,gov,china-policy-sites,http://www.mnr.gov.cn/,www.mnr.gov.cn,unprobed,,,卡片抽取,references/gov/china-policy-sites.md
gov:www.mnr.gov.cn~50,gov,政府信息公开渠道,https://www.mnr.gov.cn/,www.mnr.gov.cn,unprobed,,,卡片抽取,references/gov/disclosure-channels.md
gov:www.mnr.gov.cn~51,gov,china-policy-sites,http://www.mnr.gov.cn/gk/zcjd/,www.mnr.gov.cn,unprobed,,,卡片抽取,references/gov/china-policy-sites.md
gov:www.moa.gov.cn~24,gov,china-policy-sites,http://www.moa.gov.cn/,www.moa.gov.cn,unprobed,,,卡片抽取,references/gov/china-policy-sites.md
gov:www.moa.gov.cn~25,gov,china-policy-sites,http://www.moa.gov.cn/gk/,www.moa.gov.cn,unprobed,,,卡片抽取,references/gov/china-policy-sites.md
gov:www.mod.gov.cn,gov,defense-documents,http://www.mod.gov.cn/gfbw/fgwx/bps/index.html,www.mod.gov.cn,unprobed,,,卡片抽取,references/gov/defense-documents.md
gov:www.mod.gov.cn~1,gov,defense-documents,http://www.mod.gov.cn/gfbw/fgwx/index.html,www.mod.gov.cn,unprobed,,,卡片抽取,references/gov/defense-documents.md
gov:www.mod.gov.cn~12,gov,defense-documents,http://www.mod.gov.cn/gfbw/fgwx/bps/4846424.html',www.mod.gov.cn,unprobed,,,卡片抽取,references/gov/defense-documents.md
gov:www.mod.gov.cn~2,gov,defense-documents,http://www.mod.gov.cn/gfbw/jswj/index.html,www.mod.gov.cn,unprobed,,,卡片抽取,references/gov/defense-documents.md
gov:www.mod.gov.cn~3,gov,defense-documents,http://www.mod.gov.cn/gfbw/qwfb/index.html,www.mod.gov.cn,unprobed,,,卡片抽取,references/gov/defense-documents.md
gov:www.mod.gov.cn~34,gov,china-policy-sites,http://www.mod.gov.cn/,www.mod.gov.cn,unprobed,,,卡片抽取,references/gov/china-policy-sites.md
gov:www.mod.gov.cn~35,gov,china-policy-sites,http://www.mod.gov.cn/regulatory/index.htm,www.mod.gov.cn,unprobed,,,卡片抽取,references/gov/china-policy-sites.md
gov:www.mod.gov.cn~4,gov,defense-documents,http://www.mod.gov.cn/gfbw/xwfyr/index.html,www.mod.gov.cn,unprobed,,,卡片抽取,references/gov/defense-documents.md
gov:www.moe.gov.cn,gov,edu-research-institutions,https://www.moe.gov.cn/jyb_xxgk/xxgk/neirong/fenlei/sxml_gdjy/gdjy_gxsz/gxsz_xxmd/,www.moe.gov.cn,unprobed,,,卡片抽取,references/gov/edu-research-institutions.md
gov:www.moe.gov.cn~1,gov,edu-research-institutions,http://www.moe.gov.cn/jyb_xxgk/s5743/s5744/A22/,www.moe.gov.cn,unprobed,,,卡片抽取,references/gov/edu-research-institutions.md
gov:www.moe.gov.cn~12,gov,edu-research-institutions,https://www.moe.gov.cn/,www.moe.gov.cn,unprobed,,,卡片抽取,references/gov/edu-research-institutions.md
gov:www.moe.gov.cn~16,gov,edu-research-institutions,http://www.moe.gov.cn/jyb_xxgk/s5743/s5744/202606/t20260618_1441074.html,www.moe.gov.cn,unprobed,,,卡片抽取,references/gov/edu-research-institutions.md
gov:www.moe.gov.cn~16,gov,talent-programs,https://www.moe.gov.cn/srcsite/A04/s8132/{YYYYMM}/t{YYYYMMDD}_{id}.html,www.moe.gov.cn,unprobed,,,卡片抽取,references/gov/talent-programs.md
gov:www.moe.gov.cn~17,gov,talent-programs,http://www.moe.gov.cn/srcsite/A04/s7051/201801/t20180105_323866.html,www.moe.gov.cn,unprobed,,,卡片抽取,references/gov/talent-programs.md
gov:www.moe.gov.cn~18,gov,talent-programs,http://www.moe.gov.cn/was5/web/search?channelid=239993&searchword=…,www.moe.gov.cn,unprobed,,,卡片抽取,references/gov/talent-programs.md
gov:www.moe.gov.cn~19,gov,edu-research-institutions,https://www.moe.gov.cn/srcsite/A22/s7065/202202/t20220211_598710.html,www.moe.gov.cn,unprobed,,,卡片抽取,references/gov/edu-research-institutions.md
gov:www.moe.gov.cn~20,gov,edu-research-institutions,https://www.moe.gov.cn/s78/A22/A22_ztzl/ztzl_tjsylpt/sylpt_jsxk/201712/t20171206_320669.html,www.moe.gov.cn,unprobed,,,卡片抽取,references/gov/edu-research-institutions.md
gov:www.moe.gov.cn~20,gov,talent-programs,https://www.moe.gov.cn/srcsite/A10/s7011/,www.moe.gov.cn,unprobed,,,卡片抽取,references/gov/talent-programs.md
gov:www.moe.gov.cn~36,gov,china-policy-sites,http://www.moe.gov.cn/,www.moe.gov.cn,unprobed,,,卡片抽取,references/gov/china-policy-sites.md
gov:www.moe.gov.cn~37,gov,china-policy-sites,http://www.moe.gov.cn/jyb_xwfb/s271/,www.moe.gov.cn,unprobed,,,卡片抽取,references/gov/china-policy-sites.md
gov:www.moe.gov.cn~38,gov,china-policy-sites,http://www.moe.gov.cn/was5/web/search?channelid=239993,www.moe.gov.cn,unprobed,,,卡片抽取,references/gov/china-policy-sites.md
gov:www.moe.gov.cn~4,gov,talent-programs,https://www.moe.gov.cn/srcsite/A04/s8132/,www.moe.gov.cn,unprobed,,,卡片抽取,references/gov/talent-programs.md
gov:www.moe.gov.cn~8,gov,talent-programs,https://www.moe.gov.cn/,www.moe.gov.cn,unprobed,,,卡片抽取,references/gov/talent-programs.md
gov:www.mof.gov.cn~10,gov,defense-documents,https://www.mof.gov.cn/gkml/caizhengshuju/,www.mof.gov.cn,unprobed,,,卡片抽取,references/gov/defense-documents.md
gov:www.mof.gov.cn~46,gov,china-policy-sites,http://www.mof.gov.cn/index.htm,www.mof.gov.cn,unprobed,,,卡片抽取,references/gov/china-policy-sites.md
gov:www.mof.gov.cn~47,gov,china-policy-sites,http://www.mof.gov.cn/zhengwuxinxi/zhengcefabu/,www.mof.gov.cn,unprobed,,,卡片抽取,references/gov/china-policy-sites.md
gov:www.mof.gov.cn~48,gov,china-policy-sites,http://www.mof.gov.cn/zhengwuxinxi/zhengcejiedu/,www.mof.gov.cn,unprobed,,,卡片抽取,references/gov/china-policy-sites.md
gov:www.mofcom.gov.cn~57,gov,china-policy-sites,http://www.mofcom.gov.cn/,www.mofcom.gov.cn,unprobed,,,卡片抽取,references/gov/china-policy-sites.md
gov:www.mofcom.gov.cn~58,gov,china-policy-sites,http://www.mofcom.gov.cn/article/zcfb/,www.mofcom.gov.cn,unprobed,,,卡片抽取,references/gov/china-policy-sites.md
gov:www.mofcom.gov.cn~59,gov,china-policy-sites,http://www.mofcom.gov.cn/article/zcjd/,www.mofcom.gov.cn,unprobed,,,卡片抽取,references/gov/china-policy-sites.md
gov:www.mofcom.gov.cn~60,gov,china-policy-sites,http://www.mofcom.gov.cn/article/tj/,www.mofcom.gov.cn,unprobed,,,卡片抽取,references/gov/china-policy-sites.md
gov:www.mohrss.gov.cn,gov,人事任免源清单,https://www.mohrss.gov.cn/xxgk2020/fdzdgknr/bnrsgl/rsrm/,www.mohrss.gov.cn,unprobed,,,卡片抽取,references/gov/renshi-sources.md
gov:www.mohrss.gov.cn~18,gov,china-policy-sites,http://www.mohrss.gov.cn/,www.mohrss.gov.cn,unprobed,,,卡片抽取,references/gov/china-policy-sites.md
gov:www.mohrss.gov.cn~19,gov,china-policy-sites,http://www.mohrss.gov.cn//xxgk2020/,www.mohrss.gov.cn,unprobed,,,卡片抽取,references/gov/china-policy-sites.md
gov:www.mohrss.gov.cn~6,gov,人事任免源清单,https://www.mohrss.gov.cn/SYrlzyhshbzb/sydqjdxs/SYguowuyuanrenmian,www.mohrss.gov.cn,unprobed,,,卡片抽取,references/gov/renshi-sources.md
gov:www.mohrss.gov.cn~9,gov,talent-programs,https://www.mohrss.gov.cn/,www.mohrss.gov.cn,unprobed,,,卡片抽取,references/gov/talent-programs.md
gov:www.mohurd.gov.cn~52,gov,china-policy-sites,http://www.mohurd.gov.cn/,www.mohurd.gov.cn,unprobed,,,卡片抽取,references/gov/china-policy-sites.md
gov:www.mohurd.gov.cn~53,gov,china-policy-sites,http://www.mohurd.gov.cn/wjfb/index.html,www.mohurd.gov.cn,unprobed,,,卡片抽取,references/gov/china-policy-sites.md
gov:www.mohurd.gov.cn~57,gov,政府信息公开渠道,https://www.mohurd.gov.cn/,www.mohurd.gov.cn,unprobed,,,卡片抽取,references/gov/disclosure-channels.md
gov:www.moj.gov.cn~16,gov,china-policy-sites,http://www.moj.gov.cn/,www.moj.gov.cn,unprobed,,,卡片抽取,references/gov/china-policy-sites.md
gov:www.most.gov.cn~11,gov,china-policy-sites,http://www.most.gov.cn/,www.most.gov.cn,unprobed,,,卡片抽取,references/gov/china-policy-sites.md
gov:www.most.gov.cn~12,gov,china-policy-sites,http://www.most.gov.cn/kjzc/,www.most.gov.cn,unprobed,,,卡片抽取,references/gov/china-policy-sites.md
gov:www.mot.gov.cn~22,gov,china-policy-sites,https://www.mot.gov.cn/,www.mot.gov.cn,unprobed,,,卡片抽取,references/gov/china-policy-sites.md
gov:www.mot.gov.cn~23,gov,china-policy-sites,https://www.mot.gov.cn/zhengce/,www.mot.gov.cn,unprobed,,,卡片抽取,references/gov/china-policy-sites.md
gov:www.mva.gov.cn,gov,veterans-affairs,https://www.mva.gov.cn/,www.mva.gov.cn,unprobed,,,卡片抽取,references/gov/veterans-affairs.md
gov:www.mva.gov.cn~10,gov,veterans-affairs,https://www.mva.gov.cn/gongkai/zfxxgkpt/zhengce/gfxwj/,www.mva.gov.cn,unprobed,,,卡片抽取,references/gov/veterans-affairs.md
gov:www.mva.gov.cn~11,gov,veterans-affairs,https://www.mva.gov.cn/gongkai/zfxxgkpt/fdzdgknr/fgzc/,www.mva.gov.cn,unprobed,,,卡片抽取,references/gov/veterans-affairs.md
gov:www.mva.gov.cn~12,gov,veterans-affairs,https://www.mva.gov.cn/gongkai/zfxxgkpt/fdzdgknr/cwxx/,www.mva.gov.cn,unprobed,,,卡片抽取,references/gov/veterans-affairs.md
gov:www.mva.gov.cn~13,gov,veterans-affairs,https://www.mva.gov.cn/fuwu/xxfw/bybz/,www.mva.gov.cn,unprobed,,,卡片抽取,references/gov/veterans-affairs.md
gov:www.mva.gov.cn~14,gov,veterans-affairs,https://www.mva.gov.cn/sy/qjd/qjdfw/qjdydfx/,www.mva.gov.cn,unprobed,,,卡片抽取,references/gov/veterans-affairs.md
gov:www.mva.gov.cn~18,gov,veterans-affairs,https://www.mva.gov.cn/fuwu/xxfw/bybz/202410/t20241009_446982.html,www.mva.gov.cn,unprobed,,,卡片抽取,references/gov/veterans-affairs.md
gov:www.mva.gov.cn~2,gov,veterans-affairs,https://www.mva.gov.cn/so/s?keyword=,www.mva.gov.cn,unprobed,,,卡片抽取,references/gov/veterans-affairs.md
gov:www.mva.gov.cn~28,gov,china-policy-sites,http://www.mva.gov.cn/,www.mva.gov.cn,unprobed,,,卡片抽取,references/gov/china-policy-sites.md
gov:www.mva.gov.cn~29,gov,china-policy-sites,http://www.mva.gov.cn/jiedu/zcjd/,www.mva.gov.cn,unprobed,,,卡片抽取,references/gov/china-policy-sites.md
gov:www.mva.gov.cn~5,gov,veterans-affairs,http://www.mva.gov.cn/sy/zt/qgtyjrgzhy/yw/201907/P020190726639607265552.pdf,www.mva.gov.cn,unprobed,,,卡片抽取,references/gov/veterans-affairs.md
gov:www.mva.gov.cn~6,gov,veterans-affairs,https://www.mva.gov.cn/gongkai/zfxxgkpt/zhengce/gfxwj/202502/t20250226_481573.html,www.mva.gov.cn,unprobed,,,卡片抽取,references/gov/veterans-affairs.md
gov:www.mva.gov.cn~8,gov,veterans-affairs,https://www.mva.gov.cn/sy/xx/tzgg/,www.mva.gov.cn,unprobed,,,卡片抽取,references/gov/veterans-affairs.md
gov:www.mva.gov.cn~9,gov,veterans-affairs,https://www.mva.gov.cn/sy/xx/bnxx/,www.mva.gov.cn,unprobed,,,卡片抽取,references/gov/veterans-affairs.md
gov:www.mwr.gov.cn~55,gov,china-policy-sites,http://www.mwr.gov.cn/zw/zcfg/fl/,www.mwr.gov.cn,unprobed,,,卡片抽取,references/gov/china-policy-sites.md
gov:www.mwr.gov.cn~56,gov,china-policy-sites,http://www.mwr.gov.cn/zw/zcjd/,www.mwr.gov.cn,unprobed,,,卡片抽取,references/gov/china-policy-sites.md
gov:www.ncha.gov.cn~155,gov,china-policy-sites,http://www.ncha.gov.cn/,www.ncha.gov.cn,unprobed,,,卡片抽取,references/gov/china-policy-sites.md
gov:www.ncha.gov.cn~156,gov,china-policy-sites,http://www.ncha.gov.cn/col/col2237/index.html?id=0,www.ncha.gov.cn,unprobed,,,卡片抽取,references/gov/china-policy-sites.md
gov:www.ndrc.gov.cn,gov,business-environment,https://www.ndrc.gov.cn/xwdt/ztzl/xhyshj/,www.ndrc.gov.cn,unprobed,,,卡片抽取,references/gov/business-environment.md
gov:www.ndrc.gov.cn~10,gov,business-environment,https://www.ndrc.gov.cn/,www.ndrc.gov.cn,unprobed,,,卡片抽取,references/gov/business-environment.md
gov:www.ndrc.gov.cn~10,gov,china-policy-sites,https://www.ndrc.gov.cn/xxgk/wjk,www.ndrc.gov.cn,unprobed,,,卡片抽取,references/gov/china-policy-sites.md
gov:www.ndrc.gov.cn~10,gov,city-credit,https://www.ndrc.gov.cn/xxgk/zcfb/tz/202608/t20260820_1407094.html,www.ndrc.gov.cn,unprobed,,,卡片抽取,references/gov/city-credit.md
gov:www.ndrc.gov.cn~11,gov,city-credit,https://www.ndrc.gov.cn/xwdt/tzgg/202110/t20211029_1301581.html,www.ndrc.gov.cn,unprobed,,,卡片抽取,references/gov/city-credit.md
gov:www.ndrc.gov.cn~12,gov,business-environment,https://www.ndrc.gov.cn/xwdt/ztzl/xhyshj/dfdt/,www.ndrc.gov.cn,unprobed,,,卡片抽取,references/gov/business-environment.md
gov:www.ndrc.gov.cn~13,gov,business-environment,https://www.ndrc.gov.cn/fzggw/jgsj/fgs/sjdt/202010/t20201019_1248411.html,www.ndrc.gov.cn,unprobed,,,卡片抽取,references/gov/business-environment.md
gov:www.ndrc.gov.cn~16,gov,city-credit,https://www.ndrc.gov.cn/,www.ndrc.gov.cn,unprobed,,,卡片抽取,references/gov/city-credit.md
gov:www.ndrc.gov.cn~2,gov,business-environment,https://www.ndrc.gov.cn/xwdt/tzgg/202605/t20260508_1405105.html,www.ndrc.gov.cn,unprobed,,,卡片抽取,references/gov/business-environment.md
gov:www.ndrc.gov.cn~3,gov,business-environment,https://www.ndrc.gov.cn/xwdt/tzgg/202504/t20250430_1397515.html,www.ndrc.gov.cn,unprobed,,,卡片抽取,references/gov/business-environment.md
gov:www.ndrc.gov.cn~36,gov,政府信息公开渠道,https://www.ndrc.gov.cn/,www.ndrc.gov.cn,unprobed,,,卡片抽取,references/gov/disclosure-channels.md
gov:www.ndrc.gov.cn~8,gov,china-policy-sites,https://www.ndrc.gov.cn/,www.ndrc.gov.cn,unprobed,,,卡片抽取,references/gov/china-policy-sites.md
gov:www.ndrc.gov.cn~9,gov,city-credit,https://www.ndrc.gov.cn/fzggw/jgsj/cjd/,www.ndrc.gov.cn,unprobed,,,卡片抽取,references/gov/city-credit.md
gov:www.ndrc.gov.cn~9,gov,china-policy-sites,https://www.ndrc.gov.cn/xxgk/,www.ndrc.gov.cn,unprobed,,,卡片抽取,references/gov/china-policy-sites.md
gov:www.nea.gov.cn~142,gov,china-policy-sites,http://www.nea.gov.cn/,www.nea.gov.cn,unprobed,,,卡片抽取,references/gov/china-policy-sites.md
gov:www.nea.gov.cn~143,gov,china-policy-sites,http://www.nea.gov.cn/policy/zxwj.htm,www.nea.gov.cn,unprobed,,,卡片抽取,references/gov/china-policy-sites.md
gov:www.nea.gov.cn~144,gov,china-policy-sites,http://www.nea.gov.cn/policy/tz.htm,www.nea.gov.cn,unprobed,,,卡片抽取,references/gov/china-policy-sites.md
gov:www.nea.gov.cn~145,gov,china-policy-sites,http://www.nea.gov.cn/policy/gg.htm,www.nea.gov.cn,unprobed,,,卡片抽取,references/gov/china-policy-sites.md
gov:www.nea.gov.cn~146,gov,china-policy-sites,http://www.nea.gov.cn/policy/jd.htm,www.nea.gov.cn,unprobed,,,卡片抽取,references/gov/china-policy-sites.md
gov:www.neac.gov.cn~13,gov,china-policy-sites,http://www.neac.gov.cn/,www.neac.gov.cn,unprobed,,,卡片抽取,references/gov/china-policy-sites.md
gov:www.neac.gov.cn~14,gov,china-policy-sites,http://www.neac.gov.cn/seac/xxgk/index.shtml,www.neac.gov.cn,unprobed,,,卡片抽取,references/gov/china-policy-sites.md
gov:www.news.cn~16,gov,人事任免源清单,http://www.news.cn/renshi/,www.news.cn,unprobed,,,卡片抽取,references/gov/renshi-sources.md
gov:www.nhc.gov.cn~15,gov,edu-research-institutions,https://www.nhc.gov.cn/,www.nhc.gov.cn,unprobed,,,卡片抽取,references/gov/edu-research-institutions.md
gov:www.nhc.gov.cn~61,gov,china-policy-sites,http://www.nhc.gov.cn/,www.nhc.gov.cn,unprobed,,,卡片抽取,references/gov/china-policy-sites.md
gov:www.nhc.gov.cn~62,gov,china-policy-sites,http://www.nhc.gov.cn/wjw/gfxwjj/list.shtml,www.nhc.gov.cn,unprobed,,,卡片抽取,references/gov/china-policy-sites.md
gov:www.nhc.gov.cn~63,gov,china-policy-sites,http://www.nhc.gov.cn/wjw/zcjd/list.shtml,www.nhc.gov.cn,unprobed,,,卡片抽取,references/gov/china-policy-sites.md
gov:www.nhsa.gov.cn~93,gov,china-policy-sites,http://www.nhsa.gov.cn/,www.nhsa.gov.cn,unprobed,,,卡片抽取,references/gov/china-policy-sites.md
gov:www.nhsa.gov.cn~94,gov,china-policy-sites,http://www.nhsa.gov.cn/col/col37/index.html,www.nhsa.gov.cn,unprobed,,,卡片抽取,references/gov/china-policy-sites.md
gov:www.nhsa.gov.cn~95,gov,china-policy-sites,http://www.nhsa.gov.cn/col/col38/index.html,www.nhsa.gov.cn,unprobed,,,卡片抽取,references/gov/china-policy-sites.md
gov:www.nia.gov.cn~165,gov,china-policy-sites,https://www.nia.gov.cn/,www.nia.gov.cn,unprobed,,,卡片抽取,references/gov/china-policy-sites.md
gov:www.nia.gov.cn~166,gov,china-policy-sites,https://www.nia.gov.cn/n741440/n741547/index.html,www.nia.gov.cn,unprobed,,,卡片抽取,references/gov/china-policy-sites.md
gov:www.nia.gov.cn~167,gov,china-policy-sites,https://www.nia.gov.cn/n741440/n741577/index.html,www.nia.gov.cn,unprobed,,,卡片抽取,references/gov/china-policy-sites.md
gov:www.nmpa.gov.cn~159,gov,china-policy-sites,https://www.nmpa.gov.cn/,www.nmpa.gov.cn,unprobed,,,卡片抽取,references/gov/china-policy-sites.md
gov:www.nmpa.gov.cn~160,gov,china-policy-sites,https://www.nmpa.gov.cn/xxgk/fgwj/index.html,www.nmpa.gov.cn,unprobed,,,卡片抽取,references/gov/china-policy-sites.md
gov:www.npc.gov.cn~19,gov,人事任免源清单,http://www.npc.gov.cn/c2/c30834/YYYYMM/tYYYYMMDD_XXXXXX.html,www.npc.gov.cn,unprobed,,,卡片抽取,references/gov/renshi-sources.md
gov:www.npc.gov.cn~2,gov,人事任免源清单,http://www.npc.gov.cn/c2/c12435/c12490/,www.npc.gov.cn,unprobed,,,卡片抽取,references/gov/renshi-sources.md
gov:www.npc.gov.cn~20,gov,人事任免源清单,http://www.npc.gov.cn/c2/c12435/c12490/',www.npc.gov.cn,unprobed,,,卡片抽取,references/gov/renshi-sources.md
gov:www.npc.gov.cn~21,gov,人事任免源清单,http://www.npc.gov.cn/npc/c2/c30834/,www.npc.gov.cn,unprobed,,,卡片抽取,references/gov/renshi-sources.md
gov:www.npc.gov.cn~5,gov,人事任免源清单,http://www.npc.gov.cn/c2/c12435/c12490,www.npc.gov.cn,unprobed,,,卡片抽取,references/gov/renshi-sources.md
gov:www.nppa.gov.cn~106,gov,china-policy-sites,http://www.nppa.gov.cn/,www.nppa.gov.cn,unprobed,,,卡片抽取,references/gov/china-policy-sites.md
gov:www.nppa.gov.cn~107,gov,china-policy-sites,http://www.nppa.gov.cn/nppa/channels/308.shtml,www.nppa.gov.cn,unprobed,,,卡片抽取,references/gov/china-policy-sites.md
gov:www.nra.gov.cn~168,gov,china-policy-sites,http://www.nra.gov.cn/,www.nra.gov.cn,unprobed,,,卡片抽取,references/gov/china-policy-sites.md
gov:www.nra.gov.cn~169,gov,china-policy-sites,http://www.nra.gov.cn/wsbs/xzxk/xzxkxm/,www.nra.gov.cn,unprobed,,,卡片抽取,references/gov/china-policy-sites.md
gov:www.nra.gov.cn~170,gov,china-policy-sites,http://www.nra.gov.cn/jgzf/,www.nra.gov.cn,unprobed,,,卡片抽取,references/gov/china-policy-sites.md
gov:www.nrta.gov.cn~88,gov,china-policy-sites,http://www.nrta.gov.cn/,www.nrta.gov.cn,unprobed,,,卡片抽取,references/gov/china-policy-sites.md
gov:www.nrta.gov.cn~89,gov,china-policy-sites,http://www.nrta.gov.cn/col/col1588/index.html,www.nrta.gov.cn,unprobed,,,卡片抽取,references/gov/china-policy-sites.md
gov:www.nrta.gov.cn~90,gov,china-policy-sites,http://www.nrta.gov.cn/col/col2062/index.html,www.nrta.gov.cn,unprobed,,,卡片抽取,references/gov/china-policy-sites.md
gov:www.nsfc.gov.cn,gov,talent-programs,https://www.nsfc.gov.cn/p1/2853/3102/sqyzz1.html,www.nsfc.gov.cn,unprobed,,,卡片抽取,references/gov/talent-programs.md
gov:www.nsfc.gov.cn~1,gov,talent-programs,https://www.nsfc.gov.cn/p1/2961/2962/3648/cx.html,www.nsfc.gov.cn,unprobed,,,卡片抽取,references/gov/talent-programs.md
gov:www.nsfc.gov.cn~11,gov,talent-programs,https://www.nsfc.gov.cn/p1/2853/3102/72657.html,www.nsfc.gov.cn,unprobed,,,卡片抽取,references/gov/talent-programs.md
gov:www.nsfc.gov.cn~12,gov,talent-programs,https://www.nsfc.gov.cn/p1/2853/3102/72649.html,www.nsfc.gov.cn,unprobed,,,卡片抽取,references/gov/talent-programs.md
gov:www.nsfc.gov.cn~7,gov,talent-programs,https://www.nsfc.gov.cn/,www.nsfc.gov.cn,unprobed,,,卡片抽取,references/gov/talent-programs.md
gov:www.oscca.gov.cn~187,gov,china-policy-sites,https://www.oscca.gov.cn/,www.oscca.gov.cn,unprobed,,,卡片抽取,references/gov/china-policy-sites.md
gov:www.oscca.gov.cn~188,gov,china-policy-sites,https://www.oscca.gov.cn/sca/xxgk/zcfg.shtml,www.oscca.gov.cn,unprobed,,,卡片抽取,references/gov/china-policy-sites.md
gov:www.osta.org.cn~27,gov,professional-titles,http://www.osta.org.cn/,www.osta.org.cn,unprobed,,,卡片抽取,references/gov/professional-titles.md
gov:www.pbc.gov.cn~30,gov,china-policy-sites,http://www.pbc.gov.cn/,www.pbc.gov.cn,unprobed,,,卡片抽取,references/gov/china-policy-sites.md
gov:www.pbc.gov.cn~31,gov,china-policy-sites,http://www.pbc.gov.cn/rmyh/3963412/index.html,www.pbc.gov.cn,unprobed,,,卡片抽取,references/gov/china-policy-sites.md
gov:www.pbc.gov.cn~32,gov,china-policy-sites,http://www.pbc.gov.cn/zhengwugongkai/4081330/4081344/4081395/4081686/index.html,www.pbc.gov.cn,unprobed,,,卡片抽取,references/gov/china-policy-sites.md
gov:www.pbc.gov.cn~33,gov,china-policy-sites,http://www.pbc.gov.cn/tiaofasi/144941/index.html,www.pbc.gov.cn,unprobed,,,卡片抽取,references/gov/china-policy-sites.md
gov:www.saac.gov.cn~182,gov,china-policy-sites,https://www.saac.gov.cn/,www.saac.gov.cn,unprobed,,,卡片抽取,references/gov/china-policy-sites.md
gov:www.saac.gov.cn~183,gov,china-policy-sites,https://www.saac.gov.cn/daj/falv/dazc_list.shtml,www.saac.gov.cn,unprobed,,,卡片抽取,references/gov/china-policy-sites.md
gov:www.saac.gov.cn~184,gov,china-policy-sites,https://www.saac.gov.cn/daj/gjbz/dabz_list.shtml,www.saac.gov.cn,unprobed,,,卡片抽取,references/gov/china-policy-sites.md
gov:www.sac.gov.cn~103,gov,china-policy-sites,http://www.sac.gov.cn/,www.sac.gov.cn,unprobed,,,卡片抽取,references/gov/china-policy-sites.md
gov:www.sac.gov.cn~104,gov,china-policy-sites,http://www.sac.gov.cn/sxxgk/zcwj/,www.sac.gov.cn,unprobed,,,卡片抽取,references/gov/china-policy-sites.md
gov:www.sac.gov.cn~105,gov,china-policy-sites,http://www.sac.gov.cn/sxxgk/zcjd/,www.sac.gov.cn,unprobed,,,卡片抽取,references/gov/china-policy-sites.md
gov:www.safe.gov.cn~175,gov,china-policy-sites,http://www.safe.gov.cn/safe/index.html,www.safe.gov.cn,unprobed,,,卡片抽取,references/gov/china-policy-sites.md
gov:www.safe.gov.cn~176,gov,china-policy-sites,http://www.safe.gov.cn/safe/zcfg/index.html,www.safe.gov.cn,unprobed,,,卡片抽取,references/gov/china-policy-sites.md
gov:www.samr.gov.cn~11,gov,gsxt.gov.cn,https://www.samr.gov.cn/zw/zfxxgk/fdzdgknr/djzcj/art/2023/,www.samr.gov.cn,unprobed,,,卡片抽取,references/gov/gsxt.md
gov:www.samr.gov.cn~76,gov,china-policy-sites,https://www.samr.gov.cn/,www.samr.gov.cn,unprobed,,,卡片抽取,references/gov/china-policy-sites.md
gov:www.samr.gov.cn~77,gov,china-policy-sites,https://www.samr.gov.cn/zw/wjfb/,www.samr.gov.cn,unprobed,,,卡片抽取,references/gov/china-policy-sites.md
gov:www.samr.gov.cn~78,gov,china-policy-sites,https://www.samr.gov.cn/zw/wjfb/zdjd/,www.samr.gov.cn,unprobed,,,卡片抽取,references/gov/china-policy-sites.md
gov:www.sara.gov.cn~108,gov,china-policy-sites,http://www.sara.gov.cn/,www.sara.gov.cn,unprobed,,,卡片抽取,references/gov/china-policy-sites.md
gov:www.sara.gov.cn~109,gov,china-policy-sites,http://www.sara.gov.cn/xxgk/index.jhtml,www.sara.gov.cn,unprobed,,,卡片抽取,references/gov/china-policy-sites.md
gov:www.sasac.gov.cn~69,gov,china-policy-sites,http://www.sasac.gov.cn/,www.sasac.gov.cn,unprobed,,,卡片抽取,references/gov/china-policy-sites.md
gov:www.sasac.gov.cn~70,gov,china-policy-sites,http://www.sasac.gov.cn/n2588035/n2588320/index.html,www.sasac.gov.cn,unprobed,,,卡片抽取,references/gov/china-policy-sites.md
gov:www.sasac.gov.cn~71,gov,china-policy-sites,http://www.sasac.gov.cn/n2588035/n2588320/n2588340/index.html,www.sasac.gov.cn,unprobed,,,卡片抽取,references/gov/china-policy-sites.md
gov:www.sastind.gov.cn~163,gov,china-policy-sites,http://www.sastind.gov.cn/,www.sastind.gov.cn,unprobed,,,卡片抽取,references/gov/china-policy-sites.md
gov:www.sastind.gov.cn~164,gov,china-policy-sites,http://www.sastind.gov.cn/n4235/n6654336/index.html,www.sastind.gov.cn,unprobed,,,卡片抽取,references/gov/china-policy-sites.md
gov:www.satcm.gov.cn~173,gov,china-policy-sites,http://www.satcm.gov.cn/,www.satcm.gov.cn,unprobed,,,卡片抽取,references/gov/china-policy-sites.md
gov:www.satcm.gov.cn~174,gov,china-policy-sites,http://www.satcm.gov.cn/zhengcewenjian/,www.satcm.gov.cn,unprobed,,,卡片抽取,references/gov/china-policy-sites.md
gov:www.scio.gov.cn~120,gov,china-policy-sites,http://www.scio.gov.cn/index.htm,www.scio.gov.cn,unprobed,,,卡片抽取,references/gov/china-policy-sites.md
gov:www.scio.gov.cn~121,gov,china-policy-sites,http://www.scio.gov.cn/zfbps/index.htm,www.scio.gov.cn,unprobed,,,卡片抽取,references/gov/china-policy-sites.md
gov:www.scio.gov.cn~14,gov,defense-documents,https://www.scio.gov.cn/,www.scio.gov.cn,unprobed,,,卡片抽取,references/gov/defense-documents.md
gov:www.scio.gov.cn~15,gov,defense-documents,http://www.scio.gov.cn/zfbps/ndhf/{年}n/,www.scio.gov.cn,unprobed,,,卡片抽取,references/gov/defense-documents.md
gov:www.scio.gov.cn~16,gov,defense-documents,http://www.scio.gov.cn/zfbps/ndhf/2019n/202207/t20220704_130617.html,www.scio.gov.cn,unprobed,,,卡片抽取,references/gov/defense-documents.md
gov:www.scio.gov.cn~6,gov,defense-documents,http://www.scio.gov.cn/zfbps/,www.scio.gov.cn,unprobed,,,卡片抽取,references/gov/defense-documents.md
gov:www.scio.gov.cn~7,gov,defense-documents,http://www.scio.gov.cn/search/bps/index.html,www.scio.gov.cn,unprobed,,,卡片抽取,references/gov/defense-documents.md
gov:www.scs.gov.cn~180,gov,china-policy-sites,http://www.scs.gov.cn/,www.scs.gov.cn,unprobed,,,卡片抽取,references/gov/china-policy-sites.md
gov:www.scs.gov.cn~181,gov,china-policy-sites,http://www.scs.gov.cn/zcfg/,www.scs.gov.cn,unprobed,,,卡片抽取,references/gov/china-policy-sites.md
gov:www.shanghai.gov.cn~18,gov,business-environment,https://www.shanghai.gov.cn/nw12344/20260104/0b80134b5fa944eea6c12e586bfec06e.html,www.shanghai.gov.cn,unprobed,,,卡片抽取,references/gov/business-environment.md
gov:www.sndata.gov.cn~13,gov,gov_opendata,http://www.sndata.gov.cn/,www.sndata.gov.cn,unprobed,,,卡片抽取,references/gov/gov_opendata.md
gov:www.spb.gov.cn~171,gov,china-policy-sites,http://www.spb.gov.cn/,www.spb.gov.cn,unprobed,,,卡片抽取,references/gov/china-policy-sites.md
gov:www.spb.gov.cn~172,gov,china-policy-sites,http://www.spb.gov.cn/zc/,www.spb.gov.cn,unprobed,,,卡片抽取,references/gov/china-policy-sites.md
gov:www.sport.gov.cn~79,gov,china-policy-sites,https://www.sport.gov.cn/,www.sport.gov.cn,unprobed,,,卡片抽取,references/gov/china-policy-sites.md
gov:www.sport.org.cn~80,gov,china-policy-sites,http://www.sport.org.cn/search/system/,www.sport.org.cn,unprobed,,,卡片抽取,references/gov/china-policy-sites.md
gov:www.stats.gov.cn~91,gov,china-policy-sites,http://www.stats.gov.cn/,www.stats.gov.cn,unprobed,,,卡片抽取,references/gov/china-policy-sites.md
gov:www.stats.gov.cn~92,gov,china-policy-sites,http://www.stats.gov.cn/xxgk/list1.html,www.stats.gov.cn,unprobed,,,卡片抽取,references/gov/china-policy-sites.md
gov:www.suzhou.gov.cn~43,gov,gov_opendata,http://www.suzhou.gov.cn/OpenResourceWeb/home,www.suzhou.gov.cn,unprobed,,,卡片抽取,references/gov/gov_opendata.md
gov:www.tobacco.gov.cn~147,gov,china-policy-sites,http://www.tobacco.gov.cn/,www.tobacco.gov.cn,unprobed,,,卡片抽取,references/gov/china-policy-sites.md
gov:www.tobacco.gov.cn~148,gov,china-policy-sites,http://www.tobacco.gov.cn/gjyc/xzgfwj/xxgk_gknr_list.shtml,www.tobacco.gov.cn,unprobed,,,卡片抽取,references/gov/china-policy-sites.md
gov:www.tobacco.gov.cn~149,gov,china-policy-sites,http://www.tobacco.gov.cn/gjyc/zcwjk/zck.shtml?tab=zcwj,www.tobacco.gov.cn,unprobed,,,卡片抽取,references/gov/china-policy-sites.md
gov:www.worldbank.org~7,gov,business-environment,https://www.worldbank.org/en/businessready,www.worldbank.org,unprobed,,,卡片抽取,references/gov/business-environment.md
gov:www.wuhandata.gov.cn~41,gov,gov_opendata,http://www.wuhandata.gov.cn/whData/,www.wuhandata.gov.cn,unprobed,,,卡片抽取,references/gov/gov_opendata.md
gov:www.xinhuanet.com~17,gov,人事任免源清单,http://www.xinhuanet.com/renshi/,www.xinhuanet.com,unprobed,,,卡片抽取,references/gov/renshi-sources.md
gov:www.xinhuanet.com~18,gov,人事任免源清单,http://www.xinhuanet.com/renshi/YYYY-MM/DD/c_,www.xinhuanet.com,unprobed,,,卡片抽取,references/gov/renshi-sources.md
gov:www.yaan.gov.cn~19,gov,gov_opendata,http://www.yaan.gov.cn/shuju.html,www.yaan.gov.cn,unprobed,,,卡片抽取,references/gov/gov_opendata.md
gov:www.zgjssw.gov.cn~27,gov,人事任免源清单,https://www.zgjssw.gov.cn/fabuting/renmian/,www.zgjssw.gov.cn,unprobed,,,卡片抽取,references/gov/renshi-sources.md
gov:www.zgjssw.gov.cn~28,gov,人事任免源清单,https://www.zgjssw.gov.cn/fabuting/renmian/YYYYMM/tYYYYMMDD_XXXXXXX.shtml,www.zgjssw.gov.cn,unprobed,,,卡片抽取,references/gov/renshi-sources.md
gov:www.zgjssw.gov.cn~29,gov,人事任免源清单,https://www.zgjssw.gov.cn/fabuting/renmian/202606/t20260630_8580853.shtml,www.zgjssw.gov.cn,unprobed,,,卡片抽取,references/gov/renshi-sources.md
gov:www.zhaoqing.gov.cn~28,gov,gov_opendata,http://www.zhaoqing.gov.cn/sjkf/,www.zhaoqing.gov.cn,unprobed,,,卡片抽取,references/gov/gov_opendata.md
gov:www.zyopendata.gov.cn~30,gov,gov_opendata,http://www.zyopendata.gov.cn/,www.zyopendata.gov.cn,unprobed,,,卡片抽取,references/gov/gov_opendata.md
gov:www\.cnipa\.gov\.cn~10,gov,cnipa.gov.cn,https://www\.cnipa\.gov\.cn/(art|col,www\.cnipa\.gov\.cn,unprobed,,,卡片抽取,references/gov/ip-cnipa.md
gov:xinwen.bjd.com.cn~12,gov,北京16区门户站群,https://xinwen.bjd.com.cn/content/s5c2c0e24e4b06597cc7df95a.html,xinwen.bjd.com.cn,unprobed,,,卡片抽取,references/gov/beijing-districts.md
gov:xxgk.mca.gov.cn~45,gov,china-policy-sites,http://xxgk.mca.gov.cn:8011/gdnps/pc/index.jsp?mtype=1,xxgk.mca.gov.cn,unprobed,,,卡片抽取,references/gov/china-policy-sites.md
gov:xxgs.chinanpo.mca.gov.cn~1,gov,chinanpo.mca.gov.cn,https://xxgs.chinanpo.mca.gov.cn/gsxt/newList,xxgs.chinanpo.mca.gov.cn,unprobed,,,卡片抽取,references/gov/chinanpo.md
gov:xxgs.chinanpo.mca.gov.cn~10,gov,chinanpo.mca.gov.cn,https://xxgs.chinanpo.mca.gov.cn,xxgs.chinanpo.mca.gov.cn,unprobed,,,卡片抽取,references/gov/chinanpo.md
gov:xxgs.chinanpo.mca.gov.cn~2,gov,chinanpo.mca.gov.cn,https://xxgs.chinanpo.mca.gov.cn/gsxt/newDetails…,xxgs.chinanpo.mca.gov.cn,unprobed,,,卡片抽取,references/gov/chinanpo.md
gov:xxgs.chinanpo.mca.gov.cn~3,gov,chinanpo.mca.gov.cn,https://xxgs.chinanpo.mca.gov.cn/gsxt/yzwfsxmdList,xxgs.chinanpo.mca.gov.cn,unprobed,,,卡片抽取,references/gov/chinanpo.md
gov:xxgs.chinanpo.mca.gov.cn~4,gov,chinanpo.mca.gov.cn,https://xxgs.chinanpo.mca.gov.cn/gsxt/banillegalorg,xxgs.chinanpo.mca.gov.cn,unprobed,,,卡片抽取,references/gov/chinanpo.md
gov:xxgs.chinanpo.mca.gov.cn~6,gov,chinanpo.mca.gov.cn,https://xxgs.chinanpo.mca.gov.cn/gsxt/shzzCount,xxgs.chinanpo.mca.gov.cn,unprobed,,,卡片抽取,references/gov/chinanpo.md
gov:xxgs.chinanpo.mca.gov.cn~7,gov,chinanpo.mca.gov.cn,https://xxgs.chinanpo.mca.gov.cn/gsxt/newList?b=,xxgs.chinanpo.mca.gov.cn,unprobed,,,卡片抽取,references/gov/chinanpo.md
gov:xxgs.chinanpo.mca.gov.cn~8,gov,chinanpo.mca.gov.cn,https://xxgs.chinanpo.mca.gov.cn/gsxt/newList?b=JTdCJTIybyUyMiUzQSUyMiVFNSU5RiVCQSVFOSU4NyU5MSVFNCVCQyU5QSUyMiUyQyUyMnUlMjIlM0ElMjIlMjIlMkMlMjJ0JTIyJTNBJTIyJTIyJTJDJTIycyUyMiUzQSUyMiUyMiU3RA==,xxgs.chinanpo.mca.gov.cn,unprobed,,,卡片抽取,references/gov/chinanpo.md
gov:xxgs.chinanpo.mca.gov.cn~9,gov,chinanpo.mca.gov.cn,https://xxgs.chinanpo.mca.gov.cn/api/biz/ma/shzzgsxt/a/gridQuery.html,xxgs.chinanpo.mca.gov.cn,unprobed,,,卡片抽取,references/gov/chinanpo.md
gov:xzfg.moj.gov.cn~17,gov,china-policy-sites,http://xzfg.moj.gov.cn/search2.html,xzfg.moj.gov.cn,unprobed,,,卡片抽取,references/gov/china-policy-sites.md
gov:xzfg.moj.gov.cn~22,gov,政府信息公开渠道,http://xzfg.moj.gov.cn/search2.html,xzfg.moj.gov.cn,unprobed,,,卡片抽取,references/gov/disclosure-channels.md
gov:yewu.ghzrzyw.beijing.gov.cn~3,gov,政府信息公开渠道,https://yewu.ghzrzyw.beijing.gov.cn/gwhd/ysqgk/sqlc.html,yewu.ghzrzyw.beijing.gov.cn,unprobed,,,卡片抽取,references/gov/disclosure-channels.md
gov:yewu.ghzrzyw.beijing.gov.cn~46,gov,政府信息公开渠道,https://yewu.ghzrzyw.beijing.gov.cn/gwxxfb/cxghghlgs/ghlgs.html,yewu.ghzrzyw.beijing.gov.cn,unprobed,,,卡片抽取,references/gov/disclosure-channels.md
gov:yewu.ghzrzyw.beijing.gov.cn~49,gov,政府信息公开渠道,https://yewu.ghzrzyw.beijing.gov.cn/gwxxfb/tdsc/tdzpgxm.html,yewu.ghzrzyw.beijing.gov.cn,unprobed,,,卡片抽取,references/gov/disclosure-channels.md
gov:yjglj.beijing.gov.cn~40,gov,政府信息公开渠道,https://yjglj.beijing.gov.cn/col/col4520/index.html,yjglj.beijing.gov.cn,unprobed,,,卡片抽取,references/gov/disclosure-channels.md
gov:yjglj.beijing.gov.cn~41,gov,政府信息公开渠道,https://yjglj.beijing.gov.cn/art/YYYY/M/D/art_4520_,yjglj.beijing.gov.cn,unprobed,,,卡片抽取,references/gov/disclosure-channels.md
gov:yss.mof.gov.cn~8,gov,defense-documents,http://yss.mof.gov.cn/{年}zyjs/,yss.mof.gov.cn,unprobed,,,卡片抽取,references/gov/defense-documents.md
gov:yss.mof.gov.cn~9,gov,defense-documents,http://yss.mof.gov.cn/{年}zyczys/,yss.mof.gov.cn,unprobed,,,卡片抽取,references/gov/defense-documents.md
gov:yz.chsi.com.cn~17,gov,edu-research-institutions,https://yz.chsi.com.cn/,yz.chsi.com.cn,unprobed,,,卡片抽取,references/gov/edu-research-institutions.md
gov:yz.chsi.com.cn~3,gov,edu-research-institutions,https://yz.chsi.com.cn/zsml/,yz.chsi.com.cn,unprobed,,,卡片抽取,references/gov/edu-research-institutions.md
gov:zcfg.chinanpo.mca.gov.cn~5,gov,chinanpo.mca.gov.cn,https://zcfg.chinanpo.mca.gov.cn/api-k/pages/knowledgefrontend/kl_index_new.html,zcfg.chinanpo.mca.gov.cn,unprobed,,,卡片抽取,references/gov/chinanpo.md
gov:zcps.rlsbt.zj.gov.cn~16,gov,professional-titles,https://zcps.rlsbt.zj.gov.cn/028/client/index.jsp',zcps.rlsbt.zj.gov.cn,unprobed,,,卡片抽取,references/gov/professional-titles.md
gov:zcps.rlsbt.zj.gov.cn~17,gov,professional-titles,https://zcps.rlsbt.zj.gov.cn/028/guestService/guestServiceAction!',zcps.rlsbt.zj.gov.cn,unprobed,,,卡片抽取,references/gov/professional-titles.md
gov:zcps.rlsbt.zj.gov.cn~18,gov,professional-titles,https://zcps.rlsbt.zj.gov.cn/028/client/index6page2.jsp?column1=,zcps.rlsbt.zj.gov.cn,unprobed,,,卡片抽取,references/gov/professional-titles.md
gov:zcps.rlsbt.zj.gov.cn~19,gov,professional-titles,https://zcps.rlsbt.zj.gov.cn/',zcps.rlsbt.zj.gov.cn,unprobed,,,卡片抽取,references/gov/professional-titles.md
gov:zcps.rlsbt.zj.gov.cn~2,gov,professional-titles,https://zcps.rlsbt.zj.gov.cn/028/client/index.jsp,zcps.rlsbt.zj.gov.cn,unprobed,,,卡片抽取,references/gov/professional-titles.md
gov:zgcx.nhc.gov.cn~10,gov,edu-research-institutions,https://zgcx.nhc.gov.cn/unit,zgcx.nhc.gov.cn,unprobed,,,卡片抽取,references/gov/edu-research-institutions.md
gov:zjic.zj.gov.cn~15,gov,business-environment,https://zjic.zj.gov.cn/ywdhx/yshj/,zjic.zj.gov.cn,unprobed,,,卡片抽取,references/gov/business-environment.md
gov:zjw.beijing.gov.cn~51,gov,政府信息公开渠道,https://zjw.beijing.gov.cn/bjjs/fwzs/index.shtml,zjw.beijing.gov.cn,unprobed,,,卡片抽取,references/gov/disclosure-channels.md
gov:zjw.beijing.gov.cn~52,gov,政府信息公开渠道,https://zjw.beijing.gov.cn/bjjs/fwzs/ygdxx69/zs/,zjw.beijing.gov.cn,unprobed,,,卡片抽取,references/gov/disclosure-channels.md
gov:znwd.cnipa.gov.cn~8,gov,cnipa.gov.cn,https://znwd.cnipa.gov.cn/,znwd.cnipa.gov.cn,unprobed,,,卡片抽取,references/gov/ip-cnipa.md
gov:zscx.osta.org.cn~5,gov,professional-titles,http://zscx.osta.org.cn/,zscx.osta.org.cn,unprobed,,,卡片抽取,references/gov/professional-titles.md
gov:zsdata.zs.gov.cn~27,gov,gov_opendata,http://zsdata.zs.gov.cn/web/index,zsdata.zs.gov.cn,unprobed,,,卡片抽取,references/gov/gov_opendata.md
gov:zwfw.nhc.gov.cn~9,gov,edu-research-institutions,https://zwfw.nhc.gov.cn/cxx/,zwfw.nhc.gov.cn,unprobed,,,卡片抽取,references/gov/edu-research-institutions.md
gov:zwgk.cma.gov.cn~126,gov,china-policy-sites,http://zwgk.cma.gov.cn/zfxxgk/gknr/wjgk/gfxwj/,zwgk.cma.gov.cn,unprobed,,,卡片抽取,references/gov/china-policy-sites.md
gov:zwgk.cma.gov.cn~127,gov,china-policy-sites,http://zwgk.cma.gov.cn/zfxxgk/gknr/wjgk/zcjd/,zwgk.cma.gov.cn,unprobed,,,卡片抽取,references/gov/china-policy-sites.md
gov:zwgk.mct.gov.cn~27,gov,china-policy-sites,http://zwgk.mct.gov.cn/zfxxgkml/447/458/463/index_3081.html,zwgk.mct.gov.cn,unprobed,,,卡片抽取,references/gov/china-policy-sites.md
gov:zyk.bjhd.gov.cn~13,gov,北京政府信息公开年报,https://zyk.bjhd.gov.cn/jbdt/zfxxgknb/{Y}/,zyk.bjhd.gov.cn,unprobed,,,卡片抽取,references/gov/beijing-xxgk.md
gov:zyk.bjhd.gov.cn~4,gov,北京街乡镇,https://zyk.bjhd.gov.cn/jbdt/,zyk.bjhd.gov.cn,unprobed,,,卡片抽取,references/gov/beijing-street-town.md
gov:zyk.bjhd.gov.cn~5,gov,北京街乡镇,https://zyk.bjhd.gov.cn/xxgkzl/gkzn/jdbsc/,zyk.bjhd.gov.cn,unprobed,,,卡片抽取,references/gov/beijing-street-town.md
gov:…~11,gov,事业单位登记平台,https://…/sydwfrxxcx,…,unprobed,,,卡片抽取,references/gov/sydj.md
gov:…~12,gov,事业单位登记平台,http://…/sydwfrxxcx,…,unprobed,,,卡片抽取,references/gov/sydj.md
gov:…~16,gov,事业单位登记平台,https://…:443/sydwfrxxcx/**（循环），**加尾部斜杠走,…,unprobed,,,卡片抽取,references/gov/sydj.md
