id,tier,name,url,host,status,http_code,probe_date,note,ref
industry:bceer.bcegc.com,industry,建工修复,http://bceer.bcegc.com/,bceer.bcegc.com,unprobed,,,地方国企控股上市公司(300958),枚举:东方财富A股·实际控制人=北京市人民政府国有资产监督管理委员会 2026-10
industry:bcerr.bcegc.com,industry,建工资源,http://bcerr.bcegc.com/,bcerr.bcegc.com,unprobed,,,地方国企控股上市公司(874662),枚举:东方财富A股·实际控制人=北京市人民政府国有资产监督管理委员会 2026-10
industry:bomco.cnpc.com.cn,industry,宝鸡石油机械有限责任公司,http://bomco.cnpc.com.cn/,bomco.cnpc.com.cn,unprobed,,,陕西国资委网站所列企业,枚举:陕西国资委网站企业名录 2026-10
industry:bsg.cnpc.com.cn,industry,宝鸡石油钢管有限责任公司,http://bsg.cnpc.com.cn/,bsg.cnpc.com.cn,unprobed,,,陕西国资委网站所列企业,枚举:陕西国资委网站企业名录 2026-10
industry:chxz.chinalco.com.cn,industry,云南驰宏锌锗股份有限公司,http://chxz.chinalco.com.cn/,chxz.chinalco.com.cn,unprobed,,,央企控股上市公司(600497),枚举:东方财富A股·实际控制人=国务院国资委 2026-10
industry:comec.cssc.net.cn,industry,中船海洋与防务装备股份有限公司,http://comec.cssc.net.cn/,comec.cssc.net.cn,unprobed,,,央企控股上市公司(600685),枚举:东方财富A股·实际控制人=国务院国资委 2026-10
industry:cqcig.com,industry,市城投集团,http://cqcig.com/,cqcig.com,unprobed,,,重庆国资委监管企业,枚举:重庆国资委网站企业名录 2026-10
industry:cttc.net.cn,industry,中纺标检验认证股份有限公司,http://cttc.net.cn/,cttc.net.cn,unprobed,,,央企控股上市公司(873122),枚举:东方财富A股·实际控制人=国务院国资委 2026-10
industry:development.coscoshipping.com,industry,中远海运发展股份有限公司,http://development.coscoshipping.com/,development.coscoshipping.com,unprobed,,,央企控股上市公司(601866),枚举:东方财富A股·实际控制人=国务院国资委 2026-10
industry:dyny.hnecgc.com.cn,industry,大有能源,http://dyny.hnecgc.com.cn/,dyny.hnecgc.com.cn,unprobed,,,地方国企控股上市公司(600403),枚举:东方财富A股·实际控制人=河南省人民政府国有资产监督管理委员会 2026-10
industry:energy.coscoshipping.com,industry,中远海运能源运输股份有限公司,http://energy.coscoshipping.com/,energy.coscoshipping.com,unprobed,,,央企控股上市公司(600026),枚举:东方财富A股·实际控制人=国务院国资委 2026-10
industry:entech.sinosteel.com,industry,中钢国际工程技术股份有限公司,http://entech.sinosteel.com/,entech.sinosteel.com,unprobed,,,央企控股上市公司(000928),枚举:东方财富A股·实际控制人=国务院国资委 2026-10
industry:eyeoncloud.cn,industry,云眼视界,http://eyeoncloud.cn/,eyeoncloud.cn,unprobed,,,地方国企控股上市公司(874515),枚举:东方财富A股·实际控制人=江西省国有资产监督管理委员会 2026-10
industry:fjfnrz.fjnyjt.com,industry,福能租赁,http://fjfnrz.fjnyjt.com/,fjfnrz.fjnyjt.com,unprobed,,,地方国企控股上市公司(832743),枚举:东方财富A股·实际控制人=福建省人民政府国有资产监督管理委员会 2026-10
industry:fpcfoot.com,industry,国资康复,http://fpcfoot.com/,fpcfoot.com,unprobed,,,地方国企控股上市公司(873051),枚举:东方财富A股·实际控制人=福建省人民政府国有资产监督管理委员会 2026-10
industry:gf.tongrentang.com,industry,同仁堂,http://gf.tongrentang.com/,gf.tongrentang.com,unprobed,,,地方国企控股上市公司(600085),枚举:东方财富A股·实际控制人=北京市人民政府国有资产监督管理委员会 2026-10
industry:ggep.china-cdt.com,industry,广西桂冠电力股份有限公司,http://ggep.china-cdt.com/,ggep.china-cdt.com,unprobed,,,央企控股上市公司(600236),枚举:东方财富A股·实际控制人=国务院国资委 2026-10
industry:gwec.sinopec.com,industry,中国石化长城能源化工（宁夏）有限责任公司,http://gwec.sinopec.com/,gwec.sinopec.com,unprobed,,,宁夏国资委网站所列企业,枚举:宁夏国资委网站企业名录 2026-10
industry:haohua.sinochem.com,industry,昊华化工科技集团股份有限公司,http://haohua.sinochem.com/,haohua.sinochem.com,unprobed,,,央企控股上市公司(600378),枚举:东方财富A股·实际控制人=国务院国资委 2026-10
industry:hbjtznjc.com,industry,智能检测,http://hbjtznjc.com/,hbjtznjc.com,unprobed,,,地方国企控股上市公司(874416),枚举:东方财富A股·实际控制人=湖北省人民政府国有资产监督管理委员会 2026-10
industry:hdshx.chd.com.cn,industry,华电陕西能源有限公司,https://hdshx.chd.com.cn/,hdshx.chd.com.cn,unprobed,,,陕西国资委网站所列企业,枚举:陕西国资委网站企业名录 2026-10
industry:hn508.csgc.com.cn,industry,中光学集团股份有限公司,http://hn508.csgc.com.cn/,hn508.csgc.com.cn,unprobed,,,央企控股上市公司(002189),枚举:东方财富A股·实际控制人=国务院国资委 2026-10
industry:hold.coscoshipping.com,industry,中远海运控股股份有限公司,http://hold.coscoshipping.com/,hold.coscoshipping.com,unprobed,,,央企控股上市公司(601919),枚举:东方财富A股·实际控制人=国务院国资委 2026-10
industry:huashiyt.cdphm.com,industry,华西易通,http://huashiyt.cdphm.com/,huashiyt.cdphm.com,unprobed,,,地方国企控股上市公司(870417),枚举:东方财富A股·实际控制人=四川省国有资产监督管理委员会 2026-10
industry:jksxpower.jnkgjtnews.com,industry,晋控电力,http://jksxpower.jnkgjtnews.com/,jksxpower.jnkgjtnews.com,unprobed,,,地方国企控股上市公司(000767),枚举:东方财富A股·实际控制人=山西省人民政府国有资产监督管理委员会 2026-10
industry:jnkc.sinotruk.com,industry,中国重汽,http://jnkc.sinotruk.com/,jnkc.sinotruk.com,unprobed,,,地方国企控股上市公司(000951),枚举:东方财富A股·实际控制人=山东省人民政府国有资产监督管理委员会 2026-10
industry:jssyjsgf.com,industry,苏盐井神,http://jssyjsgf.com/,jssyjsgf.com,unprobed,,,地方国企控股上市公司(603299),枚举:东方财富A股·实际控制人=江苏省人民政府国有资产监督管理委员会 2026-10
industry:lanquan.gsstic.com,industry,兰州助剂,http://lanquan.gsstic.com/,lanquan.gsstic.com,unprobed,,,地方国企控股上市公司(874044),枚举:东方财富A股·实际控制人=甘肃省人民政府国有资产监督管理委员会 2026-10
industry:lnenergy.com.cn,industry,辽宁省能源产业控股集团,https://lnenergy.com.cn/,lnenergy.com.cn,unprobed,,,辽宁国资委监管企业,枚举:辽宁国资委网站企业名录 2026-10
industry:nepdi.powerchina.cn,industry,宁夏回族自治区电力设计院有限公司,http://nepdi.powerchina.cn/,nepdi.powerchina.cn,unprobed,,,宁夏国资委网站所列企业,枚举:宁夏国资委网站企业名录 2026-10
industry:nwsyy.csg.cn,industry,南方电网数字电网研究院股份有限公司,http://nwsyy.csg.cn/,nwsyy.csg.cn,unprobed,,,央企控股上市公司(301638),枚举:东方财富A股·实际控制人=国务院国资委 2026-10
industry:nxsh.sinopec.com,industry,中国石化销售股份有限公司宁夏石油分公司,http://nxsh.sinopec.com/,nxsh.sinopec.com,unprobed,,,宁夏国资委网站所列企业,枚举:宁夏国资委网站企业名录 2026-10
industry:ny.csg.cn,industry,南方电网综合能源股份有限公司,http://ny.csg.cn/,ny.csg.cn,unprobed,,,央企控股上市公司(003035),枚举:东方财富A股·实际控制人=国务院国资委 2026-10
industry:nyfz.gepic.cn,industry,甘肃能源,http://nyfz.gepic.cn/,nyfz.gepic.cn,unprobed,,,地方国企控股上市公司(000791),枚举:东方财富A股·实际控制人=甘肃省人民政府国有资产监督管理委员会 2026-10
industry:porthebei.com,industry,河北港口,https://porthebei.com/,porthebei.com,unprobed,,,河北国资委监管企业,枚举:河北国资委网站企业名录 2026-10
industry:profile.conch.cn,industry,海螺新材,http://profile.conch.cn/,profile.conch.cn,unprobed,,,地方国企控股上市公司(000619),枚举:东方财富A股·实际控制人=安徽省人民政府国有资产监督管理委员会 2026-10
industry:pzny.chnenergy.com.cn,industry,内蒙古平庄能源股份有限公司,http://pzny.chnenergy.com.cn/,pzny.chnenergy.com.cn,unprobed,,,央企控股上市公司(000780),枚举:东方财富A股·实际控制人=国务院国资委 2026-10
industry:sdmt.shenhuagroup.com.cn,industry,神华神东煤炭集团有限责任公司,http://sdmt.shenhuagroup.com.cn/,sdmt.shenhuagroup.com.cn,unprobed,,,陕西国资委网站所列企业,枚举:陕西国资委网站企业名录 2026-10
industry:shaanxi.chinacoal.com,industry,中煤陕西榆林能源化工有限公司,https://shaanxi.chinacoal.com/,shaanxi.chinacoal.com,unprobed,,,陕西国资委网站所列企业,枚举:陕西国资委网站企业名录 2026-10
industry:shaanxi.chinapost.com.cn,industry,中国邮政集团有限公司陕西省分公司,https://shaanxi.chinapost.com.cn/,shaanxi.chinapost.com.cn,unprobed,,,陕西国资委网站所列企业,枚举:陕西国资委网站企业名录 2026-10
industry:shdyyy.com.cn,industry,第一医药,http://shdyyy.com.cn/,shdyyy.com.cn,unprobed,,,地方国企控股上市公司(600833),枚举:东方财富A股·实际控制人=上海市国有资产监督管理委员会 2026-10
industry:shunfu.cc,industry,舜富精密,http://shunfu.cc/,shunfu.cc,unprobed,,,地方国企控股上市公司(875009),枚举:东方财富A股·实际控制人=浙江省人民政府国有资产监督管理委员会 2026-10
industry:sofe.sinopec.com,industry,中石化石油机械股份有限公司,http://sofe.sinopec.com/,sofe.sinopec.com,unprobed,,,央企控股上市公司(000852),枚举:东方财富A股·实际控制人=国务院国资委 2026-10
industry:spe.coscoshipping.com,industry,中远海运特种运输股份有限公司,http://spe.coscoshipping.com/,spe.coscoshipping.com,unprobed,,,央企控股上市公司(600428),枚举:东方财富A股·实际控制人=国务院国资委 2026-10
industry:sxjk.bjqianye.cn,industry,交控生态,http://sxjk.bjqianye.cn/,sxjk.bjqianye.cn,unprobed,,,地方国企控股上市公司(832476),枚举:东方财富A股·实际控制人=山西省人民政府国有资产监督管理委员会 2026-10
industry:sxlykg.huaxingas.com,industry,蓝焰控股,http://sxlykg.huaxingas.com/,sxlykg.huaxingas.com,unprobed,,,地方国企控股上市公司(000968),枚举:东方财富A股·实际控制人=山西省人民政府国有资产监督管理委员会 2026-10
industry:tdht.ccteg.cn,industry,北京天地华泰矿业管理股份有限公司,http://tdht.ccteg.cn/,tdht.ccteg.cn,unprobed,,,央企控股上市公司(834256),枚举:东方财富A股·实际控制人=国务院国资委 2026-10
industry:tech.coscoshipping.com,industry,中远海运科技股份有限公司,http://tech.coscoshipping.com/,tech.coscoshipping.com,unprobed,,,央企控股上市公司(002401),枚举:东方财富A股·实际控制人=国务院国资委 2026-10
industry:tech.csg.cn,industry,南方电网电力科技股份有限公司,http://tech.csg.cn/,tech.csg.cn,unprobed,,,央企控股上市公司(688248),枚举:东方财富A股·实际控制人=国务院国资委 2026-10
industry:tgrc.cnpc.com.cn,industry,中国石油集团工程材料研究院有限公司,http://tgrc.cnpc.com.cn/,tgrc.cnpc.com.cn,unprobed,,,陕西国资委网站所列企业,枚举:陕西国资委网站企业名录 2026-10
industry:twgf.crmsc.com.cn,industry,中国铁路物资股份有限公司,http://twgf.crmsc.com.cn/,twgf.crmsc.com.cn,unprobed,,,央企控股上市公司(000927),枚举:东方财富A股·实际控制人=国务院国资委 2026-10
industry:wrgold.cn,industry,西部黄金,http://wrgold.cn/,wrgold.cn,unprobed,,,地方国企控股上市公司(601069),枚举:东方财富A股·实际控制人=新疆维吾尔自治区人民政府国有资产监督管理委员会 2026-10
industry:www.000793.com,industry,ST华闻,http://www.000793.com/,www.000793.com,unprobed,,,地方国企控股上市公司(000793),枚举:东方财富A股·实际控制人=海南省国有资产监督管理委员会 2026-10
industry:www.000803.cn,industry,山高环能,http://www.000803.cn/,www.000803.cn,unprobed,,,地方国企控股上市公司(000803),枚举:东方财富A股·实际控制人=山东省人民政府国有资产监督管理委员会 2026-10
industry:www.000899.com,industry,赣能股份,http://www.000899.com/,www.000899.com,unprobed,,,地方国企控股上市公司(000899),枚举:东方财富A股·实际控制人=江西省国有资产监督管理委员会 2026-10
industry:www.0898hq.com,industry,海汽集团,http://www.0898hq.com/,www.0898hq.com,unprobed,,,地方国企控股上市公司(603069),枚举:东方财富A股·实际控制人=海南省国有资产监督管理委员会 2026-10
industry:www.10086.cn,industry,中国移动通信集团有限公司,http://www.10086.cn/,www.10086.cn,unprobed,,,央企·国务院国资委名录(97家),枚举:国务院国资委央企名录+央企网站 2026-10
industry:www.300080.cn,industry,易成新能,http://www.300080.cn/,www.300080.cn,unprobed,,,地方国企控股上市公司(300080),枚举:东方财富A股·实际控制人=河南省人民政府国有资产监督管理委员会 2026-10
industry:www.300188.cn,industry,国投智能信息科技股份有限公司,http://www.300188.cn/,www.300188.cn,unprobed,,,央企控股上市公司(300188),枚举:东方财富A股·实际控制人=国务院国资委 2026-10
industry:www.600269.cn,industry,赣粤高速,http://www.600269.cn/,www.600269.cn,unprobed,,,地方国企控股上市公司(600269),枚举:东方财富A股·实际控制人=江西省国有资产监督管理委员会 2026-10
industry:www.600683.com,industry,京投发展,http://www.600683.com/,www.600683.com,unprobed,,,地方国企控股上市公司(600683),枚举:东方财富A股·实际控制人=北京市人民政府国有资产监督管理委员会 2026-10
industry:www.600689.com,industry,上海三毛,http://www.600689.com/,www.600689.com,unprobed,,,地方国企控股上市公司(600689),枚举:东方财富A股·实际控制人=重庆市国有资产监督管理委员会 2026-10
industry:www.600780.com.cn,industry,通宝能源,http://www.600780.com.cn/,www.600780.com.cn,unprobed,,,地方国企控股上市公司(600780),枚举:东方财富A股·实际控制人=山西省人民政府国有资产监督管理委员会 2026-10
industry:www.600795.com.cn,industry,国电电力发展股份有限公司,http://www.600795.com.cn/,www.600795.com.cn,unprobed,,,央企控股上市公司(600795),枚举:东方财富A股·实际控制人=国务院国资委 2026-10
industry:www.600822sh.com,industry,上海物贸,http://www.600822sh.com/,www.600822sh.com,unprobed,,,地方国企控股上市公司(600822),枚举:东方财富A股·实际控制人=上海市国有资产监督管理委员会 2026-10
industry:www.712.cn,industry,七一二,http://www.712.cn/,www.712.cn,unprobed,,,地方国企控股上市公司(603712),枚举:东方财富A股·实际控制人=天津市人民政府国有资产监督管理委员会 2026-10
industry:www.712yd.cn,industry,津移通信,http://www.712yd.cn/,www.712yd.cn,unprobed,,,地方国企控股上市公司(874682),枚举:东方财富A股·实际控制人=天津市人民政府国有资产监督管理委员会 2026-10
industry:www.aadri.com,industry,建研设计,http://www.aadri.com/,www.aadri.com,unprobed,,,地方国企控股上市公司(301167),枚举:东方财富A股·实际控制人=安徽省人民政府国有资产监督管理委员会 2026-10
industry:www.abchina.com,industry,中国农业银行股份有限公司陕西省分行,https://www.abchina.com/,www.abchina.com,unprobed,,,陕西国资委网站所列企业,枚举:陕西国资委网站企业名录 2026-10
industry:www.aceg.com.cn,industry,安徽建工,http://www.aceg.com.cn/,www.aceg.com.cn,unprobed,,,地方国企控股上市公司(600502),枚举:东方财富A股·实际控制人=安徽省人民政府国有资产监督管理委员会 2026-10
industry:www.aceonline.cn,industry,上海雅仕,http://www.aceonline.cn/,www.aceonline.cn,unprobed,,,地方国企控股上市公司(603329),枚举:东方财富A股·实际控制人=湖北省人民政府国有资产监督管理委员会 2026-10
industry:www.adamaltd.com.cn,industry,安道麦股份有限公司,http://www.adamaltd.com.cn/,www.adamaltd.com.cn,unprobed,,,央企控股上市公司(000553),枚举:东方财富A股·实际控制人=国务院国资委 2026-10
industry:www.addsino.casic.cn,industry,航天工业发展股份有限公司,http://www.addsino.casic.cn/,www.addsino.casic.cn,unprobed,,,央企控股上市公司(000547),枚举:东方财富A股·实际控制人=国务院国资委 2026-10
industry:www.adisseo.com.cn,industry,蓝星安迪苏股份有限公司,http://www.adisseo.com.cn/,www.adisseo.com.cn,unprobed,,,央企控股上市公司(600299),枚举:东方财富A股·实际控制人=国务院国资委 2026-10
industry:www.aecc.cn,industry,中国航空发动机集团有限公司,http://www.aecc.cn/,www.aecc.cn,unprobed,,,央企·国务院国资委名录(97家),枚举:国务院国资委央企名录+央企网站 2026-10
industry:www.aeolustyre.com,industry,风神轮胎股份有限公司,http://www.aeolustyre.com/,www.aeolustyre.com,unprobed,,,央企控股上市公司(600469),枚举:东方财富A股·实际控制人=国务院国资委 2026-10
industry:www.aerocom.cn,industry,航天通信控股集团股份有限公司,http://www.aerocom.cn/,www.aerocom.cn,unprobed,,,央企控股上市公司(400098),枚举:东方财富A股·实际控制人=国务院国资委 2026-10
industry:www.aerosun.cn,industry,航天晨光股份有限公司,http://www.aerosun.cn/,www.aerosun.cn,unprobed,,,央企控股上市公司(600501),枚举:东方财富A股·实际控制人=国务院国资委 2026-10
industry:www.agauto.cn,industry,金数智科,http://www.agauto.cn/,www.agauto.cn,unprobed,,,地方国企控股上市公司(870730),枚举:东方财富A股·实际控制人=河南省人民政府国有资产监督管理委员会 2026-10
industry:www.ahhymd.cn,industry,恒源煤电,http://www.ahhymd.cn/,www.ahhymd.cn,unprobed,,,地方国企控股上市公司(600971),枚举:东方财富A股·实际控制人=安徽省人民政府国有资产监督管理委员会 2026-10
industry:www.ahszd.com,industry,商之都,http://www.ahszd.com/,www.ahszd.com,unprobed,,,地方国企控股上市公司(835433),枚举:东方财富A股·实际控制人=安徽省人民政府国有资产监督管理委员会 2026-10
industry:www.ahtgtb.com,industry,铜冠铜箔,http://www.ahtgtb.com/,www.ahtgtb.com,unprobed,,,地方国企控股上市公司(301217),枚举:东方财富A股·实际控制人=安徽省人民政府国有资产监督管理委员会 2026-10
industry:www.ahtrq.com,industry,皖天然气,http://www.ahtrq.com/,www.ahtrq.com,unprobed,,,地方国企控股上市公司(603689),枚举:东方财富A股·实际控制人=安徽省人民政府国有资产监督管理委员会 2026-10
industry:www.airchina.com.cn,industry,中国国际航空股份有限公司,http://www.airchina.com.cn/,www.airchina.com.cn,unprobed,,,央企控股上市公司(601111),枚举:东方财富A股·实际控制人=国务院国资委 2026-10
industry:www.airchinagroup.com,industry,中国航空集团有限公司,http://www.airchinagroup.com/,www.airchinagroup.com,unprobed,,,央企·国务院国资委名录(97家),枚举:国务院国资委央企名录+央企网站 2026-10
industry:www.airport.gx.cn,industry,广西机场管理集团有限责任公司,http://www.airport.gx.cn/,www.airport.gx.cn,unprobed,,,广西国资委监管企业,枚举:广西国资委监管企业名录 2026-10
industry:www.aisino.com,industry,航天信息股份有限公司,http://www.aisino.com/,www.aisino.com,unprobed,,,央企控股上市公司(600271),枚举:东方财富A股·实际控制人=国务院国资委 2026-10
industry:www.amswater.com,industry,奥美环境,http://www.amswater.com/,www.amswater.com,unprobed,,,地方国企控股上市公司(831149),枚举:东方财富A股·实际控制人=山东省人民政府国有资产监督管理委员会 2026-10
industry:www.anhuibidding.com,industry,安天利信,http://www.anhuibidding.com/,www.anhuibidding.com,unprobed,,,地方国企控股上市公司(873253),枚举:东方财富A股·实际控制人=安徽省人民政府国有资产监督管理委员会 2026-10
industry:www.ankai.com,industry,安凯客车,http://www.ankai.com/,www.ankai.com,unprobed,,,地方国企控股上市公司(000868),枚举:东方财富A股·实际控制人=安徽省人民政府国有资产监督管理委员会 2026-10
industry:www.ansteel.cn,industry,鞍钢集团有限公司,https://www.ansteel.cn/,www.ansteel.cn,unprobed,,,央企·国务院国资委名录(97家),枚举:国务院国资委央企名录+央企网站 2026-10
industry:www.aqldsj.com,industry,联动属具,http://www.aqldsj.com/,www.aqldsj.com,unprobed,,,地方国企控股上市公司(835635),枚举:东方财富A股·实际控制人=安徽省人民政府国有资产监督管理委员会 2026-10
industry:www.arcplus.com.cn,industry,华建集团,http://www.arcplus.com.cn/,www.arcplus.com.cn,unprobed,,,地方国企控股上市公司(600629),枚举:东方财富A股·实际控制人=上海市国有资产监督管理委员会 2026-10
industry:www.artall.com.cn,industry,苏豪弘业,http://www.artall.com.cn/,www.artall.com.cn,unprobed,,,地方国企控股上市公司(600128),枚举:东方财富A股·实际控制人=江苏省人民政府国有资产监督管理委员会 2026-10
industry:www.asdi.com.cn,industry,安徽水研,http://www.asdi.com.cn/,www.asdi.com.cn,unprobed,,,地方国企控股上市公司(874803),枚举:东方财富A股·实际控制人=安徽省人民政府国有资产监督管理委员会 2026-10
industry:www.asia-general.com,industry,亚通新材,http://www.asia-general.com/,www.asia-general.com,unprobed,,,地方国企控股上市公司(A23190),枚举:东方财富A股·实际控制人=浙江省人民政府国有资产监督管理委员会 2026-10
industry:www.atcdi.com.cn,industry,设计总院,http://www.atcdi.com.cn/,www.atcdi.com.cn,unprobed,,,地方国企控股上市公司(603357),枚举:东方财富A股·实际控制人=安徽省人民政府国有资产监督管理委员会 2026-10
industry:www.atmcn.com,industry,安泰科技股份有限公司,http://www.atmcn.com/,www.atmcn.com,unprobed,,,央企控股上市公司(000969),枚举:东方财富A股·实际控制人=国务院国资委 2026-10
industry:www.aucdi.com,industry,安徽城设,http://www.aucdi.com/,www.aucdi.com,unprobed,,,地方国企控股上市公司(875168),枚举:东方财富A股·实际控制人=安徽省人民政府国有资产监督管理委员会 2026-10
industry:www.avic.com.cn,industry,中国航空工业集团有限公司,http://www.avic.com.cn/,www.avic.com.cn,unprobed,,,央企·国务院国资委名录(97家),枚举:国务院国资委央企名录+央企网站 2026-10
industry:www.avicindustry-finance.com,industry,中航工业产融控股股份有限公司,http://www.avicindustry-finance.com/,www.avicindustry-finance.com,unprobed,,,央企控股上市公司(400268),枚举:东方财富A股·实际控制人=国务院国资委 2026-10
industry:www.avinex.com,industry,上海机场,http://www.avinex.com/,www.avinex.com,unprobed,,,地方国企控股上市公司(600009),枚举:东方财富A股·实际控制人=上海市国有资产监督管理委员会 2026-10
industry:www.aygd.com.cn,industry,安源管道,http://www.aygd.com.cn/,www.aygd.com.cn,unprobed,,,地方国企控股上市公司(870160),枚举:东方财富A股·实际控制人=江西省国有资产监督管理委员会 2026-10
industry:www.aysteel.com.cn,industry,安阳钢铁,http://www.aysteel.com.cn/,www.aysteel.com.cn,unprobed,,,地方国企控股上市公司(600569),枚举:东方财富A股·实际控制人=河南省人民政府国有资产监督管理委员会 2026-10
industry:www.baecltd.com.cn,industry,京仪装备,http://www.baecltd.com.cn/,www.baecltd.com.cn,unprobed,,,地方国企控股上市公司(688652),枚举:东方财富A股·实际控制人=北京市人民政府国有资产监督管理委员会 2026-10
industry:www.bailian.sh.cn,industry,百联股份,http://www.bailian.sh.cn/,www.bailian.sh.cn,unprobed,,,地方国企控股上市公司(600827),枚举:东方财富A股·实际控制人=上海市国有资产监督管理委员会 2026-10
industry:www.baoguang.com.cn,industry,陕西宝光真空电器股份有限公司,http://www.baoguang.com.cn/,www.baoguang.com.cn,unprobed,,,央企控股上市公司(600379),枚举:东方财富A股·实际控制人=国务院国资委 2026-10
industry:www.baosteel.com,industry,宝山钢铁股份有限公司,http://www.baosteel.com/,www.baosteel.com,unprobed,,,央企控股上市公司(600019),枚举:东方财富A股·实际控制人=国务院国资委 2026-10
industry:www.baowucarbon.com,industry,宝武碳业科技股份有限公司,http://www.baowucarbon.com/,www.baowucarbon.com,unprobed,,,央企控股上市公司(A21544),枚举:东方财富A股·实际控制人=国务院国资委 2026-10
industry:www.baowugroup.com,industry,中国宝武钢铁集团有限公司,http://www.baowugroup.com/,www.baowugroup.com,unprobed,,,央企·国务院国资委名录(97家),枚举:国务院国资委央企名录+央企网站 2026-10
industry:www.baowumg.com,industry,宝武镁业科技股份有限公司,http://www.baowumg.com/,www.baowumg.com,unprobed,,,央企控股上市公司(002182),枚举:东方财富A股·实际控制人=国务院国资委 2026-10
industry:www.bbcm.com.cn,industry,北巴传媒,http://www.bbcm.com.cn/,www.bbcm.com.cn,unprobed,,,地方国企控股上市公司(600386),枚举:东方财富A股·实际控制人=北京市人民政府国有资产监督管理委员会 2026-10
industry:www.bbmg.com.cn,industry,金隅集团,http://www.bbmg.com.cn/,www.bbmg.com.cn,unprobed,,,地方国企控股上市公司(601992),枚举:东方财富A股·实际控制人=北京市人民政府国有资产监督管理委员会 2026-10
industry:www.bbwgw.com,industry,广西北部湾国际港务集团有限公司,http://www.bbwgw.com/,www.bbwgw.com,unprobed,,,广西国资委监管企业,枚举:广西国资委监管企业名录 2026-10
industry:www.bbwport.cn,industry,北部湾港,http://www.bbwport.cn/,www.bbwport.cn,unprobed,,,地方国企控股上市公司(000582),枚举:东方财富A股·实际控制人=广西壮族自治区人民政府国有资产监督管理委员会 2026-10
industry:www.becc.com.cn,industry,北咨股份,http://www.becc.com.cn/,www.becc.com.cn,unprobed,,,地方国企控股上市公司(Q240291),枚举:东方财富A股·实际控制人=北京市人民政府国有资产监督管理委员会 2026-10
industry:www.beijingns.com.cn,industry,北辰实业,http://www.beijingns.com.cn/,www.beijingns.com.cn,unprobed,,,地方国企控股上市公司(601588),枚举:东方财富A股·实际控制人=北京市人民政府国有资产监督管理委员会 2026-10
industry:www.benefo.tj.cn,industry,百利电气,http://www.benefo.tj.cn/,www.benefo.tj.cn,unprobed,,,地方国企控股上市公司(600468),枚举:东方财富A股·实际控制人=天津市人民政府国有资产监督管理委员会 2026-10
industry:www.bfus.com.cn,industry,北京林大林业科技股份有限公司,http://www.bfus.com.cn/,www.bfus.com.cn,unprobed,,,央企控股上市公司(833526),枚举:东方财富A股·实际控制人=国务院国资委 2026-10
industry:www.bgigc.com,industry,广西北部湾投资集团有限公司,http://www.bgigc.com/,www.bgigc.com,unprobed,,,广西国资委监管企业,枚举:广西国资委监管企业名录 2026-10
industry:www.bgrimm.com,industry,矿冶科技集团有限公司,http://www.bgrimm.com/,www.bgrimm.com,unprobed,,,央企·国务院国资委名录(97家),枚举:国务院国资委央企名录+央企网站 2026-10
industry:www.bgrimmtec.com,industry,北矿科技股份有限公司,http://www.bgrimmtec.com/,www.bgrimmtec.com,unprobed,,,央企控股上市公司(600980),枚举:东方财富A股·实际控制人=国务院国资委 2026-10
industry:www.bhcc.cn,industry,渤海化学,http://www.bhcc.cn/,www.bhcc.cn,unprobed,,,地方国企控股上市公司(600800),枚举:东方财富A股·实际控制人=天津市人民政府国有资产监督管理委员会 2026-10
industry:www.bhferry.com,industry,渤海轮渡,http://www.bhferry.com/,www.bhferry.com,unprobed,,,地方国企控股上市公司(603167),枚举:东方财富A股·实际控制人=辽宁省人民政府国有资产监督管理委员会 2026-10
industry:www.bigdatacq.com,industry,重庆数字资源集团,http://www.bigdatacq.com/,www.bigdatacq.com,unprobed,,,重庆国资委监管企业,枚举:重庆国资委网站企业名录 2026-10
industry:www.binhaipark.cn,industry,泰达航母,http://www.binhaipark.cn/,www.binhaipark.cn,unprobed,,,地方国企控股上市公司(872829),枚举:东方财富A股·实际控制人=天津市人民政府国有资产监督管理委员会 2026-10
industry:www.biohymn.com,industry,佰惠生,http://www.biohymn.com/,www.biohymn.com,unprobed,,,地方国企控股上市公司(835409),枚举:东方财富A股·实际控制人=山东省人民政府国有资产监督管理委员会 2026-10
industry:www.bjcapitalland.com,industry,首创置业,http://www.bjcapitalland.com/,www.bjcapitalland.com,unprobed,,,地方国企控股上市公司(A04022),枚举:东方财富A股·实际控制人=北京市人民政府国有资产监督管理委员会 2026-10
industry:www.bjdv.com,industry,国投融合科技股份有限公司,http://www.bjdv.com/,www.bjdv.com,unprobed,,,央企控股上市公司(833035),枚举:东方财富A股·实际控制人=国务院国资委 2026-10
industry:www.bjev.com.cn,industry,北汽蓝谷,http://www.bjev.com.cn/,www.bjev.com.cn,unprobed,,,地方国企控股上市公司(600733),枚举:东方财富A股·实际控制人=北京市人民政府国有资产监督管理委员会 2026-10
industry:www.bjhhny.com,industry,昊华能源,http://www.bjhhny.com/,www.bjhhny.com,unprobed,,,地方国企控股上市公司(601101),枚举:东方财富A股·实际控制人=北京市人民政府国有资产监督管理委员会 2026-10
industry:www.bjjnrl.com,industry,京能热力,http://www.bjjnrl.com/,www.bjjnrl.com,unprobed,,,地方国企控股上市公司(002893),枚举:东方财富A股·实际控制人=北京市人民政府国有资产监督管理委员会 2026-10
industry:www.bjqcc.com,industry,中铁高铁电气装备股份有限公司,http://www.bjqcc.com/,www.bjqcc.com,unprobed,,,央企控股上市公司(688285),枚举:东方财富A股·实际控制人=国务院国资委 2026-10
industry:www.bjsasc.com,industry,北京神舟航天软件技术股份有限公司,http://www.bjsasc.com/,www.bjsasc.com,unprobed,,,央企控股上市公司(688562),枚举:东方财富A股·实际控制人=国务院国资委 2026-10
industry:www.bkmtc.com,industry,北矿检测技术股份有限公司,http://www.bkmtc.com/,www.bkmtc.com,unprobed,,,央企控股上市公司(873694),枚举:东方财富A股·实际控制人=国务院国资委 2026-10
industry:www.bmtbj.cn,industry,北京检验,http://www.bmtbj.cn/,www.bmtbj.cn,unprobed,,,地方国企控股上市公司(873910),枚举:东方财富A股·实际控制人=北京市人民政府国有资产监督管理委员会 2026-10
industry:www.bohai-auto.com,industry,渤海汽车,http://www.bohai-auto.com/,www.bohai-auto.com,unprobed,,,地方国企控股上市公司(600960),枚举:东方财富A股·实际控制人=北京市人民政府国有资产监督管理委员会 2026-10
industry:www.bohai-water.com,industry,渤海股份,http://www.bohai-water.com/,www.bohai-water.com,unprobed,,,地方国企控股上市公司(000605),枚举:东方财富A股·实际控制人=天津市人民政府国有资产监督管理委员会 2026-10
industry:www.bossco.cc,industry,博世科,http://www.bossco.cc/,www.bossco.cc,unprobed,,,地方国企控股上市公司(300422),枚举:东方财富A股·实际控制人=广西壮族自治区人民政府国有资产监督管理委员会 2026-10
industry:www.bosun.com.cn,industry,博深股份,http://www.bosun.com.cn/,www.bosun.com.cn,unprobed,,,地方国企控股上市公司(002282),枚举:东方财富A股·实际控制人=山东省人民政府国有资产监督管理委员会 2026-10
industry:www.bre600708.com,industry,光明地产,http://www.bre600708.com/,www.bre600708.com,unprobed,,,地方国企控股上市公司(600708),枚举:东方财富A股·实际控制人=上海市国有资产监督管理委员会 2026-10
industry:www.brightdairy.com,industry,光明乳业,http://www.brightdairy.com/,www.brightdairy.com,unprobed,,,地方国企控股上市公司(600597),枚举:东方财富A股·实际控制人=上海市国有资产监督管理委员会 2026-10
industry:www.brightsh.com.cn,industry,玻机智能,http://www.brightsh.com.cn/,www.brightsh.com.cn,unprobed,,,地方国企控股上市公司(836273),枚举:东方财富A股·实际控制人=上海市国有资产监督管理委员会 2026-10
industry:www.bringspring.com,industry,ST荣科,http://www.bringspring.com/,www.bringspring.com,unprobed,,,地方国企控股上市公司(300290),枚举:东方财富A股·实际控制人=河南省人民政府国有资产监督管理委员会 2026-10
industry:www.bthhotels.com,industry,首旅酒店,http://www.bthhotels.com/,www.bthhotels.com,unprobed,,,地方国企控股上市公司(600258),枚举:东方财富A股·实际控制人=北京市人民政府国有资产监督管理委员会 2026-10
industry:www.btkjgf.com,industry,北投科技,http://www.btkjgf.com/,www.btkjgf.com,unprobed,,,地方国企控股上市公司(600936),枚举:东方财富A股·实际控制人=广西壮族自治区人民政府国有资产监督管理委员会 2026-10
industry:www.btks.cn,industry,兵设集团,http://www.btks.cn/,www.btks.cn,unprobed,,,地方国企控股上市公司(874830),枚举:东方财富A股·实际控制人=新疆生产建设兵团国有资产监督管理委员会 2026-10
industry:www.btsteel.com,industry,包头钢铁（集团）有限责任公司,http://www.btsteel.com/,www.btsteel.com,unprobed,,,内蒙古国资委监管企业,枚举:内蒙古国资委网站企业名录 2026-10
industry:www.bzkj.cn,industry,北自所(北京)科技发展股份有限公司,http://www.bzkj.cn/,www.bzkj.cn,unprobed,,,央企控股上市公司(603082),枚举:东方财富A股·实际控制人=国务院国资委 2026-10
industry:www.cabr.cn,industry,中国建筑科学研究院有限公司,http://www.cabr.cn/,www.cabr.cn,unprobed,,,央企·国务院国资委名录(97家),枚举:国务院国资委央企名录+央企网站 2026-10
industry:www.cachet.com.cn,industry,嘉事堂,http://www.cachet.com.cn/,www.cachet.com.cn,unprobed,,,地方国企控股上市公司(002462),枚举:东方财富A股·实际控制人=北京市人民政府国有资产监督管理委员会 2026-10
industry:www.caeri.com.cn,industry,中国汽车工程研究院股份有限公司,http://www.caeri.com.cn/,www.caeri.com.cn,unprobed,,,央企控股上市公司(601965),枚举:东方财富A股·实际控制人=国务院国资委 2026-10
industry:www.cam.com.cn,industry,中国机械科学研究总院集团有限公司,http://www.cam.com.cn/,www.cam.com.cn,unprobed,,,央企·国务院国资委名录(97家),枚举:国务院国资委央企名录+央企网站 2026-10
industry:www.capg.com.cn,industry,中汽研汽车试验场股份有限公司,http://www.capg.com.cn/,www.capg.com.cn,unprobed,,,央企控股上市公司(301215),枚举:东方财富A股·实际控制人=国务院国资委 2026-10
industry:www.capitaleco-pro.com,industry,首创环保,http://www.capitaleco-pro.com/,www.capitaleco-pro.com,unprobed,,,地方国企控股上市公司(600008),枚举:东方财富A股·实际控制人=北京市人民政府国有资产监督管理委员会 2026-10
industry:www.casc.com.cn,industry,中国航空器材集团有限公司,http://www.casc.com.cn/,www.casc.com.cn,unprobed,,,央企·国务院国资委名录(97家),枚举:国务院国资委央企名录+央企网站 2026-10
industry:www.casic.com.cn,industry,中国航天科工集团有限公司,http://www.casic.com.cn/,www.casic.com.cn,unprobed,,,央企·国务院国资委名录(97家),枚举:国务院国资委央企名录+央企网站 2026-10
industry:www.ccag.cn,industry,中国长安汽车集团有限公司,https://www.ccag.cn/,www.ccag.cn,unprobed,,,央企·国务院国资委名录(97家),枚举:国务院国资委央企名录+央企网站 2026-10
industry:www.ccccltd.cn,industry,中国交通建设集团有限公司,http://www.ccccltd.cn/,www.ccccltd.cn,unprobed,,,央企·国务院国资委名录(97家),枚举:国务院国资委央企名录+央企网站 2026-10
industry:www.cccgrealestate.com,industry,中交城市发展控股集团股份有限公司,http://www.cccgrealestate.com/,www.cccgrealestate.com,unprobed,,,央企控股上市公司(000736),枚举:东方财富A股·实际控制人=国务院国资委 2026-10
industry:www.ccegc.cn,industry,重庆建工集团,https://www.ccegc.cn/,www.ccegc.cn,unprobed,,,重庆国资委监管企业,枚举:重庆国资委网站企业名录 2026-10
industry:www.ccegc.cn~2,industry,重庆建工,http://www.ccegc.cn/,www.ccegc.cn,unprobed,,,地方国企控股上市公司(600939),枚举:东方财富A股·实际控制人=重庆市国有资产监督管理委员会 2026-10
industry:www.ccgc.cn,industry,中国煤炭地质总局,http://www.ccgc.cn/,www.ccgc.cn,unprobed,,,央企·国务院国资委名录(97家),枚举:国务院国资委央企名录+央企网站 2026-10
industry:www.ccic.com,industry,中国检验认证（集团）有限公司,http://www.ccic.com/,www.ccic.com,unprobed,,,央企·国务院国资委名录(97家),枚举:国务院国资委央企名录+央企网站 2026-10
industry:www.ccphc.com.cn,industry,重庆化医集团,http://www.ccphc.com.cn/,www.ccphc.com.cn,unprobed,,,重庆国资委监管企业,枚举:重庆国资委网站企业名录 2026-10
industry:www.ccqtgb.com,industry,重庆三峡银行,http://www.ccqtgb.com/,www.ccqtgb.com,unprobed,,,重庆国资委监管企业,枚举:重庆国资委网站企业名录 2026-10
industry:www.ccss.com.cn,industry,中机试验装备股份有限公司,http://www.ccss.com.cn/,www.ccss.com.cn,unprobed,,,央企控股上市公司(872726),枚举:东方财富A股·实际控制人=国务院国资委 2026-10
industry:www.cctc.cn,industry,中国建设科技有限公司,https://www.cctc.cn/,www.cctc.cn,unprobed,,,央企·国务院国资委名录(97家),枚举:国务院国资委央企名录+央企网站 2026-10
industry:www.ccteg.cn,industry,中国煤炭科工集团有限公司,http://www.ccteg.cn/,www.ccteg.cn,unprobed,,,央企·国务院国资委名录(97家),枚举:国务院国资委央企名录+央企网站 2026-10
industry:www.cctgroup.com.cn,industry,中国诚通控股集团有限公司,http://www.cctgroup.com.cn/,www.cctgroup.com.cn,unprobed,,,央企·国务院国资委名录(97家),枚举:国务院国资委央企名录+央企网站 2026-10
industry:www.cdvt.com.cn,industry,承德钒钛,http://www.cdvt.com.cn/,www.cdvt.com.cn,unprobed,,,地方国企控股上市公司(600357),枚举:东方财富A股·实际控制人=河北省人民政府国有资产监督管理委员会 2026-10
industry:www.ceair.com,industry,中国东方航空股份有限公司,http://www.ceair.com/,www.ceair.com,unprobed,,,央企控股上市公司(600115),枚举:东方财富A股·实际控制人=国务院国资委 2026-10
industry:www.ceairgroup.com,industry,中国东方航空集团有限公司,http://www.ceairgroup.com/,www.ceairgroup.com,unprobed,,,央企·国务院国资委名录(97家),枚举:国务院国资委央企名录+央企网站 2026-10
industry:www.cec.com.cn,industry,中国电子信息产业集团有限公司,http://www.cec.com.cn/,www.cec.com.cn,unprobed,,,央企·国务院国资委名录(97家),枚举:国务院国资委央企名录+央企网站 2026-10
industry:www.cecep.cn,industry,中国节能环保集团有限公司,http://www.cecep.cn/,www.cecep.cn,unprobed,,,央企·国务院国资委名录(97家),枚举:国务院国资委央企名录+央企网站 2026-10
industry:www.cecsec.cn,industry,中节能太阳能股份有限公司,http://www.cecsec.cn/,www.cecsec.cn,unprobed,,,央企控股上市公司(000591),枚举:东方财富A股·实际控制人=国务院国资委 2026-10
industry:www.cecwpc.cn,industry,中节能风力发电股份有限公司,http://www.cecwpc.cn/,www.cecwpc.cn,unprobed,,,央企控股上市公司(601016),枚举:东方财富A股·实际控制人=国务院国资委 2026-10
industry:www.cee-group.cn,industry,中国电气装备集团有限公司,http://www.cee-group.cn/,www.cee-group.cn,unprobed,,,央企·国务院国资委名录(97家),枚举:国务院国资委央企名录+央企网站 2026-10
industry:www.ceec.net.cn,industry,中国能源建设集团有限公司,http://www.ceec.net.cn/,www.ceec.net.cn,unprobed,,,央企·国务院国资委名录(97家),枚举:国务院国资委央企名录+央企网站 2026-10
industry:www.cegc.com.cn,industry,重庆高速集团,http://www.cegc.com.cn/,www.cegc.com.cn,unprobed,,,重庆国资委监管企业,枚举:重庆国资委网站企业名录 2026-10
industry:www.cei1958.com,industry,中国电器科学研究院股份有限公司,http://www.cei1958.com/,www.cei1958.com,unprobed,,,央企控股上市公司(688128),枚举:东方财富A股·实际控制人=国务院国资委 2026-10
industry:www.ceic.com,industry,国家能源投资集团有限责任公司,http://www.ceic.com/,www.ceic.com,unprobed,,,央企·国务院国资委名录(97家),枚举:国务院国资委央企名录+央企网站 2026-10
industry:www.cetc.com.cn,industry,中国电子科技集团有限公司,http://www.cetc.com.cn/,www.cetc.com.cn,unprobed,,,央企·国务院国资委名录(97家),枚举:国务院国资委央企名录+央企网站 2026-10
industry:www.cfgc.cn,industry,中国林业集团有限公司,https://www.cfgc.cn/,www.cfgc.cn,unprobed,,,央企·国务院国资委名录(97家),枚举:国务院国资委央企名录+央企网站 2026-10
industry:www.cfhi.com,industry,中国一重集团有限公司,http://www.cfhi.com/,www.cfhi.com,unprobed,,,央企·国务院国资委名录(97家),枚举:国务院国资委央企名录+央企网站 2026-10
industry:www.cge.cn,industry,天津绿发电力集团股份有限公司,http://www.cge.cn/,www.cge.cn,unprobed,,,央企控股上市公司(000537),枚举:东方财富A股·实际控制人=国务院国资委 2026-10
industry:www.cggc.cn,industry,中国葛洲坝集团股份有限公司,http://www.cggc.cn/,www.cggc.cn,unprobed,,,央企控股上市公司(600068),枚举:东方财富A股·实际控制人=国务院国资委 2026-10
industry:www.cgnp.com.cn,industry,中国广核电力股份有限公司,http://www.cgnp.com.cn/,www.cgnp.com.cn,unprobed,,,央企控股上市公司(003816),枚举:东方财富A股·实际控制人=国务院国资委 2026-10
industry:www.cgnpc.com.cn,industry,中国广核集团有限公司,http://www.cgnpc.com.cn/,www.cgnpc.com.cn,unprobed,,,央企·国务院国资委名录(97家),枚举:国务院国资委央企名录+央企网站 2026-10
industry:www.ch.com.cn,industry,彩虹集团有限公司,http://www.ch.com.cn/,www.ch.com.cn,unprobed,,,陕西国资委网站所列企业,枚举:陕西国资委网站企业名录 2026-10
industry:www.chalco.com.cn,industry,中国铝业股份有限公司,http://www.chalco.com.cn/,www.chalco.com.cn,unprobed,,,央企控股上市公司(601600),枚举:东方财富A股·实际控制人=国务院国资委 2026-10
industry:www.changan.com.cn,industry,重庆长安汽车股份有限公司,http://www.changan.com.cn/,www.changan.com.cn,unprobed,,,央企控股上市公司(000625),枚举:东方财富A股·实际控制人=国务院国资委 2026-10
industry:www.chd.com.cn,industry,中国华电集团有限公司,http://www.chd.com.cn/,www.chd.com.cn,unprobed,,,央企·国务院国资委名录(97家),枚举:国务院国资委央企名录+央企网站 2026-10
industry:www.chevip.com,industry,唯普汽车,http://www.chevip.com/,www.chevip.com,unprobed,,,地方国企控股上市公司(872019),枚举:东方财富A股·实际控制人=广东省人民政府国有资产监督管理委员会 2026-10
industry:www.china-an.cn,industry,中国安能建设集团有限公司,https://www.china-an.cn/,www.china-an.cn,unprobed,,,央企·国务院国资委名录(97家),枚举:国务院国资委央企名录+央企网站 2026-10
industry:www.china-cdt.com,industry,中国大唐集团有限公司,http://www.china-cdt.com/,www.china-cdt.com,unprobed,,,央企·国务院国资委名录(97家),枚举:国务院国资委央企名录+央企网站 2026-10
industry:www.china-csicpower.com.cn,industry,中国船舶重工集团动力股份有限公司,http://www.china-csicpower.com.cn/,www.china-csicpower.com.cn,unprobed,,,央企控股上市公司(600482),枚举:东方财富A股·实际控制人=国务院国资委 2026-10
industry:www.china-hbp.com,industry,惠博普,http://www.china-hbp.com/,www.china-hbp.com,unprobed,,,地方国企控股上市公司(002554),枚举:东方财富A股·实际控制人=天津市人民政府国有资产监督管理委员会 2026-10
industry:www.china-moutai.com,industry,贵州茅台集团,https://www.china-moutai.com/,www.china-moutai.com,unprobed,,,贵州国资委监管企业,枚举:贵州国资委网站企业名录 2026-10
industry:www.china-tin.com,industry,华锡有色,http://www.china-tin.com/,www.china-tin.com,unprobed,,,地方国企控股上市公司(600301),枚举:东方财富A股·实际控制人=广西壮族自治区人民政府国有资产监督管理委员会 2026-10
industry:www.chinacnr.com,industry,中国北车股份有限公司,http://www.chinacnr.com/,www.chinacnr.com,unprobed,,,央企控股上市公司(601299),枚举:东方财富A股·实际控制人=国务院国资委 2026-10
industry:www.chinacoal.com,industry,中国中煤能源集团有限公司,http://www.chinacoal.com/,www.chinacoal.com,unprobed,,,央企·国务院国资委名录(97家),枚举:国务院国资委央企名录+央企网站 2026-10
industry:www.chinacoalenergy.com,industry,中国中煤能源股份有限公司,http://www.chinacoalenergy.com/,www.chinacoalenergy.com,unprobed,,,央企控股上市公司(601898),枚举:东方财富A股·实际控制人=国务院国资委 2026-10
industry:www.chinafastgear.com,industry,法士特集团,https://www.chinafastgear.com/,www.chinafastgear.com,unprobed,,,陕西国资委网站所列企业,枚举:陕西国资委网站企业名录 2026-10
industry:www.chinafastgear.com~2,industry,正昌电子,http://www.chinafastgear.com/,www.chinafastgear.com,unprobed,,,地方国企控股上市公司(833622),枚举:东方财富A股·实际控制人=陕西省人民政府国有资产监督管理委员会 2026-10
industry:www.chinagoldgroup.com,industry,中国黄金集团有限公司,https://www.chinagoldgroup.com/,www.chinagoldgroup.com,unprobed,,,央企·国务院国资委名录(97家),枚举:国务院国资委央企名录+央企网站 2026-10
industry:www.chinagwe.com,industry,长城电工,http://www.chinagwe.com/,www.chinagwe.com,unprobed,,,地方国企控股上市公司(600192),枚举:东方财富A股·实际控制人=甘肃省人民政府国有资产监督管理委员会 2026-10
industry:www.chinahongming.com,industry,宏明电子,http://www.chinahongming.com/,www.chinahongming.com,unprobed,,,地方国企控股上市公司(301682),枚举:东方财富A股·实际控制人=四川省政府国有资产监督管理委员会 2026-10
industry:www.chinahualueng.com,industry,华陆工程科技有限责任公司,http://www.chinahualueng.com/,www.chinahualueng.com,unprobed,,,陕西国资委网站所列企业,枚举:陕西国资委网站企业名录 2026-10
industry:www.chinakasong.com,industry,卡松科技,http://www.chinakasong.com/,www.chinakasong.com,unprobed,,,地方国企控股上市公司(832700),枚举:东方财富A股·实际控制人=山东省人民政府国有资产监督管理委员会 2026-10
industry:www.chinalco.com.cn,industry,中国铝业集团有限公司,https://www.chinalco.com.cn/,www.chinalco.com.cn,unprobed,,,央企·国务院国资委名录(97家),枚举:国务院国资委央企名录+央企网站 2026-10
industry:www.chinalogisticsgroup.com.cn,industry,中国物流集团有限公司,https://www.chinalogisticsgroup.com.cn/,www.chinalogisticsgroup.com.cn,unprobed,,,央企·国务院国资委名录(97家),枚举:国务院国资委央企名录+央企网站 2026-10
industry:www.chinaoct.com,industry,华侨城集团有限公司,http://www.chinaoct.com/,www.chinaoct.com,unprobed,,,央企·国务院国资委名录(97家),枚举:国务院国资委央企名录+央企网站 2026-10
industry:www.chinasalt.com.cn,industry,中国盐业集团有限公司,http://www.chinasalt.com.cn/,www.chinasalt.com.cn,unprobed,,,央企·国务院国资委名录(97家),枚举:国务院国资委央企名录+央企网站 2026-10
industry:www.chinasanan.com,industry,中国三安建设集团有限公司,http://www.chinasanan.com/,www.chinasanan.com,unprobed,,,陕西国资委网站所列企业,枚举:陕西国资委网站企业名录 2026-10
industry:www.chinatelecom-h.com,industry,中国电信股份有限公司,http://www.chinatelecom-h.com/,www.chinatelecom-h.com,unprobed,,,央企控股上市公司(601728),枚举:东方财富A股·实际控制人=国务院国资委 2026-10
industry:www.chinatelecom.com.cn,industry,中国电信集团有限公司,http://www.chinatelecom.com.cn/,www.chinatelecom.com.cn,unprobed,,,央企·国务院国资委名录(97家),枚举:国务院国资委央企名录+央企网站 2026-10
industry:www.chinaunicom-a.com,industry,中国联合网络通信股份有限公司,http://www.chinaunicom-a.com/,www.chinaunicom-a.com,unprobed,,,央企控股上市公司(600050),枚举:东方财富A股·实际控制人=国务院国资委 2026-10
industry:www.chinaunicom.com,industry,中国联合网络通信集团有限公司,http://www.chinaunicom.com/,www.chinaunicom.com,unprobed,,,宁夏国资委网站所列企业,枚举:宁夏国资委网站企业名录 2026-10
industry:www.chinaunicom.com.cn,industry,中国联合网络通信集团有限公司,http://www.chinaunicom.com.cn/,www.chinaunicom.com.cn,unprobed,,,央企·国务院国资委名录(97家),枚举:国务院国资委央企名录+央企网站 2026-10
industry:www.chinawindey.com,industry,运达股份,http://www.chinawindey.com/,www.chinawindey.com,unprobed,,,地方国企控股上市公司(300772),枚举:东方财富A股·实际控制人=浙江省人民政府国有资产监督管理委员会 2026-10
industry:www.chinawuyi.com.cn,industry,中国武夷,http://www.chinawuyi.com.cn/,www.chinawuyi.com.cn,unprobed,,,地方国企控股上市公司(000797),枚举:东方财富A股·实际控制人=福建省人民政府国有资产监督管理委员会 2026-10
industry:www.chinaxaperi.com,industry,ST派瑞,http://www.chinaxaperi.com/,www.chinaxaperi.com,unprobed,,,地方国企控股上市公司(300831),枚举:东方财富A股·实际控制人=陕西省人民政府国有资产监督管理委员会 2026-10
industry:www.chinaztg.com,industry,浙江省旅游投资集团有限公司,https://www.chinaztg.com/,www.chinaztg.com,unprobed,,,浙江国资委监管企业,枚举:浙江国资委网站企业名录 2026-10
industry:www.chnau99999.com,industry,中国黄金集团黄金珠宝股份有限公司,http://www.chnau99999.com/,www.chnau99999.com,unprobed,,,央企控股上市公司(600916),枚举:东方财富A股·实际控制人=国务院国资委 2026-10
industry:www.chng.com.cn,industry,中国华能集团有限公司,http://www.chng.com.cn/,www.chng.com.cn,unprobed,,,央企·国务院国资委名录(97家),枚举:国务院国资委央企名录+央企网站 2026-10
industry:www.cict.com,industry,中国信息通信科技集团有限公司,http://www.cict.com/,www.cict.com,unprobed,,,央企·国务院国资委名录(97家),枚举:国务院国资委央企名录+央企网站 2026-10
industry:www.cictmobile.com,industry,中信科移动通信技术股份有限公司,http://www.cictmobile.com/,www.cictmobile.com,unprobed,,,央企控股上市公司(688387),枚举:东方财富A股·实际控制人=国务院国资委 2026-10
industry:www.ciecc.com.cn,industry,中国国际工程咨询有限公司,http://www.ciecc.com.cn/,www.ciecc.com.cn,unprobed,,,央企·国务院国资委名录(97家),枚举:国务院国资委央企名录+央企网站 2026-10
industry:www.ciic.com.cn,industry,中国国际技术智力合作集团有限公司,http://www.ciic.com.cn/,www.ciic.com.cn,unprobed,,,央企·国务院国资委名录(97家),枚举:国务院国资委央企名录+央企网站 2026-10
industry:www.cisri-gaona.com.cn,industry,北京钢研高纳科技股份有限公司,http://www.cisri-gaona.com.cn/,www.cisri-gaona.com.cn,unprobed,,,央企控股上市公司(300034),枚举:东方财富A股·实际控制人=国务院国资委 2026-10
industry:www.cisri.com.cn,industry,中国钢研科技集团有限公司,http://www.cisri.com.cn/,www.cisri.com.cn,unprobed,,,央企·国务院国资委名录(97家),枚举:国务院国资委央企名录+央企网站 2026-10
industry:www.cjtz.cn,industry,*ST长投,http://www.cjtz.cn/,www.cjtz.cn,unprobed,,,地方国企控股上市公司(600119),枚举:东方财富A股·实际控制人=上海市国有资产监督管理委员会 2026-10
industry:www.clypg.com.cn,industry,龙源电力集团股份有限公司,http://www.clypg.com.cn/,www.clypg.com.cn,unprobed,,,央企控股上市公司(001289),枚举:东方财富A股·实际控制人=国务院国资委 2026-10
industry:www.cme-cq.com,industry,重庆机电集团,https://www.cme-cq.com/,www.cme-cq.com,unprobed,,,重庆国资委监管企业,枚举:重庆国资委网站企业名录 2026-10
industry:www.cmgb.com.cn,industry,中国冶金地质总局,http://www.cmgb.com.cn/,www.cmgb.com.cn,unprobed,,,央企·国务院国资委名录(97家),枚举:国务院国资委央企名录+央企网站 2026-10
industry:www.cmhci.com.cn,industry,中机寰宇认证检验股份有限公司,http://www.cmhci.com.cn/,www.cmhci.com.cn,unprobed,,,央企控股上市公司(301508),枚举:东方财富A股·实际控制人=国务院国资委 2026-10
industry:www.cmhk.com,industry,招商局集团有限公司,http://www.cmhk.com/,www.cmhk.com,unprobed,,,央企·国务院国资委名录(97家),枚举:国务院国资委央企名录+央企网站 2026-10
industry:www.cmie.csic.com.cn,industry,中国船舶重工集团海洋防务与信息对抗股份有限公司,http://www.cmie.csic.com.cn/,www.cmie.csic.com.cn,unprobed,,,央企控股上市公司(600764),枚举:东方财富A股·实际控制人=国务院国资委 2026-10
industry:www.cmipf.com,industry,中机精密成形产业技术研究院(安徽)股份有限公司,http://www.cmipf.com/,www.cmipf.com,unprobed,,,央企控股上市公司(873606),枚举:东方财富A股·实际控制人=国务院国资委 2026-10
industry:www.cmr-co.com,industry,中国矿产资源集团有限公司,http://www.cmr-co.com/,www.cmr-co.com,unprobed,,,央企·国务院国资委名录(97家),枚举:国务院国资委央企名录+央企网站 2026-10
industry:www.cmstd.com.cn,industry,中储发展股份有限公司,http://www.cmstd.com.cn/,www.cmstd.com.cn,unprobed,,,央企控股上市公司(600787),枚举:东方财富A股·实际控制人=国务院国资委 2026-10
industry:www.cnadc.com.cn,industry,中国农业发展集团有限公司,http://www.cnadc.com.cn/,www.cnadc.com.cn,unprobed,,,央企·国务院国资委名录(97家),枚举:国务院国资委央企名录+央企网站 2026-10
industry:www.cnbm.com.cn,industry,中国建材集团有限公司,http://www.cnbm.com.cn/,www.cnbm.com.cn,unprobed,,,央企·国务院国资委名录(97家),枚举:国务院国资委央企名录+央企网站 2026-10
industry:www.cncec.cn,industry,中国化学工程集团有限公司,http://www.cncec.cn/,www.cncec.cn,unprobed,,,央企·国务院国资委名录(97家),枚举:国务院国资委央企名录+央企网站 2026-10
industry:www.cncec.com.cn,industry,中国化学工程股份有限公司,http://www.cncec.com.cn/,www.cncec.com.cn,unprobed,,,央企控股上市公司(601117),枚举:东方财富A股·实际控制人=国务院国资委 2026-10
industry:www.cncecui.com,industry,中化学城市投资有限公司,http://www.cncecui.com/,www.cncecui.com,unprobed,,,陕西国资委网站所列企业,枚举:陕西国资委网站企业名录 2026-10
industry:www.cncico.com,industry,浙江省交通投资集团有限公司,https://www.cncico.com/,www.cncico.com,unprobed,,,浙江国资委监管企业,枚举:浙江国资委网站企业名录 2026-10
industry:www.cncqsw.com,industry,重庆水务,http://www.cncqsw.com/,www.cncqsw.com,unprobed,,,地方国企控股上市公司(601158),枚举:东方财富A股·实际控制人=重庆市国有资产监督管理委员会 2026-10
industry:www.cndl155.com,industry,川能动力,http://www.cndl155.com/,www.cndl155.com,unprobed,,,地方国企控股上市公司(000155),枚举:东方财富A股·实际控制人=四川省政府国有资产监督管理委员会 2026-10
industry:www.cnecc.com,industry,中国核工业建设股份有限公司,http://www.cnecc.com/,www.cnecc.com,unprobed,,,央企控股上市公司(601611),枚举:东方财富A股·实际控制人=国务院国资委 2026-10
industry:www.cnhbstock.com,industry,华宝证券股份有限公司,http://www.cnhbstock.com/,www.cnhbstock.com,unprobed,,,央企控股上市公司(A22353),枚举:东方财富A股·实际控制人=国务院国资委 2026-10
industry:www.cnhxf.com,industry,黑旋风锯业股份有限公司,http://www.cnhxf.com/,www.cnhxf.com,unprobed,,,央企控股上市公司(A14658),枚举:东方财富A股·实际控制人=国务院国资委 2026-10
industry:www.cnmc.com.cn,industry,中国有色矿业集团有限公司,http://www.cnmc.com.cn/,www.cnmc.com.cn,unprobed,,,央企·国务院国资委名录(97家),枚举:国务院国资委央企名录+央企网站 2026-10
industry:www.cnnc.com.cn,industry,中国核工业集团有限公司,http://www.cnnc.com.cn/,www.cnnc.com.cn,unprobed,,,央企·国务院国资委名录(97家),枚举:国务院国资委央企名录+央企网站 2026-10
industry:www.cnnp.com.cn,industry,中国核能电力股份有限公司,http://www.cnnp.com.cn/,www.cnnp.com.cn,unprobed,,,央企控股上市公司(601985),枚举:东方财富A股·实际控制人=国务院国资委 2026-10
industry:www.cnooc.com.cn,industry,中国海洋石油集团有限公司,http://www.cnooc.com.cn/,www.cnooc.com.cn,unprobed,,,央企·国务院国资委名录(97家),枚举:国务院国资委央企名录+央企网站 2026-10
industry:www.cnovit.com,industry,光谷信息,http://www.cnovit.com/,www.cnovit.com,unprobed,,,地方国企控股上市公司(430161),枚举:东方财富A股·实际控制人=湖北省人民政府国有资产监督管理委员会 2026-10
industry:www.cnpc.com.cn,industry,中国石油天然气集团有限公司,http://www.cnpc.com.cn/,www.cnpc.com.cn,unprobed,,,央企·国务院国资委名录(97家),枚举:国务院国资委央企名录+央企网站 2026-10
industry:www.cnsjy.com,industry,久事动娱,http://www.cnsjy.com/,www.cnsjy.com,unprobed,,,地方国企控股上市公司(600676),枚举:东方财富A股·实际控制人=上海市国有资产监督管理委员会 2026-10
industry:www.cnttts.com,industry,天纺标,http://www.cnttts.com/,www.cnttts.com,unprobed,,,地方国企控股上市公司(871753),枚举:东方财富A股·实际控制人=天津市人民政府国有资产监督管理委员会 2026-10
industry:www.cnyeic.com,industry,云南能投,http://www.cnyeic.com/,www.cnyeic.com,unprobed,,,地方国企控股上市公司(002053),枚举:东方财富A股·实际控制人=云南省人民政府国有资产监督管理委员会 2026-10
industry:www.cnyeig.com,industry,云南省能源集团有限公司,http://www.cnyeig.com/,www.cnyeig.com,unprobed,,,云南国资委监管企业,枚举:云南国资委网站企业名录 2026-10
industry:www.cnyig.com,industry,云南省投资控股集团有限公司,https://www.cnyig.com/,www.cnyig.com,unprobed,,,云南国资委监管企业,枚举:云南国资委网站企业名录 2026-10
industry:www.cnzgc.com,industry,浙江省建设投资集团股份有限公司,http://www.cnzgc.com/,www.cnzgc.com,unprobed,,,浙江国资委监管企业,枚举:浙江国资委网站企业名录 2026-10
industry:www.cofco-capital.com,industry,中粮资本控股股份有限公司,http://www.cofco-capital.com/,www.cofco-capital.com,unprobed,,,央企控股上市公司(002423),枚举:东方财富A股·实际控制人=国务院国资委 2026-10
industry:www.cofco.com,industry,中粮集团有限公司,http://www.cofco.com/,www.cofco.com,unprobed,,,央企·国务院国资委名录(97家),枚举:国务院国资委央企名录+央企网站 2026-10
industry:www.cofcotunhe.com,industry,中粮糖业控股股份有限公司,http://www.cofcotunhe.com/,www.cofcotunhe.com,unprobed,,,央企控股上市公司(600737),枚举:东方财富A股·实际控制人=国务院国资委 2026-10
industry:www.comac.cc,industry,中国商用飞机有限责任公司,http://www.comac.cc/,www.comac.cc,unprobed,,,央企·国务院国资委名录(97家),枚举:国务院国资委央企名录+央企网站 2026-10
industry:www.complant-ltd.com,industry,中成进出口股份有限公司,http://www.complant-ltd.com/,www.complant-ltd.com,unprobed,,,央企控股上市公司(000151),枚举:东方财富A股·实际控制人=国务院国资委 2026-10
industry:www.conbapharm.com,industry,康恩贝,http://www.conbapharm.com/,www.conbapharm.com,unprobed,,,地方国企控股上市公司(600572),枚举:东方财富A股·实际控制人=浙江省人民政府国有资产监督管理委员会 2026-10
industry:www.conch.cn,industry,海螺水泥,http://www.conch.cn/,www.conch.cn,unprobed,,,地方国企控股上市公司(600585),枚举:东方财富A股·实际控制人=安徽省人民政府国有资产监督管理委员会 2026-10
industry:www.coscoshipping.com,industry,中国远洋海运集团有限公司,http://www.coscoshipping.com/,www.coscoshipping.com,unprobed,,,央企·国务院国资委名录(97家),枚举:国务院国资委央企名录+央企网站 2026-10
industry:www.cpicfiber.com,industry,国际复材,http://www.cpicfiber.com/,www.cpicfiber.com,unprobed,,,地方国企控股上市公司(301526),枚举:东方财富A股·实际控制人=云南省人民政府国有资产监督管理委员会 2026-10
industry:www.cq-p.com.cn,industry,重药控股股份有限公司,http://www.cq-p.com.cn/,www.cq-p.com.cn,unprobed,,,央企控股上市公司(000950),枚举:东方财富A股·实际控制人=国务院国资委 2026-10
industry:www.cqa.cn,industry,重庆机场集团,http://www.cqa.cn/,www.cqa.cn,unprobed,,,重庆国资委监管企业,枚举:重庆国资委网站企业名录 2026-10
industry:www.cqcbank.com,industry,重庆银行,http://www.cqcbank.com/,www.cqcbank.com,unprobed,,,重庆国资委监管企业,枚举:重庆国资委网站企业名录 2026-10
industry:www.cqcbl.com,industry,重庆储备粮集团,http://www.cqcbl.com/,www.cqcbl.com,unprobed,,,重庆国资委监管企业,枚举:重庆国资委网站企业名录 2026-10
industry:www.cqcmi.com,industry,重庆军工,http://www.cqcmi.com/,www.cqcmi.com,unprobed,,,地方国企控股上市公司(A23197),枚举:东方财富A股·实际控制人=重庆市人民政府国有资产监督管理委员会 2026-10
industry:www.cqdc.com,industry,市地产集团,http://www.cqdc.com/,www.cqdc.com,unprobed,,,重庆国资委监管企业,枚举:重庆国资委网站企业名录 2026-10
industry:www.cqdg.com.cn,industry,重庆设计集团,http://www.cqdg.com.cn/,www.cqdg.com.cn,unprobed,,,重庆国资委监管企业,枚举:重庆国资委网站企业名录 2026-10
industry:www.cqg.com.cn,industry,重庆港,http://www.cqg.com.cn/,www.cqg.com.cn,unprobed,,,地方国企控股上市公司(600279),枚举:东方财富A股·实际控制人=重庆市国有资产监督管理委员会 2026-10
industry:www.cqgas.cn,industry,重庆燃气集团股份有限公司,http://www.cqgas.cn/,www.cqgas.cn,unprobed,,,央企控股上市公司(600917),枚举:东方财富A股·实际控制人=国务院国资委 2026-10
industry:www.cqggzy.com,industry,重庆联交所集团,https://www.cqggzy.com/,www.cqggzy.com,unprobed,,,重庆国资委监管企业,枚举:重庆国资委网站企业名录 2026-10
industry:www.cqiic.com,industry,重庆投资咨询集团,http://www.cqiic.com/,www.cqiic.com,unprobed,,,重庆国资委监管企业,枚举:重庆国资委网站企业名录 2026-10
industry:www.cqjtkt.cn,industry,重庆交通开投集团,https://www.cqjtkt.cn/,www.cqjtkt.cn,unprobed,,,重庆国资委监管企业,枚举:重庆国资委网站企业名录 2026-10
industry:www.cqlummy.com,industry,莱美药业,http://www.cqlummy.com/,www.cqlummy.com,unprobed,,,地方国企控股上市公司(300006),枚举:东方财富A股·实际控制人=广西壮族自治区人民政府国有资产监督管理委员会 2026-10
industry:www.cqsxdb.com,industry,重庆三峡担保集团,http://www.cqsxdb.com/,www.cqsxdb.com,unprobed,,,重庆国资委监管企业,枚举:重庆国资委网站企业名录 2026-10
industry:www.cqsxsl.com,industry,重庆三峡水利电力(集团)股份有限公司,http://www.cqsxsl.com/,www.cqsxsl.com,unprobed,,,央企控股上市公司(600116),枚举:东方财富A股·实际控制人=国务院国资委 2026-10
industry:www.cqtransit.com,industry,重庆物流集团,http://www.cqtransit.com/,www.cqtransit.com,unprobed,,,重庆国资委监管企业,枚举:重庆国资委网站企业名录 2026-10
industry:www.cqukf.com,industry,渝开发,http://www.cqukf.com/,www.cqukf.com,unprobed,,,地方国企控股上市公司(000514),枚举:东方财富A股·实际控制人=重庆市国有资产监督管理委员会 2026-10
industry:www.cqweh.com,industry,重庆水务环境集团,http://www.cqweh.com/,www.cqweh.com,unprobed,,,重庆国资委监管企业,枚举:重庆国资委网站企业名录 2026-10
industry:www.cqyfkgjt.com,industry,重庆渝富控股集团,https://www.cqyfkgjt.com/,www.cqyfkgjt.com,unprobed,,,重庆国资委监管企业,枚举:重庆国资委网站企业名录 2026-10
industry:www.cqzonjo.com,industry,重交再生,http://www.cqzonjo.com/,www.cqzonjo.com,unprobed,,,地方国企控股上市公司(837781),枚举:东方财富A股·实际控制人=西藏自治区人民政府国有资产监督管理委员会 2026-10
industry:www.cr20g.com,industry,中铁二十局集团有限公司,http://www.cr20g.com/,www.cr20g.com,unprobed,,,陕西国资委网站所列企业,枚举:陕西国资委网站企业名录 2026-10
industry:www.crc.com.hk,industry,华润（集团）有限公司,http://www.crc.com.hk/,www.crc.com.hk,unprobed,,,央企·国务院国资委名录(97家),枚举:国务院国资委央企名录+央企网站 2026-10
industry:www.crcc.cn,industry,中国铁道建筑集团有限公司,http://www.crcc.cn/,www.crcc.cn,unprobed,,,央企·国务院国资委名录(97家),枚举:国务院国资委央企名录+央企网站 2026-10
industry:www.crchi.com,industry,中国铁建重工集团股份有限公司,http://www.crchi.com/,www.crchi.com,unprobed,,,央企控股上市公司(688425),枚举:东方财富A股·实际控制人=国务院国资委 2026-10
industry:www.crec.cn,industry,中国中铁股份有限公司,http://www.crec.cn/,www.crec.cn,unprobed,,,央企控股上市公司(601390),枚举:东方财富A股·实际控制人=国务院国资委 2026-10
industry:www.crecg.com,industry,中国铁路工程集团有限公司,http://www.crecg.com/,www.crecg.com,unprobed,,,央企·国务院国资委名录(97家),枚举:国务院国资委央企名录+央企网站 2026-10
industry:www.crfeb.com.cn,industry,中铁一局集团有限公司,http://www.crfeb.com.cn/,www.crfeb.com.cn,unprobed,,,陕西国资委网站所列企业,枚举:陕西国资委网站企业名录 2026-10
industry:www.crhc-culture.com,industry,国新文化控股股份有限公司,http://www.crhc-culture.com/,www.crhc-culture.com,unprobed,,,央企控股上市公司(400297),枚举:东方财富A股·实际控制人=国务院国资委 2026-10
industry:www.crhc.cn,industry,中国国新控股有限责任公司,http://www.crhc.cn/,www.crhc.cn,unprobed,,,央企·国务院国资委名录(97家),枚举:国务院国资委央企名录+央企网站 2026-10
industry:www.crhic.cn,industry,中铁高新工业股份有限公司,http://www.crhic.cn/,www.crhic.cn,unprobed,,,央企控股上市公司(600528),枚举:东方财富A股·实际控制人=国务院国资委 2026-10
industry:www.crmsc.com.cn,industry,中铁物总控股有限公司,http://www.crmsc.com.cn/,www.crmsc.com.cn,unprobed,,,央企控股上市公司(A12302),枚举:东方财富A股·实际控制人=国务院国资委 2026-10
industry:www.crpcc.com.cn,industry,中铁装配式建筑股份有限公司,http://www.crpcc.com.cn/,www.crpcc.com.cn,unprobed,,,央企控股上市公司(300374),枚举:东方财富A股·实际控制人=国务院国资委 2026-10
industry:www.crrcgc.cc,industry,中国中车集团有限公司,http://www.crrcgc.cc/,www.crrcgc.cc,unprobed,,,央企·国务院国资委名录(97家),枚举:国务院国资委央企名录+央企网站 2026-10
industry:www.crrg.com.cn,industry,中国资源循环集团有限公司,http://www.crrg.com.cn/,www.crrg.com.cn,unprobed,,,央企·国务院国资委名录(97家),枚举:国务院国资委央企名录+央企网站 2026-10
industry:www.crsc.cn,industry,中国铁路通信信号集团有限公司,http://www.crsc.cn/,www.crsc.cn,unprobed,,,央企·国务院国资委名录(97家),枚举:国务院国资委央企名录+央企网站 2026-10
industry:www.crtamg.com.cn,industry,中国融通资产管理集团有限公司,https://www.crtamg.com.cn/,www.crtamg.com.cn,unprobed,,,央企·国务院国资委名录(97家),枚举:国务院国资委央企名录+央企网站 2026-10
industry:www.cs-grkj.com,industry,国瑞科技,http://www.cs-grkj.com/,www.cs-grkj.com,unprobed,,,地方国企控股上市公司(300600),枚举:东方财富A股·实际控制人=浙江省人民政府国有资产监督管理委员会 2026-10
industry:www.csair.com,industry,中国南方航空股份有限公司,http://www.csair.com/,www.csair.com,unprobed,,,央企控股上市公司(600029),枚举:东方财富A股·实际控制人=国务院国资委 2026-10
industry:www.csairgroup.cn,industry,中国南方航空集团有限公司,https://www.csairgroup.cn/,www.csairgroup.cn,unprobed,,,央企·国务院国资委名录(97家),枚举:国务院国资委央企名录+央企网站 2026-10
industry:www.cscec.com,industry,中国建筑集团有限公司,http://www.cscec.com/,www.cscec.com,unprobed,,,央企·国务院国资委名录(97家),枚举:国务院国资委央企名录+央企网站 2026-10
industry:www.csec.com,industry,中国神华能源股份有限公司,http://www.csec.com/,www.csec.com,unprobed,,,央企控股上市公司(601088),枚举:东方财富A股·实际控制人=国务院国资委 2026-10
industry:www.cseg.cn,industry,三峰环境,http://www.cseg.cn/,www.cseg.cn,unprobed,,,地方国企控股上市公司(601827),枚举:东方财富A股·实际控制人=重庆市国有资产监督管理委员会 2026-10
industry:www.csg.cn,industry,中国南方电网有限责任公司,http://www.csg.cn/,www.csg.cn,unprobed,,,央企·国务院国资委名录(97家),枚举:国务院国资委央企名录+央企网站 2026-10
industry:www.csgc.com.cn,industry,中国兵器装备集团有限公司,https://www.csgc.com.cn/,www.csgc.com.cn,unprobed,,,央企·国务院国资委名录(97家),枚举:国务院国资委央企名录+央企网站 2026-10
industry:www.csic.com.cn,industry,中国船舶集团有限公司,http://www.csic.com.cn/,www.csic.com.cn,unprobed,,,央企·国务院国资委名录(97家),枚举:国务院国资委央企名录+央企网站 2026-10
industry:www.csicl.com.cn,industry,中国船舶重工股份有限公司,http://www.csicl.com.cn/,www.csicl.com.cn,unprobed,,,央企控股上市公司(601989),枚举:东方财富A股·实际控制人=国务院国资委 2026-10
industry:www.csnwd.com.cn,industry,中国南水北调集团有限公司,http://www.csnwd.com.cn/,www.csnwd.com.cn,unprobed,,,央企·国务院国资委名录(97家),枚举:国务院国资委央企名录+央企网站 2026-10
industry:www.cssckj.com,industry,中船科技股份有限公司,http://www.cssckj.com/,www.cssckj.com,unprobed,,,央企控股上市公司(600072),枚举:东方财富A股·实际控制人=国务院国资委 2026-10
industry:www.cteb.com,industry,中国水利水电第三工程局有限公司,http://www.cteb.com/,www.cteb.com,unprobed,,,陕西国资委网站所列企业,枚举:陕西国资委网站企业名录 2026-10
industry:www.ctg.cn,industry,中国旅游集团有限公司[香港中旅（集团）有限公司],https://www.ctg.cn/,www.ctg.cn,unprobed,,,央企·国务院国资委名录(97家),枚举:国务院国资委央企名录+央企网站 2026-10
industry:www.ctg.com.cn,industry,中国长江三峡集团有限公司,https://www.ctg.com.cn/,www.ctg.com.cn,unprobed,,,央企·国务院国资委名录(97家),枚举:国务院国资委央企名录+央企网站 2026-10
industry:www.ctgdutyfree.com.cn,industry,中国旅游集团中免股份有限公司,http://www.ctgdutyfree.com.cn/,www.ctgdutyfree.com.cn,unprobed,,,央企控股上市公司(601888),枚举:东方财富A股·实际控制人=国务院国资委 2026-10
industry:www.ctny.com.cn,industry,川投能源,http://www.ctny.com.cn/,www.ctny.com.cn,unprobed,,,地方国企控股上市公司(600674),枚举:东方财富A股·实际控制人=四川省政府国有资产监督管理委员会 2026-10
industry:www.ctsfreight.com,industry,港中旅华贸国际物流股份有限公司,http://www.ctsfreight.com/,www.ctsfreight.com,unprobed,,,央企控股上市公司(603128),枚举:东方财富A股·实际控制人=国务院国资委 2026-10
industry:www.cutc.com.cn,industry,国旅联合,http://www.cutc.com.cn/,www.cutc.com.cn,unprobed,,,地方国企控股上市公司(600358),枚举:东方财富A股·实际控制人=江西省国有资产监督管理委员会 2026-10
industry:www.cwag.com,industry,西部机场,https://www.cwag.com/,www.cwag.com,unprobed,,,陕西国资委网站所列企业,枚举:陕西国资委网站企业名录 2026-10
industry:www.cwqx.com,industry,长望科技,http://www.cwqx.com/,www.cwqx.com,unprobed,,,地方国企控股上市公司(835228),枚举:东方财富A股·实际控制人=上海市国有资产监督管理委员会 2026-10
industry:www.cxtc.com,industry,厦门钨业,http://www.cxtc.com/,www.cxtc.com,unprobed,,,地方国企控股上市公司(600549),枚举:东方财富A股·实际控制人=福建省人民政府国有资产监督管理委员会 2026-10
industry:www.cybpo.com,industry,成远股份,http://www.cybpo.com/,www.cybpo.com,unprobed,,,地方国企控股上市公司(836865),枚举:东方财富A股·实际控制人=西藏自治区人民政府国有资产监督管理委员会 2026-10
industry:www.cydl.com.cn,industry,国家能源集团长源电力股份有限公司,http://www.cydl.com.cn/,www.cydl.com.cn,unprobed,,,央企控股上市公司(000966),枚举:东方财富A股·实际控制人=国务院国资委 2026-10
industry:www.cygs.com,industry,四川成渝,http://www.cygs.com/,www.cygs.com,unprobed,,,地方国企控股上市公司(601107),枚举:东方财富A股·实际控制人=四川省人民政府国有资产监督管理委员会 2026-10
industry:www.cynee.net,industry,云南省产权交易所集团有限公司,https://www.cynee.net/,www.cynee.net,unprobed,,,云南国资委监管企业,枚举:云南国资委网站企业名录 2026-10
industry:www.cypc.com.cn,industry,中国长江电力股份有限公司,http://www.cypc.com.cn/,www.cypc.com.cn,unprobed,,,央企控股上市公司(600900),枚举:东方财富A股·实际控制人=国务院国资委 2026-10
industry:www.czdh.chemchina.com,industry,沧州大化股份有限公司,http://www.czdh.chemchina.com/,www.czdh.chemchina.com,unprobed,,,央企控股上市公司(600230),枚举:东方财富A股·实际控制人=国务院国资委 2026-10
industry:www.czelec.com.cn,industry,中国振华电子集团,https://www.czelec.com.cn/,www.czelec.com.cn,unprobed,,,贵州国资委监管企业,枚举:贵州国资委网站企业名录 2026-10
industry:www.daee.cn,industry,大连产权交易所,http://www.daee.cn/,www.daee.cn,unprobed,,,辽宁国资委监管企业,枚举:辽宁国资委网站企业名录 2026-10
industry:www.dahaobj.com,industry,大豪科技,http://www.dahaobj.com/,www.dahaobj.com,unprobed,,,地方国企控股上市公司(603025),枚举:东方财富A股·实际控制人=北京市人民政府国有资产监督管理委员会 2026-10
industry:www.daotantan.com,industry,道坦坦,http://www.daotantan.com/,www.daotantan.com,unprobed,,,地方国企控股上市公司(837301),枚举:东方财富A股·实际控制人=贵州省人民政府国有资产监督管理委员会 2026-10
industry:www.dareway.com.cn,industry,地纬智能,http://www.dareway.com.cn/,www.dareway.com.cn,unprobed,,,地方国企控股上市公司(688579),枚举:东方财富A股·实际控制人=山东省人民政府国有资产监督管理委员会 2026-10
industry:www.datang.com,industry,大唐电信科技股份有限公司,http://www.datang.com/,www.datang.com,unprobed,,,央企控股上市公司(600198),枚举:东方财富A股·实际控制人=国务院国资委 2026-10
industry:www.ddmcgroup.cn,industry,ST明诚,http://www.ddmcgroup.cn/,www.ddmcgroup.cn,unprobed,,,地方国企控股上市公司(600136),枚举:东方财富A股·实际控制人=湖北省人民政府国有资产监督管理委员会 2026-10
industry:www.ddmjeco.com,industry,民基生态,http://www.ddmjeco.com/,www.ddmjeco.com,unprobed,,,地方国企控股上市公司(833365),枚举:东方财富A股·实际控制人=山西省人民政府国有资产监督管理委员会 2026-10
industry:www.dec-ltd.cn,industry,东方电气股份有限公司,http://www.dec-ltd.cn/,www.dec-ltd.cn,unprobed,,,央企控股上市公司(600875),枚举:东方财富A股·实际控制人=国务院国资委 2026-10
industry:www.dencare.com.cn,industry,登康口腔,http://www.dencare.com.cn/,www.dencare.com.cn,unprobed,,,地方国企控股上市公司(001328),枚举:东方财富A股·实际控制人=重庆市国有资产监督管理委员会 2026-10
industry:www.dezhanhealthcare.com,industry,德展健康,http://www.dezhanhealthcare.com/,www.dezhanhealthcare.com,unprobed,,,地方国企控股上市公司(000813),枚举:东方财富A股·实际控制人=新疆维吾尔自治区人民政府国有资产监督管理委员会 2026-10
industry:www.dfac.com,industry,东风汽车股份有限公司,http://www.dfac.com/,www.dfac.com,unprobed,,,央企控股上市公司(600006),枚举:东方财富A股·实际控制人=国务院国资委 2026-10
industry:www.dfmc.com.cn,industry,东风汽车集团有限公司,http://www.dfmc.com.cn/,www.dfmc.com.cn,unprobed,,,央企·国务院国资委名录(97家),枚举:国务院国资委央企名录+央企网站 2026-10
industry:www.dfmg.com.cn,industry,东风汽车集团股份有限公司,http://www.dfmg.com.cn/,www.dfmg.com.cn,unprobed,,,央企控股上市公司(A20520),枚举:东方财富A股·实际控制人=国务院国资委 2026-10
industry:www.dhseed.com,industry,敦煌种业,http://www.dhseed.com/,www.dhseed.com,unprobed,,,地方国企控股上市公司(600354),枚举:东方财富A股·实际控制人=甘肃省人民政府国有资产监督管理委员会 2026-10
industry:www.dlg-expo.com,industry,兰生股份,http://www.dlg-expo.com/,www.dlg-expo.com,unprobed,,,地方国企控股上市公司(600826),枚举:东方财富A股·实际控制人=上海市国有资产监督管理委员会 2026-10
industry:www.dongfang.com,industry,中国东方电气集团有限公司,http://www.dongfang.com/,www.dongfang.com,unprobed,,,央企·国务院国资委名录(97家),枚举:国务院国资委央企名录+央企网站 2026-10
industry:www.dongjiang.com.cn,industry,东江环保,http://www.dongjiang.com.cn/,www.dongjiang.com.cn,unprobed,,,地方国企控股上市公司(002672),枚举:东方财富A股·实际控制人=广东省人民政府国有资产监督管理委员会 2026-10
industry:www.dongsong-cn.com,industry,东松医疗,http://www.dongsong-cn.com/,www.dongsong-cn.com,unprobed,,,地方国企控股上市公司(872647),枚举:东方财富A股·实际控制人=上海市国有资产监督管理委员会 2026-10
industry:www.dtpower.com,industry,大唐国际发电股份有限公司,http://www.dtpower.com/,www.dtpower.com,unprobed,,,央企控股上市公司(601991),枚举:东方财富A股·实际控制人=国务院国资委 2026-10
industry:www.e-qyzc.com,industry,贵州省公共资源(国有企业生产资料)交易中心,https://www.e-qyzc.com/,www.e-qyzc.com,unprobed,,,贵州国资委监管企业,枚举:贵州国资委网站企业名录 2026-10
industry:www.easpring.com,industry,北京当升材料科技股份有限公司,http://www.easpring.com/,www.easpring.com,unprobed,,,央企控股上市公司(300073),枚举:东方财富A股·实际控制人=国务院国资委 2026-10
industry:www.eastday.com,industry,东方网,http://www.eastday.com/,www.eastday.com,unprobed,,,地方国企控股上市公司(834678),枚举:东方财富A股·实际控制人=上海市国有资产监督管理委员会 2026-10
industry:www.eeae.com.cn,industry,新兴装备,http://www.eeae.com.cn/,www.eeae.com.cn,unprobed,,,地方国企控股上市公司(002933),枚举:东方财富A股·实际控制人=陕西省人民政府国有资产监督管理委员会 2026-10
industry:www.elht.com,industry,东湖高新,http://www.elht.com/,www.elht.com,unprobed,,,地方国企控股上市公司(600133),枚举:东方财富A股·实际控制人=湖北省人民政府国有资产监督管理委员会 2026-10
industry:www.elvgufen.com,industry,鄂旅股份,http://www.elvgufen.com/,www.elvgufen.com,unprobed,,,地方国企控股上市公司(872237),枚举:东方财富A股·实际控制人=湖北省人民政府国有资产监督管理委员会 2026-10
industry:www.es.csg.cn,industry,南方电网储能股份有限公司,http://www.es.csg.cn/,www.es.csg.cn,unprobed,,,央企控股上市公司(600995),枚举:东方财富A股·实际控制人=国务院国资委 2026-10
industry:www.everdisplay.com,industry,和辉光电,http://www.everdisplay.com/,www.everdisplay.com,unprobed,,,地方国企控股上市公司(688538),枚举:东方财富A股·实际控制人=上海市国有资产监督管理委员会 2026-10
industry:www.expl.ceec.net.cn,industry,易普力股份有限公司,http://www.expl.ceec.net.cn/,www.expl.ceec.net.cn,unprobed,,,央企控股上市公司(002096),枚举:东方财富A股·实际控制人=国务院国资委 2026-10
industry:www.facs.com.cn,industry,飞乐音响,http://www.facs.com.cn/,www.facs.com.cn,unprobed,,,地方国企控股上市公司(600651),枚举:东方财富A股·实际控制人=上海市国有资产监督管理委员会 2026-10
industry:www.faw.com.cn,industry,中国第一汽车集团有限公司,http://www.faw.com.cn/,www.faw.com.cn,unprobed,,,央企·国务院国资委名录(97家),枚举:国务院国资委央企名录+央企网站 2026-10
industry:www.faway.com,industry,富维股份,http://www.faway.com/,www.faway.com,unprobed,,,地方国企控股上市公司(600742),枚举:东方财富A股·实际控制人=吉林省人民政府国有资产监督管理委员会 2026-10
industry:www.fawer.com.cn,industry,富奥股份,http://www.fawer.com.cn/,www.fawer.com.cn,unprobed,,,地方国企控股上市公司(000030),枚举:东方财富A股·实际控制人=吉林省人民政府国有资产监督管理委员会 2026-10
industry:www.fawjiefang.com.cn,industry,一汽解放集团股份有限公司,http://www.fawjiefang.com.cn/,www.fawjiefang.com.cn,unprobed,,,央企控股上市公司(000800),枚举:东方财富A股·实际控制人=国务院国资委 2026-10
industry:www.fczy.com,industry,佛慈制药,http://www.fczy.com/,www.fczy.com,unprobed,,,地方国企控股上市公司(002644),枚举:东方财富A股·实际控制人=甘肃省人民政府国有资产监督管理委员会 2026-10
industry:www.fdbk.com.cn,industry,菲达宝开,http://www.fdbk.com.cn/,www.fdbk.com.cn,unprobed,,,地方国企控股上市公司(872719),枚举:东方财富A股·实际控制人=浙江省人民政府国有资产监督管理委员会 2026-10
industry:www.feidaep.com,industry,菲达环保,http://www.feidaep.com/,www.feidaep.com,unprobed,,,地方国企控股上市公司(600526),枚举:东方财富A股·实际控制人=浙江省人民政府国有资产监督管理委员会 2026-10
industry:www.feig.com.cn,industry,福建省电子信息（集团）有限责任公司,http://www.feig.com.cn/,www.feig.com.cn,unprobed,,,福建国资委监管企业,枚举:福建国资委网站企业名录 2026-10
industry:www.fengguang.com,industry,新风光,http://www.fengguang.com/,www.fengguang.com,unprobed,,,地方国企控股上市公司(688663),枚举:东方财富A股·实际控制人=山东省人民政府国有资产监督管理委员会 2026-10
industry:www.fenghuo.cn,industry,烽火电子,http://www.fenghuo.cn/,www.fenghuo.cn,unprobed,,,地方国企控股上市公司(000561),枚举:东方财富A股·实际控制人=陕西省人民政府国有资产监督管理委员会 2026-10
industry:www.fengle.com.cn,industry,国投丰乐种业股份有限公司,http://www.fengle.com.cn/,www.fengle.com.cn,unprobed,,,央企控股上市公司(000713),枚举:东方财富A股·实际控制人=国务院国资委 2026-10
industry:www.fenjiu.com.cn,industry,山西汾酒,http://www.fenjiu.com.cn/,www.fenjiu.com.cn,unprobed,,,地方国企控股上市公司(600809),枚举:东方财富A股·实际控制人=山西省人民政府国有资产监督管理委员会 2026-10
industry:www.fescogroup.com,industry,北京人力,http://www.fescogroup.com/,www.fescogroup.com,unprobed,,,地方国企控股上市公司(600861),枚举:东方财富A股·实际控制人=北京市人民政府国有资产监督管理委员会 2026-10
industry:www.fftcc.com,industry,中国（福建）对外贸易中心集团有限责任公司,http://www.fftcc.com/,www.fftcc.com,unprobed,,,福建国资委监管企业,枚举:福建国资委网站企业名录 2026-10
industry:www.fhcomp.com,industry,风华高科,http://www.fhcomp.com/,www.fhcomp.com,unprobed,,,地方国企控股上市公司(000636),枚举:东方财富A股·实际控制人=广东省人民政府国有资产监督管理委员会 2026-10
industry:www.fiberhome.com,industry,烽火通信科技股份有限公司,http://www.fiberhome.com/,www.fiberhome.com,unprobed,,,央企控股上市公司(600498),枚举:东方财富A股·实际控制人=国务院国资委 2026-10
industry:www.fidc.com.cn,industry,福建省投资开发集团有限责任公司,http://www.fidc.com.cn/,www.fidc.com.cn,unprobed,,,福建国资委监管企业,枚举:福建国资委网站企业名录 2026-10
industry:www.fjbdg.com.cn,industry,福建省大数据集团有限公司,https://www.fjbdg.com.cn/,www.fjbdg.com.cn,unprobed,,,福建国资委监管企业,枚举:福建国资委网站企业名录 2026-10
industry:www.fjec.com.cn,industry,福能股份,http://www.fjec.com.cn/,www.fjec.com.cn,unprobed,,,地方国企控股上市公司(600483),枚举:东方财富A股·实际控制人=福建省人民政府国有资产监督管理委员会 2026-10
industry:www.fjfhgm.com,industry,福化工贸,http://www.fjfhgm.com/,www.fjfhgm.com,unprobed,,,地方国企控股上市公司(871649),枚举:东方财富A股·实际控制人=福建省人民政府国有资产监督管理委员会 2026-10
industry:www.fjgs.com.cn,industry,福建高速,http://www.fjgs.com.cn/,www.fjgs.com.cn,unprobed,,,地方国企控股上市公司(600033),枚举:东方财富A股·实际控制人=福建省人民政府国有资产监督管理委员会 2026-10
industry:www.fjgsgl.com,industry,福建省高速公路集团有限公司,http://www.fjgsgl.com/,www.fjgsgl.com,unprobed,,,福建国资委监管企业,枚举:福建国资委网站企业名录 2026-10
industry:www.fjjtjt.com.cn,industry,福建省建设投资集团有限责任公司,https://www.fjjtjt.com.cn/,www.fjjtjt.com.cn,unprobed,,,福建国资委监管企业,枚举:福建国资委网站企业名录 2026-10
industry:www.fjlygroup.com,industry,福建省旅游发展集团有限公司,http://www.fjlygroup.com/,www.fjlygroup.com,unprobed,,,福建国资委监管企业,枚举:福建国资委网站企业名录 2026-10
industry:www.fjmotor.com.cn,industry,福建省汽车工业集团有限公司,http://www.fjmotor.com.cn/,www.fjmotor.com.cn,unprobed,,,福建国资委监管企业,枚举:福建国资委网站企业名录 2026-10
industry:www.fjnhjt.cn,industry,福建省能源石化集团有限责任公司,http://www.fjnhjt.cn/,www.fjnhjt.cn,unprobed,,,福建国资委监管企业,枚举:福建国资委网站企业名录 2026-10
industry:www.fjowom.com,industry,海电运维,http://www.fjowom.com/,www.fjowom.com,unprobed,,,地方国企控股上市公司(A23116),枚举:东方财富A股·实际控制人=福建省人民政府国有资产监督管理委员会 2026-10
industry:www.fjpg.cn,industry,福建省港口集团有限责任公司,http://www.fjpg.cn/,www.fjpg.cn,unprobed,,,福建国资委监管企业,枚举:福建国资委网站企业名录 2026-10
industry:www.fjsgzgs.com,industry,福建省国有资产管理有限公司,http://www.fjsgzgs.com/,www.fjsgzgs.com,unprobed,,,福建国资委监管企业,枚举:福建国资委网站企业名录 2026-10
industry:www.fjstjt.com,industry,福建省水利投资开发集团有限公司,http://www.fjstjt.com/,www.fjstjt.com,unprobed,,,福建国资委监管企业,枚举:福建国资委网站企业名录 2026-10
industry:www.fjyjkg.com,industry,福建省工业控股集团有限公司,http://www.fjyjkg.com/,www.fjyjkg.com,unprobed,,,福建国资委监管企业,枚举:福建国资委网站企业名录 2026-10
industry:www.fjyyjt.com,industry,福建省医药集团有限责任公司,http://www.fjyyjt.com/,www.fjyyjt.com,unprobed,,,福建国资委监管企业,枚举:福建国资委网站企业名录 2026-10
industry:www.fjzbgf.com,industry,招标股份,http://www.fjzbgf.com/,www.fjzbgf.com,unprobed,,,地方国企控股上市公司(301136),枚举:东方财富A股·实际控制人=福建省人民政府国有资产监督管理委员会 2026-10
industry:www.flpower.com.cn,industry,重庆涪陵电力实业股份有限公司,http://www.flpower.com.cn/,www.flpower.com.cn,unprobed,,,央企控股上市公司(600452),枚举:东方财富A股·实际控制人=国务院国资委 2026-10
industry:www.fnqh.com.cn,industry,福能期货,http://www.fnqh.com.cn/,www.fnqh.com.cn,unprobed,,,地方国企控股上市公司(871101),枚举:东方财富A股·实际控制人=福建省人民政府国有资产监督管理委员会 2026-10
industry:www.forestar.com.cn,industry,北京地林伟业科技股份有限公司,http://www.forestar.com.cn/,www.forestar.com.cn,unprobed,,,央企控股上市公司(430416),枚举:东方财富A股·实际控制人=国务院国资委 2026-10
industry:www.foton.com.cn,industry,福田汽车,http://www.foton.com.cn/,www.foton.com.cn,unprobed,,,地方国企控股上市公司(600166),枚举:东方财富A股·实际控制人=北京市人民政府国有资产监督管理委员会 2026-10
industry:www.fsdi.com.cn,industry,中铁第一勘察设计院集团有限公司,http://www.fsdi.com.cn/,www.fsdi.com.cn,unprobed,,,陕西国资委网站所列企业,枚举:陕西国资委网站企业名录 2026-10
industry:www.fsigc.com,industry,福建省船舶工业集团公司,http://www.fsigc.com/,www.fsigc.com,unprobed,,,福建国资委监管企业,枚举:福建国资委网站企业名录 2026-10
industry:www.fudian-bank.com,industry,富滇银行股份有限公司,http://www.fudian-bank.com/,www.fudian-bank.com,unprobed,,,云南国资委监管企业,枚举:云南国资委网站企业名录 2026-10
industry:www.fujianbid.com,industry,福建省招标采购集团有限公司,http://www.fujianbid.com/,www.fujianbid.com,unprobed,,,福建国资委监管企业,枚举:福建国资委网站企业名录 2026-10
industry:www.furielec.com,industry,福日电子,http://www.furielec.com/,www.furielec.com,unprobed,,,地方国企控股上市公司(600203),枚举:东方财富A股·实际控制人=福建省人民政府国有资产监督管理委员会 2026-10
industry:www.fytire.com,industry,丰源轮胎,http://www.fytire.com/,www.fytire.com,unprobed,,,地方国企控股上市公司(872663),枚举:东方财富A股·实际控制人=山东省人民政府国有资产监督管理委员会 2026-10
industry:www.galaxylaser.cn,industry,银河激光,http://www.galaxylaser.cn/,www.galaxylaser.cn,unprobed,,,地方国企控股上市公司(430589),枚举:东方财富A股·实际控制人=江苏省人民政府国有资产监督管理委员会 2026-10
industry:www.gansu-hc.com,industry,交设股份,http://www.gansu-hc.com/,www.gansu-hc.com,unprobed,,,地方国企控股上市公司(872665),枚举:东方财富A股·实际控制人=甘肃省人民政府国有资产监督管理委员会 2026-10
industry:www.gdadri.com,industry,广东设计,http://www.gdadri.com/,www.gdadri.com,unprobed,,,地方国企控股上市公司(875160),枚举:东方财富A股·实际控制人=广东省人民政府国有资产监督管理委员会 2026-10
industry:www.gdaee.com.cn,industry,交易控股集团,https://www.gdaee.com.cn/,www.gdaee.com.cn,unprobed,,,广东国资委监管企业,枚举:广东国资委网站企业名录 2026-10
industry:www.gdairport.com,industry,机场集团,http://www.gdairport.com/,www.gdairport.com,unprobed,,,广东国资委监管企业,枚举:广东国资委网站企业名录 2026-10
industry:www.gdceg.com,industry,建工控股集团,https://www.gdceg.com/,www.gdceg.com,unprobed,,,广东国资委监管企业,枚举:广东国资委网站企业名录 2026-10
industry:www.gdcegs.com,industry,广东建工,http://www.gdcegs.com/,www.gdcegs.com,unprobed,,,地方国企控股上市公司(002060),枚举:东方财富A股·实际控制人=广东省人民政府国有资产监督管理委员会 2026-10
industry:www.gdcg.cn,industry,交通集团,http://www.gdcg.cn/,www.gdcg.cn,unprobed,,,广东国资委监管企业,枚举:广东国资委网站企业名录 2026-10
industry:www.gdecg.com,industry,广大纸业,http://www.gdecg.com/,www.gdecg.com,unprobed,,,地方国企控股上市公司(872681),枚举:东方财富A股·实际控制人=天津市人民政府国有资产监督管理委员会 2026-10
industry:www.gdep.com.cn,industry,广西能源,http://www.gdep.com.cn/,www.gdep.com.cn,unprobed,,,地方国企控股上市公司(600310),枚举:东方财富A股·实际控制人=广西壮族自治区人民政府国有资产监督管理委员会 2026-10
industry:www.gdghg.com,industry,广新控股集团,https://www.gdghg.com/,www.gdghg.com,unprobed,,,广东国资委监管企业,枚举:广东国资委网站企业名录 2026-10
industry:www.gdhchina.com,industry,粤海控股集团,http://www.gdhchina.com/,www.gdhchina.com,unprobed,,,广东国资委监管企业,枚举:广东国资委网站企业名录 2026-10
industry:www.gdhjtz.com,industry,恒健控股公司,http://www.gdhjtz.com/,www.gdhjtz.com,unprobed,,,广东国资委监管企业,枚举:广东国资委网站企业名录 2026-10
industry:www.gdiecc.com.cn,industry,广咨国际,http://www.gdiecc.com.cn/,www.gdiecc.com.cn,unprobed,,,地方国企控股上市公司(836892),枚举:东方财富A股·实际控制人=广东省人民政府国有资产监督管理委员会 2026-10
industry:www.gdjky.com,industry,广东建科,http://www.gdjky.com/,www.gdjky.com,unprobed,,,地方国企控股上市公司(301632),枚举:东方财富A股·实际控制人=广东省人民政府国有资产监督管理委员会 2026-10
industry:www.gdlkjt.com,industry,旅游控股集团,https://www.gdlkjt.com/,www.gdlkjt.com,unprobed,,,广东国资委监管企业,枚举:广东国资委网站企业名录 2026-10
industry:www.gdnyjt.com,industry,南粤集团,http://www.gdnyjt.com/,www.gdnyjt.com,unprobed,,,广东国资委监管企业,枚举:广东国资委网站企业名录 2026-10
industry:www.gdre.com.cn,industry,金龙稀土,http://www.gdre.com.cn/,www.gdre.com.cn,unprobed,,,地方国企控股上市公司(874673),枚举:东方财富A股·实际控制人=福建省人民政府国有资产监督管理委员会 2026-10
industry:www.gdrising.com.cn,industry,广晟控股集团,http://www.gdrising.com.cn/,www.gdrising.com.cn,unprobed,,,广东国资委监管企业,枚举:广东国资委网站企业名录 2026-10
industry:www.gds-huanbaogroup.com,industry,环保集团,https://www.gds-huanbaogroup.com/,www.gds-huanbaogroup.com,unprobed,,,广东国资委监管企业,枚举:广东国资委网站企业名录 2026-10
industry:www.gdsalt.com,industry,盐业集团,http://www.gdsalt.com/,www.gdsalt.com,unprobed,,,广东国资委监管企业,枚举:广东国资委网站企业名录 2026-10
industry:www.gdupi.com,industry,广规科技,http://www.gdupi.com/,www.gdupi.com,unprobed,,,地方国企控股上市公司(873264),枚举:东方财富A股·实际控制人=广东省人民政府国有资产监督管理委员会 2026-10
industry:www.gdwz.com.cn,industry,广物控股集团,http://www.gdwz.com.cn/,www.gdwz.com.cn,unprobed,,,广东国资委监管企业,枚举:广东国资委网站企业名录 2026-10
industry:www.gdyueyun.com,industry,粤运交通,http://www.gdyueyun.com/,www.gdyueyun.com,unprobed,,,地方国企控股上市公司(A18064),枚举:东方财富A股·实际控制人=广东省人民政府国有资产监督管理委员会 2026-10
industry:www.ged.com.cn,industry,粤电力A,http://www.ged.com.cn/,www.ged.com.cn,unprobed,,,地方国企控股上市公司(000539),枚举:东方财富A股·实际控制人=广东省人民政府国有资产监督管理委员会 2026-10
industry:www.gedc.cn,industry,贵州高速公路集团有限公司,http://www.gedc.cn/,www.gedc.cn,unprobed,,,贵州国资委监管企业,枚举:贵州国资委网站企业名录 2026-10
industry:www.geg.com.cn,industry,能源集团,https://www.geg.com.cn/,www.geg.com.cn,unprobed,,,广东国资委监管企业,枚举:广东国资委网站企业名录 2026-10
industry:www.geniuses.com.cn,industry,正元地理信息集团股份有限公司,http://www.geniuses.com.cn/,www.geniuses.com.cn,unprobed,,,央企控股上市公司(688509),枚举:东方财富A股·实际控制人=国务院国资委 2026-10
industry:www.geron-china.com,industry,物产金轮,http://www.geron-china.com/,www.geron-china.com,unprobed,,,地方国企控股上市公司(002722),枚举:东方财富A股·实际控制人=浙江省人民政府国有资产监督管理委员会 2026-10
industry:www.gig.cn,industry,广西投资集团有限公司,http://www.gig.cn/,www.gig.cn,unprobed,,,广西国资委监管企业,枚举:广西国资委监管企业名录 2026-10
industry:www.gimc.cn,industry,省广集团,http://www.gimc.cn/,www.gimc.cn,unprobed,,,地方国企控股上市公司(002400),枚举:东方财富A股·实际控制人=广东省人民政府国有资产监督管理委员会 2026-10
industry:www.globalprinting.cn,industry,环球印务,http://www.globalprinting.cn/,www.globalprinting.cn,unprobed,,,地方国企控股上市公司(002799),枚举:东方财富A股·实际控制人=陕西省人民政府国有资产监督管理委员会 2026-10
industry:www.glzy.cn,industry,甘露藏药,http://www.glzy.cn/,www.glzy.cn,unprobed,,,地方国企控股上市公司(875185),枚举:东方财富A股·实际控制人=西藏自治区人民政府国有资产监督管理委员会 2026-10
industry:www.goldsunoil.cn,industry,太阳股份,http://www.goldsunoil.cn/,www.goldsunoil.cn,unprobed,,,地方国企控股上市公司(837129),枚举:东方财富A股·实际控制人=江苏省人民政府国有资产监督管理委员会 2026-10
industry:www.gpedcl.com,industry,粤高速A,http://www.gpedcl.com/,www.gpedcl.com,unprobed,,,地方国企控股上市公司(000429),枚举:东方财富A股·实际控制人=广东省人民政府国有资产监督管理委员会 2026-10
industry:www.gqkgjt.com,industry,广轻控股集团,http://www.gqkgjt.com/,www.gqkgjt.com,unprobed,,,广东国资委监管企业,枚举:广东国资委网站企业名录 2026-10
industry:www.grandjoy.com,industry,大悦城控股集团股份有限公司,http://www.grandjoy.com/,www.grandjoy.com,unprobed,,,央企控股上市公司(000031),枚举:东方财富A股·实际控制人=国务院国资委 2026-10
industry:www.grci.com.cn,industry,铁投集团,https://www.grci.com.cn/,www.grci.com.cn,unprobed,,,广东国资委监管企业,枚举:广东国资委网站企业名录 2026-10
industry:www.griam.cn,industry,有研新材料股份有限公司,http://www.griam.cn/,www.griam.cn,unprobed,,,央企控股上市公司(600206),枚举:东方财富A股·实际控制人=国务院国资委 2026-10
industry:www.grimct.com,industry,有研金属复合材料(北京)股份公司,http://www.grimct.com/,www.grimct.com,unprobed,,,央企控股上市公司(688811),枚举:东方财富A股·实际控制人=国务院国资委 2026-10
industry:www.grinm.com,industry,中国有研科技集团有限公司,http://www.grinm.com/,www.grinm.com,unprobed,,,央企·国务院国资委名录(97家),枚举:国务院国资委央企名录+央企网站 2026-10
industry:www.grkaolin.com,industry,金岩高新,http://www.grkaolin.com/,www.grkaolin.com,unprobed,,,地方国企控股上市公司(872844),枚举:东方财富A股·实际控制人=安徽省人民政府国有资产监督管理委员会 2026-10
industry:www.gsafety.com,industry,北京辰安科技股份有限公司,http://www.gsafety.com/,www.gsafety.com,unprobed,,,央企控股上市公司(300523),枚举:东方财富A股·实际控制人=国务院国资委 2026-10
industry:www.gsgczx.cn,industry,甘咨询,http://www.gsgczx.cn/,www.gsgczx.cn,unprobed,,,地方国企控股上市公司(000779),枚举:东方财富A股·实际控制人=甘肃省人民政府国有资产监督管理委员会 2026-10
industry:www.gsnhgf.cn,industry,甘肃能化,http://www.gsnhgf.cn/,www.gsnhgf.cn,unprobed,,,地方国企控股上市公司(000552),枚举:东方财富A股·实际控制人=甘肃省人民政府国有资产监督管理委员会 2026-10
industry:www.gsrzdb.com,industry,甘肃担保,http://www.gsrzdb.com/,www.gsrzdb.com,unprobed,,,地方国企控股上市公司(Q153245),枚举:东方财富A股·实际控制人=甘肃省人民政府国有资产监督管理委员会 2026-10
industry:www.gszq.com,industry,国盛证券,http://www.gszq.com/,www.gszq.com,unprobed,,,地方国企控股上市公司(002670),枚举:东方财富A股·实际控制人=江西省国有资产监督管理委员会 2026-10
industry:www.gt.cn,industry,中国通用技术（集团）控股有限责任公司,http://www.gt.cn/,www.gt.cn,unprobed,,,央企·国务院国资委名录(97家),枚举:国务院国资委央企名录+央企网站 2026-10
industry:www.guanaitong.com,industry,中智关爱通(上海)科技股份有限公司,http://www.guanaitong.com/,www.guanaitong.com,unprobed,,,央企控股上市公司(871282),枚举:东方财富A股·实际控制人=国务院国资委 2026-10
industry:www.guangjipharm.com,industry,广济药业,http://www.guangjipharm.com/,www.guangjipharm.com,unprobed,,,地方国企控股上市公司(000952),枚举:东方财富A股·实际控制人=湖北省人民政府国有资产监督管理委员会 2026-10
industry:www.guangyuyuan.com,industry,广誉远,http://www.guangyuyuan.com/,www.guangyuyuan.com,unprobed,,,地方国企控股上市公司(600771),枚举:东方财富A股·实际控制人=山西省人民政府国有资产监督管理委员会 2026-10
industry:www.guaranty.com.cn,industry,中国投融资担保股份有限公司,http://www.guaranty.com.cn/,www.guaranty.com.cn,unprobed,,,央企控股上市公司(834777),枚举:东方财富A股·实际控制人=国务院国资委 2026-10
industry:www.guizhougas.com,industry,贵州燃气,http://www.guizhougas.com/,www.guizhougas.com,unprobed,,,地方国企控股上市公司(600903),枚举:东方财富A股·实际控制人=贵州省人民政府国有资产监督管理委员会 2026-10
industry:www.guokegroup.com,industry,国科军工,http://www.guokegroup.com/,www.guokegroup.com,unprobed,,,地方国企控股上市公司(688543),枚举:东方财富A股·实际控制人=江西省国有资产监督管理委员会 2026-10
industry:www.guotone.com,industry,国机通用机械科技股份有限公司,http://www.guotone.com/,www.guotone.com,unprobed,,,央企控股上市公司(600444),枚举:东方财富A股·实际控制人=国务院国资委 2026-10
industry:www.guotuokeji.com,industry,国拓科技,http://www.guotuokeji.com/,www.guotuokeji.com,unprobed,,,地方国企控股上市公司(872810),枚举:东方财富A股·实际控制人=山东省人民政府国有资产监督管理委员会 2026-10
industry:www.gvcgc.com,industry,粤科金融集团,https://www.gvcgc.com/,www.gvcgc.com,unprobed,,,广东国资委监管企业,枚举:广东国资委网站企业名录 2026-10
industry:www.gwi.com.cn,industry,长城信息产业股份有限公司,http://www.gwi.com.cn/,www.gwi.com.cn,unprobed,,,央企控股上市公司(000748),枚举:东方财富A股·实际控制人=国务院国资委 2026-10
industry:www.gwydgf.com,industry,国网英大股份有限公司,http://www.gwydgf.com/,www.gwydgf.com,unprobed,,,央企控股上市公司(600517),枚举:东方财富A股·实际控制人=国务院国资委 2026-10
industry:www.gxdatagroup.com,industry,广西数据集团有限公司,http://www.gxdatagroup.com/,www.gxdatagroup.com,unprobed,,,广西国资委监管企业,枚举:广西国资委监管企业名录 2026-10
industry:www.gxghjt.com,industry,广西国宏经济发展集团有限公司,http://www.gxghjt.com/,www.gxghjt.com,unprobed,,,广西国资委监管企业,枚举:广西国资委监管企业名录 2026-10
industry:www.gxgkjt.com,industry,广西国控资本运营集团有限责任公司,http://www.gxgkjt.com/,www.gxgkjt.com,unprobed,,,广西国资委监管企业,枚举:广西国资委监管企业名录 2026-10
industry:www.gxjttzjt.com,industry,广西交通投资集团有限公司,http://www.gxjttzjt.com/,www.gxjttzjt.com,unprobed,,,广西国资委监管企业,枚举:广西国资委监管企业名录 2026-10
industry:www.gxlyjt.com,industry,广西林业集团有限公司,http://www.gxlyjt.com/,www.gxlyjt.com,unprobed,,,广西国资委监管企业,枚举:广西国资委监管企业名录 2026-10
industry:www.gxnctzjt.com,industry,广西农村投资集团有限公司,http://www.gxnctzjt.com/,www.gxnctzjt.com,unprobed,,,广西国资委监管企业,枚举:广西国资委监管企业名录 2026-10
industry:www.gxtdg.com,industry,广西旅游发展集团有限公司,http://www.gxtdg.com/,www.gxtdg.com,unprobed,,,广西国资委监管企业,枚举:广西国资委监管企业名录 2026-10
industry:www.gxwuzi.com,industry,广西现代物流集团有限公司,http://www.gxwuzi.com/,www.gxwuzi.com,unprobed,,,广西国资委监管企业,枚举:广西国资委监管企业名录 2026-10
industry:www.gxwzjt.com,industry,五洲交通,http://www.gxwzjt.com/,www.gxwzjt.com,unprobed,,,地方国企控股上市公司(600368),枚举:东方财富A股·实际控制人=广西壮族自治区人民政府国有资产监督管理委员会 2026-10
industry:www.gyzq.com.cn,industry,国元证券,http://www.gyzq.com.cn/,www.gyzq.com.cn,unprobed,,,地方国企控股上市公司(000728),枚举:东方财富A股·实际控制人=安徽省人民政府国有资产监督管理委员会 2026-10
industry:www.gz-gcac.com,industry,贵州民航集团,https://www.gz-gcac.com/,www.gz-gcac.com,unprobed,,,贵州国资委监管企业,枚举:贵州国资委网站企业名录 2026-10
industry:www.gzbdgc.com.cn,industry,云上贵州大数据集团,https://www.gzbdgc.com.cn/,www.gzbdgc.com.cn,unprobed,,,贵州国资委监管企业,枚举:贵州国资委网站企业名录 2026-10
industry:www.gzdkgf.cn,industry,地矿股份,http://www.gzdkgf.cn/,www.gzdkgf.cn,unprobed,,,地方国企控股上市公司(831380),枚举:东方财富A股·实际控制人=贵州省人民政府国有资产监督管理委员会 2026-10
industry:www.gzep.com.cn,industry,中节能国祯环保科技股份有限公司,http://www.gzep.com.cn/,www.gzep.com.cn,unprobed,,,央企控股上市公司(300388),枚举:东方财富A股·实际控制人=国务院国资委 2026-10
industry:www.gzgs.com.cn,industry,贵州钢绳（集团）有限公司,http://www.gzgs.com.cn/,www.gzgs.com.cn,unprobed,,,贵州国资委监管企业,枚举:贵州国资委网站企业名录 2026-10
industry:www.gzgsgf.com.cn,industry,贵绳股份,http://www.gzgsgf.com.cn/,www.gzgsgf.com.cn,unprobed,,,地方国企控股上市公司(600992),枚举:东方财富A股·实际控制人=贵州省人民政府国有资产监督管理委员会 2026-10
industry:www.gzhtdq.com.cn,industry,贵州航天电器股份有限公司,http://www.gzhtdq.com.cn/,www.gzhtdq.com.cn,unprobed,,,央企控股上市公司(002025),枚举:东方财富A股·实际控制人=国务院国资委 2026-10
industry:www.gzjjjt.com.cn,industry,贵州省交通建设集团,https://www.gzjjjt.com.cn/,www.gzjjjt.com.cn,unprobed,,,贵州国资委监管企业,枚举:贵州国资委网站企业名录 2026-10
industry:www.gzjstz.com,industry,贵州省建设投资集团有限公司,http://www.gzjstz.com/,www.gzjstz.com,unprobed,,,贵州国资委监管企业,枚举:贵州国资委网站企业名录 2026-10
industry:www.gzjyjt.cn,industry,贵州金元股份有限公司,http://www.gzjyjt.cn/,www.gzjyjt.cn,unprobed,,,贵州国资委监管企业,枚举:贵州国资委网站企业名录 2026-10
industry:www.gzqsgz.com,industry,贵州省黔晟国有资产经营有限责任公司,https://www.gzqsgz.com/,www.gzqsgz.com,unprobed,,,贵州国资委监管企业,枚举:贵州国资委网站企业名录 2026-10
industry:www.gzqydl.cn,industry,贵州黔源电力股份有限公司,http://www.gzqydl.cn/,www.gzqydl.cn,unprobed,,,央企控股上市公司(002039),枚举:东方财富A股·实际控制人=国务院国资委 2026-10
industry:www.gzsalt.com,industry,贵州盐业(集团)有限责任公司,https://www.gzsalt.com/,www.gzsalt.com,unprobed,,,贵州国资委监管企业,枚举:贵州国资委网站企业名录 2026-10
industry:www.gzshdkf.com,industry,贵州省航电开发投资公司,http://www.gzshdkf.com/,www.gzshdkf.com,unprobed,,,贵州国资委监管企业,枚举:贵州国资委网站企业名录 2026-10
industry:www.gzssltzinc.com,industry,贵州省水利投资集团,https://www.gzssltzinc.com/,www.gzssltzinc.com,unprobed,,,贵州国资委监管企业,枚举:贵州国资委网站企业名录 2026-10
industry:www.gztourism.com.cn,industry,贵州旅投集团,https://www.gztourism.com.cn/,www.gztourism.com.cn,unprobed,,,贵州国资委监管企业,枚举:贵州国资委网站企业名录 2026-10
industry:www.gzttjt.com,industry,贵州铁路投资集团,https://www.gzttjt.com/,www.gzttjt.com,unprobed,,,贵州国资委监管企业,枚举:贵州国资委网站企业名录 2026-10
industry:www.gztyre.com,industry,贵州轮胎,http://www.gztyre.com/,www.gztyre.com,unprobed,,,地方国企控股上市公司(000589),枚举:东方财富A股·实际控制人=贵州省人民政府国有资产监督管理委员会 2026-10
industry:www.gzwlcyjt.com,industry,贵州现代物流产业集团,http://www.gzwlcyjt.com/,www.gzwlcyjt.com,unprobed,,,贵州国资委监管企业,枚举:贵州国资委网站企业名录 2026-10
industry:www.gzxijiu.com,industry,贵州习酒集团,https://www.gzxijiu.com/,www.gzxijiu.com,unprobed,,,贵州国资委监管企业,枚举:贵州国资委网站企业名录 2026-10
industry:www.gzxny.cn,industry,贵州能源,http://www.gzxny.cn/,www.gzxny.cn,unprobed,,,地方国企控股上市公司(871374),枚举:东方财富A股·实际控制人=贵州省人民政府国有资产监督管理委员会 2026-10
industry:www.haiguangkeji.com,industry,海光药业,http://www.haiguangkeji.com/,www.haiguangkeji.com,unprobed,,,地方国企控股上市公司(838278),枚举:东方财富A股·实际控制人=天津市人民政府国有资产监督管理委员会 2026-10
industry:www.haihetour.com,industry,海河游船,http://www.haihetour.com/,www.haihetour.com,unprobed,,,地方国企控股上市公司(870350),枚举:东方财富A股·实际控制人=天津市人民政府国有资产监督管理委员会 2026-10
industry:www.hailijt.com,industry,湖南海利高新技术产业集团有限公司,http://www.hailijt.com/,www.hailijt.com,unprobed,,,湖南国资委监管企业,枚举:湖南国资委网站企业名录 2026-10
industry:www.hainanecd.cn,industry,海南省工程咨询设计集团有限公司,https://www.hainanecd.cn/,www.hainanecd.cn,unprobed,,,海南国资委监管企业,枚举:海南国资委网站企业名录 2026-10
industry:www.hainanjk.com,industry,海南省交通投资控股有限公司,https://www.hainanjk.com/,www.hainanjk.com,unprobed,,,海南国资委监管企业,枚举:海南国资委网站企业名录 2026-10
industry:www.hainanvip.com,industry,ST康泰旅,http://www.hainanvip.com/,www.hainanvip.com,unprobed,,,地方国企控股上市公司(872104),枚举:东方财富A股·实际控制人=海南省国有资产监督管理委员会 2026-10
industry:www.haiyao.com.cn,industry,海南海药股份有限公司,http://www.haiyao.com.cn/,www.haiyao.com.cn,unprobed,,,央企控股上市公司(000566),枚举:东方财富A股·实际控制人=国务院国资委 2026-10
industry:www.hangte.cn,industry,航特装备,http://www.hangte.cn/,www.hangte.cn,unprobed,,,地方国企控股上市公司(874477),枚举:东方财富A股·实际控制人=湖北省人民政府国有资产监督管理委员会 2026-10
industry:www.hangyun.com.cn,industry,港航集团,http://www.hangyun.com.cn/,www.hangyun.com.cn,unprobed,,,广东国资委监管企业,枚举:广东国资委网站企业名录 2026-10
industry:www.harbin-electric.com,industry,哈尔滨电气集团有限公司,http://www.harbin-electric.com/,www.harbin-electric.com,unprobed,,,央企·国务院国资委名录(97家),枚举:国务院国资委央企名录+央企网站 2026-10
industry:www.harmonypiano.cn,industry,和声钢琴,http://www.harmonypiano.cn/,www.harmonypiano.cn,unprobed,,,地方国企控股上市公司(870772),枚举:东方财富A股·实际控制人=福建省人民政府国有资产监督管理委员会 2026-10
industry:www.haucore.com,industry,华光光电,http://www.haucore.com/,www.haucore.com,unprobed,,,地方国企控股上市公司(838157),枚举:东方财富A股·实际控制人=山东省人民政府国有资产监督管理委员会 2026-10
industry:www.hazq.com,industry,华安证券,http://www.hazq.com/,www.hazq.com,unprobed,,,地方国企控股上市公司(600909),枚举:东方财富A股·实际控制人=安徽省人民政府国有资产监督管理委员会 2026-10
industry:www.hbcoal.com,industry,淮北矿业,http://www.hbcoal.com/,www.hbcoal.com,unprobed,,,地方国企控股上市公司(A12314),枚举:东方财富A股·实际控制人=安徽省人民政府国有资产监督管理委员会 2026-10
industry:www.hbctgs.com,industry,楚天高速,http://www.hbctgs.com/,www.hbctgs.com,unprobed,,,地方国企控股上市公司(600035),枚举:东方财富A股·实际控制人=湖北省人民政府国有资产监督管理委员会 2026-10
industry:www.hbdkjt.cn,industry,河北地矿,https://www.hbdkjt.cn/,www.hbdkjt.cn,unprobed,,,河北国资委监管企业,枚举:河北国资委网站企业名录 2026-10
industry:www.hbgs.com.cn,industry,河北高速,https://www.hbgs.com.cn/,www.hbgs.com.cn,unprobed,,,河北国资委监管企业,枚举:河北国资委网站企业名录 2026-10
industry:www.hbhhome.com,industry,环渤海,http://www.hbhhome.com/,www.hbhhome.com,unprobed,,,地方国企控股上市公司(832337),枚举:东方财富A股·实际控制人=北京市人民政府国有资产监督管理委员会 2026-10
industry:www.hbisco.com,industry,河钢集团,https://www.hbisco.com/,www.hbisco.com,unprobed,,,河北国资委监管企业,枚举:河北国资委网站企业名录 2026-10
industry:www.hbisdt.com,industry,河钢数字,http://www.hbisdt.com/,www.hbisdt.com,unprobed,,,地方国企控股上市公司(873462),枚举:东方财富A股·实际控制人=河北省人民政府国有资产监督管理委员会 2026-10
industry:www.hbiszy.com,industry,河钢资源,http://www.hbiszy.com/,www.hbiszy.com,unprobed,,,地方国企控股上市公司(000923),枚举:东方财富A股·实际控制人=河北省人民政府国有资产监督管理委员会 2026-10
industry:www.hbjgzp.com.cn,industry,建工装配,http://www.hbjgzp.com.cn/,www.hbjgzp.com.cn,unprobed,,,地方国企控股上市公司(873607),枚举:东方财富A股·实际控制人=河北省人民政府国有资产监督管理委员会 2026-10
industry:www.hbjir.com,industry,湖北久之洋红外系统股份有限公司,http://www.hbjir.com/,www.hbjir.com,unprobed,,,央企控股上市公司(300516),枚举:东方财富A股·实际控制人=国务院国资委 2026-10
industry:www.hbjnhg.com,industry,金牛化工,http://www.hbjnhg.com/,www.hbjnhg.com,unprobed,,,地方国企控股上市公司(600722),枚举:东方财富A股·实际控制人=河北省人民政府国有资产监督管理委员会 2026-10
industry:www.hbjxad.com,industry,ST金旭农,http://www.hbjxad.com/,www.hbjxad.com,unprobed,,,地方国企控股上市公司(830859),枚举:东方财富A股·实际控制人=湖北省人民政府国有资产监督管理委员会 2026-10
industry:www.hbklgroup.cn,industry,凯龙股份,http://www.hbklgroup.cn/,www.hbklgroup.cn,unprobed,,,地方国企控股上市公司(002783),枚举:东方财富A股·实际控制人=湖北省人民政府国有资产监督管理委员会 2026-10
industry:www.hbkykg.com,industry,淮北矿业,http://www.hbkykg.com/,www.hbkykg.com,unprobed,,,地方国企控股上市公司(600985),枚举:东方财富A股·实际控制人=安徽省人民政府国有资产监督管理委员会 2026-10
industry:www.hblsjt.com,industry,冀粮集团,http://www.hblsjt.com/,www.hblsjt.com,unprobed,,,河北国资委监管企业,枚举:河北国资委网站企业名录 2026-10
industry:www.hblvt.com,industry,河北旅投,http://www.hblvt.com/,www.hblvt.com,unprobed,,,河北国资委监管企业,枚举:河北国资委网站企业名录 2026-10
industry:www.hbrnjs.com,industry,润农节水,http://www.hbrnjs.com/,www.hbrnjs.com,unprobed,,,地方国企控股上市公司(830964),枚举:东方财富A股·实际控制人=湖北省人民政府国有资产监督管理委员会 2026-10
industry:www.hbshkj.cn,industry,双环科技,http://www.hbshkj.cn/,www.hbshkj.cn,unprobed,,,地方国企控股上市公司(000707),枚举:东方财富A股·实际控制人=湖北省人民政府国有资产监督管理委员会 2026-10
industry:www.hbyl.cn,industry,恒邦股份,http://www.hbyl.cn/,www.hbyl.cn,unprobed,,,地方国企控股上市公司(002237),枚举:东方财富A股·实际控制人=江西省国有资产监督管理委员会 2026-10
industry:www.hbzbjt.cn,industry,交易集团,https://www.hbzbjt.cn/,www.hbzbjt.cn,unprobed,,,河北国资委监管企业,枚举:河北国资委网站企业名录 2026-10
industry:www.hct.cn,industry,云南省康旅控股集团有限公司,http://www.hct.cn/,www.hct.cn,unprobed,,,云南国资委监管企业,枚举:云南国资委网站企业名录 2026-10
industry:www.hdpi.com.cn,industry,华电国际电力股份有限公司宁夏分公司,http://www.hdpi.com.cn/,www.hdpi.com.cn,unprobed,,,宁夏国资委网站所列企业,枚举:宁夏国资委网站企业名录 2026-10
industry:www.hebeiairport.cn,industry,河北机场,http://www.hebeiairport.cn/,www.hebeiairport.cn,unprobed,,,河北国资委监管企业,枚举:河北国资委网站企业名录 2026-10
industry:www.hebgtgf.com,industry,河钢股份,http://www.hebgtgf.com/,www.hebgtgf.com,unprobed,,,地方国企控股上市公司(000709),枚举:东方财富A股·实际控制人=河北省人民政府国有资产监督管理委员会 2026-10
industry:www.hebitt.com,industry,交投智能,http://www.hebitt.com/,www.hebitt.com,unprobed,,,地方国企控股上市公司(874342),枚举:东方财富A股·实际控制人=河北省人民政府国有资产监督管理委员会 2026-10
industry:www.hebtig.com,industry,河北交投,https://www.hebtig.com/,www.hebtig.com,unprobed,,,河北国资委监管企业,枚举:河北国资委网站企业名录 2026-10
industry:www.hebwl.cn,industry,河北物流,http://www.hebwl.cn/,www.hebwl.cn,unprobed,,,河北国资委监管企业,枚举:河北国资委网站企业名录 2026-10
industry:www.hecic.com.cn,industry,河北建投,https://www.hecic.com.cn/,www.hecic.com.cn,unprobed,,,河北国资委监管企业,枚举:河北国资委网站企业名录 2026-10
industry:www.helichina.com,industry,安徽合力,http://www.helichina.com/,www.helichina.com,unprobed,,,地方国企控股上市公司(600761),枚举:东方财富A股·实际控制人=安徽省人民政府国有资产监督管理委员会 2026-10
industry:www.hengfengpaper.com,industry,恒丰纸业,http://www.hengfengpaper.com/,www.hengfengpaper.com,unprobed,,,地方国企控股上市公司(600356),枚举:东方财富A股·实际控制人=黑龙江省人民政府国有资产监督管理委员会 2026-10
industry:www.hg-oa.com,industry,中船汉光科技股份有限公司,http://www.hg-oa.com/,www.hg-oa.com,unprobed,,,央企控股上市公司(300847),枚举:东方财富A股·实际控制人=国务院国资委 2026-10
industry:www.hhi.com.cn,industry,华电科工股份有限公司,http://www.hhi.com.cn/,www.hhi.com.cn,unprobed,,,央企控股上市公司(601226),枚举:东方财富A股·实际控制人=国务院国资委 2026-10
industry:www.hhtvc.com,industry,湖南高新产业投资集团有限公司,https://www.hhtvc.com/,www.hhtvc.com,unprobed,,,湖南国资委监管企业,枚举:湖南国资委网站企业名录 2026-10
industry:www.hi-expressway.com,industry,海南高速,http://www.hi-expressway.com/,www.hi-expressway.com,unprobed,,,地方国企控股上市公司(000886),枚举:东方财富A股·实际控制人=海南省国有资产监督管理委员会 2026-10
industry:www.highhope.com,industry,苏豪汇鸿,http://www.highhope.com/,www.highhope.com,unprobed,,,地方国企控股上市公司(600981),枚举:东方财富A股·实际控制人=江苏省人民政府国有资产监督管理委员会 2026-10
industry:www.highly.cc,industry,海立股份,http://www.highly.cc/,www.highly.cc,unprobed,,,地方国企控股上市公司(600619),枚举:东方财富A股·实际控制人=上海市国有资产监督管理委员会 2026-10
industry:www.hioptel.com.cn,industry,恒宝通,http://www.hioptel.com.cn/,www.hioptel.com.cn,unprobed,,,地方国企控股上市公司(832449),枚举:东方财富A股·实际控制人=福建省人民政府国有资产监督管理委员会 2026-10
industry:www.hirub.cn,industry,海南橡胶,http://www.hirub.cn/,www.hirub.cn,unprobed,,,地方国企控股上市公司(601118),枚举:东方财富A股·实际控制人=海南省国有资产监督管理委员会 2026-10
industry:www.hljjt.com,industry,龙江交通,http://www.hljjt.com/,www.hljjt.com,unprobed,,,地方国企控股上市公司(601188),枚举:东方财富A股·实际控制人=黑龙江省人民政府国有资产监督管理委员会 2026-10
industry:www.hlxl.com,industry,华菱线缆,http://www.hlxl.com/,www.hlxl.com,unprobed,,,地方国企控股上市公司(001208),枚举:东方财富A股·实际控制人=湖南省人民政府国有资产监督管理委员会 2026-10
industry:www.hnadi.com.cn,industry,湖南设计,http://www.hnadi.com.cn/,www.hnadi.com.cn,unprobed,,,地方国企控股上市公司(874368),枚举:东方财富A股·实际控制人=湖南省人民政府国有资产监督管理委员会 2026-10
industry:www.hnboyun.com.cn,industry,博云新材,http://www.hnboyun.com.cn/,www.hnboyun.com.cn,unprobed,,,地方国企控股上市公司(002297),枚举:东方财富A股·实际控制人=湖南省人民政府国有资产监督管理委员会 2026-10
industry:www.hnfarms.com.cn,industry,海南省农垦投资控股集团有限公司,http://www.hnfarms.com.cn/,www.hnfarms.com.cn,unprobed,,,海南国资委监管企业,枚举:海南国资委网站企业名录 2026-10
industry:www.hnfzgf.com,industry,湖南发展,http://www.hnfzgf.com/,www.hnfzgf.com,unprobed,,,地方国企控股上市公司(000722),枚举:东方财富A股·实际控制人=湖南省人民政府国有资产监督管理委员会 2026-10
industry:www.hngdkg.com,industry,湖南轨道交通控股集团有限公司,http://www.hngdkg.com/,www.hngdkg.com,unprobed,,,湖南国资委监管企业,枚举:湖南国资委网站企业名录 2026-10
industry:www.hngoldcorp.com,industry,湖南黄金,http://www.hngoldcorp.com/,www.hngoldcorp.com,unprobed,,,地方国企控股上市公司(002155),枚举:东方财富A股·实际控制人=湖南省人民政府国有资产监督管理委员会 2026-10
industry:www.hngs.net,industry,湖南省高速公路集团有限公司,http://www.hngs.net/,www.hngs.net,unprobed,,,湖南国资委监管企业,枚举:湖南国资委网站企业名录 2026-10
industry:www.hnhggp.com,industry,海南海钢集团有限公司,http://www.hnhggp.com/,www.hnhggp.com,unprobed,,,海南国资委监管企业,枚举:海南国资委网站企业名录 2026-10
industry:www.hnhlc.com,industry,湖南海利,http://www.hnhlc.com/,www.hnhlc.com,unprobed,,,地方国企控股上市公司(600731),枚举:东方财富A股·实际控制人=湖南省人民政府国有资产监督管理委员会 2026-10
industry:www.hnhold.cn,industry,海南省发展控股有限公司,https://www.hnhold.cn/,www.hnhold.cn,unprobed,,,海南国资委监管企业,枚举:海南国资委网站企业名录 2026-10
industry:www.hnholdingsenergy.com,industry,海控能源,http://www.hnholdingsenergy.com/,www.hnholdingsenergy.com,unprobed,,,地方国企控股上市公司(833042),枚举:东方财富A股·实际控制人=海南省国有资产监督管理委员会 2026-10
industry:www.hnjzt.com,industry,九芝堂,http://www.hnjzt.com/,www.hnjzt.com,unprobed,,,地方国企控股上市公司(000989),枚举:东方财富A股·实际控制人=黑龙江省人民政府国有资产监督管理委员会 2026-10
industry:www.hnkcjt.com,industry,湖南省矿产资源集团有限责任公司,http://www.hnkcjt.com/,www.hnkcjt.com,unprobed,,,湖南国资委监管企业,枚举:湖南国资委网站企业名录 2026-10
industry:www.hnlcj.cn,industry,华能澜沧江水电股份有限公司,http://www.hnlcj.cn/,www.hnlcj.cn,unprobed,,,央企控股上市公司(600025),枚举:东方财富A股·实际控制人=国务院国资委 2026-10
industry:www.hnmyjt.com,industry,湖南省煤业集团有限公司,http://www.hnmyjt.com/,www.hnmyjt.com,unprobed,,,湖南国资委监管企业,枚举:湖南国资委网站企业名录 2026-10
industry:www.hnnftjt.com,industry,湖南农业发展投资集团有限责任公司,https://www.hnnftjt.com/,www.hnnftjt.com,unprobed,,,湖南国资委监管企业,枚举:湖南国资委网站企业名录 2026-10
industry:www.hnport.com,industry,海南机场,http://www.hnport.com/,www.hnport.com,unprobed,,,地方国企控股上市公司(600515),枚举:东方财富A股·实际控制人=海南省国有资产监督管理委员会 2026-10
industry:www.hnsalt.com.cn,industry,湖南盐业集团有限公司,http://www.hnsalt.com.cn/,www.hnsalt.com.cn,unprobed,,,湖南国资委监管企业,枚举:湖南国资委网站企业名录 2026-10
industry:www.hnsghsljt.com,industry,湖南省港航水利集团有限公司,https://www.hnsghsljt.com/,www.hnsghsljt.com,unprobed,,,湖南国资委监管企业,枚举:湖南国资委网站企业名录 2026-10
industry:www.hnsilane.com,industry,硅烷科技,http://www.hnsilane.com/,www.hnsilane.com,unprobed,,,地方国企控股上市公司(838402),枚举:东方财富A股·实际控制人=河南省人民政府国有资产监督管理委员会 2026-10
industry:www.hnslytz.com,industry,海南省旅游投资集团有限公司,https://www.hnslytz.com/,www.hnslytz.com,unprobed,,,海南国资委监管企业,枚举:海南国资委网站企业名录 2026-10
industry:www.hnss.net.cn,industry,海南海峡航运股份有限公司,http://www.hnss.net.cn/,www.hnss.net.cn,unprobed,,,央企控股上市公司(002320),枚举:东方财富A股·实际控制人=国务院国资委 2026-10
industry:www.hntygt.com,industry,天鹰缸套,http://www.hntygt.com/,www.hntygt.com,unprobed,,,地方国企控股上市公司(832935),枚举:东方财富A股·实际控制人=河南省人民政府国有资产监督管理委员会 2026-10
industry:www.hnwatergroup.cn,industry,海南省水利水务发展集团有限公司,https://www.hnwatergroup.cn/,www.hnwatergroup.cn,unprobed,,,海南国资委监管企业,枚举:海南国资委网站企业名录 2026-10
industry:www.hnxkjt.cn,industry,湖南湘科控股集团有限公司,http://www.hnxkjt.cn/,www.hnxkjt.cn,unprobed,,,湖南国资委监管企业,枚举:湖南国资委网站企业名录 2026-10
industry:www.hnxtkg.com,industry,湖南省能源投资集团有限公司,http://www.hnxtkg.com/,www.hnxtkg.com,unprobed,,,湖南国资委监管企业,枚举:湖南国资委网站企业名录 2026-10
industry:www.hnxtqingcai.com,industry,湘投轻材,http://www.hnxtqingcai.com/,www.hnxtqingcai.com,unprobed,,,地方国企控股上市公司(832008),枚举:东方财富A股·实际控制人=湖南省人民政府国有资产监督管理委员会 2026-10
industry:www.hnxxjt.com.cn,industry,湖南兴湘投资控股集团有限公司,http://www.hnxxjt.com.cn/,www.hnxxjt.com.cn,unprobed,,,湖南国资委监管企业,枚举:湖南国资委网站企业名录 2026-10
industry:www.hoig.com.cn,industry,湖南兵器,http://www.hoig.com.cn/,www.hoig.com.cn,unprobed,,,地方国企控股上市公司(A22363),枚举:东方财富A股·实际控制人=湖南省人民政府国有资产监督管理委员会 2026-10
industry:www.holitech.net,industry,ST合力泰,http://www.holitech.net/,www.holitech.net,unprobed,,,地方国企控股上市公司(002217),枚举:东方财富A股·实际控制人=福建省人民政府国有资产监督管理委员会 2026-10
industry:www.hpi.com.cn,industry,华能国际电力股份有限公司,http://www.hpi.com.cn/,www.hpi.com.cn,unprobed,,,央企控股上市公司(600011),枚举:东方财富A股·实际控制人=国务院国资委 2026-10
industry:www.hqat.cn,industry,京能华清,http://www.hqat.cn/,www.hqat.cn,unprobed,,,地方国企控股上市公司(832326),枚举:东方财富A股·实际控制人=北京市人民政府国有资产监督管理委员会 2026-10
industry:www.hqls.com,industry,红旗连锁,http://www.hqls.com/,www.hqls.com,unprobed,,,地方国企控股上市公司(002697),枚举:东方财富A股·实际控制人=四川省政府国有资产监督管理委员会 2026-10
industry:www.hqtc.com,industry,湖北华强科技股份有限公司,http://www.hqtc.com/,www.hqtc.com,unprobed,,,央企控股上市公司(688151),枚举:东方财富A股·实际控制人=国务院国资委 2026-10
industry:www.hscarbonfibre.com,industry,恒神股份,http://www.hscarbonfibre.com/,www.hscarbonfibre.com,unprobed,,,地方国企控股上市公司(832397),枚举:东方财富A股·实际控制人=陕西省人民政府国有资产监督管理委员会 2026-10
industry:www.hsgf600156.com,industry,华升股份,http://www.hsgf600156.com/,www.hsgf600156.com,unprobed,,,地方国企控股上市公司(600156),枚举:东方财富A股·实际控制人=湖南省人民政府国有资产监督管理委员会 2026-10
industry:www.htckg.com,industry,海南文昌国际航天城投资开发有限责任公司,http://www.htckg.com/,www.htckg.com,unprobed,,,海南国资委监管企业,枚举:海南国资委网站企业名录 2026-10
industry:www.htggroup.cn,industry,宏盛华源铁塔集团股份有限公司,http://www.htggroup.cn/,www.htggroup.cn,unprobed,,,央企控股上市公司(601096),枚举:东方财富A股·实际控制人=国务院国资委 2026-10
industry:www.hthitech.com,industry,华腾新材,http://www.hthitech.com/,www.hthitech.com,unprobed,,,地方国企控股上市公司(873721),枚举:东方财富A股·实际控制人=北京市人民政府国有资产监督管理委员会 2026-10
industry:www.htsc.com.cn,industry,华泰证券,http://www.htsc.com.cn/,www.htsc.com.cn,unprobed,,,地方国企控股上市公司(601688),枚举:东方财富A股·实际控制人=江苏省人民政府国有资产监督管理委员会 2026-10
industry:www.huada853.com.cn,industry,陕西华达,http://www.huada853.com.cn/,www.huada853.com.cn,unprobed,,,地方国企控股上市公司(301517),枚举:东方财富A股·实际控制人=陕西省人民政府国有资产监督管理委员会 2026-10
industry:www.huahonggrace.com,industry,华虹宏力,http://www.huahonggrace.com/,www.huahonggrace.com,unprobed,,,地方国企控股上市公司(688347),枚举:东方财富A股·实际控制人=上海市国有资产监督管理委员会 2026-10
industry:www.huahongjt.com,industry,计通5,http://www.huahongjt.com/,www.huahongjt.com,unprobed,,,地方国企控股上市公司(400163),枚举:东方财富A股·实际控制人=上海市国有资产监督管理委员会 2026-10
industry:www.huahuan.com,industry,华环电子,http://www.huahuan.com/,www.huahuan.com,unprobed,,,地方国企控股上市公司(430009),枚举:东方财富A股·实际控制人=四川省政府国有资产监督管理委员会 2026-10
industry:www.huake.com,industry,大庆华科股份有限公司,http://www.huake.com/,www.huake.com,unprobed,,,央企控股上市公司(000985),枚举:东方财富A股·实际控制人=国务院国资委 2026-10
industry:www.huakongseg.com.cn,industry,华控赛格,http://www.huakongseg.com.cn/,www.huakongseg.com.cn,unprobed,,,地方国企控股上市公司(000068),枚举:东方财富A股·实际控制人=山西省人民政府国有资产监督管理委员会 2026-10
industry:www.huayingtg.com,industry,华映科技,http://www.huayingtg.com/,www.huayingtg.com,unprobed,,,地方国企控股上市公司(000536),枚举:东方财富A股·实际控制人=福建省人民政府国有资产监督管理委员会 2026-10
industry:www.hwasu.com,industry,华塑股份,http://www.hwasu.com/,www.hwasu.com,unprobed,,,地方国企控股上市公司(600935),枚举:东方财富A股·实际控制人=安徽省人民政府国有资产监督管理委员会 2026-10
industry:www.hwatsing.com,industry,华海清科,http://www.hwatsing.com/,www.hwatsing.com,unprobed,,,地方国企控股上市公司(688120),枚举:东方财富A股·实际控制人=四川省政府国有资产监督管理委员会 2026-10
industry:www.hwdz.com.cn,industry,华微电子,http://www.hwdz.com.cn/,www.hwdz.com.cn,unprobed,,,地方国企控股上市公司(600360),枚举:东方财富A股·实际控制人=吉林省人民政府国有资产监督管理委员会 2026-10
industry:www.hypower.com.cn,industry,大唐华银电力股份有限公司,http://www.hypower.com.cn/,www.hypower.com.cn,unprobed,,,央企控股上市公司(600744),枚举:东方财富A股·实际控制人=国务院国资委 2026-10
industry:www.hyxc600281.com,industry,华阳新材,http://www.hyxc600281.com/,www.hyxc600281.com,unprobed,,,地方国企控股上市公司(600281),枚举:东方财富A股·实际控制人=山西省人民政府国有资产监督管理委员会 2026-10
industry:www.hzsteel.com,industry,杭州钢铁集团有限公司,https://www.hzsteel.com/,www.hzsteel.com,unprobed,,,浙江国资委监管企业,枚举:浙江国资委网站企业名录 2026-10
industry:www.hzsteel.com~2,industry,杭钢股份,http://www.hzsteel.com/,www.hzsteel.com,unprobed,,,地方国企控股上市公司(600126),枚举:东方财富A股·实际控制人=浙江省人民政府国有资产监督管理委员会 2026-10
industry:www.idt.com.cn,industry,倚天软件,http://www.idt.com.cn/,www.idt.com.cn,unprobed,,,地方国企控股上市公司(839915),枚举:东方财富A股·实际控制人=辽宁省人民政府国有资产监督管理委员会 2026-10
industry:www.ieisystem.com,industry,浪潮信息,http://www.ieisystem.com/,www.ieisystem.com,unprobed,,,地方国企控股上市公司(000977),枚举:东方财富A股·实际控制人=山东省人民政府国有资产监督管理委员会 2026-10
industry:www.imfic.com.cn,industry,中国内蒙古森林工业集团有限责任公司,http://www.imfic.com.cn/,www.imfic.com.cn,unprobed,,,内蒙古国资委监管企业,枚举:内蒙古国资委网站企业名录 2026-10
industry:www.impc.com.cn,industry,内蒙古电力（集团）有限责任公司,http://www.impc.com.cn/,www.impc.com.cn,unprobed,,,内蒙古国资委监管企业,枚举:内蒙古国资委网站企业名录 2026-10
industry:www.inesa-it.com,industry,云赛智联,http://www.inesa-it.com/,www.inesa-it.com,unprobed,,,地方国企控股上市公司(600602),枚举:东方财富A股·实际控制人=上海市国有资产监督管理委员会 2026-10
industry:www.inspur.com,industry,浪潮软件,http://www.inspur.com/,www.inspur.com,unprobed,,,地方国企控股上市公司(600756),枚举:东方财富A股·实际控制人=山东省人民政府国有资产监督管理委员会 2026-10
industry:www.intmedic.com,industry,英特集团,http://www.intmedic.com/,www.intmedic.com,unprobed,,,地方国企控股上市公司(000411),枚举:东方财富A股·实际控制人=浙江省人民政府国有资产监督管理委员会 2026-10
industry:www.inzonegroup.cn,industry,银座股份,http://www.inzonegroup.cn/,www.inzonegroup.cn,unprobed,,,地方国企控股上市公司(600858),枚举:东方财富A股·实际控制人=山东省人民政府国有资产监督管理委员会 2026-10
industry:www.jac.com.cn,industry,江淮汽车,http://www.jac.com.cn/,www.jac.com.cn,unprobed,,,地方国企控股上市公司(600418),枚举:东方财富A股·实际控制人=安徽省人民政府国有资产监督管理委员会 2026-10
industry:www.jbinfo.cn,industry,通用环球青鸟健康科技股份有限公司,http://www.jbinfo.cn/,www.jbinfo.cn,unprobed,,,央企控股上市公司(831718),枚举:东方财富A股·实际控制人=国务院国资委 2026-10
industry:www.jdsn.com.cn,industry,金隅冀东,http://www.jdsn.com.cn/,www.jdsn.com.cn,unprobed,,,地方国企控股上市公司(000401),枚举:东方财富A股·实际控制人=北京市人民政府国有资产监督管理委员会 2026-10
industry:www.jemlc.com,industry,哈尔滨电气集团佳木斯电机股份有限公司,http://www.jemlc.com/,www.jemlc.com,unprobed,,,央企控股上市公司(000922),枚举:东方财富A股·实际控制人=国务院国资委 2026-10
industry:www.jgxbzg.com,industry,西部重工,http://www.jgxbzg.com/,www.jgxbzg.com,unprobed,,,地方国企控股上市公司(870370),枚举:东方财富A股·实际控制人=甘肃省人民政府国有资产监督管理委员会 2026-10
industry:www.jhgf.com.cn,industry,巨化股份,http://www.jhgf.com.cn/,www.jhgf.com.cn,unprobed,,,地方国企控股上市公司(600160),枚举:东方财富A股·实际控制人=浙江省人民政府国有资产监督管理委员会 2026-10
industry:www.jhxczj.com,industry,锦华新材,http://www.jhxczj.com/,www.jhxczj.com,unprobed,,,地方国企控股上市公司(874085),枚举:东方财富A股·实际控制人=浙江省人民政府国有资产监督管理委员会 2026-10
industry:www.jianghai.com,industry,江海股份,http://www.jianghai.com/,www.jianghai.com,unprobed,,,地方国企控股上市公司(002484),枚举:东方财富A股·实际控制人=浙江省人民政府国有资产监督管理委员会 2026-10
industry:www.jianghuamem.com,industry,江化微,http://www.jianghuamem.com/,www.jianghuamem.com,unprobed,,,地方国企控股上市公司(603078),枚举:东方财富A股·实际控制人=上海市国有资产监督管理委员会 2026-10
industry:www.jigaojituan.com,industry,吉林省高速公路集团有限公司,https://www.jigaojituan.com/,www.jigaojituan.com,unprobed,,,吉林国资委监管企业,枚举:吉林国资委网站企业名录 2026-10
industry:www.jihuachina.com,industry,际华集团股份有限公司,http://www.jihuachina.com/,www.jihuachina.com,unprobed,,,央企控股上市公司(601718),枚举:东方财富A股·实际控制人=国务院国资委 2026-10
industry:www.jinchuantech.com,industry,金川科技,http://www.jinchuantech.com/,www.jinchuantech.com,unprobed,,,地方国企控股上市公司(837205),枚举:东方财富A股·实际控制人=甘肃省人民政府国有资产监督管理委员会 2026-10
industry:www.jinfengwine.com,industry,金枫酒业,http://www.jinfengwine.com/,www.jinfengwine.com,unprobed,,,地方国企控股上市公司(600616),枚举:东方财富A股·实际控制人=上海市国有资产监督管理委员会 2026-10
industry:www.jingpeng.cn,industry,京鹏科技,http://www.jingpeng.cn/,www.jingpeng.cn,unprobed,,,地方国企控股上市公司(430028),枚举:东方财富A股·实际控制人=北京市人民政府国有资产监督管理委员会 2026-10
industry:www.jingui-silver.com,industry,湖南白银,http://www.jingui-silver.com/,www.jingui-silver.com,unprobed,,,地方国企控股上市公司(002716),枚举:东方财富A股·实际控制人=湖南省人民政府国有资产监督管理委员会 2026-10
industry:www.jinjianghotels.com,industry,锦江酒店,http://www.jinjianghotels.com/,www.jinjianghotels.com,unprobed,,,地方国企控股上市公司(600754),枚举:东方财富A股·实际控制人=上海市国有资产监督管理委员会 2026-10
industry:www.jinjiangonline.com,industry,锦江在线,http://www.jinjiangonline.com/,www.jinjiangonline.com,unprobed,,,地方国企控股上市公司(600650),枚举:东方财富A股·实际控制人=上海市国有资产监督管理委员会 2026-10
industry:www.jinlinghotel.com,industry,金陵饭店,http://www.jinlinghotel.com/,www.jinlinghotel.com,unprobed,,,地方国企控股上市公司(601007),枚举:东方财富A股·实际控制人=江苏省人民政府国有资产监督管理委员会 2026-10
industry:www.jiugang.com,industry,酒钢宏兴,http://www.jiugang.com/,www.jiugang.com,unprobed,,,地方国企控股上市公司(600307),枚举:东方财富A股·实际控制人=甘肃省人民政府国有资产监督管理委员会 2026-10
industry:www.jjmy.cn,industry,金健米业,http://www.jjmy.cn/,www.jjmy.cn,unprobed,,,地方国企控股上市公司(600127),枚举:东方财富A股·实际控制人=湖南省人民政府国有资产监督管理委员会 2026-10
industry:www.jjshipping.cn,industry,锦江航运,http://www.jjshipping.cn/,www.jjshipping.cn,unprobed,,,地方国企控股上市公司(601083),枚举:东方财富A股·实际控制人=上海市国有资产监督管理委员会 2026-10
industry:www.jjtravel.com,industry,锦旅B股,http://www.jjtravel.com/,www.jjtravel.com,unprobed,,,地方国企控股上市公司(900929),枚举:东方财富A股·实际控制人=上海市国有资产监督管理委员会 2026-10
industry:www.jlcbssgjt.cn,industry,吉林长白山森工集团有限公司,http://www.jlcbssgjt.cn/,www.jlcbssgjt.cn,unprobed,,,吉林国资委监管企业,枚举:吉林国资委网站企业名录 2026-10
industry:www.jlgsgl.com,industry,吉林高速,http://www.jlgsgl.com/,www.jlgsgl.com,unprobed,,,地方国企控股上市公司(601518),枚举:东方财富A股·实际控制人=吉林省人民政府国有资产监督管理委员会 2026-10
industry:www.jlgyzb.com,industry,吉林省国有资本运营集团有限责任公司,http://www.jlgyzb.com/,www.jlgyzb.com,unprobed,,,吉林国资委监管企业,枚举:吉林国资委网站企业名录 2026-10
industry:www.jlhxjt.com,industry,吉林化纤,http://www.jlhxjt.com/,www.jlhxjt.com,unprobed,,,地方国企控股上市公司(000420),枚举:东方财富A股·实际控制人=吉林省人民政府国有资产监督管理委员会 2026-10
industry:www.jlsg.com.cn,industry,泉阳泉,http://www.jlsg.com.cn/,www.jlsg.com.cn,unprobed,,,地方国企控股上市公司(600189),枚举:东方财富A股·实际控制人=吉林省人民政府国有资产监督管理委员会 2026-10
industry:www.jlsnfjt.com,industry,吉林省农业发展集团有限公司,http://www.jlsnfjt.com/,www.jlsnfjt.com,unprobed,,,吉林国资委监管企业,枚举:吉林国资委网站企业名录 2026-10
industry:www.jlsw.cc,industry,吉林省水务集团有限公司,http://www.jlsw.cc/,www.jlsw.cc,unprobed,,,吉林国资委监管企业,枚举:吉林国资委网站企业名录 2026-10
industry:www.jltgtxw.com,industry,吉林碳谷,http://www.jltgtxw.com/,www.jltgtxw.com,unprobed,,,地方国企控股上市公司(836077),枚举:东方财富A股·实际控制人=吉林省人民政府国有资产监督管理委员会 2026-10
industry:www.jnyrkj.com,industry,亚融科技,http://www.jnyrkj.com/,www.jnyrkj.com,unprobed,,,地方国企控股上市公司(832991),枚举:东方财富A股·实际控制人=吉林省人民政府国有资产监督管理委员会 2026-10
industry:www.jolywood.cn,industry,中来股份,http://www.jolywood.cn/,www.jolywood.cn,unprobed,,,地方国企控股上市公司(300393),枚举:东方财富A股·实际控制人=浙江省人民政府国有资产监督管理委员会 2026-10
industry:www.jpxm.com,industry,环宇畜牧,http://www.jpxm.com/,www.jpxm.com,unprobed,,,地方国企控股上市公司(430287),枚举:东方财富A股·实际控制人=北京市人民政府国有资产监督管理委员会 2026-10
industry:www.jrqh.com,industry,金瑞期货,http://www.jrqh.com/,www.jrqh.com,unprobed,,,地方国企控股上市公司(A17290),枚举:东方财富A股·实际控制人=江西省国有资产监督管理委员会 2026-10
industry:www.js-gear.com,industry,摘牌金股,http://www.js-gear.com/,www.js-gear.com,unprobed,,,地方国企控股上市公司(830802),枚举:东方财富A股·实际控制人=江苏省人民政府国有资产监督管理委员会 2026-10
industry:www.jsgxgf.com,industry,江苏国信,http://www.jsgxgf.com/,www.jsgxgf.com,unprobed,,,地方国企控股上市公司(002608),枚举:东方财富A股·实际控制人=江苏省人民政府国有资产监督管理委员会 2026-10
industry:www.jsrailway.com,industry,江苏铁发,http://www.jsrailway.com/,www.jsrailway.com,unprobed,,,地方国企控股上市公司(430659),枚举:东方财富A股·实际控制人=江苏省人民政府国有资产监督管理委员会 2026-10
industry:www.jtport.com,industry,唐山港,http://www.jtport.com/,www.jtport.com,unprobed,,,地方国企控股上市公司(601000),枚举:东方财富A股·实际控制人=河北省人民政府国有资产监督管理委员会 2026-10
industry:www.juhua.com.cn,industry,巨化集团有限公司,https://www.juhua.com.cn/,www.juhua.com.cn,unprobed,,,浙江国资委监管企业,枚举:浙江国资委网站企业名录 2026-10
industry:www.juntu.com,industry,骏途网,http://www.juntu.com/,www.juntu.com,unprobed,,,地方国企控股上市公司(839202),枚举:东方财富A股·实际控制人=陕西省人民政府国有资产监督管理委员会 2026-10
industry:www.jx9394.com,industry,新余国科,http://www.jx9394.com/,www.jx9394.com,unprobed,,,地方国企控股上市公司(300722),枚举:东方财富A股·实际控制人=江西省国有资产监督管理委员会 2026-10
industry:www.jxcc.com,industry,江西铜业,http://www.jxcc.com/,www.jxcc.com,unprobed,,,地方国企控股上市公司(600362),枚举:东方财富A股·实际控制人=江西省国有资产监督管理委员会 2026-10
industry:www.jxcctb.com,industry,江铜铜箔,http://www.jxcctb.com/,www.jxcctb.com,unprobed,,,地方国企控股上市公司(A22071),枚举:东方财富A股·实际控制人=江西省国有资产监督管理委员会 2026-10
industry:www.jxgtjtgw.com,industry,国泰集团,http://www.jxgtjtgw.com/,www.jxgtjtgw.com,unprobed,,,地方国企控股上市公司(603977),枚举:东方财富A股·实际控制人=江西省国有资产监督管理委员会 2026-10
industry:www.jxsalt.com,industry,江盐集团,http://www.jxsalt.com/,www.jxsalt.com,unprobed,,,地方国企控股上市公司(601065),枚举:东方财富A股·实际控制人=江西省国有资产监督管理委员会 2026-10
industry:www.jxtjjg.com,industry,同济建管,http://www.jxtjjg.com/,www.jxtjjg.com,unprobed,,,地方国企控股上市公司(871076),枚举:东方财富A股·实际控制人=江西省国有资产监督管理委员会 2026-10
industry:www.jznygf.com,industry,冀中能源,http://www.jznygf.com/,www.jznygf.com,unprobed,,,地方国企控股上市公司(000937),枚举:东方财富A股·实际控制人=河北省人民政府国有资产监督管理委员会 2026-10
industry:www.jznyjt.com,industry,冀中能源,http://www.jznyjt.com/,www.jznyjt.com,unprobed,,,河北国资委监管企业,枚举:河北国资委网站企业名录 2026-10
industry:www.kailinruiyangchemical.com,industry,开磷瑞阳,http://www.kailinruiyangchemical.com/,www.kailinruiyangchemical.com,unprobed,,,地方国企控股上市公司(870994),枚举:东方财富A股·实际控制人=贵州省人民政府国有资产监督管理委员会 2026-10
industry:www.kailuan.com.cn,industry,开滦集团,https://www.kailuan.com.cn/,www.kailuan.com.cn,unprobed,,,河北国资委监管企业,枚举:河北国资委网站企业名录 2026-10
industry:www.kaitiangroup.com,industry,航天凯天环保科技股份有限公司,http://www.kaitiangroup.com/,www.kaitiangroup.com,unprobed,,,央企控股上市公司(835815),枚举:东方财富A股·实际控制人=国务院国资委 2026-10
industry:www.kggs.zju.edu.cn,industry,浙江大学控股集团有限公司,http://www.kggs.zju.edu.cn/,www.kggs.zju.edu.cn,unprobed,,,浙江国资委监管企业,枚举:浙江国资委网站企业名录 2026-10
industry:www.kgnmkj.com,industry,耐磨科技,http://www.kgnmkj.com/,www.kgnmkj.com,unprobed,,,地方国企控股上市公司(831212),枚举:东方财富A股·实际控制人=云南省人民政府国有资产监督管理委员会 2026-10
industry:www.kgwl.com,industry,空港物流,http://www.kgwl.com/,www.kgwl.com,unprobed,,,地方国企控股上市公司(873157),枚举:东方财富A股·实际控制人=云南省人民政府国有资产监督管理委员会 2026-10
industry:www.kkcc.com.cn,industry,开滦股份,http://www.kkcc.com.cn/,www.kkcc.com.cn,unprobed,,,地方国企控股上市公司(600997),枚举:东方财富A股·实际控制人=河北省人民政府国有资产监督管理委员会 2026-10
industry:www.kmtcl.com.cn,industry,通用技术集团昆明机床股份有限公司,http://www.kmtcl.com.cn/,www.kmtcl.com.cn,unprobed,,,央企控股上市公司(400068),枚举:东方财富A股·实际控制人=国务院国资委 2026-10
industry:www.konglonggu.com,industry,云南世界恐龙谷旅游股份有限公司,http://www.konglonggu.com/,www.konglonggu.com,unprobed,,,央企控股上市公司(832421),枚举:东方财富A股·实际控制人=国务院国资委 2026-10
industry:www.kyjg.com,industry,矿益股份,http://www.kyjg.com/,www.kyjg.com,unprobed,,,地方国企控股上市公司(837523),枚举:东方财富A股·实际控制人=河南省人民政府国有资产监督管理委员会 2026-10
industry:www.kysec.cn,industry,开源证券,http://www.kysec.cn/,www.kysec.cn,unprobed,,,地方国企控股上市公司(832396),枚举:东方财富A股·实际控制人=陕西省人民政府国有资产监督管理委员会 2026-10
industry:www.lanshantunhe.com,industry,蓝山屯河,http://www.lanshantunhe.com/,www.lanshantunhe.com,unprobed,,,地方国企控股上市公司(A22218),枚举:东方财富A股·实际控制人=新疆维吾尔自治区人民政府国有资产监督管理委员会 2026-10
industry:www.lat000697.com,industry,炼石航空,http://www.lat000697.com/,www.lat000697.com,unprobed,,,地方国企控股上市公司(000697),枚举:东方财富A股·实际控制人=四川省政府国有资产监督管理委员会 2026-10
industry:www.lfg.com.cn,industry,辽渔集团有限公司,http://www.lfg.com.cn/,www.lfg.com.cn,unprobed,,,辽宁国资委监管企业,枚举:辽宁国资委网站企业名录 2026-10
industry:www.linhai.cn,industry,林海股份有限公司,http://www.linhai.cn/,www.linhai.cn,unprobed,,,央企控股上市公司(600099),枚举:东方财富A股·实际控制人=国务院国资委 2026-10
industry:www.lishengpharma.com,industry,力生制药,http://www.lishengpharma.com/,www.lishengpharma.com,unprobed,,,地方国企控股上市公司(002393),枚举:东方财富A股·实际控制人=天津市人民政府国有资产监督管理委员会 2026-10
industry:www.liugong.com,industry,柳工,http://www.liugong.com/,www.liugong.com,unprobed,,,地方国企控股上市公司(000528),枚举:东方财富A股·实际控制人=广西壮族自治区人民政府国有资产监督管理委员会 2026-10
industry:www.liugonggroup.com,industry,广西柳工集团有限公司,http://www.liugonggroup.com/,www.liugonggroup.com,unprobed,,,广西国资委监管企业,枚举:广西国资委监管企业名录 2026-10
industry:www.liusteel.com,industry,柳钢股份,http://www.liusteel.com/,www.liusteel.com,unprobed,,,地方国企控股上市公司(601003),枚举:东方财富A股·实际控制人=广西壮族自治区人民政府国有资产监督管理委员会 2026-10
industry:www.liuzhousteel.com,industry,广西柳州钢铁集团有限公司,http://www.liuzhousteel.com/,www.liuzhousteel.com,unprobed,,,广西国资委监管企业,枚举:广西国资委监管企业名录 2026-10
industry:www.lkpc.com,industry,鲁抗医药,http://www.lkpc.com/,www.lkpc.com,unprobed,,,地方国企控股上市公司(600789),枚举:东方财富A股·实际控制人=山东省人民政府国有资产监督管理委员会 2026-10
industry:www.lmz.com.cn,industry,两面针,http://www.lmz.com.cn/,www.lmz.com.cn,unprobed,,,地方国企控股上市公司(600249),枚举:东方财富A股·实际控制人=广西壮族自治区人民政府国有资产监督管理委员会 2026-10
industry:www.lngemg.com,industry,辽宁省地质勘探矿业集团有...,http://www.lngemg.com/,www.lngemg.com,unprobed,,,辽宁国资委监管企业,枚举:辽宁国资委网站企业名录 2026-10
industry:www.lnjttz.cn,industry,辽宁省交通建设投资集团有...,http://www.lnjttz.cn/,www.lnjttz.cn,unprobed,,,辽宁国资委监管企业,枚举:辽宁国资委网站企业名录 2026-10
industry:www.lnkgjt.cn,industry,辽宁控股（集团）有限责任...,http://www.lnkgjt.cn/,www.lnkgjt.cn,unprobed,,,辽宁国资委监管企业,枚举:辽宁国资委网站企业名录 2026-10
industry:www.lnlsfz.com,industry,辽宁省粮食发展集团有限责...,http://www.lnlsfz.com/,www.lnlsfz.com,unprobed,,,辽宁国资委监管企业,枚举:辽宁国资委网站企业名录 2026-10
industry:www.longjianlq.com,industry,龙建股份,http://www.longjianlq.com/,www.longjianlq.com,unprobed,,,地方国企控股上市公司(600853),枚举:东方财富A股·实际控制人=黑龙江省人民政府国有资产监督管理委员会 2026-10
industry:www.longxinbio.cn,industry,龙心生物,http://www.longxinbio.cn/,www.longxinbio.cn,unprobed,,,地方国企控股上市公司(838875),枚举:东方财富A股·实际控制人=山东省人民政府国有资产监督管理委员会 2026-10
industry:www.lshec.com,industry,兰石重装,http://www.lshec.com/,www.lshec.com,unprobed,,,地方国企控股上市公司(603169),枚举:东方财富A股·实际控制人=甘肃省人民政府国有资产监督管理委员会 2026-10
industry:www.lshfreda.com,industry,福瑞达,http://www.lshfreda.com/,www.lshfreda.com,unprobed,,,地方国企控股上市公司(600223),枚举:东方财富A股·实际控制人=山东省人民政府国有资产监督管理委员会 2026-10
industry:www.lsrfzy.com,industry,陇神戎发,http://www.lsrfzy.com/,www.lsrfzy.com,unprobed,,,地方国企控股上市公司(300534),枚举:东方财富A股·实际控制人=甘肃省人民政府国有资产监督管理委员会 2026-10
industry:www.luanhn.com,industry,潞安环能,http://www.luanhn.com/,www.luanhn.com,unprobed,,,地方国企控股上市公司(601699),枚举:东方财富A股·实际控制人=山西省人民政府国有资产监督管理委员会 2026-10
industry:www.luxichemical.com,industry,鲁西化工集团股份有限公司,http://www.luxichemical.com/,www.luxichemical.com,unprobed,,,央企控股上市公司(000830),枚举:东方财富A股·实际控制人=国务院国资委 2026-10
industry:www.luyin.cn,industry,鲁银投资,http://www.luyin.cn/,www.luyin.cn,unprobed,,,地方国企控股上市公司(600784),枚举:东方财富A股·实际控制人=山东省人民政府国有资产监督管理委员会 2026-10
industry:www.lyrg.com.cn,industry,中钢洛耐科技股份有限公司,http://www.lyrg.com.cn/,www.lyrg.com.cn,unprobed,,,央企控股上市公司(688119),枚举:东方财富A股·实际控制人=国务院国资委 2026-10
industry:www.masonled.com,industry,万润科技,http://www.masonled.com/,www.masonled.com,unprobed,,,地方国企控股上市公司(002654),枚举:东方财富A股·实际控制人=湖北省人民政府国有资产监督管理委员会 2026-10
industry:www.mccchina.com,industry,中国冶金科工股份有限公司,http://www.mccchina.com/,www.mccchina.com,unprobed,,,央企控股上市公司(601618),枚举:东方财富A股·实际控制人=国务院国资委 2026-10
industry:www.mclwafer.com,industry,麦斯克,http://www.mclwafer.com/,www.mclwafer.com,unprobed,,,地方国企控股上市公司(A20650),枚举:东方财富A股·实际控制人=河南省人民政府国有资产监督管理委员会 2026-10
industry:www.meheco.com,industry,中国医药健康产业股份有限公司,http://www.meheco.com/,www.meheco.com,unprobed,,,央企控股上市公司(600056),枚举:东方财富A股·实际控制人=国务院国资委 2026-10
industry:www.melaminefoam.com.cn,industry,绿宇新材,http://www.melaminefoam.com.cn/,www.melaminefoam.com.cn,unprobed,,,地方国企控股上市公司(872678),枚举:东方财富A股·实际控制人=河南省人民政府国有资产监督管理委员会 2026-10
industry:www.mgbmgs.com,industry,安徽马钢表面技术股份有限公司,http://www.mgbmgs.com/,www.mgbmgs.com,unprobed,,,央企控股上市公司(873245),枚举:东方财富A股·实际控制人=国务院国资委 2026-10
industry:www.mimr.cn,industry,中钢集团马鞍山矿山研究总院股份有限公司,http://www.mimr.cn/,www.mimr.cn,unprobed,,,央企控股上市公司(A20592),枚举:东方财富A股·实际控制人=国务院国资委 2026-10
industry:www.minmetals.com.cn,industry,中国五矿集团有限公司,http://www.minmetals.com.cn/,www.minmetals.com.cn,unprobed,,,央企·国务院国资委名录(97家),枚举:国务院国资委央企名录+央企网站 2026-10
industry:www.mkky.cn,industry,马矿股份,http://www.mkky.cn/,www.mkky.cn,unprobed,,,地方国企控股上市公司(601123),枚举:东方财富A股·实际控制人=福建省人民政府国有资产监督管理委员会 2026-10
industry:www.mlhjz.cn,industry,木兰花,http://www.mlhjz.cn/,www.mlhjz.cn,unprobed,,,地方国企控股上市公司(831229),枚举:东方财富A股·实际控制人=湖北省人民政府国有资产监督管理委员会 2026-10
industry:www.mogao.com,industry,*ST莫高,http://www.mogao.com/,www.mogao.com,unprobed,,,地方国企控股上市公司(600543),枚举:东方财富A股·实际控制人=甘肃省人民政府国有资产监督管理委员会 2026-10
industry:www.mongwater.com,industry,蒙水股份,http://www.mongwater.com/,www.mongwater.com,unprobed,,,地方国企控股上市公司(838122),枚举:东方财富A股·实际控制人=内蒙古自治区人民政府国有资产监督管理委员会 2026-10
industry:www.morningcore.com,industry,宸芯科技股份有限公司,http://www.morningcore.com/,www.morningcore.com,unprobed,,,央企控股上市公司(874661),枚举:东方财富A股·实际控制人=国务院国资委 2026-10
industry:www.moutaichina.com,industry,贵州茅台,http://www.moutaichina.com/,www.moutaichina.com,unprobed,,,地方国企控股上市公司(600519),枚举:东方财富A股·实际控制人=贵州省人民政府国有资产监督管理委员会 2026-10
industry:www.msshipping.cn,industry,民生集团,http://www.msshipping.cn/,www.msshipping.cn,unprobed,,,重庆国资委监管企业,枚举:重庆国资委网站企业名录 2026-10
industry:www.mtd.com.cn,industry,机科发展科技股份有限公司,http://www.mtd.com.cn/,www.mtd.com.cn,unprobed,,,央企控股上市公司(835579),枚举:东方财富A股·实际控制人=国务院国资委 2026-10
industry:www.mxdl.com.cn,industry,四川明星电力股份有限公司,http://www.mxdl.com.cn/,www.mxdl.com.cn,unprobed,,,央企控股上市公司(600101),枚举:东方财富A股·实际控制人=国务院国资委 2026-10
industry:www.namkwong.com.mo,industry,南光（集团）有限公司[中国南光集团有限公司],http://www.namkwong.com.mo/,www.namkwong.com.mo,unprobed,,,央企·国务院国资委名录(97家),枚举:国务院国资委央企名录+央企网站 2026-10
industry:www.nanfangfood.com,industry,黑芝麻,http://www.nanfangfood.com/,www.nanfangfood.com,unprobed,,,地方国企控股上市公司(000716),枚举:东方财富A股·实际控制人=广西壮族自治区人民政府国有资产监督管理委员会 2026-10
industry:www.nantian.com.cn,industry,南天信息,http://www.nantian.com.cn/,www.nantian.com.cn,unprobed,,,地方国企控股上市公司(000948),枚举:东方财富A股·实际控制人=云南省人民政府国有资产监督管理委员会 2026-10
industry:www.naritech.cn,industry,国电南瑞科技股份有限公司,http://www.naritech.cn/,www.naritech.cn,unprobed,,,央企控股上市公司(600406),枚举:东方财富A股·实际控制人=国务院国资委 2026-10
industry:www.nbmc.com.cn,industry,宁波海运,http://www.nbmc.com.cn/,www.nbmc.com.cn,unprobed,,,地方国企控股上市公司(600798),枚举:东方财富A股·实际控制人=浙江省人民政府国有资产监督管理委员会 2026-10
industry:www.nbosco.com,industry,宁波远洋,http://www.nbosco.com/,www.nbosco.com,unprobed,,,地方国企控股上市公司(601022),枚举:东方财富A股·实际控制人=浙江省人民政府国有资产监督管理委员会 2026-10
industry:www.nbport.com.cn,industry,宁波港,http://www.nbport.com.cn/,www.nbport.com.cn,unprobed,,,地方国企控股上市公司(601018),枚举:东方财富A股·实际控制人=浙江省人民政府国有资产监督管理委员会 2026-10
industry:www.ncic.ceec.net.cn,industry,中国能源建设集团西北建设投资有限公司,http://www.ncic.ceec.net.cn/,www.ncic.ceec.net.cn,unprobed,,,陕西国资委网站所列企业,枚举:陕西国资委网站企业名录 2026-10
industry:www.ncpc.com,industry,华北制药,http://www.ncpc.com/,www.ncpc.com,unprobed,,,地方国企控股上市公司(600812),枚举:东方财富A股·实际控制人=河北省人民政府国有资产监督管理委员会 2026-10
industry:www.ncschina.com,industry,钢研纳克检测技术股份有限公司,http://www.ncschina.com/,www.ncschina.com,unprobed,,,央企控股上市公司(300797),枚举:东方财富A股·实际控制人=国务院国资委 2026-10
industry:www.netposa.com,industry,网力3,http://www.netposa.com/,www.netposa.com,unprobed,,,地方国企控股上市公司(400145),枚举:东方财富A股·实际控制人=四川省政府国有资产监督管理委员会 2026-10
industry:www.new-gm.cn,industry,新国脉数字文化股份有限公司,http://www.new-gm.cn/,www.new-gm.cn,unprobed,,,央企控股上市公司(600640),枚举:东方财富A股·实际控制人=国务院国资委 2026-10
industry:www.newwf.com,industry,新五丰,http://www.newwf.com/,www.newwf.com,unprobed,,,地方国企控股上市公司(600975),枚举:东方财富A股·实际控制人=湖南省人民政府国有资产监督管理委员会 2026-10
industry:www.nexsec.cn,industry,兴汉网际,http://www.nexsec.cn/,www.nexsec.cn,unprobed,,,地方国企控股上市公司(872708),枚举:东方财富A股·实际控制人=北京市人民政府国有资产监督管理委员会 2026-10
industry:www.nfc.com.cn,industry,中国有色金属建设股份有限公司,http://www.nfc.com.cn/,www.nfc.com.cn,unprobed,,,央企控股上市公司(000758),枚举:东方财富A股·实际控制人=国务院国资委 2026-10
industry:www.ngzyy.com,industry,内蒙古国有资本运营有限公司,http://www.ngzyy.com/,www.ngzyy.com,unprobed,,,内蒙古国资委监管企业,枚举:内蒙古国资委网站企业名录 2026-10
industry:www.njp.com.cn,industry,南京港,http://www.njp.com.cn/,www.njp.com.cn,unprobed,,,地方国企控股上市公司(002040),枚举:东方财富A股·实际控制人=江苏省人民政府国有资产监督管理委员会 2026-10
industry:www.nmcqjy.com,industry,内蒙古产权交易中心有限责任公司,http://www.nmcqjy.com/,www.nmcqjy.com,unprobed,,,内蒙古国资委监管企业,枚举:内蒙古国资委网站企业名录 2026-10
industry:www.nmgjtjt.com,industry,内蒙古交通集团有限公司,http://www.nmgjtjt.com/,www.nmgjtjt.com,unprobed,,,内蒙古国资委监管企业,枚举:内蒙古国资委网站企业名录 2026-10
industry:www.nmgjttz.com,industry,内蒙古交通投资(集团)有限责任公司,http://www.nmgjttz.com/,www.nmgjttz.com,unprobed,,,内蒙古国资委监管企业,枚举:内蒙古国资委网站企业名录 2026-10
industry:www.nmgsalt.com.cn,industry,内蒙古蒙盐盐业集团有限公司,http://www.nmgsalt.com.cn/,www.nmgsalt.com.cn,unprobed,,,内蒙古国资委监管企业,枚举:内蒙古国资委网站企业名录 2026-10
industry:www.nmgswtz.com,industry,内蒙古水务投资集团有限公司,http://www.nmgswtz.com/,www.nmgswtz.com,unprobed,,,内蒙古国资委监管企业,枚举:内蒙古国资委网站企业名录 2026-10
industry:www.nmwx.cn,industry,内蒙古威信保安押运服务有限责任公司,http://www.nmwx.cn/,www.nmwx.cn,unprobed,,,内蒙古国资委监管企业,枚举:内蒙古国资委网站企业名录 2026-10
industry:www.nnqh.net,industry,侨虹新材,http://www.nnqh.net/,www.nnqh.net,unprobed,,,地方国企控股上市公司(870931),枚举:东方财富A股·实际控制人=广西壮族自治区国有资产监督管理委员会 2026-10
industry:www.nnsugar.com,industry,*ST广糖,http://www.nnsugar.com/,www.nnsugar.com,unprobed,,,地方国企控股上市公司(000911),枚举:东方财富A股·实际控制人=广西壮族自治区人民政府国有资产监督管理委员会 2026-10
industry:www.nonfemet.com,industry,中金岭南,http://www.nonfemet.com/,www.nonfemet.com,unprobed,,,地方国企控股上市公司(000060),枚举:东方财富A股·实际控制人=广东省人民政府国有资产监督管理委员会 2026-10
industry:www.norincogroup.com.cn,industry,中国兵器工业集团有限公司,http://www.norincogroup.com.cn/,www.norincogroup.com.cn,unprobed,,,央企·国务院国资委名录(97家),枚举:国务院国资委央企名录+央企网站 2026-10
industry:www.northrain.cn,industry,摘牌节灌,http://www.northrain.cn/,www.northrain.cn,unprobed,,,地方国企控股上市公司(835283),枚举:东方财富A股·实际控制人=吉林省人民政府国有资产监督管理委员会 2026-10
industry:www.nowvow.net,industry,诺和股份,http://www.nowvow.net/,www.nowvow.net,unprobed,,,地方国企控股上市公司(837393),枚举:东方财富A股·实际控制人=浙江省人民政府国有资产监督管理委员会 2026-10
industry:www.nucien.com,industry,ST南新,http://www.nucien.com/,www.nucien.com,unprobed,,,地方国企控股上市公司(688189),枚举:东方财富A股·实际控制人=湖南省人民政府国有资产监督管理委员会 2026-10
industry:www.nupmg.com,industry,出版传媒,http://www.nupmg.com/,www.nupmg.com,unprobed,,,地方国企控股上市公司(601999),枚举:东方财富A股·实际控制人=辽宁省人民政府国有资产监督管理委员会 2026-10
industry:www.nwh.cn,industry,中国电建集团西北勘测设计研究院有限公司,https://www.nwh.cn/,www.nwh.cn,unprobed,,,陕西国资委网站所列企业,枚举:陕西国资委网站企业名录 2026-10
industry:www.nyocor.com,industry,金开新能,http://www.nyocor.com/,www.nyocor.com,unprobed,,,地方国企控股上市公司(600821),枚举:东方财富A股·实际控制人=天津市人民政府国有资产监督管理委员会 2026-10
industry:www.opg.cn,industry,东方明珠,http://www.opg.cn/,www.opg.cn,unprobed,,,地方国企控股上市公司(600832),枚举:东方财富A股·实际控制人=上海国有资产监督管理委员会 2026-10
industry:www.originwater.com,industry,北京碧水源科技股份有限公司,http://www.originwater.com/,www.originwater.com,unprobed,,,央企控股上市公司(300070),枚举:东方财富A股·实际控制人=国务院国资委 2026-10
industry:www.oumasoft.com,industry,鸥玛软件,http://www.oumasoft.com/,www.oumasoft.com,unprobed,,,地方国企控股上市公司(301185),枚举:东方财富A股·实际控制人=山东省人民政府国有资产监督管理委员会 2026-10
industry:www.ouyeel.com,industry,欧冶云商股份有限公司,http://www.ouyeel.com/,www.ouyeel.com,unprobed,,,央企控股上市公司(A21310),枚举:东方财富A股·实际控制人=国务院国资委 2026-10
industry:www.ovmchina.com,industry,欧维姆,http://www.ovmchina.com/,www.ovmchina.com,unprobed,,,地方国企控股上市公司(A15201),枚举:东方财富A股·实际控制人=广西壮族自治区人民政府国有资产监督管理委员会 2026-10
industry:www.palm-la.com,industry,ST棕榈,http://www.palm-la.com/,www.palm-la.com,unprobed,,,地方国企控股上市公司(002431),枚举:东方财富A股·实际控制人=河南省人民政府国有资产监督管理委员会 2026-10
industry:www.petrochina.com.cn,industry,中国石油天然气股份有限公司,http://www.petrochina.com.cn/,www.petrochina.com.cn,unprobed,,,央企控股上市公司(601857),枚举:东方财富A股·实际控制人=国务院国资委 2026-10
industry:www.pgtex.cn,industry,摘牌宏纵,http://www.pgtex.cn/,www.pgtex.cn,unprobed,,,地方国企控股上市公司(833719),枚举:东方财富A股·实际控制人=云南省人民政府国有资产监督管理委员会 2026-10
industry:www.pinggao.com,industry,河南平高电气股份有限公司,http://www.pinggao.com/,www.pinggao.com,unprobed,,,央企控股上市公司(600312),枚举:东方财富A股·实际控制人=国务院国资委 2026-10
industry:www.pipechina.com.cn,industry,国家石油天然气管网集团有限公司,http://www.pipechina.com.cn/,www.pipechina.com.cn,unprobed,,,央企·国务院国资委名录(97家),枚举:国务院国资委央企名录+央企网站 2026-10
industry:www.plantsleep.com,industry,大自然科技股份有限公司,http://www.plantsleep.com/,www.plantsleep.com,unprobed,,,央企控股上市公司(834927),枚举:东方财富A股·实际控制人=国务院国资委 2026-10
industry:www.plbio.cn,industry,派林生物,http://www.plbio.cn/,www.plbio.cn,unprobed,,,地方国企控股上市公司(000403),枚举:东方财富A股·实际控制人=陕西省人民政府国有资产监督管理委员会 2026-10
industry:www.pmhndq.com,industry,河南电气,http://www.pmhndq.com/,www.pmhndq.com,unprobed,,,地方国企控股上市公司(872988),枚举:东方财富A股·实际控制人=河南省人民政府国有资产监督管理委员会 2026-10
industry:www.pmta.com.cn,industry,平煤股份,http://www.pmta.com.cn/,www.pmta.com.cn,unprobed,,,地方国企控股上市公司(601666),枚举:东方财富A股·实际控制人=河南省人民政府国有资产监督管理委员会 2026-10
industry:www.poly.com.cn,industry,中国保利集团有限公司,http://www.poly.com.cn/,www.poly.com.cn,unprobed,,,央企·国务院国资委名录(97家),枚举:国务院国资委央企名录+央企网站 2026-10
industry:www.portqhd.com,industry,秦港股份,http://www.portqhd.com/,www.portqhd.com,unprobed,,,地方国企控股上市公司(601326),枚举:东方财富A股·实际控制人=河北省人民政府国有资产监督管理委员会 2026-10
industry:www.portshanghai.com.cn,industry,上港集团,http://www.portshanghai.com.cn/,www.portshanghai.com.cn,unprobed,,,地方国企控股上市公司(600018),枚举:东方财富A股·实际控制人=上海市国有资产监督管理委员会 2026-10
industry:www.powerchina.cn,industry,中国电力建设集团有限公司,http://www.powerchina.cn/,www.powerchina.cn,unprobed,,,央企·国务院国资委名录(97家),枚举:国务院国资委央企名录+央企网站 2026-10
industry:www.prb.com.cn,industry,珠江桥,http://www.prb.com.cn/,www.prb.com.cn,unprobed,,,地方国企控股上市公司(A12150),枚举:东方财富A股·实际控制人=广东省人民政府国有资产监督管理委员会 2026-10
industry:www.prechina.net,industry,贵州省公共资源(国有产权)交易中心,https://www.prechina.net/,www.prechina.net,unprobed,,,贵州国资委监管企业,枚举:贵州国资委网站企业名录 2026-10
industry:www.qhjnty.com,industry,ST青聚,http://www.qhjnty.com/,www.qhjnty.com,unprobed,,,地方国企控股上市公司(872625),枚举:东方财富A股·实际控制人=青海省国有资产监督管理委员会 2026-10
industry:www.qiantongzhilian.com,industry,黔通智联,http://www.qiantongzhilian.com/,www.qiantongzhilian.com,unprobed,,,地方国企控股上市公司(A21655),枚举:东方财富A股·实际控制人=贵州省人民政府国有资产监督管理委员会 2026-10
industry:www.qiaowang.net,industry,侨旺纸模,http://www.qiaowang.net/,www.qiaowang.net,unprobed,,,地方国企控股上市公司(872558),枚举:东方财富A股·实际控制人=广西壮族自治区国有资产监督管理委员会 2026-10
industry:www.qiluys.cn,industry,齐鲁云商,http://www.qiluys.cn/,www.qiluys.cn,unprobed,,,地方国企控股上市公司(873433),枚举:东方财富A股·实际控制人=山东省人民政府国有资产监督管理委员会 2026-10
industry:www.qinchuan.com,industry,秦川集团,https://www.qinchuan.com/,www.qinchuan.com,unprobed,,,陕西国资委网站所列企业,枚举:陕西国资委网站企业名录 2026-10
industry:www.qinchuan.com~2,industry,秦川机床,http://www.qinchuan.com/,www.qinchuan.com,unprobed,,,地方国企控股上市公司(000837),枚举:东方财富A股·实际控制人=陕西省人民政府国有资产监督管理委员会 2026-10
industry:www.qingdao-port.com,industry,青岛港,http://www.qingdao-port.com/,www.qingdao-port.com,unprobed,,,地方国企控股上市公司(601298),枚举:东方财富A股·实际控制人=山东省人民政府国有资产监督管理委员会 2026-10
industry:www.qingling.com.cn,industry,庆铃集团,https://www.qingling.com.cn/,www.qingling.com.cn,unprobed,,,重庆国资委监管企业,枚举:重庆国资委网站企业名录 2026-10
industry:www.qingshanpaper.com,industry,青山纸业,http://www.qingshanpaper.com/,www.qingshanpaper.com,unprobed,,,地方国企控股上市公司(600103),枚举:东方财富A股·实际控制人=福建省人民政府国有资产监督管理委员会 2026-10
industry:www.qingxin.com.cn,industry,清新环境,http://www.qingxin.com.cn/,www.qingxin.com.cn,unprobed,,,地方国企控股上市公司(002573),枚举:东方财富A股·实际控制人=四川省政府国有资产监督管理委员会 2026-10
industry:www.quanjude.com.cn,industry,全聚德,http://www.quanjude.com.cn/,www.quanjude.com.cn,unprobed,,,地方国企控股上市公司(002186),枚举:东方财富A股·实际控制人=北京市人民政府国有资产监督管理委员会 2026-10
industry:www.quantum-info.com,industry,科大国盾量子技术股份有限公司,http://www.quantum-info.com/,www.quantum-info.com,unprobed,,,央企控股上市公司(688027),枚举:东方财富A股·实际控制人=国务院国资委 2026-10
industry:www.qxtdgf.com,industry,齐翔腾达,http://www.qxtdgf.com/,www.qxtdgf.com,unprobed,,,地方国企控股上市公司(002408),枚举:东方财富A股·实际控制人=山东省人民政府国有资产监督管理委员会 2026-10
industry:www.rcnewmaterial.com,industry,荣程新材,http://www.rcnewmaterial.com/,www.rcnewmaterial.com,unprobed,,,地方国企控股上市公司(873053),枚举:东方财富A股·实际控制人=海南省国有资产监督管理委员会 2026-10
industry:www.reculture.cn,industry,瑞科际再生能源股份有限公司,http://www.reculture.cn/,www.reculture.cn,unprobed,,,央企控股上市公司(833250),枚举:东方财富A股·实际控制人=国务院国资委 2026-10
industry:www.redrcd.com,industry,红岭云,http://www.redrcd.com/,www.redrcd.com,unprobed,,,地方国企控股上市公司(870543),枚举:东方财富A股·实际控制人=云南省人民政府国有资产监督管理委员会 2026-10
industry:www.regcc.cn,industry,中国稀土集团有限公司,https://www.regcc.cn/,www.regcc.cn,unprobed,,,央企·国务院国资委名录(97家),枚举:国务院国资委央企名录+央企网站 2026-10
industry:www.reshine.net,industry,金川瑞翔,http://www.reshine.net/,www.reshine.net,unprobed,,,地方国企控股上市公司(A26211),枚举:东方财富A股·实际控制人=甘肃省人民政府国有资产监督管理委员会 2026-10
industry:www.ruijie.com.cn,industry,锐捷网络,http://www.ruijie.com.cn/,www.ruijie.com.cn,unprobed,,,地方国企控股上市公司(301165),枚举:东方财富A股·实际控制人=福建省人民政府国有资产监督管理委员会 2026-10
industry:www.rzpcl.com,industry,日照港,http://www.rzpcl.com/,www.rzpcl.com,unprobed,,,地方国企控股上市公司(600017),枚举:东方财富A股·实际控制人=山东省人民政府国有资产监督管理委员会 2026-10
industry:www.s10000.com,industry,财达证券,http://www.s10000.com/,www.s10000.com,unprobed,,,地方国企控股上市公司(600906),枚举:东方财富A股·实际控制人=河北省人民政府国有资产监督管理委员会 2026-10
industry:www.sac-china.com,industry,国电南京自动化股份有限公司,http://www.sac-china.com/,www.sac-china.com,unprobed,,,央企控股上市公司(600268),枚举:东方财富A股·实际控制人=国务院国资委 2026-10
industry:www.sacredsun.cn,industry,圣阳股份,http://www.sacredsun.cn/,www.sacredsun.cn,unprobed,,,地方国企控股上市公司(002580),枚举:东方财富A股·实际控制人=山东省人民政府国有资产监督管理委员会 2026-10
industry:www.saicmotor.com,industry,上汽集团,http://www.saicmotor.com/,www.saicmotor.com,unprobed,,,地方国企控股上市公司(600104),枚举:东方财富A股·实际控制人=上海市国有资产监督管理委员会 2026-10
industry:www.sanxia.com,industry,渝三峡A,http://www.sanxia.com/,www.sanxia.com,unprobed,,,地方国企控股上市公司(000565),枚举:东方财富A股·实际控制人=重庆市国有资产监督管理委员会 2026-10
industry:www.sanxinglass.com,industry,海南发展,http://www.sanxinglass.com/,www.sanxinglass.com,unprobed,,,地方国企控股上市公司(002163),枚举:东方财富A股·实际控制人=海南省国有资产监督管理委员会 2026-10
industry:www.sanyou-group.com.cn,industry,三友集团,http://www.sanyou-group.com.cn/,www.sanyou-group.com.cn,unprobed,,,河北国资委监管企业,枚举:河北国资委网站企业名录 2026-10
industry:www.sc-cx.com,industry,创信股份,http://www.sc-cx.com/,www.sc-cx.com,unprobed,,,地方国企控股上市公司(838536),枚举:东方财富A股·实际控制人=湖北省人民政府国有资产监督管理委员会 2026-10
industry:www.scacc.com,industry,氯碱化工,http://www.scacc.com/,www.scacc.com,unprobed,,,地方国企控股上市公司(600618),枚举:东方财富A股·实际控制人=上海市国有资产监督管理委员会 2026-10
industry:www.scbwz.com,industry,摘牌味斋,http://www.scbwz.com/,www.scbwz.com,unprobed,,,地方国企控股上市公司(833410),枚举:东方财富A股·实际控制人=江苏省人民政府国有资产监督管理委员会 2026-10
industry:www.scfrkj.cn,industry,福蓉科技,http://www.scfrkj.cn/,www.scfrkj.cn,unprobed,,,地方国企控股上市公司(603327),枚举:东方财富A股·实际控制人=福建省人民政府国有资产监督管理委员会 2026-10
industry:www.scg.com.cn,industry,上海建工,http://www.scg.com.cn/,www.scg.com.cn,unprobed,,,地方国企控股上市公司(600170),枚举:东方财富A股·实际控制人=上海市国有资产监督管理委员会 2026-10
industry:www.scitlion.com,industry,首量科技,http://www.scitlion.com/,www.scitlion.com,unprobed,,,地方国企控股上市公司(870437),枚举:东方财富A股·实际控制人=北京市人民政府国有资产监督管理委员会 2026-10
industry:www.scqsnm.com,industry,国投羌山,http://www.scqsnm.com/,www.scqsnm.com,unprobed,,,地方国企控股上市公司(833302),枚举:东方财富A股·实际控制人=四川省政府国有资产监督管理委员会 2026-10
industry:www.scrbc.com.cn,industry,四川路桥,http://www.scrbc.com.cn/,www.scrbc.com.cn,unprobed,,,地方国企控股上市公司(600039),枚举:东方财富A股·实际控制人=四川省政府国有资产监督管理委员会 2026-10
industry:www.sczq.com.cn,industry,首创证券,http://www.sczq.com.cn/,www.sczq.com.cn,unprobed,,,地方国企控股上市公司(601136),枚举:东方财富A股·实际控制人=北京市人民政府国有资产监督管理委员会 2026-10
industry:www.sd-wit.com,industry,华特达因,http://www.sd-wit.com/,www.sd-wit.com,unprobed,,,地方国企控股上市公司(000915),枚举:东方财富A股·实际控制人=山东省人民政府国有资产监督管理委员会 2026-10
industry:www.sdecl.com.cn,industry,山东高速,http://www.sdecl.com.cn/,www.sdecl.com.cn,unprobed,,,地方国企控股上市公司(600350),枚举:东方财富A股·实际控制人=山东省人民政府国有资产监督管理委员会 2026-10
industry:www.sdhjgf.com.cn,industry,山东黄金,http://www.sdhjgf.com.cn/,www.sdhjgf.com.cn,unprobed,,,地方国企控股上市公司(600547),枚举:东方财富A股·实际控制人=山东省人民政府国有资产监督管理委员会 2026-10
industry:www.sdic.com.cn,industry,国家开发投资集团有限公司,http://www.sdic.com.cn/,www.sdic.com.cn,unprobed,,,央企·国务院国资委名录(97家),枚举:国务院国资委央企名录+央企网站 2026-10
industry:www.sdiccapital.com,industry,国投资本股份有限公司,http://www.sdiccapital.com/,www.sdiccapital.com,unprobed,,,央企控股上市公司(600061),枚举:东方财富A股·实际控制人=国务院国资委 2026-10
industry:www.sdicpower.com,industry,国投电力控股股份有限公司,http://www.sdicpower.com/,www.sdicpower.com,unprobed,,,央企控股上市公司(600886),枚举:东方财富A股·实际控制人=国务院国资委 2026-10
industry:www.sdjlky.com,industry,金岭矿业,http://www.sdjlky.com/,www.sdjlky.com,unprobed,,,地方国企控股上市公司(000655),枚举:东方财富A股·实际控制人=山东省人民政府国有资产监督管理委员会 2026-10
industry:www.sdlomon.com,industry,川发龙蟒,http://www.sdlomon.com/,www.sdlomon.com,unprobed,,,地方国企控股上市公司(002312),枚举:东方财富A股·实际控制人=四川省政府国有资产监督管理委员会 2026-10
industry:www.sdlqgf.com,industry,山东路桥,http://www.sdlqgf.com/,www.sdlqgf.com,unprobed,,,地方国企控股上市公司(000498),枚举:东方财富A股·实际控制人=山东省人民政府国有资产监督管理委员会 2026-10
industry:www.sdtyhk.com,industry,山东通航,http://www.sdtyhk.com/,www.sdtyhk.com,unprobed,,,地方国企控股上市公司(872357),枚举:东方财富A股·实际控制人=北京市人民政府国有资产监督管理委员会 2026-10
industry:www.sdzdb.com,industry,山东再担,http://www.sdzdb.com/,www.sdzdb.com,unprobed,,,地方国企控股上市公司(831899),枚举:东方财富A股·实际控制人=山东省人民政府国有资产监督管理委员会 2026-10
industry:www.sdzz.cn,industry,正中信息,http://www.sdzz.cn/,www.sdzz.cn,unprobed,,,地方国企控股上市公司(872044),枚举:东方财富A股·实际控制人=山东省人民政府国有资产监督管理委员会 2026-10
industry:www.sentaihb.com,industry,森泰环保,http://www.sentaihb.com/,www.sentaihb.com,unprobed,,,地方国企控股上市公司(832774),枚举:东方财富A股·实际控制人=江西省国有资产监督管理委员会 2026-10
industry:www.sepdi.ceec.net.cn,industry,中国能源建设集团陕西省电力设计院有限公司,http://www.sepdi.ceec.net.cn/,www.sepdi.ceec.net.cn,unprobed,,,陕西国资委网站所列企业,枚举:陕西国资委网站企业名录 2026-10
industry:www.sewpg.com,industry,电气风电,http://www.sewpg.com/,www.sewpg.com,unprobed,,,地方国企控股上市公司(688660),枚举:东方财富A股·实际控制人=上海市国有资产监督管理委员会 2026-10
industry:www.sfps.sdsf.com.cn,industry,水发燃气,http://www.sfps.sdsf.com.cn/,www.sfps.sdsf.com.cn,unprobed,,,地方国企控股上市公司(603318),枚举:东方财富A股·实际控制人=山东省人民政府国有资产监督管理委员会 2026-10
industry:www.sfzxhb.com,industry,山东环保,http://www.sfzxhb.com/,www.sfzxhb.com,unprobed,,,地方国企控股上市公司(833778),枚举:东方财富A股·实际控制人=山东省人民政府国有资产监督管理委员会 2026-10
industry:www.sgcc.com.cn,industry,国家电网有限公司,http://www.sgcc.com.cn/,www.sgcc.com.cn,unprobed,,,央企·国务院国资委名录(97家),枚举:国务院国资委央企名录+央企网站 2026-10
industry:www.sgitc.com,industry,国网信息通信股份有限公司,http://www.sgitc.com/,www.sgitc.com,unprobed,,,央企控股上市公司(600131),枚举:东方财富A股·实际控制人=国务院国资委 2026-10
industry:www.sgmg.com.cn,industry,三钢闽光,http://www.sgmg.com.cn/,www.sgmg.com.cn,unprobed,,,地方国企控股上市公司(002110),枚举:东方财富A股·实际控制人=福建省人民政府国有资产监督管理委员会 2026-10
industry:www.sh-cm.com,industry,建材科技,http://www.sh-cm.com/,www.sh-cm.com,unprobed,,,地方国企控股上市公司(A20750),枚举:东方财富A股·实际控制人=上海市国有资产监督管理委员会 2026-10
industry:www.sh-sfc.com,industry,上海电影,http://www.sh-sfc.com/,www.sh-sfc.com,unprobed,,,地方国企控股上市公司(601595),枚举:东方财富A股·实际控制人=上海市国有资产监督管理委员会 2026-10
industry:www.sh-shenda.com,industry,申达股份,http://www.sh-shenda.com/,www.sh-shenda.com,unprobed,,,地方国企控股上市公司(600626),枚举:东方财富A股·实际控制人=上海市国有资产监督管理委员会 2026-10
industry:www.sh600649.com,industry,城投控股,http://www.sh600649.com/,www.sh600649.com,unprobed,,,地方国企控股上市公司(600649),枚举:东方财富A股·实际控制人=上海市国有资产监督管理委员会 2026-10
industry:www.sh601200.com,industry,上海环境,http://www.sh601200.com/,www.sh601200.com,unprobed,,,地方国企控股上市公司(601200),枚举:东方财富A股·实际控制人=上海市国有资产监督管理委员会 2026-10
industry:www.shaanxigas.com,industry,陕天然气,http://www.shaanxigas.com/,www.shaanxigas.com,unprobed,,,地方国企控股上市公司(002267),枚举:东方财富A股·实际控制人=陕西省人民政府国有资产监督管理委员会 2026-10
industry:www.shaanxinongfa.cn,industry,陕西农发集团,https://www.shaanxinongfa.cn/,www.shaanxinongfa.cn,unprobed,,,陕西国资委网站所列企业,枚举:陕西国资委网站企业名录 2026-10
industry:www.shanghai-electric.com,industry,上海电气,http://www.shanghai-electric.com/,www.shanghai-electric.com,unprobed,,,地方国企控股上市公司(601727),枚举:东方财富A股·实际控制人=上海市国有资产监督管理委员会 2026-10
industry:www.shanghaibailian.com,industry,百联股份,http://www.shanghaibailian.com/,www.shanghaibailian.com,unprobed,,,地方国企控股上市公司(600631),枚举:东方财富A股·实际控制人=上海市国有资产监督管理委员会 2026-10
industry:www.shanghaidragon.com.cn,industry,龙头股份,http://www.shanghaidragon.com.cn/,www.shanghaidragon.com.cn,unprobed,,,地方国企控股上市公司(600630),枚举:东方财富A股·实际控制人=上海市国有资产监督管理委员会 2026-10
industry:www.shanghaipower.com,industry,上海电力股份有限公司,http://www.shanghaipower.com/,www.shanghaipower.com,unprobed,,,央企控股上市公司(600021),枚举:东方财富A股·实际控制人=国务院国资委 2026-10
industry:www.shantui.com,industry,山推股份,http://www.shantui.com/,www.shantui.com,unprobed,,,地方国企控股上市公司(000680),枚举:东方财富A股·实际控制人=山东省人民政府国有资产监督管理委员会 2026-10
industry:www.shanyaogroup.com,industry,陕药集团,https://www.shanyaogroup.com/,www.shanyaogroup.com,unprobed,,,陕西国资委网站所列企业,枚举:陕西国资委网站企业名录 2026-10
industry:www.shccig.com,industry,陕煤集团,https://www.shccig.com/,www.shccig.com,unprobed,,,陕西国资委网站所列企业,枚举:陕西国资委网站企业名录 2026-10
industry:www.shchinafortune.com,industry,华鑫股份,http://www.shchinafortune.com/,www.shchinafortune.com,unprobed,,,地方国企控股上市公司(600621),枚举:东方财富A股·实际控制人=上海市国有资产监督管理委员会 2026-10
industry:www.shcifco.com,industry,上海中期,http://www.shcifco.com/,www.shcifco.com,unprobed,,,地方国企控股上市公司(871467),枚举:东方财富A股·实际控制人=山东省人民政府国有资产监督管理委员会 2026-10
industry:www.shenergy.net.cn,industry,申能股份,http://www.shenergy.net.cn/,www.shenergy.net.cn,unprobed,,,地方国企控股上市公司(600642),枚举:东方财富A股·实际控制人=上海市国有资产监督管理委员会 2026-10
industry:www.shenma.com,industry,神马股份,http://www.shenma.com/,www.shenma.com,unprobed,,,地方国企控股上市公司(600810),枚举:东方财富A股·实际控制人=河南省人民政府国有资产监督管理委员会 2026-10
industry:www.shenmaep.com,industry,神马华威,http://www.shenmaep.com/,www.shenmaep.com,unprobed,,,地方国企控股上市公司(836171),枚举:东方财富A股·实际控制人=河南省人民政府国有资产监督管理委员会 2026-10
industry:www.shforward.com,industry,ST聚河,http://www.shforward.com/,www.shforward.com,unprobed,,,地方国企控股上市公司(872542),枚举:东方财富A股·实际控制人=上海市国有资产监督管理委员会 2026-10
industry:www.shidaiwanheng.com,industry,时代万恒,http://www.shidaiwanheng.com/,www.shidaiwanheng.com,unprobed,,,地方国企控股上市公司(600241),枚举:东方财富A股·实际控制人=辽宁省人民政府国有资产监督管理委员会 2026-10
industry:www.shinva.net,industry,新华医疗,http://www.shinva.net/,www.shinva.net,unprobed,,,地方国企控股上市公司(600587),枚举:东方财富A股·实际控制人=山东省人民政府国有资产监督管理委员会 2026-10
industry:www.shjkjn.com,industry,建科节能,http://www.shjkjn.com/,www.shjkjn.com,unprobed,,,地方国企控股上市公司(831146),枚举:东方财富A股·实际控制人=上海市国有资产监督管理委员会 2026-10
industry:www.shoukaigufen.com,industry,首开股份,http://www.shoukaigufen.com/,www.shoukaigufen.com,unprobed,,,地方国企控股上市公司(600376),枚举:东方财富A股·实际控制人=北京市人民政府国有资产监督管理委员会 2026-10
industry:www.shpt.com,industry,捷氢科技,http://www.shpt.com/,www.shpt.com,unprobed,,,地方国企控股上市公司(A21548),枚举:东方财富A股·实际控制人=上海市国有资产监督管理委员会 2026-10
industry:www.shris.com.cn,industry,上海中车瑞伯德智能系统股份有限公司,http://www.shris.com.cn/,www.shris.com.cn,unprobed,,,央企控股上市公司(839408),枚举:东方财富A股·实际控制人=国务院国资委 2026-10
industry:www.shtmetro.com,industry,申通地铁,http://WWW.SHTMETRO.COM/,www.shtmetro.com,unprobed,,,地方国企控股上市公司(600834),枚举:东方财富A股·实际控制人=上海市国有资产监督管理委员会 2026-10
industry:www.shudaozb.com,industry,蜀道装备,http://www.shudaozb.com/,www.shudaozb.com,unprobed,,,地方国企控股上市公司(300540),枚举:东方财富A股·实际控制人=四川省政府国有资产监督管理委员会 2026-10
industry:www.shxcoal.com,industry,陕西煤业,http://www.shxcoal.com/,www.shxcoal.com,unprobed,,,地方国企控股上市公司(601225),枚举:东方财富A股·实际控制人=陕西省人民政府国有资产监督管理委员会 2026-10
industry:www.shyndec.com,industry,上海现代制药股份有限公司,http://www.shyndec.com/,www.shyndec.com,unprobed,,,央企控股上市公司(600420),枚举:东方财富A股·实际控制人=国务院国资委 2026-10
industry:www.sichuanhongda.com,industry,宏达股份,http://www.sichuanhongda.com/,www.sichuanhongda.com,unprobed,,,地方国企控股上市公司(600331),枚举:东方财富A股·实际控制人=四川省政府国有资产监督管理委员会 2026-10
industry:www.sidlgroup.com,industry,上实发展,http://www.sidlgroup.com/,www.sidlgroup.com,unprobed,,,地方国企控股上市公司(600748),枚举:东方财富A股·实际控制人=上海市国有资产监督管理委员会 2026-10
industry:www.siert.net,industry,厦门航天思尔特机器人系统股份公司,http://www.siert.net/,www.siert.net,unprobed,,,央企控股上市公司(835532),枚举:东方财富A股·实际控制人=国务院国资委 2026-10
industry:www.siet.com.cn,industry,陕西国际经贸集团,https://www.siet.com.cn/,www.siet.com.cn,unprobed,,,陕西国资委网站所列企业,枚举:陕西国资委网站企业名录 2026-10
industry:www.simei.cc,industry,思美传媒,http://www.simei.cc/,www.simei.cc,unprobed,,,地方国企控股上市公司(002712),枚举:东方财富A股·实际控制人=四川省政府国有资产监督管理委员会 2026-10
industry:www.sino-platinum.com.cn,industry,贵研铂业,http://www.sino-platinum.com.cn/,www.sino-platinum.com.cn,unprobed,,,地方国企控股上市公司(600459),枚举:东方财富A股·实际控制人=云南省人民政府国有资产监督管理委员会 2026-10
industry:www.sino-precious.com,industry,云南省贵金属新材料控股集团股份有限公司,http://www.sino-precious.com/,www.sino-precious.com,unprobed,,,云南国资委监管企业,枚举:云南国资委网站企业名录 2026-10
industry:www.sinocean.com,industry,中海通,http://www.sinocean.com/,www.sinocean.com,unprobed,,,地方国企控股上市公司(836602),枚举:东方财富A股·实际控制人=湖北省人民政府国有资产监督管理委员会 2026-10
industry:www.sinochem.com,industry,中国中化控股有限责任公司,http://www.sinochem.com/,www.sinochem.com,unprobed,,,央企·国务院国资委名录(97家),枚举:国务院国资委央企名录+央企网站 2026-10
industry:www.sinochemenergy.com,industry,中化能源股份有限公司,http://www.sinochemenergy.com/,www.sinochemenergy.com,unprobed,,,央企控股上市公司(A21037),枚举:东方财富A股·实际控制人=国务院国资委 2026-10
industry:www.sinochemeqpt.com,industry,中化装备科技(青岛)股份有限公司,http://www.sinochemeqpt.com/,www.sinochemeqpt.com,unprobed,,,央企控股上市公司(600579),枚举:东方财富A股·实际控制人=国务院国资委 2026-10
industry:www.sinochemintl.com,industry,中化国际(控股)股份有限公司,http://www.sinochemintl.com/,www.sinochemintl.com,unprobed,,,央企控股上市公司(600500),枚举:东方财富A股·实际控制人=国务院国资委 2026-10
industry:www.sinocrystal.com.cn,industry,金刚5,http://www.sinocrystal.com.cn/,www.sinocrystal.com.cn,unprobed,,,地方国企控股上市公司(400134),枚举:东方财富A股·实际控制人=河南省人民政府国有资产监督管理委员会 2026-10
industry:www.sinoglorygroup.com,industry,嘉华股份,http://www.sinoglorygroup.com/,www.sinoglorygroup.com,unprobed,,,地方国企控股上市公司(603182),枚举:东方财富A股·实际控制人=山东省人民政府国有资产监督管理委员会 2026-10
industry:www.sinograin.com.cn,industry,中国储备粮管理集团有限公司,https://www.sinograin.com.cn/,www.sinograin.com.cn,unprobed,,,央企·国务院国资委名录(97家),枚举:国务院国资委央企名录+央企网站 2026-10
industry:www.sinoma-ec.cn,industry,中材节能股份有限公司,http://www.sinoma-ec.cn/,www.sinoma-ec.cn,unprobed,,,央企控股上市公司(603126),枚举:东方财富A股·实际控制人=国务院国资委 2026-10
industry:www.sinoma.com.cn,industry,中国中材国际工程股份有限公司,http://www.sinoma.com.cn/,www.sinoma.com.cn,unprobed,,,央企控股上市公司(600970),枚举:东方财富A股·实际控制人=国务院国资委 2026-10
industry:www.sinomach-auto.com,industry,国机汽车股份有限公司,http://www.sinomach-auto.com/,www.sinomach-auto.com,unprobed,,,央企控股上市公司(600335),枚举:东方财富A股·实际控制人=国务院国资委 2026-10
industry:www.sinomach.com.cn,industry,中国机械工业集团有限公司,http://www.sinomach.com.cn/,www.sinomach.com.cn,unprobed,,,央企·国务院国资委名录(97家),枚举:国务院国资委央企名录+央企网站 2026-10
industry:www.sinopecgroup.com,industry,中国石油化工集团有限公司,http://www.sinopecgroup.com/,www.sinopecgroup.com,unprobed,,,央企·国务院国资委名录(97家),枚举:国务院国资委央企名录+央企网站 2026-10
industry:www.sinopharm.com,industry,中国医药集团有限公司,http://www.sinopharm.com/,www.sinopharm.com,unprobed,,,央企·国务院国资委名录(97家),枚举:国务院国资委央企名录+央企网站 2026-10
industry:www.sinotph.com,industry,宣泰医药,http://www.sinotph.com/,www.sinotph.com,unprobed,,,地方国企控股上市公司(688247),枚举:东方财富A股·实际控制人=上海市国有资产监督管理委员会 2026-10
industry:www.sinzetech.com,industry,青岛新之环保科技股份有限公司,http://www.sinzetech.com/,www.sinzetech.com,unprobed,,,央企控股上市公司(836780),枚举:东方财富A股·实际控制人=国务院国资委 2026-10
industry:www.siti.com.cn,industry,陕国投A,http://www.siti.com.cn/,www.siti.com.cn,unprobed,,,地方国企控股上市公司(000563),枚举:东方财富A股·实际控制人=陕西省人民政府国有资产监督管理委员会 2026-10
industry:www.sji-gold.com,industry,山金国际,http://www.sji-gold.com/,www.sji-gold.com,unprobed,,,地方国企控股上市公司(000975),枚举:东方财富A股·实际控制人=山东省人民政府国有资产监督管理委员会 2026-10
industry:www.skmic.sh.cn,industry,开创国际,http://www.skmic.sh.cn/,www.skmic.sh.cn,unprobed,,,地方国企控股上市公司(600097),枚举:东方财富A股·实际控制人=上海市国有资产监督管理委员会 2026-10
industry:www.smchkj.cn,industry,神马催化,http://www.smchkj.cn/,www.smchkj.cn,unprobed,,,地方国企控股上市公司(872964),枚举:东方财富A股·实际控制人=河南省人民政府国有资产监督管理委员会 2026-10
industry:www.smgjny.com,industry,山煤国际,http://www.smgjny.com/,www.smgjny.com,unprobed,,,地方国企控股上市公司(600546),枚举:东方财富A股·实际控制人=山西省人民政府国有资产监督管理委员会 2026-10
industry:www.smtcl.com,industry,沈阳机床股份有限公司,http://www.smtcl.com/,www.smtcl.com,unprobed,,,央企控股上市公司(000410),枚举:东方财富A股·实际控制人=国务院国资委 2026-10
industry:www.sn.sgcc.com.cn,industry,国网陕西省电力公司,http://www.sn.sgcc.com.cn/,www.sn.sgcc.com.cn,unprobed,,,陕西国资委网站所列企业,枚举:陕西国资委网站企业名录 2026-10
industry:www.snbigdata.cn,industry,陕数集团,https://www.snbigdata.cn/,www.snbigdata.cn,unprobed,,,陕西国资委网站所列企业,枚举:陕西国资委网站企业名录 2026-10
industry:www.sndk.cn,industry,陕西地矿,https://www.sndk.cn/,www.sndk.cn,unprobed,,,陕西国资委网站所列企业,枚举:陕西国资委网站企业名录 2026-10
industry:www.snowskysalt.com.cn,industry,雪天盐业,http://www.snowskysalt.com.cn/,www.snowskysalt.com.cn,unprobed,,,地方国企控股上市公司(600929),枚举:东方财富A股·实际控制人=湖南省人民政府国有资产监督管理委员会 2026-10
industry:www.snxhchem.com,industry,ST兴化,http://www.snxhchem.com/,www.snxhchem.com,unprobed,,,地方国企控股上市公司(002109),枚举:东方财富A股·实际控制人=陕西省人民政府国有资产监督管理委员会 2026-10
industry:www.spacechina.com,industry,中国航天科技集团有限公司,http://www.spacechina.com/,www.spacechina.com,unprobed,,,央企·国务院国资委名录(97家),枚举:国务院国资委央企名录+央企网站 2026-10
industry:www.spangchem.com,industry,胜帮科技,http://www.spangchem.com/,www.spangchem.com,unprobed,,,地方国企控股上市公司(838968),枚举:东方财富A股·实际控制人=陕西省人民政府国有资产监督管理委员会 2026-10
industry:www.spg.com.cn,industry,陕西省地方电力水电股份有限公司,http://www.spg.com.cn/,www.spg.com.cn,unprobed,,,央企控股上市公司(873242),枚举:东方财富A股·实际控制人=国务院国资委 2026-10
industry:www.sphchina.com,industry,上药转换,http://www.sphchina.com/,www.sphchina.com,unprobed,,,地方国企控股上市公司(600849),枚举:东方财富A股·实际控制人=上海市国有资产监督管理委员会 2026-10
industry:www.spic.com.cn,industry,国家电力投资集团有限公司,http://www.spic.com.cn/,www.spic.com.cn,unprobed,,,央企·国务院国资委名录(97家),枚举:国务院国资委央企名录+央企网站 2026-10
industry:www.sprtc.com,industry,沈阳联合产权交易所,http://www.sprtc.com/,www.sprtc.com,unprobed,,,辽宁国资委监管企业,枚举:辽宁国资委网站企业名录 2026-10
industry:www.sribs.com,industry,上海建科,http://www.sribs.com/,www.sribs.com,unprobed,,,地方国企控股上市公司(603153),枚举:东方财富A股·实际控制人=上海市国有资产监督管理委员会 2026-10
industry:www.ssgf.com.cn,industry,首商股份,http://www.ssgf.com.cn/,www.ssgf.com.cn,unprobed,,,地方国企控股上市公司(600723),枚举:东方财富A股·实际控制人=北京市人民政府国有资产监督管理委员会 2026-10
industry:www.ssgf.net,industry,杉杉股份,http://www.ssgf.net/,www.ssgf.net,unprobed,,,地方国企控股上市公司(600884),枚举:东方财富A股·实际控制人=安徽省人民政府国有资产监督管理委员会 2026-10
industry:www.star-net.cn,industry,星网锐捷,http://www.star-net.cn/,www.star-net.cn,unprobed,,,地方国企控股上市公司(002396),枚举:东方财富A股·实际控制人=福建省人民政府国有资产监督管理委员会 2026-10
industry:www.start.com.cn,industry,*ST实达,http://www.start.com.cn/,www.start.com.cn,unprobed,,,地方国企控股上市公司(600734),枚举:东方财富A股·实际控制人=福建省人民政府国有资产监督管理委员会 2026-10
industry:www.stec.net,industry,隧道股份,http://www.stec.net/,www.stec.net,unprobed,,,地方国企控股上市公司(600820),枚举:东方财富A股·实际控制人=上海市国有资产监督管理委员会 2026-10
industry:www.suntien.com,industry,新天绿能,http://www.suntien.com/,www.suntien.com,unprobed,,,地方国企控股上市公司(600956),枚举:东方财富A股·实际控制人=河北省人民政府国有资产监督管理委员会 2026-10
industry:www.supertime-malting.com,industry,永顺泰,http://www.supertime-malting.com/,www.supertime-malting.com,unprobed,,,地方国企控股上市公司(001338),枚举:东方财富A股·实际控制人=广东省人民政府国有资产监督管理委员会 2026-10
industry:www.swsc.com.cn,industry,西南证券公司,http://www.swsc.com.cn/,www.swsc.com.cn,unprobed,,,重庆国资委监管企业,枚举:重庆国资委网站企业名录 2026-10
industry:www.sxaz.com.cn,industry,山安蓝天,http://www.sxaz.com.cn/,www.sxaz.com.cn,unprobed,,,地方国企控股上市公司(873110),枚举:东方财富A股·实际控制人=山西省人民政府国有资产监督管理委员会 2026-10
industry:www.sxbychem.com,industry,北元化工,http://www.sxbychem.com/,www.sxbychem.com,unprobed,,,地方国企控股上市公司(601568),枚举:东方财富A股·实际控制人=陕西省人民政府国有资产监督管理委员会 2026-10
industry:www.sxdzjt.com,industry,陕西电子,https://www.sxdzjt.com/,www.sxdzjt.com,unprobed,,,陕西国资委网站所列企业,枚举:陕西国资委网站企业名录 2026-10
industry:www.sxhbjt.com,industry,陕西环保集团,http://www.sxhbjt.com/,www.sxhbjt.com,unprobed,,,陕西国资委网站所列企业,枚举:陕西国资委网站企业名录 2026-10
industry:www.sxigc.com,industry,陕投集团,https://www.sxigc.com/,www.sxigc.com,unprobed,,,陕西国资委网站所列企业,枚举:陕西国资委网站企业名录 2026-10
industry:www.sxjgkg.com,industry,陕建控股,https://www.sxjgkg.com/,www.sxjgkg.com,unprobed,,,陕西国资委网站所列企业,枚举:陕西国资委网站企业名录 2026-10
industry:www.sxjgkg.com~2,industry,陕建股份,http://www.sxjgkg.com/,www.sxjgkg.com,unprobed,,,地方国企控股上市公司(600248),枚举:东方财富A股·实际控制人=陕西省人民政府国有资产监督管理委员会 2026-10
industry:www.sxjh.com.cn,industry,山西焦化,http://www.sxjh.com.cn/,www.sxjh.com.cn,unprobed,,,地方国企控股上市公司(600740),枚举:东方财富A股·实际控制人=山西省人民政府国有资产监督管理委员会 2026-10
industry:www.sxqc.com,industry,陕汽控股,http://www.sxqc.com/,www.sxqc.com,unprobed,,,陕西国资委网站所列企业,枚举:陕西国资委网站企业名录 2026-10
industry:www.sxs56.com,industry,陕西物流,https://www.sxs56.com/,www.sxs56.com,unprobed,,,陕西国资委网站所列企业,枚举:陕西国资委网站企业名录 2026-10
industry:www.sxswfzjt.com,industry,陕西水务发展集团,https://www.sxswfzjt.com/,www.sxswfzjt.com,unprobed,,,陕西国资委网站所列企业,枚举:陕西国资委网站企业名录 2026-10
industry:www.sxtourgroup.com,industry,陕旅集团,https://www.sxtourgroup.com/,www.sxtourgroup.com,unprobed,,,陕西国资委网站所列企业,枚举:陕西国资委网站企业名录 2026-10
industry:www.sxtourism.com,industry,陕西旅游,http://www.sxtourism.com/,www.sxtourism.com,unprobed,,,地方国企控股上市公司(603402),枚举:东方财富A股·实际控制人=陕西省人民政府国有资产监督管理委员会 2026-10
industry:www.sy.cnaf.com,industry,中国航油集团石油股份有限公司,http://www.sy.cnaf.com/,www.sy.cnaf.com,unprobed,,,央企控股上市公司(A20100),枚举:东方财富A股·实际控制人=国务院国资委 2026-10
industry:www.syhg.chemchina.com,industry,沈阳化工股份有限公司,http://www.syhg.chemchina.com/,www.syhg.chemchina.com,unprobed,,,央企控股上市公司(000698),枚举:东方财富A股·实际控制人=国务院国资委 2026-10
industry:www.syngentagroup.com,industry,先正达集团股份有限公司,http://www.syngentagroup.com/,www.syngentagroup.com,unprobed,,,央企控股上市公司(A21208),枚举:东方财富A股·实际控制人=国务院国资委 2026-10
industry:www.szcatic.com,industry,中航科技,http://www.szcatic.com/,www.szcatic.com,unprobed,,,地方国企控股上市公司(A11032),枚举:东方财富A股·实际控制人=广东省人民政府国有资产监督管理委员会 2026-10
industry:www.szse.cn,industry,重庆建设汽车系统股份有限公司,http://www.szse.cn/,www.szse.cn,unprobed,,,央企控股上市公司(200054),枚举:东方财富A股·实际控制人=国务院国资委 2026-10
industry:www.sztechand.com,industry,中节能铁汉生态环境股份有限公司,http://www.sztechand.com/,www.sztechand.com,unprobed,,,央企控股上市公司(300197),枚举:东方财富A股·实际控制人=国务院国资委 2026-10
industry:www.taihang-cement.com.cn,industry,太行水泥,http://www.taihang-cement.com.cn/,www.taihang-cement.com.cn,unprobed,,,地方国企控股上市公司(600553),枚举:东方财富A股·实际控制人=北京市人民政府国有资产监督管理委员会 2026-10
industry:www.tdtec.com,industry,天地科技股份有限公司,http://www.tdtec.com/,www.tdtec.com,unprobed,,,央企控股上市公司(600582),枚举:东方财富A股·实际控制人=国务院国资委 2026-10
industry:www.tec.crrczic.cc,industry,株洲中车时代电气股份有限公司,http://www.tec.crrczic.cc/,www.tec.crrczic.cc,unprobed,,,央企控股上市公司(688187),枚举:东方财富A股·实际控制人=国务院国资委 2026-10
industry:www.tech-sem.com,industry,台基股份,http://www.tech-sem.com/,www.tech-sem.com,unprobed,,,地方国企控股上市公司(300046),枚举:东方财富A股·实际控制人=湖北省人民政府国有资产监督管理委员会 2026-10
industry:www.tfht.com.cn,industry,通用体智健康科技(北京)股份有限公司,http://www.tfht.com.cn/,www.tfht.com.cn,unprobed,,,央企控股上市公司(833151),枚举:东方财富A股·实际控制人=国务院国资委 2026-10
industry:www.tgkjgf.cn,industry,天工科技,http://www.tgkjgf.cn/,www.tgkjgf.cn,unprobed,,,地方国企控股上市公司(833716),枚举:东方财富A股·实际控制人=河南省人民政府国有资产监督管理委员会 2026-10
industry:www.thsware.com,industry,深圳市斯维尔科技股份有限公司,http://www.thsware.com/,www.thsware.com,unprobed,,,央企控股上市公司(838470),枚举:东方财富A股·实际控制人=国务院国资委 2026-10
industry:www.thtf.com.cn,industry,同方股份有限公司,http://www.thtf.com.cn/,www.thtf.com.cn,unprobed,,,央企控股上市公司(600100),枚举:东方财富A股·实际控制人=国务院国资委 2026-10
industry:www.thvow.com,industry,天沃科技,http://www.thvow.com/,www.thvow.com,unprobed,,,地方国企控股上市公司(002564),枚举:东方财富A股·实际控制人=上海市国有资产监督管理委员会 2026-10
industry:www.thxclkj.com,industry,天华新材,http://www.thxclkj.com/,www.thxclkj.com,unprobed,,,地方国企控股上市公司(870492),枚举:东方财富A股·实际控制人=湖北省人民政府国有资产监督管理委员会 2026-10
industry:www.tianchengep.com,industry,中钢集团天澄环保科技股份有限公司,http://www.tianchengep.com/,www.tianchengep.com,unprobed,,,央企控股上市公司(872130),枚举:东方财富A股·实际控制人=国务院国资委 2026-10
industry:www.tianjin-port.com,industry,天津港,http://www.tianjin-port.com/,www.tianjin-port.com,unprobed,,,地方国企控股上市公司(600717),枚举:东方财富A股·实际控制人=天津市人民政府国有资产监督管理委员会 2026-10
industry:www.ticw.com.cn,industry,国缆检测,http://www.ticw.com.cn/,www.ticw.com.cn,unprobed,,,地方国企控股上市公司(301289),枚举:东方财富A股·实际控制人=上海市国有资产监督管理委员会 2026-10
industry:www.tjcep.com,industry,创业环保,http://www.tjcep.com/,www.tjcep.com,unprobed,,,地方国企控股上市公司(600874),枚举:东方财富A股·实际控制人=天津市人民政府国有资产监督管理委员会 2026-10
industry:www.tjjtck.com,industry,津投城开,http://www.tjjtck.com/,www.tjjtck.com,unprobed,,,地方国企控股上市公司(600322),枚举:东方财富A股·实际控制人=天津市人民政府国有资产监督管理委员会 2026-10
industry:www.tkdist.com,industry,天科数创,http://www.tkdist.com/,www.tkdist.com,unprobed,,,地方国企控股上市公司(430228),枚举:东方财富A股·实际控制人=天津市人民政府国有资产监督管理委员会 2026-10
industry:www.tltgkj.com,industry,铜冠矿建,http://www.tltgkj.com/,www.tltgkj.com,unprobed,,,地方国企控股上市公司(873727),枚举:东方财富A股·实际控制人=安徽省人民政府国有资产监督管理委员会 2026-10
industry:www.tlys.cn,industry,铜陵有色,http://www.tlys.cn/,www.tlys.cn,unprobed,,,地方国企控股上市公司(000630),枚举:东方财富A股·实际控制人=安徽省人民政府国有资产监督管理委员会 2026-10
industry:www.tmic.com.cn,industry,北京天玛智控科技股份有限公司,http://www.tmic.com.cn/,www.tmic.com.cn,unprobed,,,央企控股上市公司(688570),枚举:东方财富A股·实际控制人=国务院国资委 2026-10
industry:www.tongyuheavy.com,industry,通裕重工,http://www.tongyuheavy.com/,www.tongyuheavy.com,unprobed,,,地方国企控股上市公司(300185),枚举:东方财富A股·实际控制人=山东省人民政府国有资产监督管理委员会 2026-10
industry:www.tpco-cb.com,industry,天津彩板,http://www.tpco-cb.com/,www.tpco-cb.com,unprobed,,,地方国企控股上市公司(831831),枚举:东方财富A股·实际控制人=天津市人民政府国有资产监督管理委员会 2026-10
industry:www.tpri.com.cn,industry,西安热工研究院有限公司,https://www.tpri.com.cn/,www.tpri.com.cn,unprobed,,,陕西国资委网站所列企业,枚举:陕西国资委网站企业名录 2026-10
industry:www.tprtc.com,industry,产权交易中心,http://www.tprtc.com/,www.tprtc.com,unprobed,,,天津国资委监管企业,枚举:天津国资委网站企业名录 2026-10
industry:www.tqep.cn,industry,ST铁强,http://www.tqep.cn/,www.tqep.cn,unprobed,,,地方国企控股上市公司(836117),枚举:东方财富A股·实际控制人=辽宁省人民政府国有资产监督管理委员会 2026-10
industry:www.travelsky.cn,industry,中国民航信息集团有限公司,http://www.travelsky.cn/,www.travelsky.cn,unprobed,,,央企·国务院国资委名录(97家),枚举:国务院国资委央企名录+央企网站 2026-10
industry:www.trgbio.com,industry,天然谷,http://www.trgbio.com/,www.trgbio.com,unprobed,,,地方国企控股上市公司(833760),枚举:东方财富A股·实际控制人=陕西省人民政府国有资产监督管理委员会 2026-10
industry:www.troila.com,industry,津信科3,http://www.troila.com/,www.troila.com,unprobed,,,地方国企控股上市公司(400259),枚举:东方财富A股·实际控制人=天津市人民政府国有资产监督管理委员会 2026-10
industry:www.twbb.com.cn,industry,保定天威保变电气股份有限公司,http://www.twbb.com.cn/,www.twbb.com.cn,unprobed,,,央企控股上市公司(600550),枚举:东方财富A股·实际控制人=国务院国资委 2026-10
industry:www.txyzc.cn,industry,天心种业,http://www.txyzc.cn/,www.txyzc.cn,unprobed,,,地方国企控股上市公司(871499),枚举:东方财富A股·实际控制人=湖南省人民政府国有资产监督管理委员会 2026-10
industry:www.txzuranji.com,industry,泰星股份,http://www.txzuranji.com/,www.txzuranji.com,unprobed,,,地方国企控股上市公司(873321),枚举:东方财富A股·实际控制人=山东省人民政府国有资产监督管理委员会 2026-10
industry:www.ty-magnet.com,industry,中钢天源股份有限公司,http://www.ty-magnet.com/,www.ty-magnet.com,unprobed,,,央企控股上市公司(002057),枚举:东方财富A股·实际控制人=国务院国资委 2026-10
industry:www.tyhi.com.cn,industry,ST太重,http://www.tyhi.com.cn/,www.tyhi.com.cn,unprobed,,,地方国企控股上市公司(600169),枚举:东方财富A股·实际控制人=山西省人民政府国有资产监督管理委员会 2026-10
industry:www.tzxmzz.com,industry,太重向明,http://www.tzxmzz.com/,www.tzxmzz.com,unprobed,,,地方国企控股上市公司(871757),枚举:东方财富A股·实际控制人=山西省人民政府国有资产监督管理委员会 2026-10
industry:www.unifull.com,industry,尤夫股份,http://www.unifull.com/,www.unifull.com,unprobed,,,地方国企控股上市公司(002427),枚举:东方财富A股·实际控制人=陕西省人民政府国有资产监督管理委员会 2026-10
industry:www.valin.cn,industry,华菱钢铁,http://www.valin.cn/,www.valin.cn,unprobed,,,地方国企控股上市公司(000932),枚举:东方财富A股·实际控制人=湖南省人民政府国有资产监督管理委员会 2026-10
industry:www.vidaret.com,industry,ST威德,http://www.vidaret.com/,www.vidaret.com,unprobed,,,地方国企控股上市公司(872311),枚举:东方财富A股·实际控制人=山东省人民政府国有资产监督管理委员会 2026-10
industry:www.vivaturf.com,industry,江苏威腾体育产业股份有限公司,http://www.vivaturf.com/,www.vivaturf.com,unprobed,,,央企控股上市公司(837226),枚举:东方财富A股·实际控制人=国务院国资委 2026-10
industry:www.vontron.com,industry,沃顿科技股份有限公司,http://www.vontron.com/,www.vontron.com,unprobed,,,央企控股上市公司(000920),枚举:东方财富A股·实际控制人=国务院国资委 2026-10
industry:www.watyuan.com,industry,华原股份,http://www.watyuan.com/,www.watyuan.com,unprobed,,,地方国企控股上市公司(838837),枚举:东方财富A股·实际控制人=广西壮族自治区人民政府国有资产监督管理委员会 2026-10
industry:www.weith.com.cn,industry,摘牌能威,http://www.weith.com.cn/,www.weith.com.cn,unprobed,,,地方国企控股上市公司(831931),枚举:东方财富A股·实际控制人=云南省人民政府国有资产监督管理委员会 2026-10
industry:www.wenergy.cn,industry,皖能电力,http://www.wenergy.cn/,www.wenergy.cn,unprobed,,,地方国企控股上市公司(000543),枚举:东方财富A股·实际控制人=安徽省人民政府国有资产监督管理委员会 2026-10
industry:www.westmining.com,industry,西部矿业,http://www.westmining.com/,www.westmining.com,unprobed,,,地方国企控股上市公司(601168),枚举:东方财富A股·实际控制人=青海省政府国有资产监督管理委员会 2026-10
industry:www.wfj.com.cn,industry,王府井,http://www.wfj.com.cn/,www.wfj.com.cn,unprobed,,,地方国企控股上市公司(600859),枚举:东方财富A股·实际控制人=北京市人民政府国有资产监督管理委员会 2026-10
industry:www.winallseed.com,industry,安徽荃银高科种业股份有限公司,http://www.winallseed.com/,www.winallseed.com,unprobed,,,央企控股上市公司(300087),枚举:东方财富A股·实际控制人=国务院国资委 2026-10
industry:www.winshare.com.cn,industry,新华文轩,http://www.winshare.com.cn/,www.winshare.com.cn,unprobed,,,地方国企控股上市公司(601811),枚举:东方财富A股·实际控制人=四川省政府国有资产监督管理委员会 2026-10
industry:www.wisco.com.cn,industry,武汉钢铁股份有限公司,http://www.wisco.com.cn/,www.wisco.com.cn,unprobed,,,央企控股上市公司(600005),枚举:东方财富A股·实际控制人=国务院国资委 2026-10
industry:www.wjnygroup.com,industry,贵州乌江能源集团,http://www.wjnygroup.com/,www.wjnygroup.com,unprobed,,,贵州国资委监管企业,枚举:贵州国资委网站企业名录 2026-10
industry:www.wjwlg.com,industry,淮河能源,http://www.wjwlg.com/,www.wjwlg.com,unprobed,,,地方国企控股上市公司(600575),枚举:东方财富A股·实际控制人=安徽省人民政府国有资产监督管理委员会 2026-10
industry:www.wkseed.com,industry,皖垦种业,http://www.wkseed.com/,www.wkseed.com,unprobed,,,地方国企控股上市公司(874041),枚举:东方财富A股·实际控制人=安徽省人民政府国有资产监督管理委员会 2026-10
industry:www.wtoe.cn,industry,微创光电,http://www.wtoe.cn/,www.wtoe.cn,unprobed,,,地方国企控股上市公司(430198),枚举:东方财富A股·实际控制人=湖北省人民政府国有资产监督管理委员会 2026-10
industry:www.wuling.com.cn,industry,广西汽车集团有限公司,http://www.wuling.com.cn/,www.wuling.com.cn,unprobed,,,广西国资委监管企业,枚举:广西国资委监管企业名录 2026-10
industry:www.wwgf.com.cn,industry,皖维高新,http://www.wwgf.com.cn/,www.wwgf.com.cn,unprobed,,,地方国企控股上市公司(600063),枚举:东方财富A股·实际控制人=安徽省人民政府国有资产监督管理委员会 2026-10
industry:www.wz-zhongheng.com,industry,中恒集团,http://www.wz-zhongheng.com/,www.wz-zhongheng.com,unprobed,,,地方国企控股上市公司(600252),枚举:东方财富A股·实际控制人=广西壮族自治区人民政府国有资产监督管理委员会 2026-10
industry:www.wzgroup.cn,industry,物产中大集团股份有限公司,https://www.wzgroup.cn/,www.wzgroup.cn,unprobed,,,浙江国资委监管企业,枚举:浙江国资委网站企业名录 2026-10
industry:www.wzgroup.cn~2,industry,物产中大,http://www.wzgroup.cn/,www.wzgroup.cn,unprobed,,,地方国企控股上市公司(600704),枚举:东方财富A股·实际控制人=浙江省人民政府国有资产监督管理委员会 2026-10
industry:www.xazjn.cecep.cn,industry,中节能建筑节能有限公司西北分公司,http://www.xazjn.cecep.cn/,www.xazjn.cecep.cn,unprobed,,,陕西国资委网站所列企业,枚举:陕西国资委网站企业名录 2026-10
industry:www.xbbn.com.cn,industry,宁夏天地奔牛实业集团有限公司,http://www.xbbn.com.cn/,www.xbbn.com.cn,unprobed,,,宁夏国资委网站所列企业,枚举:宁夏国资委网站企业名录 2026-10
industry:www.xd.com.cn,industry,中国西电集团有限公司,https://www.xd.com.cn/,www.xd.com.cn,unprobed,,,陕西国资委网站所列企业,枚举:陕西国资委网站企业名录 2026-10
industry:www.xdect.com.cn,industry,中国西电电气股份有限公司,http://www.xdect.com.cn/,www.xdect.com.cn,unprobed,,,央企控股上市公司(601179),枚举:东方财富A股·实际控制人=国务院国资委 2026-10
industry:www.xdtz.net,industry,现代投资,http://www.xdtz.net/,www.xdtz.net,unprobed,,,地方国企控股上市公司(000900),枚举:东方财富A股·实际控制人=湖南省人民政府国有资产监督管理委员会 2026-10
industry:www.xemc.com.cn,industry,湘电集团有限公司,http://www.xemc.com.cn/,www.xemc.com.cn,unprobed,,,湖南国资委监管企业,枚举:湖南国资委网站企业名录 2026-10
industry:www.xfusion.com,industry,超聚变,http://www.xfusion.com/,www.xfusion.com,unprobed,,,地方国企控股上市公司(A26128),枚举:东方财富A股·实际控制人=河南省人民政府国有资产监督管理委员会 2026-10
industry:www.xhmedia.com,industry,新华传媒,http://www.xhmedia.com/,www.xhmedia.com,unprobed,,,地方国企控股上市公司(600825),枚举:东方财富A股·实际控制人=上海市国有资产监督管理委员会 2026-10
industry:www.xhzy.com,industry,新华制药,http://www.xhzy.com/,www.xhzy.com,unprobed,,,地方国企控股上市公司(000756),枚举:东方财富A股·实际控制人=山东省人民政府国有资产监督管理委员会 2026-10
industry:www.xihari.com,industry,西安高压电器研究院股份有限公司,http://www.xihari.com/,www.xihari.com,unprobed,,,央企控股上市公司(688334),枚举:东方财富A股·实际控制人=国务院国资委 2026-10
industry:www.xinchuangkj.com,industry,安徽欣创节能环保科技股份有限公司,http://www.xinchuangkj.com/,www.xinchuangkj.com,unprobed,,,央企控股上市公司(871890),枚举:东方财富A股·实际控制人=国务院国资委 2026-10
industry:www.xinjiangcotton.com,industry,银隆农业,http://www.xinjiangcotton.com/,www.xinjiangcotton.com,unprobed,,,地方国企控股上市公司(A15123),枚举:东方财富A股·实际控制人=新疆生产建设兵团国有资产监督管理委员会 2026-10
industry:www.xinliankj.com.cn,industry,信联科技,http://www.xinliankj.com.cn/,www.xinliankj.com.cn,unprobed,,,地方国企控股上市公司(A26189),枚举:东方财富A股·实际控制人=山东省人民政府国有资产监督管理委员会 2026-10
industry:www.xinsai.com.cn,industry,新赛股份,http://www.xinsai.com.cn/,www.xinsai.com.cn,unprobed,,,地方国企控股上市公司(600540),枚举:东方财富A股·实际控制人=新疆生产建设兵团国有资产监督管理委员会 2026-10
industry:www.xinxing-pipes.com,industry,新兴铸管股份有限公司,http://www.xinxing-pipes.com/,www.xinxing-pipes.com,unprobed,,,央企控股上市公司(000778),枚举:东方财富A股·实际控制人=国务院国资委 2026-10
industry:www.xinyingtec.com,industry,鑫鹰科技,http://www.xinyingtec.com/,www.xinyingtec.com,unprobed,,,地方国企控股上市公司(832261),枚举:东方财富A股·实际控制人=湖北省人民政府国有资产监督管理委员会 2026-10
industry:www.xinzhu.com,industry,新筑股份,http://www.xinzhu.com/,www.xinzhu.com,unprobed,,,地方国企控股上市公司(002480),枚举:东方财富A股·实际控制人=四川省政府国有资产监督管理委员会 2026-10
industry:www.xizangkuangye.cn,industry,西藏矿业发展股份有限公司,http://www.xizangkuangye.cn/,www.xizangkuangye.cn,unprobed,,,央企控股上市公司(000762),枚举:东方财富A股·实际控制人=国务院国资委 2026-10
industry:www.xjec.com,industry,许继电气股份有限公司,http://www.xjec.com/,www.xjec.com,unprobed,,,央企控股上市公司(000400),枚举:东方财富A股·实际控制人=国务院国资委 2026-10
industry:www.xjgt.com,industry,新疆国统管道股份有限公司,http://www.xjgt.com/,www.xjgt.com,unprobed,,,央企控股上市公司(002205),枚举:东方财富A股·实际控制人=国务院国资委 2026-10
industry:www.xjjrtz.cn,industry,新疆金融投资（集团）有限责任公司,http://www.xjjrtz.cn/,www.xjjrtz.cn,unprobed,,,新疆国资委监管企业,枚举:新疆国资委网站企业名录 2026-10
industry:www.xjjtjt.com,industry,新疆交建,http://www.xjjtjt.com/,www.xjjtjt.com,unprobed,,,地方国企控股上市公司(002941),枚举:东方财富A股·实际控制人=新疆维吾尔自治区人民政府国有资产监督管理委员会 2026-10
industry:www.xjjttzjt.com.cn,industry,新疆交通投资（集团）有限责任公司,http://www.xjjttzjt.com.cn:8001/,www.xjjttzjt.com.cn,unprobed,,,新疆国资委监管企业,枚举:新疆国资委网站企业名录 2026-10
industry:www.xjjxy.com.cn,industry,新研股份,http://www.xjjxy.com.cn/,www.xjjxy.com.cn,unprobed,,,地方国企控股上市公司(300159),枚举:东方财富A股·实际控制人=新疆维吾尔自治区人民政府国有资产监督管理委员会 2026-10
industry:www.xjsmwl.com,industry,新疆商贸物流(集团)有限公司,https://www.xjsmwl.com/,www.xjsmwl.com,unprobed,,,新疆国资委监管企业,枚举:新疆国资委网站企业名录 2026-10
industry:www.xjwlt.com,industry,新疆文化旅游投资集团有限公司,https://www.xjwlt.com/,www.xjwlt.com,unprobed,,,新疆国资委监管企业,枚举:新疆国资委网站企业名录 2026-10
industry:www.xjxhhydropower.com,industry,新疆新华水电投资股份有限公司,http://www.xjxhhydropower.com/,www.xjxhhydropower.com,unprobed,,,央企控股上市公司(A21507),枚举:东方财富A股·实际控制人=国务院国资委 2026-10
industry:www.xjxlyz.com,industry,新疆粮油,http://www.xjxlyz.com/,www.xjxlyz.com,unprobed,,,地方国企控股上市公司(Q170686),枚举:东方财富A股·实际控制人=新疆维吾尔自治区国有资产监督管理委员会 2026-10
industry:www.xjyfmae.com,industry,新疆银丰,http://www.xjyfmae.com/,www.xjyfmae.com,unprobed,,,地方国企控股上市公司(831256),枚举:东方财富A股·实际控制人=新疆生产建设兵团国有资产监督管理委员会 2026-10
industry:www.xjysjs.com,industry,新疆有色金属工业（集团）有限责任公司,https://www.xjysjs.com/,www.xjysjs.com,unprobed,,,新疆国资委监管企业,枚举:新疆国资委网站企业名录 2026-10
industry:www.xmgw.com.cn,industry,厦门港务,http://www.xmgw.com.cn/,www.xmgw.com.cn,unprobed,,,地方国企控股上市公司(000905),枚举:东方财富A股·实际控制人=福建省人民政府国有资产监督管理委员会 2026-10
industry:www.xmklm.com.cn,industry,金龙汽车,http://www.xmklm.com.cn/,www.xmklm.com.cn,unprobed,,,地方国企控股上市公司(600686),枚举:东方财富A股·实际控制人=福建省人民政府国有资产监督管理委员会 2026-10
industry:www.xmldks.com,industry,立达股份,http://www.xmldks.com/,www.xmldks.com,unprobed,,,地方国企控股上市公司(836605),枚举:东方财富A股·实际控制人=湖南省人民政府国有资产监督管理委员会 2026-10
industry:www.xmsunlit.com,industry,新立基,http://www.xmsunlit.com/,www.xmsunlit.com,unprobed,,,地方国企控股上市公司(A16258),枚举:东方财富A股·实际控制人=福建省人民政府国有资产监督管理委员会 2026-10
industry:www.xsmd.com.cn,industry,山西焦煤,http://www.xsmd.com.cn/,www.xsmd.com.cn,unprobed,,,地方国企控股上市公司(000983),枚举:东方财富A股·实际控制人=山西省人民政府国有资产监督管理委员会 2026-10
industry:www.xtc-xny.com,industry,厦钨新能,http://www.xtc-xny.com/,www.xtc-xny.com,unprobed,,,地方国企控股上市公司(688778),枚举:东方财富A股·实际控制人=福建省人民政府国有资产监督管理委员会 2026-10
industry:www.xtjtty.com,industry,金天钛业,http://www.xtjtty.com/,www.xtjtty.com,unprobed,,,地方国企控股上市公司(688750),枚举:东方财富A股·实际控制人=湖南省人民政府国有资产监督管理委员会 2026-10
industry:www.xxcig.com,industry,新兴际华集团有限公司,http://www.xxcig.com/,www.xxcig.com,unprobed,,,央企·国务院国资委名录(97家),枚举:国务院国资委央企名录+央企网站 2026-10
industry:www.xylygf.com,industry,西域旅游,http://www.xylygf.com/,www.xylygf.com,unprobed,,,地方国企控股上市公司(300859),枚举:东方财富A股·实际控制人=新疆维吾尔自治区人民政府国有资产监督管理委员会 2026-10
industry:www.xztianlu.com,industry,西藏天路,http://www.xztianlu.com/,www.xztianlu.com,unprobed,,,地方国企控股上市公司(600326),枚举:东方财富A股·实际控制人=西藏自治区人民政府国有资产监督管理委员会 2026-10
industry:www.yangnongchem.com,industry,江苏扬农化工股份有限公司,http://www.yangnongchem.com/,www.yangnongchem.com,unprobed,,,央企控股上市公司(600486),枚举:东方财富A股·实际控制人=国务院国资委 2026-10
industry:www.yasheng.com.cn,industry,亚盛集团,http://www.yasheng.com.cn/,www.yasheng.com.cn,unprobed,,,地方国企控股上市公司(600108),枚举:东方财富A股·实际控制人=甘肃省人民政府国有资产监督管理委员会 2026-10
industry:www.ycig.com,industry,武汉长江通信产业集团股份有限公司,http://www.ycig.com/,www.ycig.com,unprobed,,,央企控股上市公司(600345),枚举:东方财富A股·实际控制人=国务院国资委 2026-10
industry:www.yczk.cn,industry,延长中科,http://www.yczk.cn/,www.yczk.cn,unprobed,,,地方国企控股上市公司(A26186),枚举:东方财富A股·实际控制人=陕西省人民政府国有资产监督管理委员会 2026-10
industry:www.ydi.cn,industry,云南省设计院集团有限公司,https://www.ydi.cn/,www.ydi.cn,unprobed,,,云南国资委监管企业,枚举:云南国资委网站企业名录 2026-10
industry:www.ygsoft.com,industry,远光软件股份有限公司,http://www.ygsoft.com/,www.ygsoft.com,unprobed,,,央企控股上市公司(002063),枚举:东方财富A股·实际控制人=国务院国资委 2026-10
industry:www.ygtgp.com,industry,云南省工业投资控股集团有限责任公司,http://www.ygtgp.com/,www.ygtgp.com,unprobed,,,云南国资委监管企业,枚举:云南国资委网站企业名录 2026-10
industry:www.yhwins.com,industry,赢合科技,http://www.yhwins.com/,www.yhwins.com,unprobed,,,地方国企控股上市公司(300457),枚举:东方财富A股·实际控制人=上海市国有资产监督管理委员会 2026-10
industry:www.ykenergy.com,industry,兖矿能源,http://www.ykenergy.com/,www.ykenergy.com,unprobed,,,地方国企控股上市公司(600188),枚举:东方财富A股·实际控制人=山东省人民政府国有资产监督管理委员会 2026-10
industry:www.ymnygf.com,industry,云煤能源,http://www.ymnygf.com/,www.ymnygf.com,unprobed,,,地方国企控股上市公司(600792),枚举:东方财富A股·实际控制人=云南省人民政府国有资产监督管理委员会 2026-10
industry:www.ynairport.com,industry,云南航空产业投资集团有限责任公司,http://www.ynairport.com/,www.ynairport.com,unprobed,,,云南国资委监管企业,枚举:云南国资委网站企业名录 2026-10
industry:www.ynctzy.com,industry,ST云城,http://www.ynctzy.com/,www.ynctzy.com,unprobed,,,地方国企控股上市公司(600239),枚举:东方财富A股·实际控制人=云南省人民政府国有资产监督管理委员会 2026-10
industry:www.ynjstzkg.com,industry,云南省建设投资控股集团有限公司,http://www.ynjstzkg.com/,www.ynjstzkg.com,unprobed,,,云南国资委监管企业,枚举:云南国资委网站企业名录 2026-10
industry:www.ynjtgjg.com,industry,云建钢构,http://www.ynjtgjg.com/,www.ynjtgjg.com,unprobed,,,地方国企控股上市公司(839395),枚举:东方财富A股·实际控制人=云南省人民政府国有资产监督管理委员会 2026-10
industry:www.ynjtst.cn,industry,交投生态,http://www.ynjtst.cn/,www.ynjtst.cn,unprobed,,,地方国企控股上市公司(002200),枚举:东方财富A股·实际控制人=云南省人民政府国有资产监督管理委员会 2026-10
industry:www.ynkeenly.com,industry,云南科力环保有限公司,http://www.ynkeenly.com/,www.ynkeenly.com,unprobed,,,央企控股上市公司(837250),枚举:东方财富A股·实际控制人=国务院国资委 2026-10
industry:www.ynkg.com,industry,昆明钢铁控股有限公司,http://www.ynkg.com/,www.ynkg.com,unprobed,,,云南国资委监管企业,枚举:云南国资委网站企业名录 2026-10
industry:www.ynlygf.com,industry,云南旅游股份有限公司,http://www.ynlygf.com/,www.ynlygf.com,unprobed,,,央企控股上市公司(002059),枚举:东方财富A股·实际控制人=国务院国资委 2026-10
industry:www.ynrainbow.com,industry,瑞宝生物,http://www.ynrainbow.com/,www.ynrainbow.com,unprobed,,,地方国企控股上市公司(835390),枚举:东方财富A股·实际控制人=云南省人民政府国有资产监督管理委员会 2026-10
industry:www.yonglin.com,industry,福建省永安林业(集团)股份有限公司,http://www.yonglin.com/,www.yonglin.com,unprobed,,,央企控股上市公司(000663),枚举:东方财富A股·实际控制人=国务院国资委 2026-10
industry:www.yousergroup.com,industry,陕西有色金属集团,https://www.yousergroup.com/,www.yousergroup.com,unprobed,,,陕西国资委网站所列企业,枚举:陕西国资委网站企业名录 2026-10
industry:www.ytc.cn,industry,云南锡业集团(控股）有限责任公司,http://www.ytc.cn/,www.ytc.cn,unprobed,,,云南国资委监管企业,枚举:云南国资委网站企业名录 2026-10
industry:www.ytl.com.cn,industry,锡业股份,http://www.ytl.com.cn/,www.ytl.com.cn,unprobed,,,地方国企控股上市公司(000960),枚举:东方财富A股·实际控制人=云南省人民政府国有资产监督管理委员会 2026-10
industry:www.yuchai.com,industry,广西玉柴机器集团有限公司,http://www.yuchai.com/,www.yuchai.com,unprobed,,,广西国资委监管企业,枚举:广西国资委监管企业名录 2026-10
industry:www.yuchailogistics.com,industry,玉柴物流,http://www.yuchailogistics.com/,www.yuchailogistics.com,unprobed,,,地方国企控股上市公司(872072),枚举:东方财富A股·实际控制人=广西壮族自治区人民政府国有资产监督管理委员会 2026-10
industry:www.yyth.com.cn,industry,云天化,http://www.yyth.com.cn/,www.yyth.com.cn,unprobed,,,地方国企控股上市公司(600096),枚举:东方财富A股·实际控制人=云南省人民政府国有资产监督管理委员会 2026-10
industry:www.zgcenv.cn,industry,中关村环,http://www.zgcenv.cn/,www.zgcenv.cn,unprobed,,,地方国企控股上市公司(835461),枚举:东方财富A股·实际控制人=北京市人民政府国有资产监督管理委员会 2026-10
industry:www.zgxnnk.com,industry,西南能矿集团股份有限公司,http://www.zgxnnk.com/,www.zgxnnk.com,unprobed,,,贵州国资委监管企业,枚举:贵州国资委网站企业名录 2026-10
industry:www.zhaoxin.com,industry,兆芯集成,http://www.zhaoxin.com/,www.zhaoxin.com,unprobed,,,地方国企控股上市公司(A25137),枚举:东方财富A股·实际控制人=上海市国有资产监督管理委员会 2026-10
industry:www.zhongminenergy.com,industry,中闽能源,http://www.zhongminenergy.com/,www.zhongminenergy.com,unprobed,,,地方国企控股上市公司(600163),枚举:东方财富A股·实际控制人=福建省人民政府国有资产监督管理委员会 2026-10
industry:www.zhongtiaoshan.com.cn,industry,北方铜业,http://www.zhongtiaoshan.com.cn/,www.zhongtiaoshan.com.cn,unprobed,,,地方国企控股上市公司(000737),枚举:东方财富A股·实际控制人=山西省人民政府国有资产监督管理委员会 2026-10
industry:www.zhongzhi.cn,industry,中纸在线,http://www.zhongzhi.cn/,www.zhongzhi.cn,unprobed,,,地方国企控股上市公司(834648),枚举:东方财富A股·实际控制人=北京市人民政府国有资产监督管理委员会 2026-10
industry:www.zhuangyuanmuchang.com,industry,庄园牧场,http://www.zhuangyuanmuchang.com/,www.zhuangyuanmuchang.com,unprobed,,,地方国企控股上市公司(002910),枚举:东方财富A股·实际控制人=甘肃省人民政府国有资产监督管理委员会 2026-10
industry:www.zibchina.com,industry,浙江省国际贸易集团有限公司,https://www.zibchina.com/,www.zibchina.com,unprobed,,,浙江国资委监管企业,枚举:浙江国资委网站企业名录 2026-10
industry:www.zjabhw.com,industry,安邦护卫集团股份有限公司,https://www.zjabhw.com/,www.zjabhw.com,unprobed,,,浙江国资委监管企业,枚举:浙江国资委网站企业名录 2026-10
industry:www.zjabhw.com~2,industry,安邦护卫,http://www.zjabhw.com/,www.zjabhw.com,unprobed,,,地方国企控股上市公司(603373),枚举:东方财富A股·实际控制人=浙江省人民政府国有资产监督管理委员会 2026-10
industry:www.zjadgroup.com,industry,浙江省农村发展集团有限公司,https://www.zjadgroup.com/,www.zjadgroup.com,unprobed,,,浙江国资委监管企业,枚举:浙江国资委网站企业名录 2026-10
industry:www.zjenergy.com.cn,industry,浙江省能源集团有限公司,https://www.zjenergy.com.cn/,www.zjenergy.com.cn,unprobed,,,浙江国资委监管企业,枚举:浙江国资委网站企业名录 2026-10
industry:www.zjeq.com,industry,浙江省二轻集团有限责任公司,http://www.zjeq.com/,www.zjeq.com,unprobed,,,浙江国资委监管企业,枚举:浙江国资委网站企业名录 2026-10
industry:www.zjhjkj.com,industry,华江科技,http://www.zjhjkj.com/,www.zjhjkj.com,unprobed,,,地方国企控股上市公司(837187),枚举:东方财富A股·实际控制人=浙江省人民政府国有资产监督管理委员会 2026-10
industry:www.zjhuatie.cn,industry,海南华铁,http://www.zjhuatie.cn/,www.zjhuatie.cn,unprobed,,,地方国企控股上市公司(603300),枚举:东方财富A股·实际控制人=海南省国有资产监督管理委员会 2026-10
industry:www.zjjiaoke.com,industry,浙江交科,http://www.zjjiaoke.com/,www.zjjiaoke.com,unprobed,,,地方国企控股上市公司(002061),枚举:东方财富A股·实际控制人=浙江省人民政府国有资产监督管理委员会 2026-10
industry:www.zjmegroup.cn,industry,浙江省机电集团有限公司,https://www.zjmegroup.cn/,www.zjmegroup.cn,unprobed,,,浙江国资委监管企业,枚举:浙江国资委网站企业名录 2026-10
industry:www.zjnrg.com,industry,浙江省自然资源集团有限公司,https://www.zjnrg.com/,www.zjnrg.com,unprobed,,,浙江国资委监管企业,枚举:浙江国资委网站企业名录 2026-10
industry:www.zjorient.com,industry,浙江东方,http://www.zjorient.com/,www.zjorient.com,unprobed,,,地方国企控股上市公司(600120),枚举:东方财富A股·实际控制人=浙江省人民政府国有资产监督管理委员会 2026-10
industry:www.zjsairport.com,industry,浙江省机场集团有限公司,http://www.zjsairport.com/,www.zjsairport.com,unprobed,,,浙江国资委监管企业,枚举:浙江国资委网站企业名录 2026-10
industry:www.zjsalt.com,industry,浙盐股份,http://www.zjsalt.com/,www.zjsalt.com,unprobed,,,地方国企控股上市公司(874826),枚举:东方财富A股·实际控制人=浙江省人民政府国有资产监督管理委员会 2026-10
industry:www.zjseaport.com,industry,浙江省海港投资运营集团有限公司,https://www.zjseaport.com/,www.zjseaport.com,unprobed,,,浙江国资委监管企业,枚举:浙江国资委网站企业名录 2026-10
industry:www.zjws.cn,industry,浙江旅游,http://www.zjws.cn/,www.zjws.cn,unprobed,,,地方国企控股上市公司(873719),枚举:东方财富A股·实际控制人=浙江省人民政府国有资产监督管理委员会 2026-10
industry:www.zjzsco.com,industry,浙江省国有资本运营有限公司,https://www.zjzsco.com/,www.zjzsco.com,unprobed,,,浙江国资委监管企业,枚举:浙江国资委网站企业名录 2026-10
industry:www.zkhbe.com,industry,中科水生,http://www.zkhbe.com/,www.zkhbe.com,unprobed,,,地方国企控股上市公司(835425),枚举:东方财富A股·实际控制人=湖北省人民政府国有资产监督管理委员会 2026-10
industry:www.zmd.com.cn,industry,浙商中拓,http://www.zmd.com.cn/,www.zmd.com.cn,unprobed,,,地方国企控股上市公司(000906),枚举:东方财富A股·实际控制人=浙江省人民政府国有资产监督管理委员会 2026-10
industry:www.zmee.com.cn,industry,物产环能,http://www.zmee.com.cn/,www.zmee.com.cn,unprobed,,,地方国企控股上市公司(603071),枚举:东方财富A股·实际控制人=浙江省人民政府国有资产监督管理委员会 2026-10
industry:www.zofco.cn,industry,中鲁B,http://www.zofco.cn/,www.zofco.cn,unprobed,,,地方国企控股上市公司(200992),枚举:东方财富A股·实际控制人=山东省人民政府国有资产监督管理委员会 2026-10
industry:www.zpmc.com,industry,上海振华重工(集团)股份有限公司,http://www.zpmc.com/,www.zpmc.com,unprobed,,,央企控股上市公司(600320),枚举:东方财富A股·实际控制人=国务院国资委 2026-10
industry:www.ztept.cn,industry,天地环保,http://www.ztept.cn/,www.ztept.cn,unprobed,,,地方国企控股上市公司(A21060),枚举:东方财富A股·实际控制人=浙江省人民政府国有资产监督管理委员会 2026-10
industry:www.zthx.com,industry,新疆中泰（集团）有限责任公司,http://www.zthx.com/,www.zthx.com,unprobed,,,新疆国资委监管企业,枚举:新疆国资委网站企业名录 2026-10
industry:www.zts.com.cn,industry,中泰证券,http://www.zts.com.cn/,www.zts.com.cn,unprobed,,,地方国企控股上市公司(600918),枚举:东方财富A股·实际控制人=山东省人民政府国有资产监督管理委员会 2026-10
industry:www.zxy.com.cn,industry,襄阳轴承,http://www.zxy.com.cn/,www.zxy.com.cn,unprobed,,,地方国企控股上市公司(000678),枚举:东方财富A股·实际控制人=湖北省人民政府国有资产监督管理委员会 2026-10
industry:www.zydanxia.com,industry,张掖丹霞,http://www.zydanxia.com/,www.zydanxia.com,unprobed,,,地方国企控股上市公司(874463),枚举:东方财富A股·实际控制人=甘肃省人民政府国有资产监督管理委员会 2026-10
industry:www.zzepc.com.cn,industry,浙能电力,http://www.zzepc.com.cn/,www.zzepc.com.cn,unprobed,,,地方国企控股上市公司(600023),枚举:东方财富A股·实际控制人=浙江省人民政府国有资产监督管理委员会 2026-10
industry:xags.crmsc.com.cn,industry,中国铁路物资西安有限公司,https://xags.crmsc.com.cn/,xags.crmsc.com.cn,unprobed,,,陕西国资委网站所列企业,枚举:陕西国资委网站企业名录 2026-10
industry:xaxh.crsc.cn,industry,西安铁路信号有限责任公司,http://xaxh.crsc.cn/,xaxh.crsc.cn,unprobed,,,陕西国资委网站所列企业,枚举:陕西国资委网站企业名录 2026-10
industry:xbpex.com,industry,能化交易,http://xbpex.com/,xbpex.com,unprobed,,,地方国企控股上市公司(Q210013),枚举:东方财富A股·实际控制人=陕西省人民政府国有资产监督管理委员会 2026-10
industry:xbyxufeng.cn.qianyan.biz,industry,西北橡胶塑料研究设计院有限公司,http://xbyxufeng.cn.qianyan.biz/,xbyxufeng.cn.qianyan.biz,unprobed,,,陕西国资委网站所列企业,枚举:陕西国资委网站企业名录 2026-10
industry:xinji.chinacoal.com,industry,中煤新集能源股份有限公司,http://xinji.chinacoal.com/,xinji.chinacoal.com,unprobed,,,央企控股上市公司(601918),枚举:东方财富A股·实际控制人=国务院国资委 2026-10
industry:xzgzmb.com,industry,高争民爆,http://xzgzmb.com/,xzgzmb.com,unprobed,,,地方国企控股上市公司(002827),枚举:东方财富A股·实际控制人=西藏自治区人民政府国有资产监督管理委员会 2026-10
industry:ylgf.chinalco.com.cn,industry,云南铝业股份有限公司,http://ylgf.chinalco.com.cn/,ylgf.chinalco.com.cn,unprobed,,,央企控股上市公司(000807),枚举:东方财富A股·实际控制人=国务院国资委 2026-10
industry:ynty.chinalco.com.cn,industry,云南铜业股份有限公司,http://ynty.chinalco.com.cn/,ynty.chinalco.com.cn,unprobed,,,央企控股上市公司(000878),枚举:东方财富A股·实际控制人=国务院国资委 2026-10
industry:yqmy.ymjt.com.cn,industry,华阳股份,http://yqmy.ymjt.com.cn/,yqmy.ymjt.com.cn,unprobed,,,地方国企控股上市公司(600348),枚举:东方财富A股·实际控制人=山西省人民政府国有资产监督管理委员会 2026-10
industry:yth.cn,industry,云天化集团有限责任公司,https://yth.cn/,yth.cn,unprobed,,,云南国资委监管企业,枚举:云南国资委网站企业名录 2026-10
industry:yulin.chinasalt.com.cn,industry,中盐榆林盐化有限公司,http://yulin.chinasalt.com.cn/,yulin.chinasalt.com.cn,unprobed,,,陕西国资委网站所列企业,枚举:陕西国资委网站企业名录 2026-10
industry:zhonglu.sdic.com.cn,industry,国投中鲁果汁股份有限公司,http://zhonglu.sdic.com.cn/,zhonglu.sdic.com.cn,unprobed,,,央企控股上市公司(600962),枚举:东方财富A股·实际控制人=国务院国资委 2026-10
industry:zjfz.chinagoldgroup.com,industry,中金辐照股份有限公司,http://zjfz.chinagoldgroup.com/,zjfz.chinagoldgroup.com,unprobed,,,央企控股上市公司(300962),枚举:东方财富A股·实际控制人=国务院国资委 2026-10
industry:zjgold.chinagoldgroup.com,industry,中金黄金股份有限公司,http://zjgold.chinagoldgroup.com/,zjgold.chinagoldgroup.com,unprobed,,,央企控股上市公司(600489),枚举:东方财富A股·实际控制人=国务院国资委 2026-10
industry:zlgj.chinalco.com.cn,industry,中铝国际工程股份有限公司,http://zlgj.chinalco.com.cn/,zlgj.chinalco.com.cn,unprobed,,,央企控股上市公司(601068),枚举:东方财富A股·实际控制人=国务院国资委 2026-10
