id,tier,name,url,host,status,http_code,probe_date,note,ref
media:www.qianlong.com,media,千龙网,http://www.qianlong.com/,www.qianlong.com,probed-2xx,200,2026-10-03,北京·新闻网站,枚举:中国经济网地方媒体导航 2026-10
media:www.enorth.com.cn,media,北方网,http://www.enorth.com.cn/,www.enorth.com.cn,probed-2xx,200,2026-10-03,天津·新闻网站,枚举:中国经济网地方媒体导航 2026-10
media:www.hebnews.cn,media,河北新闻网,http://www.hebnews.cn/,www.hebnews.cn,probed-2xx,200,2026-10-03,河北·新闻网站,枚举:中国经济网地方媒体导航 2026-10
media:www.hebei.com.cn,media,长城网,http://www.hebei.com.cn/,www.hebei.com.cn,probed-2xx,200,2026-10-03,河北·新闻网站,枚举:中国经济网地方媒体导航 2026-10
media:www.sjzdaily.com.cn,media,石家庄新闻网,http://www.sjzdaily.com.cn/,www.sjzdaily.com.cn,probed-4xx,412,2026-10-03,河北·新闻网站,枚举:中国经济网地方媒体导航 2026-10
media:www.handannews.com.cn,media,邯郸新闻网,http://www.handannews.com.cn/,www.handannews.com.cn,probed-5xx,504,2026-10-03,河北·新闻网站,枚举:中国经济网地方媒体导航 2026-10
media:www.xtrb.cn,media,邢台网,http://www.xtrb.cn/,www.xtrb.cn,probed-2xx,200,2026-10-03,河北·新闻网站,枚举:中国经济网地方媒体导航 2026-10
media:www.bdall.com,media,全保定网,http://www.bdall.com/,www.bdall.com,probed-000,000,2026-10-03,河北·新闻网站,枚举:中国经济网地方媒体导航 2026-10
media:www.zjknews.com,media,张家口新闻网,http://www.zjknews.com/,www.zjknews.com,probed-2xx,200,2026-10-03,河北·新闻网站,枚举:中国经济网地方媒体导航 2026-10
media:www.hehechengde.cn,media,和合承德网,http://www.hehechengde.cn/,www.hehechengde.cn,probed-2xx,200,2026-10-03,河北·新闻网站,枚举:中国经济网地方媒体导航 2026-10
media:www.qhdnews.com,media,秦皇岛新闻网,http://www.qhdnews.com/,www.qhdnews.com,probed-2xx,200,2026-10-03,河北·新闻网站,枚举:中国经济网地方媒体导航 2026-10
media:www.bohaitoday.com,media,今日渤海,http://www.bohaitoday.com/,www.bohaitoday.com,probed-2xx,200,2026-10-03,河北·新闻网站,枚举:中国经济网地方媒体导航 2026-10
media:www.lfcmw.com,media,廊坊传媒网,http://www.lfcmw.com/,www.lfcmw.com,probed-3xx,302,2026-10-03,河北·新闻网站,枚举:中国经济网地方媒体导航 2026-10
media:www.hsrb.com.cn,media,衡水新闻网,http://www.hsrb.com.cn/,www.hsrb.com.cn,probed-2xx,200,2026-10-03,河北·新闻网站,枚举:中国经济网地方媒体导航 2026-10
media:www.sxgov.cn,media,黄河新闻网,http://www.sxgov.cn/,www.sxgov.cn,probed-2xx,200,2026-10-03,山西·新闻网站,枚举:中国经济网地方媒体导航 2026-10
media:www.tynews.com.cn,media,太原新闻网,http://www.tynews.com.cn/,www.tynews.com.cn,probed-2xx,200,2026-10-03,山西·新闻网站,枚举:中国经济网地方媒体导航 2026-10
media:www.dtnews.cn,media,大同新闻网,http://www.dtnews.cn/,www.dtnews.cn,probed-2xx,200,2026-10-03,山西·新闻网站,枚举:中国经济网地方媒体导航 2026-10
media:www.changzhinews.com,media,长治新闻网,http://www.changzhinews.com/,www.changzhinews.com,probed-2xx,200,2026-10-03,山西·新闻网站,枚举:中国经济网地方媒体导航 2026-10
media:www.jcnews.com.cn,media,晋城新闻网,http://www.jcnews.com.cn/,www.jcnews.com.cn,probed-2xx,200,2026-10-03,山西·新闻网站,枚举:中国经济网地方媒体导航 2026-10
media:www.sxsznews.com,media,朔州新闻网,http://www.sxsznews.com/,www.sxsznews.com,probed-000,000,2026-10-03,山西·新闻网站,枚举:中国经济网地方媒体导航 2026-10
media:www.sxjzxww.com,media,晋中新闻网,http://www.sxjzxww.com/,www.sxjzxww.com,probed-2xx,200,2026-10-03,山西·新闻网站,枚举:中国经济网地方媒体导航 2026-10
media:xz.sxgov.cn,media,忻州新闻网,http://xz.sxgov.cn/,xz.sxgov.cn,probed-2xx,200,2026-10-03,山西·新闻网站,枚举:中国经济网地方媒体导航 2026-10
media:www.sxycrb.com,media,运城新闻网,http://www.sxycrb.com/,www.sxycrb.com,probed-2xx,200,2026-10-03,山西·新闻网站,枚举:中国经济网地方媒体导航 2026-10
media:www.lfxww.com,media,临汾新闻网,http://www.lfxww.com/,www.lfxww.com,probed-2xx,200,2026-10-03,山西·新闻网站,枚举:中国经济网地方媒体导航 2026-10
media:www.sxllnews.cn,media,吕梁新闻网,http://www.sxllnews.cn/,www.sxllnews.cn,probed-2xx,200,2026-10-03,山西·新闻网站,枚举:中国经济网地方媒体导航 2026-10
media:www.northnews.cn,media,正北方网,http://www.northnews.cn/,www.northnews.cn,probed-2xx,200,2026-10-03,内蒙古·新闻网站,枚举:中国经济网地方媒体导航 2026-10
media:www.hhhtnews.com,media,呼和浩特新闻网,http://www.hhhtnews.com/,www.hhhtnews.com,probed-2xx,200,2026-10-03,内蒙古·新闻网站,枚举:中国经济网地方媒体导航 2026-10
media:www.baotounews.com.cn,media,包头新闻网,http://www.baotounews.com.cn/,www.baotounews.com.cn,probed-2xx,200,2026-10-03,内蒙古·新闻网站,枚举:中国经济网地方媒体导航 2026-10
media:news.ewuhai.com,media,乌海在线,http://news.ewuhai.com/news/,news.ewuhai.com,probed-000,000,2026-10-03,内蒙古·新闻网站,枚举:中国经济网地方媒体导航 2026-10
media:www.cfrb.cn,media,赤峰新闻网,http://www.cfrb.cn/,www.cfrb.cn,probed-4xx,403,2026-10-03,内蒙古·新闻网站,枚举:中国经济网地方媒体导航 2026-10
media:www.tongliaowang.com,media,中国通辽网,http://www.tongliaowang.com/,www.tongliaowang.com,probed-2xx,200,2026-10-03,内蒙古·新闻网站,枚举:中国经济网地方媒体导航 2026-10
media:www.ordosnews.com,media,鄂尔多斯新闻网,http://www.ordosnews.com/,www.ordosnews.com,probed-000,000,2026-10-03,内蒙古·新闻网站,枚举:中国经济网地方媒体导航 2026-10
media:www.hlbrdaily.com.cn,media,呼伦贝尔新闻网,http://www.hlbrdaily.com.cn/,www.hlbrdaily.com.cn,probed-2xx,200,2026-10-03,内蒙古·新闻网站,枚举:中国经济网地方媒体导航 2026-10
media:www.wlcbnews.com,media,乌兰察布新闻网,http://www.wlcbnews.com/,www.wlcbnews.com,probed-000,000,2026-10-03,内蒙古·新闻网站,枚举:中国经济网地方媒体导航 2026-10
media:www.bynrnews.com,media,巴彦淖尔新闻网,http://www.bynrnews.com/,www.bynrnews.com,probed-2xx,200,2026-10-03,内蒙古·新闻网站,枚举:中国经济网地方媒体导航 2026-10
media:xam.nmgnews.com.cn,media,兴安新闻网,http://xam.nmgnews.com.cn/,xam.nmgnews.com.cn,probed-2xx,200,2026-10-03,内蒙古·新闻网站,枚举:中国经济网地方媒体导航 2026-10
media:xilinguole.nmgnews.com.cn,media,锡林郭勒新闻网,http://xilinguole.nmgnews.com.cn/,xilinguole.nmgnews.com.cn,probed-000,000,2026-10-03,内蒙古·新闻网站,枚举:中国经济网地方媒体导航 2026-10
media:www.alsxw.com,media,阿拉善新闻网,http://www.alsxw.com/,www.alsxw.com,probed-2xx,200,2026-10-03,内蒙古·新闻网站,枚举:中国经济网地方媒体导航 2026-10
media:www.nen.com.cn,media,东北新闻网,http://www.nen.com.cn/,www.nen.com.cn,probed-2xx,200,2026-10-03,辽宁·新闻网站,枚举:中国经济网地方媒体导航 2026-10
media:www.syd.com.cn,media,沈阳网,http://www.syd.com.cn/,www.syd.com.cn,probed-2xx,200,2026-10-03,辽宁·新闻网站,枚举:中国经济网地方媒体导航 2026-10
media:www.runsky.com,media,大连天键网,http://www.runsky.com/,www.runsky.com,probed-000,000,2026-10-03,辽宁·新闻网站,枚举:中国经济网地方媒体导航 2026-10
media:www.qianhuaweb.com,media,千华网,http://www.qianhuaweb.com/,www.qianhuaweb.com,probed-000,000,2026-10-03,辽宁·新闻网站,枚举:中国经济网地方媒体导航 2026-10
media:www.fs024.com,media,抚顺新闻网,http://www.fs024.com/,www.fs024.com,probed-2xx,200,2026-10-03,辽宁·新闻网站,枚举:中国经济网地方媒体导航 2026-10
media:news.benxi.cn,media,本溪新闻网,http://news.benxi.cn/,news.benxi.cn,probed-000,000,2026-10-03,辽宁·新闻网站,枚举:中国经济网地方媒体导航 2026-10
media:www.ddnews.com.cn,media,丹东新闻网,http://www.ddnews.com.cn/,www.ddnews.com.cn,probed-000,000,2026-10-03,辽宁·新闻网站,枚举:中国经济网地方媒体导航 2026-10
media:www.1m3d.com,media,锦州新闻网,http://www.1m3d.com/,www.1m3d.com,probed-000,000,2026-10-03,辽宁·新闻网站,枚举:中国经济网地方媒体导航 2026-10
media:www.hldnews.com,media,葫芦岛新闻网,http://www.hldnews.com/,www.hldnews.com,probed-2xx,200,2026-10-03,辽宁·新闻网站,枚举:中国经济网地方媒体导航 2026-10
media:www.yingkounews.com,media,营口新闻网,http://www.yingkounews.com/,www.yingkounews.com,probed-2xx,200,2026-10-03,辽宁·新闻网站,枚举:中国经济网地方媒体导航 2026-10
media:www.fxrbs.cn,media,阜新新闻网,http://www.fxrbs.cn/,www.fxrbs.cn,probed-2xx,200,2026-10-03,辽宁·新闻网站,枚举:中国经济网地方媒体导航 2026-10
media:ly.nen.com.cn,media,辽阳新闻网,http://ly.nen.com.cn/,ly.nen.com.cn,probed-5xx,502,2026-10-03,辽宁·新闻网站,枚举:中国经济网地方媒体导航 2026-10
media:www.tielingcn.com,media,中国铁岭,http://www.tielingcn.com/,www.tielingcn.com,probed-4xx,403,2026-10-03,辽宁·新闻网站,枚举:中国经济网地方媒体导航 2026-10
media:chaoyang.nen.com.cn,media,朝阳新闻网,http://chaoyang.nen.com.cn/,chaoyang.nen.com.cn,probed-2xx,200,2026-10-03,辽宁·新闻网站,枚举:中国经济网地方媒体导航 2026-10
media:www.pjxww.com,media,盘锦网,http://www.pjxww.com/,www.pjxww.com,probed-4xx,403,2026-10-03,辽宁·新闻网站,枚举:中国经济网地方媒体导航 2026-10
media:www.chinajilin.com.cn,media,中国吉林网,http://www.chinajilin.com.cn/,www.chinajilin.com.cn,probed-2xx,200,2026-10-03,吉林·新闻网站,枚举:中国经济网地方媒体导航 2026-10
media:www.changchunews.net,media,长春新闻网,http://www.changchunews.net/,www.changchunews.net,probed-000,000,2026-10-03,吉林·新闻网站,枚举:中国经济网地方媒体导航 2026-10
media:www.shjnet.cn,media,松花江网,http://www.shjnet.cn/,www.shjnet.cn,probed-000,000,2026-10-03,吉林·新闻网站,枚举:中国经济网地方媒体导航 2026-10
media:www.spxww.com,media,四平新闻网,http://www.spxww.com/,www.spxww.com,probed-2xx,200,2026-10-03,吉林·新闻网站,枚举:中国经济网地方媒体导航 2026-10
media:www.jllyxww.com,media,辽源新闻网,http://www.jllyxww.com/,www.jllyxww.com,probed-2xx,200,2026-10-03,吉林·新闻网站,枚举:中国经济网地方媒体导航 2026-10
media:www.thnews.net,media,通化新闻网,http://www.thnews.net/,www.thnews.net,probed-000,000,2026-10-03,吉林·新闻网站,枚举:中国经济网地方媒体导航 2026-10
media:www.cbsrb.com,media,长白山新闻网,http://www.cbsrb.com/,www.cbsrb.com,probed-2xx,200,2026-10-03,吉林·新闻网站,枚举:中国经济网地方媒体导航 2026-10
media:www.0438news.com,media,松原新闻网,http://www.0438news.com/,www.0438news.com,probed-2xx,200,2026-10-03,吉林·新闻网站,枚举:中国经济网地方媒体导航 2026-10
media:www.bcxww.com,media,白城新闻网,http://www.bcxww.com/,www.bcxww.com,probed-000,000,2026-10-03,吉林·新闻网站,枚举:中国经济网地方媒体导航 2026-10
media:www.ybrbnews.cn,media,延边新闻网,http://www.ybrbnews.cn/,www.ybrbnews.cn,probed-2xx,200,2026-10-03,吉林·新闻网站,枚举:中国经济网地方媒体导航 2026-10
media:www.dbw.cn,media,东北网,http://www.dbw.cn/,www.dbw.cn,probed-2xx,200,2026-10-03,黑龙江·新闻网站,枚举:中国经济网地方媒体导航 2026-10
media:www.my399.com,media,哈尔滨新闻网,http://www.my399.com/,www.my399.com,probed-2xx,200,2026-10-03,黑龙江·新闻网站,枚举:中国经济网地方媒体导航 2026-10
media:qiqihar.dbw.cn,media,齐齐哈尔新闻网,http://qiqihar.dbw.cn/,qiqihar.dbw.cn,probed-000,000,2026-10-03,黑龙江·新闻网站,枚举:中国经济网地方媒体导航 2026-10
media:jixi.dbw.cn,media,鸡西新闻网,http://jixi.dbw.cn/,jixi.dbw.cn,probed-000,000,2026-10-03,黑龙江·新闻网站,枚举:中国经济网地方媒体导航 2026-10
media:www.dqdaily.com,media,大庆网,http://www.dqdaily.com/,www.dqdaily.com,probed-2xx,200,2026-10-03,黑龙江·新闻网站,枚举:中国经济网地方媒体导航 2026-10
media:shuangyashan.dbw.cn,media,双鸭山新闻网,http://shuangyashan.dbw.cn/,shuangyashan.dbw.cn,probed-000,000,2026-10-03,黑龙江·新闻网站,枚举:中国经济网地方媒体导航 2026-10
media:hegangnews.dbw.cn,media,鹤岗新闻网,http://hegangnews.dbw.cn/,hegangnews.dbw.cn,probed-000,000,2026-10-03,黑龙江·新闻网站,枚举:中国经济网地方媒体导航 2026-10
media:yichun.dbw.cn,media,伊春新闻网,http://yichun.dbw.cn/,yichun.dbw.cn,probed-2xx,200,2026-10-03,黑龙江·新闻网站,枚举:中国经济网地方媒体导航 2026-10
media:jiamusi.dbw.cn,media,佳木斯日报新闻网,http://jiamusi.dbw.cn/,jiamusi.dbw.cn,probed-4xx,403,2026-10-03,黑龙江·新闻网站,枚举:中国经济网地方媒体导航 2026-10
media:www.dpcm.cn,media,大鹏新闻网,http://www.dpcm.cn/,www.dpcm.cn,probed-000,000,2026-10-03,黑龙江·新闻网站,枚举:中国经济网地方媒体导航 2026-10
media:heihe.dbw.cn,media,黑河新闻网,http://heihe.dbw.cn/,heihe.dbw.cn,probed-000,000,2026-10-03,黑龙江·新闻网站,枚举:中国经济网地方媒体导航 2026-10
media:suihua.dbw.cn,media,绥化新闻网,http://suihua.dbw.cn/,suihua.dbw.cn,probed-000,000,2026-10-03,黑龙江·新闻网站,枚举:中国经济网地方媒体导航 2026-10
media:www.eastday.com,media,东方网,http://www.eastday.com/,www.eastday.com,probed-3xx,302,2026-10-03,上海·新闻网站,枚举:中国经济网地方媒体导航 2026-10
media:www.jschina.com.cn,media,中国江苏网,http://www.jschina.com.cn/,www.jschina.com.cn,probed-2xx,200,2026-10-03,江苏·新闻网站,枚举:中国经济网地方媒体导航 2026-10
media:www.longhoo.net,media,龙虎网,http://www.longhoo.net/,www.longhoo.net,probed-2xx,200,2026-10-03,江苏·新闻网站,枚举:中国经济网地方媒体导航 2026-10
media:www.cnxz.com.cn,media,中国徐州网,http://www.cnxz.com.cn/,www.cnxz.com.cn,probed-2xx,200,2026-10-03,江苏·新闻网站,枚举:中国经济网地方媒体导航 2026-10
media:www.lyg01.net,media,连云港新闻网,http://www.lyg01.net/,www.lyg01.net,probed-2xx,200,2026-10-03,江苏·新闻网站,枚举:中国经济网地方媒体导航 2026-10
media:www.hynews.net,media,淮安新闻网,http://www.hynews.net/,www.hynews.net,probed-2xx,200,2026-10-03,江苏·新闻网站,枚举:中国经济网地方媒体导航 2026-10
media:www.sq1996.com,media,宿迁网,http://www.sq1996.com/,www.sq1996.com,probed-2xx,200,2026-10-03,江苏·新闻网站,枚举:中国经济网地方媒体导航 2026-10
media:www.ycnews.cn,media,盐城新闻网,http://www.ycnews.cn/,www.ycnews.cn,probed-2xx,200,2026-10-03,江苏·新闻网站,枚举:中国经济网地方媒体导航 2026-10
media:www.yznews.com.cn,media,扬州网,http://www.yznews.com.cn/,www.yznews.com.cn,probed-2xx,200,2026-10-03,江苏·新闻网站,枚举:中国经济网地方媒体导航 2026-10
media:www.tznews.cn,media,泰州新闻网,http://www.tznews.cn/,www.tznews.cn,probed-000,000,2026-10-03,江苏·新闻网站,枚举:中国经济网地方媒体导航 2026-10
media:www.zgnt.net,media,南通网,http://www.zgnt.net/,www.zgnt.net,probed-2xx,200,2026-10-03,江苏·新闻网站,枚举:中国经济网地方媒体导航 2026-10
media:www.jsw.com.cn,media,金山网,http://www.jsw.com.cn/,www.jsw.com.cn,probed-2xx,200,2026-10-03,江苏·新闻网站,枚举:中国经济网地方媒体导航 2026-10
media:www.cz001.com.cn,media,中国常州网,http://www.cz001.com.cn/,www.cz001.com.cn,probed-2xx,200,2026-10-03,江苏·新闻网站,枚举:中国经济网地方媒体导航 2026-10
media:www.wxrb.com,media,无锡新传媒,http://www.wxrb.com/,www.wxrb.com,probed-2xx,200,2026-10-03,江苏·新闻网站,枚举:中国经济网地方媒体导航 2026-10
media:www.subaonet.com,media,苏州新闻网,http://www.subaonet.com/,www.subaonet.com,probed-2xx,200,2026-10-03,江苏·新闻网站,枚举:中国经济网地方媒体导航 2026-10
media:www.zjol.com.cn,media,浙江在线,http://www.zjol.com.cn/,www.zjol.com.cn,probed-2xx,200,2026-10-03,浙江·新闻网站,枚举:中国经济网地方媒体导航 2026-10
media:www.hangzhou.com.cn,media,杭州新闻网,http://www.hangzhou.com.cn/,www.hangzhou.com.cn,probed-2xx,200,2026-10-03,浙江·新闻网站,枚举:中国经济网地方媒体导航 2026-10
media:www.cnnb.com.cn,media,中国宁波网,http://www.cnnb.com.cn/,www.cnnb.com.cn,probed-2xx,200,2026-10-03,浙江·新闻网站,枚举:中国经济网地方媒体导航 2026-10
media:www.66wz.com,media,温州网,http://www.66wz.com/,www.66wz.com,probed-2xx,200,2026-10-03,浙江·新闻网站,枚举:中国经济网地方媒体导航 2026-10
media:www.cnjxol.com,media,嘉兴在线,http://www.cnjxol.com/,www.cnjxol.com,probed-2xx,200,2026-10-03,浙江·新闻网站,枚举:中国经济网地方媒体导航 2026-10
media:www.hz66.com,media,湖州在线,http://www.hz66.com/,www.hz66.com,probed-2xx,200,2026-10-03,浙江·新闻网站,枚举:中国经济网地方媒体导航 2026-10
media:www.shaoxing.com.cn,media,绍兴网,http://www.shaoxing.com.cn/,www.shaoxing.com.cn,probed-2xx,200,2026-10-03,浙江·新闻网站,枚举:中国经济网地方媒体导航 2026-10
media:www.jhnews.com.cn,media,金华新闻网,http://www.jhnews.com.cn/,www.jhnews.com.cn,probed-2xx,200,2026-10-03,浙江·新闻网站,枚举:中国经济网地方媒体导航 2026-10
media:www.qz828.com,media,衢州新闻网,http://www.qz828.com/,www.qz828.com,probed-000,000,2026-10-03,浙江·新闻网站,枚举:中国经济网地方媒体导航 2026-10
media:www.zhoushan.cn,media,舟山网,http://www.zhoushan.cn/,www.zhoushan.cn,probed-2xx,200,2026-10-03,浙江·新闻网站,枚举:中国经济网地方媒体导航 2026-10
media:www.taizhou.com.cn,media,中国台州网,http://www.taizhou.com.cn/,www.taizhou.com.cn,probed-2xx,200,2026-10-03,浙江·新闻网站,枚举:中国经济网地方媒体导航 2026-10
media:www.lsnews.com.cn,media,丽水网,http://www.lsnews.com.cn/,www.lsnews.com.cn,probed-2xx,200,2026-10-03,浙江·新闻网站,枚举:中国经济网地方媒体导航 2026-10
media:www.anhuinews.com,media,中安在线,http://www.anhuinews.com/,www.anhuinews.com,probed-2xx,200,2026-10-03,安徽·新闻网站,枚举:中国经济网地方媒体导航 2026-10
media:www.hf365.com,media,合肥在线,http://www.hf365.com/,www.hf365.com,probed-2xx,200,2026-10-03,安徽·新闻网站,枚举:中国经济网地方媒体导航 2026-10
media:www.hnbynews.com,media,淮南网,http://www.hnbynews.com/,www.hnbynews.com,probed-4xx,404,2026-10-03,安徽·新闻网站,枚举:中国经济网地方媒体导航 2026-10
media:www.cnhbw.net,media,淮北网,http://www.cnhbw.net/,www.cnhbw.net,probed-4xx,403,2026-10-03,安徽·新闻网站,枚举:中国经济网地方媒体导航 2026-10
media:www.wuhunews.cn,media,芜湖新闻网,http://www.wuhunews.cn/,www.wuhunews.cn,probed-2xx,200,2026-10-03,安徽·新闻网站,枚举:中国经济网地方媒体导航 2026-10
media:www.tlnews.cn,media,铜陵新闻网,http://www.tlnews.cn/,www.tlnews.cn,probed-2xx,200,2026-10-03,安徽·新闻网站,枚举:中国经济网地方媒体导航 2026-10
media:www.bbnews.cn,media,蚌埠新闻网,http://www.bbnews.cn/,www.bbnews.cn,probed-2xx,200,2026-10-03,安徽·新闻网站,枚举:中国经济网地方媒体导航 2026-10
media:www.wjol.net.cn,media,皖江在线,http://www.wjol.net.cn/,www.wjol.net.cn,probed-000,000,2026-10-03,安徽·新闻网站,枚举:中国经济网地方媒体导航 2026-10
media:www.aqnews.com.cn,media,安庆新闻网,http://www.aqnews.com.cn/,www.aqnews.com.cn,probed-2xx,200,2026-10-03,安徽·新闻网站,枚举:中国经济网地方媒体导航 2026-10
media:www.newshs.com,media,黄山新闻网,http://www.newshs.com/,www.newshs.com,probed-2xx,200,2026-10-03,安徽·新闻网站,枚举:中国经济网地方媒体导航 2026-10
media:www.chuzhou.cn,media,滁州新闻网,http://www.chuzhou.cn/,www.chuzhou.cn,probed-2xx,200,2026-10-03,安徽·新闻网站,枚举:中国经济网地方媒体导航 2026-10
media:www.fyxw.com.cn,media,阜阳新闻网,https://www.fyxw.com.cn/,www.fyxw.com.cn,probed-2xx,200,2026-10-03,安徽·新闻网站,枚举:中国经济网地方媒体导航 2026-10
media:www.ahsz.tv,media,宿州新闻网,http://www.ahsz.tv/,www.ahsz.tv,probed-2xx,200,2026-10-03,安徽·新闻网站,枚举:中国经济网地方媒体导航 2026-10
media:www.luaninfo.com,media,六安新闻网,http://www.luaninfo.com/,www.luaninfo.com,probed-2xx,200,2026-10-03,安徽·新闻网站,枚举:中国经济网地方媒体导航 2026-10
media:www.bozhou.cn,media,中国亳州网,http://www.bozhou.cn/,www.bozhou.cn,probed-2xx,200,2026-10-03,安徽·新闻网站,枚举:中国经济网地方媒体导航 2026-10
media:www.xuanwww.com,media,中国宣城网,http://www.xuanwww.com/,www.xuanwww.com,probed-000,000,2026-10-03,安徽·新闻网站,枚举:中国经济网地方媒体导航 2026-10
media:www.chiznews.com,media,池州新闻网,http://www.chiznews.com/index.html,www.chiznews.com,probed-2xx,200,2026-10-03,安徽·新闻网站,枚举:中国经济网地方媒体导航 2026-10
media:www.fjsen.com,media,东南网,http://www.fjsen.com/,www.fjsen.com,probed-2xx,200,2026-10-03,福建·新闻网站,枚举:中国经济网地方媒体导航 2026-10
media:www.fznews.com.cn,media,福州新闻网,http://www.fznews.com.cn/,www.fznews.com.cn,probed-2xx,200,2026-10-03,福建·新闻网站,枚举:中国经济网地方媒体导航 2026-10
media:www.xmnn.cn,media,厦门网,http://www.xmnn.cn/,www.xmnn.cn,probed-2xx,200,2026-10-03,福建·新闻网站,枚举:中国经济网地方媒体导航 2026-10
media:www.smnet.com.cn,media,三明网,http://www.smnet.com.cn/,www.smnet.com.cn,probed-000,000,2026-10-03,福建·新闻网站,枚举:中国经济网地方媒体导航 2026-10
media:www.ptxw.com,media,莆田网,http://www.ptxw.com/,www.ptxw.com,probed-2xx,200,2026-10-03,福建·新闻网站,枚举:中国经济网地方媒体导航 2026-10
media:www.qzwb.com,media,泉州网,http://www.qzwb.com/,www.qzwb.com,probed-2xx,200,2026-10-03,福建·新闻网站,枚举:中国经济网地方媒体导航 2026-10
media:www.zznews.cn,media,漳州新闻网,http://www.zznews.cn/,www.zznews.cn,probed-2xx,200,2026-10-03,福建·新闻网站,枚举:中国经济网地方媒体导航 2026-10
media:www.greatwuyi.com,media,大武夷新闻网,http://www.greatwuyi.com/,www.greatwuyi.com,probed-2xx,200,2026-10-03,福建·新闻网站,枚举:中国经济网地方媒体导航 2026-10
media:www.mxrb.cn,media,闽西新闻网,http://www.mxrb.cn/,www.mxrb.cn,probed-5xx,504,2026-10-03,福建·新闻网站,枚举:中国经济网地方媒体导航 2026-10
media:www.ndwww.cn,media,宁德网,http://www.ndwww.cn/,www.ndwww.cn,probed-2xx,200,2026-10-03,福建·新闻网站,枚举:中国经济网地方媒体导航 2026-10
media:www.jxnews.com.cn,media,大江网,https://www.jxnews.com.cn/,www.jxnews.com.cn,probed-2xx,200,2026-10-03,江西·新闻网站,枚举:中国经济网地方媒体导航 2026-10
media:www.ncnews.com.cn,media,南昌新闻网,http://www.ncnews.com.cn/,www.ncnews.com.cn,probed-2xx,200,2026-10-03,江西·新闻网站,枚举:中国经济网地方媒体导航 2026-10
media:www.jjxw.cn,media,九江新闻网,http://www.jjxw.cn/,www.jjxw.cn,probed-2xx,200,2026-10-03,江西·新闻网站,枚举:中国经济网地方媒体导航 2026-10
media:www.jdzol.com,media,景德镇在线,http://www.jdzol.com/,www.jdzol.com,probed-2xx,200,2026-10-03,江西·新闻网站,枚举:中国经济网地方媒体导航 2026-10
media:www.pxnews.cn,media,中国萍乡网,http://www.pxnews.cn/,www.pxnews.cn,probed-2xx,200,2026-10-03,江西·新闻网站,枚举:中国经济网地方媒体导航 2026-10
media:www.newsxy.com,media,新余新闻网,http://www.newsxy.com/,www.newsxy.com,probed-2xx,200,2026-10-03,江西·新闻网站,枚举:中国经济网地方媒体导航 2026-10
media:www.ytnews.cn,media,鹰潭在线,http://www.ytnews.cn/,www.ytnews.cn,probed-2xx,200,2026-10-03,江西·新闻网站,枚举:中国经济网地方媒体导航 2026-10
media:www.jgsdaily.com,media,中国吉安网,http://www.jgsdaily.com/,www.jgsdaily.com,probed-2xx,200,2026-10-03,江西·新闻网站,枚举:中国经济网地方媒体导航 2026-10
media:www.gndaily.com,media,客家新闻网,http://www.gndaily.com/,www.gndaily.com,probed-2xx,200,2026-10-03,江西·新闻网站,枚举:中国经济网地方媒体导航 2026-10
media:www.zgfznews.com,media,抚州新闻网,http://www.zgfznews.com/,www.zgfznews.com,probed-2xx,200,2026-10-03,江西·新闻网站,枚举:中国经济网地方媒体导航 2026-10
media:www.newsyc.com,media,宜春新闻网,http://www.newsyc.com/,www.newsyc.com,probed-000,000,2026-10-03,江西·新闻网站,枚举:中国经济网地方媒体导航 2026-10
media:www.srxww.com,media,上饶新闻网,http://www.srxww.com/,www.srxww.com,probed-2xx,200,2026-10-03,江西·新闻网站,枚举:中国经济网地方媒体导航 2026-10
media:www.dzwww.com,media,大众网,http://www.dzwww.com/,www.dzwww.com,probed-2xx,200,2026-10-03,山东·新闻网站,枚举:中国经济网地方媒体导航 2026-10
media:www.e23.cn,media,舜网,http://www.e23.cn/,www.e23.cn,probed-2xx,200,2026-10-03,山东·新闻网站,枚举:中国经济网地方媒体导航 2026-10
media:www.qingdaonews.com,media,青岛新闻网,http://www.qingdaonews.com/,www.qingdaonews.com,probed-2xx,200,2026-10-03,山东·新闻网站,枚举:中国经济网地方媒体导航 2026-10
media:www.zbnews.net,media,淄博新闻网,http://www.zbnews.net/,www.zbnews.net,probed-2xx,200,2026-10-03,山东·新闻网站,枚举:中国经济网地方媒体导航 2026-10
media:www.632news.com,media,枣庄新闻网,http://www.632news.com/,www.632news.com,probed-000,000,2026-10-03,山东·新闻网站,枚举:中国经济网地方媒体导航 2026-10
media:www.dongyingnews.cn,media,东营网,http://www.dongyingnews.cn/,www.dongyingnews.cn,probed-2xx,200,2026-10-03,山东·新闻网站,枚举:中国经济网地方媒体导航 2026-10
media:www.shm.com.cn,media,水母网,http://www.shm.com.cn/,www.shm.com.cn,probed-2xx,200,2026-10-03,山东·新闻网站,枚举:中国经济网地方媒体导航 2026-10
media:www.jiaodong.net,media,胶东在线,http://www.jiaodong.net/,www.jiaodong.net,probed-2xx,200,2026-10-03,山东·新闻网站,枚举:中国经济网地方媒体导航 2026-10
media:www.wfnews.com.cn,media,潍坊新闻网,http://www.wfnews.com.cn/,www.wfnews.com.cn,probed-000,000,2026-10-03,山东·新闻网站,枚举:中国经济网地方媒体导航 2026-10
media:www.jnnews.tv,media,济宁新闻网,http://www.jnnews.tv/,www.jnnews.tv,probed-2xx,200,2026-10-03,山东·新闻网站,枚举:中国经济网地方媒体导航 2026-10
media:www.taianxinwen.com,media,泰安新闻网,http://www.taianxinwen.com/,www.taianxinwen.com,probed-2xx,200,2026-10-03,山东·新闻网站,枚举:中国经济网地方媒体导航 2026-10
media:www.whnews.cn,media,威海新闻网,http://www.whnews.cn/,www.whnews.cn,probed-2xx,200,2026-10-03,山东·新闻网站,枚举:中国经济网地方媒体导航 2026-10
media:www.rzw.com.cn,media,日照网,http://www.rzw.com.cn/,www.rzw.com.cn,probed-2xx,200,2026-10-03,山东·新闻网站,枚举:中国经济网地方媒体导航 2026-10
media:www.dezhoudaily.com,media,德州新闻网,http://www.dezhoudaily.com/,www.dezhoudaily.com,probed-2xx,200,2026-10-03,山东·新闻网站,枚举:中国经济网地方媒体导航 2026-10
media:www.langya.cn,media,琅琊新闻网,http://www.langya.cn/,www.langya.cn,probed-2xx,200,2026-10-03,山东·新闻网站,枚举:中国经济网地方媒体导航 2026-10
media:www.lcxw.cn,media,聊城新闻网,http://www.lcxw.cn/,www.lcxw.cn,probed-2xx,200,2026-10-03,山东·新闻网站,枚举:中国经济网地方媒体导航 2026-10
media:www.bzcm.net,media,滨州传媒网,http://www.bzcm.net/,www.bzcm.net,probed-2xx,200,2026-10-03,山东·新闻网站,枚举:中国经济网地方媒体导航 2026-10
media:www.hezeribao.com,media,中国菏泽网,http://www.hezeribao.com/,www.hezeribao.com,probed-000,000,2026-10-03,山东·新闻网站,枚举:中国经济网地方媒体导航 2026-10
media:www.dahe.cn,media,大河网,https://www.dahe.cn/,www.dahe.cn,probed-2xx,200,2026-10-03,河南·新闻网站,枚举:中国经济网地方媒体导航 2026-10
media:www.zynews.com,media,中原网,http://www.zynews.com/,www.zynews.com,probed-000,000,2026-10-03,河南·新闻网站,枚举:中国经济网地方媒体导航 2026-10
media:www.kf.cn,media,开封网,http://www.kf.cn/,www.kf.cn,probed-2xx,200,2026-10-03,河南·新闻网站,枚举:中国经济网地方媒体导航 2026-10
media:www.lyd.com.cn,media,洛阳网,http://www.lyd.com.cn/,www.lyd.com.cn,probed-2xx,200,2026-10-03,河南·新闻网站,枚举:中国经济网地方媒体导航 2026-10
media:www.pdsxww.com,media,平顶山新闻网,http://www.pdsxww.com/,www.pdsxww.com,probed-2xx,200,2026-10-03,河南·新闻网站,枚举:中国经济网地方媒体导航 2026-10
media:www.jzrb.com,media,焦作网,http://www.jzrb.com/,www.jzrb.com,probed-2xx,200,2026-10-03,河南·新闻网站,枚举:中国经济网地方媒体导航 2026-10
media:www.hebiw.com,media,鹤壁新闻网,http://www.hebiw.com/,www.hebiw.com,probed-2xx,200,2026-10-03,河南·新闻网站,枚举:中国经济网地方媒体导航 2026-10
media:www.xxrb.com.cn,media,新乡网,http://www.xxrb.com.cn/,www.xxrb.com.cn,probed-000,000,2026-10-03,河南·新闻网站,枚举:中国经济网地方媒体导航 2026-10
media:www.ayrbs.com,media,安阳网,http://www.ayrbs.com/index/,www.ayrbs.com,probed-2xx,200,2026-10-03,河南·新闻网站,枚举:中国经济网地方媒体导航 2026-10
media:www.pyxww.com,media,濮阳网,http://www.pyxww.com/,www.pyxww.com,probed-2xx,200,2026-10-03,河南·新闻网站,枚举:中国经济网地方媒体导航 2026-10
media:www.21xc.com,media,许昌网,http://www.21xc.com/,www.21xc.com,probed-2xx,200,2026-10-03,河南·新闻网站,枚举:中国经济网地方媒体导航 2026-10
media:www.smxwx.cn,media,中国三门峡,http://www.smxwx.cn/,www.smxwx.cn,probed-4xx,404,2026-10-03,河南·新闻网站,枚举:中国经济网地方媒体导航 2026-10
media:www.01ny.cn,media,南阳网,http://www.01ny.cn/,www.01ny.cn,probed-2xx,200,2026-10-03,河南·新闻网站,枚举:中国经济网地方媒体导航 2026-10
media:www.sqrb.com.cn,media,商丘网,http://www.sqrb.com.cn/,www.sqrb.com.cn,probed-2xx,200,2026-10-03,河南·新闻网站,枚举:中国经济网地方媒体导航 2026-10
media:www.xyxww.com.cn,media,信阳新闻网,http://www.xyxww.com.cn/,www.xyxww.com.cn,probed-2xx,200,2026-10-03,河南·新闻网站,枚举:中国经济网地方媒体导航 2026-10
media:www.zhld.com,media,中华龙都网,http://www.zhld.com/,www.zhld.com,probed-2xx,200,2026-10-03,河南·新闻网站,枚举:中国经济网地方媒体导航 2026-10
media:www.zmdnews.cn,media,驻马店网,http://www.zmdnews.cn/,www.zmdnews.cn,probed-2xx,200,2026-10-03,河南·新闻网站,枚举:中国经济网地方媒体导航 2026-10
media:www.cnhubei.com,media,荆楚网,http://www.cnhubei.com/,www.cnhubei.com,probed-2xx,200,2026-10-03,湖北·新闻网站,枚举:中国经济网地方媒体导航 2026-10
media:www.cjn.cn,media,长江网,http://www.cjn.cn/,www.cjn.cn,probed-2xx,200,2026-10-03,湖北·新闻网站,枚举:中国经济网地方媒体导航 2026-10
media:www.hsdcw.com,media,东楚网,http://www.hsdcw.com/,www.hsdcw.com,probed-2xx,200,2026-10-03,湖北·新闻网站,枚举:中国经济网地方媒体导航 2026-10
media:www.10yan.com,media,十堰秦楚网,http://www.10yan.com/,www.10yan.com,probed-2xx,200,2026-10-03,湖北·新闻网站,枚举:中国经济网地方媒体导航 2026-10
media:www.cn3x.com.cn,media,三峡宜昌网,http://www.cn3x.com.cn/,www.cn3x.com.cn,probed-2xx,200,2026-10-03,湖北·新闻网站,枚举:中国经济网地方媒体导航 2026-10
media:www.jznews.com.cn,media,荆州新闻网,http://www.jznews.com.cn/,www.jznews.com.cn,probed-2xx,200,2026-10-03,湖北·新闻网站,枚举:中国经济网地方媒体导航 2026-10
media:www.hj.cn,media,襄阳汉江网,http://www.hj.cn/,www.hj.cn,probed-2xx,200,2026-10-03,湖北·新闻网站,枚举:中国经济网地方媒体导航 2026-10
media:www.jmnews.cn,media,荆门新闻网,http://www.jmnews.cn/,www.jmnews.cn,probed-2xx,200,2026-10-03,湖北·新闻网站,枚举:中国经济网地方媒体导航 2026-10
media:www.eznews.cn,media,鄂州新闻网,http://www.eznews.cn/,www.eznews.cn,probed-2xx,200,2026-10-03,湖北·新闻网站,枚举:中国经济网地方媒体导航 2026-10
media:www.xgrb.cn,media,孝感网,http://www.xgrb.cn/,www.xgrb.cn,probed-2xx,200,2026-10-03,湖北·新闻网站,枚举:中国经济网地方媒体导航 2026-10
media:www.hgitv.com,media,黄冈新视窗,http://www.hgitv.com/,www.hgitv.com,probed-4xx,404,2026-10-03,湖北·新闻网站,枚举:中国经济网地方媒体导航 2026-10
media:www.xnnews.com.cn,media,咸宁新闻网,http://www.xnnews.com.cn/,www.xnnews.com.cn,probed-2xx,200,2026-10-03,湖北·新闻网站,枚举:中国经济网地方媒体导航 2026-10
media:www.suiw.cn,media,随州网,http://www.suiw.cn/,www.suiw.cn,probed-2xx,200,2026-10-03,湖北·新闻网站,枚举:中国经济网地方媒体导航 2026-10
media:www.enshi.cn,media,恩施新闻网,http://www.enshi.cn/,www.enshi.cn,probed-2xx,200,2026-10-03,湖北·新闻网站,枚举:中国经济网地方媒体导航 2026-10
media:www.rednet.cn,media,红网,http://www.rednet.cn/,www.rednet.cn,probed-2xx,200,2026-10-03,湖南·新闻网站,枚举:中国经济网地方媒体导航 2026-10
media:www.changsha.cn,media,星辰在线,http://www.changsha.cn/,www.changsha.cn,probed-2xx,200,2026-10-03,湖南·新闻网站,枚举:中国经济网地方媒体导航 2026-10
media:www.zznews.gov.cn,media,株洲新闻网,http://www.zznews.gov.cn/,www.zznews.gov.cn,probed-3xx,302,2026-10-03,湖南·新闻网站,枚举:中国经济网地方媒体导航 2026-10
media:www.xtol.cn,media,湘潭在线,http://www.xtol.cn/,www.xtol.cn,probed-2xx,200,2026-10-03,湖南·新闻网站,枚举:中国经济网地方媒体导航 2026-10
media:www.e0734.com,media,中国衡阳新闻网,http://www.e0734.com/,www.e0734.com,probed-2xx,200,2026-10-03,湖南·新闻网站,枚举:中国经济网地方媒体导航 2026-10
media:www.shaoyangnews.net,media,邵阳新闻在线,http://www.shaoyangnews.net/,www.shaoyangnews.net,probed-2xx,200,2026-10-03,湖南·新闻网站,枚举:中国经济网地方媒体导航 2026-10
media:www.803.com.cn,media,岳阳网,http://www.803.com.cn/,www.803.com.cn,probed-2xx,200,2026-10-03,湖南·新闻网站,枚举:中国经济网地方媒体导航 2026-10
media:www.changde.cn,media,尚一网,http://www.changde.cn/,www.changde.cn,probed-000,000,2026-10-03,湖南·新闻网站,枚举:中国经济网地方媒体导航 2026-10
media:www.zjjnews.cn,media,张家界新闻网,http://www.zjjnews.cn/,www.zjjnews.cn,probed-2xx,200,2026-10-03,湖南·新闻网站,枚举:中国经济网地方媒体导航 2026-10
media:www.czxww.cn,media,郴州新闻网,http://www.czxww.cn/,www.czxww.cn,probed-2xx,200,2026-10-03,湖南·新闻网站,枚举:中国经济网地方媒体导航 2026-10
media:www.yyrb.cn,media,益阳新闻网,http://www.yyrb.cn/,www.yyrb.cn,probed-2xx,200,2026-10-03,湖南·新闻网站,枚举:中国经济网地方媒体导航 2026-10
media:www.0746news.com,media,中国永州网,http://www.0746news.com/,www.0746news.com,probed-000,000,2026-10-03,湖南·新闻网站,枚举:中国经济网地方媒体导航 2026-10
media:www.xxcmw.com,media,娄底新闻网,http://www.xxcmw.com/,www.xxcmw.com,probed-000,000,2026-10-03,湖南·新闻网站,枚举:中国经济网地方媒体导航 2026-10
media:www.xxnet.com.cn,media,湘西网,http://www.xxnet.com.cn/,www.xxnet.com.cn,probed-2xx,200,2026-10-03,湖南·新闻网站,枚举:中国经济网地方媒体导航 2026-10
media:www.southcn.com,media,南方网,http://www.southcn.com/,www.southcn.com,probed-2xx,200,2026-10-03,广东·新闻网站,枚举:中国经济网地方媒体导航 2026-10
media:www.dayoo.com,media,大洋网,http://www.dayoo.com/,www.dayoo.com,probed-2xx,200,2026-10-03,广东·新闻网站,枚举:中国经济网地方媒体导航 2026-10
media:www.sznews.com,media,深圳新闻网,http://www.sznews.com/,www.sznews.com,probed-2xx,200,2026-10-03,广东·新闻网站,枚举:中国经济网地方媒体导航 2026-10
media:www.hizh.cn,media,珠海新闻网,http://www.hizh.cn/,www.hizh.cn,probed-2xx,200,2026-10-03,广东·新闻网站,枚举:中国经济网地方媒体导航 2026-10
media:www.dahuawang.com,media,大华网,http://www.dahuawang.com/index.asp,www.dahuawang.com,probed-000,000,2026-10-03,广东·新闻网站,枚举:中国经济网地方媒体导航 2026-10
media:www.sgxw.cn,media,韶关新闻网,http://www.sgxw.cn/,www.sgxw.cn,probed-2xx,200,2026-10-03,广东·新闻网站,枚举:中国经济网地方媒体导航 2026-10
media:www.heyuan.cn,media,河源网,http://www.heyuan.cn/,www.heyuan.cn,probed-000,000,2026-10-03,广东·新闻网站,枚举:中国经济网地方媒体导航 2026-10
media:www.meizhou.cn,media,梅州网,http://www.meizhou.cn/,www.meizhou.cn,probed-2xx,200,2026-10-03,广东·新闻网站,枚举:中国经济网地方媒体导航 2026-10
media:www.huizhou.cn,media,今日惠州网,http://www.huizhou.cn/,www.huizhou.cn,probed-2xx,200,2026-10-03,广东·新闻网站,枚举:中国经济网地方媒体导航 2026-10
media:www.shanweinews.net,media,善为网,http://www.shanweinews.net/,www.shanweinews.net,probed-2xx,200,2026-10-03,广东·新闻网站,枚举:中国经济网地方媒体导航 2026-10
media:www.sun0769.com,media,东莞阳光网,http://www.sun0769.com/,www.sun0769.com,probed-2xx,200,2026-10-03,广东·新闻网站,枚举:中国经济网地方媒体导航 2026-10
media:www.zsnews.cn,media,中山网,http://www.zsnews.cn/,www.zsnews.cn,probed-2xx,200,2026-10-03,广东·新闻网站,枚举:中国经济网地方媒体导航 2026-10
media:www.jmnews.com.cn,media,中国江门网,http://www.jmnews.com.cn/,www.jmnews.com.cn,probed-2xx,200,2026-10-03,广东·新闻网站,枚举:中国经济网地方媒体导航 2026-10
media:www.citygf.com,media,广佛都市网,http://www.citygf.com/,www.citygf.com,probed-2xx,200,2026-10-03,广东·新闻网站,枚举:中国经济网地方媒体导航 2026-10
media:www.yjrb.com.cn,media,阳江新闻网,http://www.yjrb.com.cn/,www.yjrb.com.cn,probed-2xx,200,2026-10-03,广东·新闻网站,枚举:中国经济网地方媒体导航 2026-10
media:www.gdzjdaily.com.cn,media,湛江新闻网,http://www.gdzjdaily.com.cn/,www.gdzjdaily.com.cn,probed-2xx,200,2026-10-03,广东·新闻网站,枚举:中国经济网地方媒体导航 2026-10
media:www.mm111.net,media,茂名网,http://www.mm111.net/,www.mm111.net,probed-000,000,2026-10-03,广东·新闻网站,枚举:中国经济网地方媒体导航 2026-10
media:www.xjrb.com,media,肇庆西江网,http://www.xjrb.com/,www.xjrb.com,probed-000,000,2026-10-03,广东·新闻网站,枚举:中国经济网地方媒体导航 2026-10
media:www.gdqynews.cn,media,清远新闻网,http://www.gdqynews.cn/,www.gdqynews.cn,probed-2xx,200,2026-10-03,广东·新闻网站,枚举:中国经济网地方媒体导航 2026-10
media:www.yunfudaily.cn,media,云浮新闻网,http://www.yunfudaily.cn/,www.yunfudaily.cn,probed-000,000,2026-10-03,广东·新闻网站,枚举:中国经济网地方媒体导航 2026-10
media:www.chaozhoudaily.com,media,潮州新闻网,http://www.chaozhoudaily.com/,www.chaozhoudaily.com,probed-2xx,200,2026-10-03,广东·新闻网站,枚举:中国经济网地方媒体导航 2026-10
media:www.jynews.net,media,揭阳新闻网,http://www.jynews.net/,www.jynews.net,probed-2xx,200,2026-10-03,广东·新闻网站,枚举:中国经济网地方媒体导航 2026-10
media:www.gxnews.com.cn,media,广西新闻网,http://www.gxnews.com.cn/,www.gxnews.com.cn,probed-4xx,412,2026-10-03,广西·新闻网站,枚举:中国经济网地方媒体导航 2026-10
media:www.nnnews.net,media,南宁新闻网,http://www.nnnews.net/,www.nnnews.net,probed-2xx,200,2026-10-03,广西·新闻网站,枚举:中国经济网地方媒体导航 2026-10
media:www.lznews.gov.cn,media,柳州新闻网,http://www.lznews.gov.cn/,www.lznews.gov.cn,probed-000,000,2026-10-03,广西·新闻网站,枚举:中国经济网地方媒体导航 2026-10
media:www.guilinlife.com,media,桂林生活网,http://www.guilinlife.com/,www.guilinlife.com,probed-2xx,200,2026-10-03,广西·新闻网站,枚举:中国经济网地方媒体导航 2026-10
media:www.wzljl.cn,media,梧州新闻网,http://www.wzljl.cn/,www.wzljl.cn,probed-2xx,200,2026-10-03,广西·新闻网站,枚举:中国经济网地方媒体导航 2026-10
media:www.bhxww.com,media,北海新闻网,http://www.bhxww.com/,www.bhxww.com,probed-000,000,2026-10-03,广西·新闻网站,枚举:中国经济网地方媒体导航 2026-10
media:www.fcgsnews.com,media,防城港新闻网,http://www.fcgsnews.com/,www.fcgsnews.com,probed-2xx,200,2026-10-03,广西·新闻网站,枚举:中国经济网地方媒体导航 2026-10
media:www.ggnews.com.cn,media,贵港新闻网,http://www.ggnews.com.cn/,www.ggnews.com.cn,probed-2xx,200,2026-10-03,广西·新闻网站,枚举:中国经济网地方媒体导航 2026-10
media:www.qina.cc,media,钦浪网,http://www.qina.cc/,www.qina.cc,probed-000,000,2026-10-03,广西·新闻网站,枚举:中国经济网地方媒体导航 2026-10
media:www.gxylnews.com,media,玉林新闻网,http://www.gxylnews.com/,www.gxylnews.com,probed-2xx,200,2026-10-03,广西·新闻网站,枚举:中国经济网地方媒体导航 2026-10
media:www.gxcznews.com.cn,media,崇左新闻网,http://www.gxcznews.com.cn/,www.gxcznews.com.cn,probed-000,000,2026-10-03,广西·新闻网站,枚举:中国经济网地方媒体导航 2026-10
media:www.bsyjrb.com,media,百色新闻网,http://www.bsyjrb.com/,www.bsyjrb.com,probed-000,000,2026-10-03,广西·新闻网站,枚举:中国经济网地方媒体导航 2026-10
media:www.hcwang.cn,media,河池网,http://www.hcwang.cn/,www.hcwang.cn,probed-2xx,200,2026-10-03,广西·新闻网站,枚举:中国经济网地方媒体导航 2026-10
media:www.lbnews.com.cn,media,来宾网,http://www.lbnews.com.cn/,www.lbnews.com.cn,probed-2xx,200,2026-10-03,广西·新闻网站,枚举:中国经济网地方媒体导航 2026-10
media:www.gxhzxw.com,media,贺州新闻网,http://www.gxhzxw.com/,www.gxhzxw.com,probed-2xx,200,2026-10-03,广西·新闻网站,枚举:中国经济网地方媒体导航 2026-10
media:www.hinews.cn,media,南海网,http://www.hinews.cn/,www.hinews.cn,probed-2xx,200,2026-10-03,海南·新闻网站,枚举:中国经济网地方媒体导航 2026-10
media:www.hkwb.net,media,海口网,http://www.hkwb.net/,www.hkwb.net,probed-2xx,200,2026-10-03,海南·新闻网站,枚举:中国经济网地方媒体导航 2026-10
media:sanya.hinews.cn,media,三亚新闻网,http://sanya.hinews.cn/,sanya.hinews.cn,probed-2xx,200,2026-10-03,海南·新闻网站,枚举:中国经济网地方媒体导航 2026-10
media:www.cqnews.net,media,华龙网,http://www.cqnews.net/,www.cqnews.net,probed-2xx,200,2026-10-03,重庆·新闻网站,枚举:中国经济网地方媒体导航 2026-10
media:www.newssc.org,media,四川新闻网,http://www.newssc.org/,www.newssc.org,probed-2xx,200,2026-10-03,四川·新闻网站,枚举:中国经济网地方媒体导航 2026-10
media:www.chengdu.cn,media,成都全搜索,http://www.chengdu.cn/,www.chengdu.cn,probed-2xx,200,2026-10-03,四川·新闻网站,枚举:中国经济网地方媒体导航 2026-10
media:www.zgm.cn,media,自贡网,http://www.zgm.cn/,www.zgm.cn,probed-2xx,200,2026-10-03,四川·新闻网站,枚举:中国经济网地方媒体导航 2026-10
media:www.pzhnews.org,media,攀枝花新闻网,http://www.pzhnews.org/,www.pzhnews.org,probed-000,000,2026-10-03,四川·新闻网站,枚举:中国经济网地方媒体导航 2026-10
media:www.dywang.cn,media,德阳网,http://www.dywang.cn/,www.dywang.cn,probed-2xx,200,2026-10-03,四川·新闻网站,枚举:中国经济网地方媒体导航 2026-10
media:www.lzep.cn,media,泸州新闻网,http://www.lzep.cn/,www.lzep.cn,probed-2xx,200,2026-10-03,四川·新闻网站,枚举:中国经济网地方媒体导航 2026-10
media:www.myrb.net,media,绵阳新闻网,http://www.myrb.net/,www.myrb.net,probed-2xx,200,2026-10-03,四川·新闻网站,枚举:中国经济网地方媒体导航 2026-10
media:www.scnjnews.com,media,内江新闻网,http://www.scnjnews.com/,www.scnjnews.com,probed-2xx,200,2026-10-03,四川·新闻网站,枚举:中国经济网地方媒体导航 2026-10
media:www.gyxww.cn,media,广元新闻网,https://www.gyxww.cn/,www.gyxww.cn,probed-2xx,200,2026-10-03,四川·新闻网站,枚举:中国经济网地方媒体导航 2026-10
media:www.snxw.com,media,遂宁新闻网,http://www.snxw.com/,www.snxw.com,probed-2xx,200,2026-10-03,四川·新闻网站,枚举:中国经济网地方媒体导航 2026-10
media:www.leshan.cn,media,乐山新闻网,http://www.leshan.cn/,www.leshan.cn,probed-2xx,200,2026-10-03,四川·新闻网站,枚举:中国经济网地方媒体导航 2026-10
media:www.cnncw.cn,media,南充新闻网,http://www.cnncw.cn/,www.cnncw.cn,probed-2xx,200,2026-10-03,四川·新闻网站,枚举:中国经济网地方媒体导航 2026-10
media:www.ybxww.com,media,宜宾新闻网,http://www.ybxww.com/,www.ybxww.com,probed-2xx,200,2026-10-03,四川·新闻网站,枚举:中国经济网地方媒体导航 2026-10
media:www.gazx.org,media,广安在线,http://www.gazx.org/,www.gazx.org,probed-000,000,2026-10-03,四川·新闻网站,枚举:中国经济网地方媒体导航 2026-10
media:www.dzxw.net,media,达州新闻网,http://www.dzxw.net/,www.dzxw.net,probed-2xx,200,2026-10-03,四川·新闻网站,枚举:中国经济网地方媒体导航 2026-10
media:www.bznews.org,media,巴中传媒网,http://www.bznews.org/,www.bznews.org,probed-2xx,200,2026-10-03,四川·新闻网站,枚举:中国经济网地方媒体导航 2026-10
media:www.beiww.com,media,雅安北纬网,http://www.beiww.com/,www.beiww.com,probed-2xx,200,2026-10-03,四川·新闻网站,枚举:中国经济网地方媒体导航 2026-10
media:www.mshw.net,media,眉山网,http://www.mshw.net/,www.mshw.net,probed-2xx,200,2026-10-03,四川·新闻网站,枚举:中国经济网地方媒体导航 2026-10
media:www.zyrb.com.cn,media,资阳网,http://www.zyrb.com.cn/,www.zyrb.com.cn,probed-2xx,200,2026-10-03,四川·新闻网站,枚举:中国经济网地方媒体导航 2026-10
media:www.aba-news.com.cn,media,阿坝新闻网,http://www.aba-news.com.cn/,www.aba-news.com.cn,probed-2xx,200,2026-10-03,四川·新闻网站,枚举:中国经济网地方媒体导航 2026-10
media:www.ganzixinwen.com,media,甘孜新闻网,http://www.ganzixinwen.com/,www.ganzixinwen.com,probed-000,000,2026-10-03,四川·新闻网站,枚举:中国经济网地方媒体导航 2026-10
media:www.ls666.com,media,凉山新闻网,http://www.ls666.com/,www.ls666.com,probed-2xx,200,2026-10-03,四川·新闻网站,枚举:中国经济网地方媒体导航 2026-10
media:www.gog.cn,media,多彩贵州网,http://www.gog.cn/,www.gog.cn,probed-2xx,200,2026-10-03,贵州·新闻网站,枚举:中国经济网地方媒体导航 2026-10
media:www.gywb.cn,media,贵阳网,http://www.gywb.cn/,www.gywb.cn,probed-2xx,200,2026-10-03,贵州·新闻网站,枚举:中国经济网地方媒体导航 2026-10
media:www.lpswz.com,media,中国六盘水网,http://www.lpswz.com/,www.lpswz.com,probed-000,000,2026-10-03,贵州·新闻网站,枚举:中国经济网地方媒体导航 2026-10
media:www.qianweb.com,media,安顺新闻网,http://www.qianweb.com/,www.qianweb.com,probed-000,000,2026-10-03,贵州·新闻网站,枚举:中国经济网地方媒体导航 2026-10
media:www.bjsyqw.com,media,毕节试验区网,http://www.bjsyqw.com/,www.bjsyqw.com,probed-2xx,200,2026-10-03,贵州·新闻网站,枚举:中国经济网地方媒体导航 2026-10
media:www.tongren.gov.cn,media,铜仁网,http://www.tongren.gov.cn/,www.tongren.gov.cn,probed-2xx,200,2026-10-03,贵州·新闻网站,枚举:中国经济网地方媒体导航 2026-10
media:www.qnz.com.cn,media,黔南热线,http://www.qnz.com.cn/,www.qnz.com.cn,probed-2xx,200,2026-10-03,贵州·新闻网站,枚举:中国经济网地方媒体导航 2026-10
media:www.zgqxn.com,media,中国黔西南,http://www.zgqxn.com/,www.zgqxn.com,probed-2xx,200,2026-10-03,贵州·新闻网站,枚举:中国经济网地方媒体导航 2026-10
media:www.yunnan.cn,media,云南网,http://www.yunnan.cn/,www.yunnan.cn,probed-2xx,200,2026-10-03,云南·新闻网站,枚举:中国经济网地方媒体导航 2026-10
media:www.kunming.cn,media,昆明信息港,http://www.kunming.cn/,www.kunming.cn,probed-2xx,200,2026-10-03,云南·新闻网站,枚举:中国经济网地方媒体导航 2026-10
media:www.qjrb.cn,media,曲靖新闻网,http://www.qjrb.cn/,www.qjrb.cn,probed-2xx,200,2026-10-03,云南·新闻网站,枚举:中国经济网地方媒体导航 2026-10
media:www.yuxinews.com,media,玉溪网,http://www.yuxinews.com/,www.yuxinews.com,probed-000,000,2026-10-03,云南·新闻网站,枚举:中国经济网地方媒体导航 2026-10
media:www.baoshan.cn,media,保山新闻网,http://www.baoshan.cn/,www.baoshan.cn,probed-2xx,200,2026-10-03,云南·新闻网站,枚举:中国经济网地方媒体导航 2026-10
media:www.lijiang.cn,media,丽江网,http://www.lijiang.cn/,www.lijiang.cn,probed-2xx,200,2026-10-03,云南·新闻网站,枚举:中国经济网地方媒体导航 2026-10
media:www.puer.gov.cn,media,普洱新闻网,http://www.puer.gov.cn/,www.puer.gov.cn,probed-000,000,2026-10-03,云南·新闻网站,枚举:中国经济网地方媒体导航 2026-10
media:www.ztnews.net,media,昭通新闻网,http://www.ztnews.net/,www.ztnews.net,probed-2xx,200,2026-10-03,云南·新闻网站,枚举:中国经济网地方媒体导航 2026-10
media:www.lincangnews.cn,media,临沧网,http://www.lincangnews.cn/,www.lincangnews.cn,probed-2xx,200,2026-10-03,云南·新闻网站,枚举:中国经济网地方媒体导航 2026-10
media:wsnews.com.cn,media,文山新闻网,http://wsnews.com.cn/,wsnews.com.cn,probed-000,000,2026-10-03,云南·新闻网站,枚举:中国经济网地方媒体导航 2026-10
media:www.hh.cn,media,中国红河网,http://www.hh.cn/,www.hh.cn,probed-2xx,200,2026-10-03,云南·新闻网站,枚举:中国经济网地方媒体导航 2026-10
media:www.bndaily.com,media,西双版纳新闻网,http://www.bndaily.com/,www.bndaily.com,probed-2xx,200,2026-10-03,云南·新闻网站,枚举:中国经济网地方媒体导航 2026-10
media:www.chuxiong.cn,media,楚雄网,http://www.chuxiong.cn/,www.chuxiong.cn,probed-000,000,2026-10-03,云南·新闻网站,枚举:中国经济网地方媒体导航 2026-10
media:www.dalidaily.com,media,大理新闻网,http://www.dalidaily.com/,www.dalidaily.com,probed-2xx,200,2026-10-03,云南·新闻网站,枚举:中国经济网地方媒体导航 2026-10
media:www.dehong.gov.cn,media,德宏网,http://www.dehong.gov.cn/,www.dehong.gov.cn,probed-000,000,2026-10-03,云南·新闻网站,枚举:中国经济网地方媒体导航 2026-10
media:www.nujiang.cn,media,怒江大峡谷网,http://www.nujiang.cn/,www.nujiang.cn,probed-2xx,200,2026-10-03,云南·新闻网站,枚举:中国经济网地方媒体导航 2026-10
media:www.shangri-lanews.com,media,香格里拉网,http://www.shangri-lanews.com,www.shangri-lanews.com,probed-000,000,2026-10-03,云南·新闻网站,枚举:中国经济网地方媒体导航 2026-10
media:www.chinatibetnews.com,media,中国西藏新闻网,http://www.chinatibetnews.com/,www.chinatibetnews.com,probed-2xx,200,2026-10-03,西藏·新闻网站,枚举:中国经济网地方媒体导航 2026-10
media:www.tibet.cn,media,中国西藏网,http://www.tibet.cn/,www.tibet.cn,probed-2xx,200,2026-10-03,西藏·新闻网站,枚举:中国经济网地方媒体导航 2026-10
media:www.xznqnews.com,media,西藏那曲新闻网,http://www.xznqnews.com/,www.xznqnews.com,probed-000,000,2026-10-03,西藏·新闻网站,枚举:中国经济网地方媒体导航 2026-10
media:www.xzcd.com,media,今日昌都,http://www.xzcd.com/,www.xzcd.com,probed-2xx,200,2026-10-03,西藏·新闻网站,枚举:中国经济网地方媒体导航 2026-10
media:www.xzsnw.com,media,山南网,http://www.xzsnw.com/,www.xzsnw.com,probed-2xx,200,2026-10-03,西藏·新闻网站,枚举:中国经济网地方媒体导航 2026-10
media:www.xzali.gov.cn,media,阿里网,http://www.xzali.gov.cn/,www.xzali.gov.cn,probed-000,000,2026-10-03,西藏·新闻网站,枚举:中国经济网地方媒体导航 2026-10
media:www.rkzw.cn,media,日喀则网,http://www.rkzw.cn/,www.rkzw.cn,probed-2xx,200,2026-10-03,西藏·新闻网站,枚举:中国经济网地方媒体导航 2026-10
media:www.cnwest.com,media,西部网,http://www.cnwest.com,www.cnwest.com,probed-2xx,200,2026-10-03,陕西·新闻网站,枚举:中国经济网地方媒体导航 2026-10
media:www.xiancn.com,media,西安新闻网,http://www.xiancn.com/,www.xiancn.com,probed-2xx,200,2026-10-03,陕西·新闻网站,枚举:中国经济网地方媒体导航 2026-10
media:www.baojinews.com,media,宝鸡新闻网,http://www.baojinews.com/,www.baojinews.com,probed-000,000,2026-10-03,陕西·新闻网站,枚举:中国经济网地方媒体导航 2026-10
media:x.0919123.com,media,铜川网,http://x.0919123.com/,x.0919123.com,probed-000,000,2026-10-03,陕西·新闻网站,枚举:中国经济网地方媒体导航 2026-10
media:www.hshan.com,media,华山网（渭南）,http://www.hshan.com/,www.hshan.com,probed-2xx,200,2026-10-03,陕西·新闻网站,枚举:中国经济网地方媒体导航 2026-10
media:yanews.cn,media,延安新闻网,http://yanews.cn/,yanews.cn,probed-2xx,200,2026-10-03,陕西·新闻网站,枚举:中国经济网地方媒体导航 2026-10
media:www.hanzhongnews.cn,media,汉中新闻网,http://www.hanzhongnews.cn/,www.hanzhongnews.cn,probed-2xx,200,2026-10-03,陕西·新闻网站,枚举:中国经济网地方媒体导航 2026-10
media:www.xyl.gov.cn,media,榆林新闻网,http://www.xyl.gov.cn/,www.xyl.gov.cn,probed-000,000,2026-10-03,陕西·新闻网站,枚举:中国经济网地方媒体导航 2026-10
media:www.aknews.gov.cn,media,安康新闻网,http://www.aknews.gov.cn/,www.aknews.gov.cn,probed-000,000,2026-10-03,陕西·新闻网站,枚举:中国经济网地方媒体导航 2026-10
media:shangluo.cnwest.com,media,商洛新闻网,http://shangluo.cnwest.com/,shangluo.cnwest.com,probed-000,000,2026-10-03,陕西·新闻网站,枚举:中国经济网地方媒体导航 2026-10
media:www.gscn.com.cn,media,中国甘肃网,http://www.gscn.com.cn/,www.gscn.com.cn,probed-2xx,200,2026-10-03,甘肃·新闻网站,枚举:中国经济网地方媒体导航 2026-10
media:www.lanzhou.cn,media,中国兰州网,http://www.lanzhou.cn/,www.lanzhou.cn,probed-000,000,2026-10-03,甘肃·新闻网站,枚举:中国经济网地方媒体导航 2026-10
media:www.jygxw.com,media,嘉峪关新闻网,http://www.jygxw.com/,www.jygxw.com,probed-000,000,2026-10-03,甘肃·新闻网站,枚举:中国经济网地方媒体导航 2026-10
media:www.jinchangnews.cn,media,金昌新闻网,http://www.jinchangnews.cn/,www.jinchangnews.cn,probed-2xx,200,2026-10-03,甘肃·新闻网站,枚举:中国经济网地方媒体导航 2026-10
media:www.bynews.com.cn,media,白银新闻网,http://www.bynews.com.cn/,www.bynews.com.cn,probed-2xx,200,2026-10-03,甘肃·新闻网站,枚举:中国经济网地方媒体导航 2026-10
media:www.tsrb.com.cn,media,新天水,http://www.tsrb.com.cn/,www.tsrb.com.cn,probed-2xx,200,2026-10-03,甘肃·新闻网站,枚举:中国经济网地方媒体导航 2026-10
media:www.chinajiuquan.com,media,中国酒泉网,http://www.chinajiuquan.com/,www.chinajiuquan.com,probed-2xx,200,2026-10-03,甘肃·新闻网站,枚举:中国经济网地方媒体导航 2026-10
media:www.gzxw.com.cn,media,甘州在线（张掖）,http://www.gzxw.com.cn/,www.gzxw.com.cn,probed-2xx,200,2026-10-03,甘肃·新闻网站,枚举:中国经济网地方媒体导航 2026-10
media:www.934dsw.com,media,庆阳都市网,http://www.934dsw.com/,www.934dsw.com,probed-000,000,2026-10-03,甘肃·新闻网站,枚举:中国经济网地方媒体导航 2026-10
media:www.plxww.com,media,平凉新闻网,http://www.plxww.com/,www.plxww.com,probed-000,000,2026-10-03,甘肃·新闻网站,枚举:中国经济网地方媒体导航 2026-10
media:www.cndingxi.com,media,中国定西网,http://www.cndingxi.com/,www.cndingxi.com,probed-2xx,200,2026-10-03,甘肃·新闻网站,枚举:中国经济网地方媒体导航 2026-10
media:www.cnlongnan.cn,media,中国陇南网,http://www.cnlongnan.cn/,www.cnlongnan.cn,probed-000,000,2026-10-03,甘肃·新闻网站,枚举:中国经济网地方媒体导航 2026-10
media:www.lxgbtv.com,media,临夏新闻网,http://www.lxgbtv.com/,www.lxgbtv.com,probed-2xx,200,2026-10-03,甘肃·新闻网站,枚举:中国经济网地方媒体导航 2026-10
media:www.gannancn.cn,media,中国甘南网,http://www.gannancn.cn/,www.gannancn.cn,probed-000,000,2026-10-03,甘肃·新闻网站,枚举:中国经济网地方媒体导航 2026-10
media:www.qhnews.com,media,青海新闻网,http://www.qhnews.com/,www.qhnews.com,probed-2xx,200,2026-10-03,青海·新闻网站,枚举:中国经济网地方媒体导航 2026-10
media:www.haidongnews.com,media,海东新闻网,http://www.haidongnews.com/,www.haidongnews.com,probed-5xx,500,2026-10-03,青海·新闻网站,枚举:中国经济网地方媒体导航 2026-10
media:www.haibeinews.com,media,海北新闻网,http://www.haibeinews.com/,www.haibeinews.com,probed-2xx,200,2026-10-03,青海·新闻网站,枚举:中国经济网地方媒体导航 2026-10
media:www.guoluonews.com,media,果洛新闻网,http://www.guoluonews.com/,www.guoluonews.com,probed-000,000,2026-10-03,青海·新闻网站,枚举:中国经济网地方媒体导航 2026-10
media:www.qhysz.cn,media,玉树新闻网,http://www.qhysz.cn/,www.qhysz.cn,probed-2xx,200,2026-10-03,青海·新闻网站,枚举:中国经济网地方媒体导航 2026-10
media:www.haixinews.com,media,海西新闻网,http://www.haixinews.com/,www.haixinews.com,probed-000,000,2026-10-03,青海·新闻网站,枚举:中国经济网地方媒体导航 2026-10
media:www.nxnews.net,media,宁夏新闻网,http://www.nxnews.net/,www.nxnews.net,probed-4xx,412,2026-10-03,宁夏·新闻网站,枚举:中国经济网地方媒体导航 2026-10
media:www.ycen.com.cn,media,银川新闻网,http://www.ycen.com.cn/,www.ycen.com.cn,probed-2xx,200,2026-10-03,宁夏·新闻网站,枚举:中国经济网地方媒体导航 2026-10
media:www.szsnews.com,media,石嘴山新闻网,http://www.szsnews.com/,www.szsnews.com,probed-2xx,200,2026-10-03,宁夏·新闻网站,枚举:中国经济网地方媒体导航 2026-10
media:www.nxnews.org.cn,media,吴忠新闻网,http://www.nxnews.org.cn/,www.nxnews.org.cn,probed-000,000,2026-10-03,宁夏·新闻网站,枚举:中国经济网地方媒体导航 2026-10
media:www.gyxww.net,media,固原新闻网,http://www.gyxww.net/,www.gyxww.net,probed-2xx,200,2026-10-03,宁夏·新闻网站,枚举:中国经济网地方媒体导航 2026-10
media:www.nxzwnews.net,media,中卫新闻网,http://www.nxzwnews.net/,www.nxzwnews.net,probed-2xx,200,2026-10-03,宁夏·新闻网站,枚举:中国经济网地方媒体导航 2026-10
media:www.ts.cn,media,天山网,http://www.ts.cn/,www.ts.cn,probed-2xx,200,2026-10-03,新疆·新闻网站,枚举:中国经济网地方媒体导航 2026-10
media:bt.xinhuanet.com,media,新疆兵团网,http://bt.xinhuanet.com/,bt.xinhuanet.com,probed-2xx,200,2026-10-03,新疆·新闻网站,枚举:中国经济网地方媒体导航 2026-10
media:www.hongshannet.cn,media,红山网,http://www.hongshannet.cn/,www.hongshannet.cn,probed-2xx,200,2026-10-03,新疆·新闻网站,枚举:中国经济网地方媒体导航 2026-10
media:www.ylxw.com.cn,media,伊犁新闻网,http://www.ylxw.com.cn/,www.ylxw.com.cn,probed-2xx,200,2026-10-03,新疆·新闻网站,枚举:中国经济网地方媒体导航 2026-10
media:www.altxw.com,media,阿勒泰新闻网,http://www.altxw.com/,www.altxw.com,probed-2xx,200,2026-10-03,新疆·新闻网站,枚举:中国经济网地方媒体导航 2026-10
media:www.boznews.com,media,博尔塔拉新闻网,http://www.boznews.com/,www.boznews.com,probed-000,000,2026-10-03,新疆·新闻网站,枚举:中国经济网地方媒体导航 2026-10
media:www.cjxww.cn,media,昌吉新闻网,http://www.cjxww.cn/,www.cjxww.cn,probed-2xx,200,2026-10-03,新疆·新闻网站,枚举:中国经济网地方媒体导航 2026-10
media:www.tlfw.net,media,吐鲁番网,http://www.tlfw.net/,www.tlfw.net,probed-000,000,2026-10-03,新疆·新闻网站,枚举:中国经济网地方媒体导航 2026-10
media:www.jrhm.cn,media,今日哈密网,http://www.jrhm.cn/index.htm,www.jrhm.cn,probed-4xx,404,2026-10-03,新疆·新闻网站,枚举:中国经济网地方媒体导航 2026-10
media:www.zgkashi.com,media,中国喀什网,http://www.zgkashi.com/,www.zgkashi.com,probed-000,000,2026-10-03,新疆·新闻网站,枚举:中国经济网地方媒体导航 2026-10
media:www.aksxw.com,media,阿克苏新闻网,http://www.aksxw.com/,www.aksxw.com,probed-2xx,200,2026-10-03,新疆·新闻网站,枚举:中国经济网地方媒体导航 2026-10
media:www.kelamayi.com.cn,media,克拉玛依网,http://www.kelamayi.com.cn/,www.kelamayi.com.cn,probed-2xx,200,2026-10-03,新疆·新闻网站,枚举:中国经济网地方媒体导航 2026-10
media:bjrbdzb.bjd.com.cn,media,北京日报,https://bjrbdzb.bjd.com.cn/bjrb/paperindex.htm,bjrbdzb.bjd.com.cn,probed-2xx,200,2026-10-03,北京·党报,枚举:中国经济网地方媒体导航 2026-10
media:epaper.tianjinwe.com,media,天津日报,http://epaper.tianjinwe.com/tjrb/,epaper.tianjinwe.com,probed-2xx,200,2026-10-03,天津·党报,枚举:中国经济网地方媒体导航 2026-10
media:hbrb.hebnews.cn,media,河北日报,http://hbrb.hebnews.cn,hbrb.hebnews.cn,probed-2xx,200,2026-10-03,河北·党报,枚举:中国经济网地方媒体导航 2026-10
media:sjzrb.sjzdaily.com.cn,media,石家庄日报,http://sjzrb.sjzdaily.com.cn/sjzrbpaper/pc/layout,sjzrb.sjzdaily.com.cn,probed-2xx,200,2026-10-03,河北·党报,枚举:中国经济网地方媒体导航 2026-10
media:epaper.huanbohainews.com.cn,media,唐山劳动日报,https://epaper.huanbohainews.com.cn/,epaper.huanbohainews.com.cn,probed-2xx,200,2026-10-03,河北·党报,枚举:中国经济网地方媒体导航 2026-10
media:news.bdall.com,media,保定日报,http://news.bdall.com/epaper/bdrb/paperindex.htm,news.bdall.com,probed-000,000,2026-10-03,河北·党报,枚举:中国经济网地方媒体导航 2026-10
media:szbk.zjknews.com,media,张家口日报,http://szbk.zjknews.com/shtml/index_zjkwb.shtml,szbk.zjknews.com,probed-4xx,404,2026-10-03,河北·党报,枚举:中国经济网地方媒体导航 2026-10
media:paper.hehechengde.cn,media,承德日报,https://paper.hehechengde.cn/cdrb/,paper.hehechengde.cn,probed-2xx,200,2026-10-03,河北·党报,枚举:中国经济网地方媒体导航 2026-10
media:czrb.bohaitoday.com,media,沧州日报,http://czrb.bohaitoday.com/,czrb.bohaitoday.com,probed-2xx,200,2026-10-03,河北·党报,枚举:中国经济网地方媒体导航 2026-10
media:epaper.lfcmw.com,media,廊坊日报,http://epaper.lfcmw.com/rbpaper/pc/layout/,epaper.lfcmw.com,probed-2xx,200,2026-10-03,河北·党报,枚举:中国经济网地方媒体导航 2026-10
media:szb.yiitai.com,media,衡水日报,http://szb.yiitai.com/mobile/#/hengsrb,szb.yiitai.com,probed-2xx,200,2026-10-03,河北·党报,枚举:中国经济网地方媒体导航 2026-10
media:szb.handannews.com.cn,media,邯郸日报,https://szb.handannews.com.cn/,szb.handannews.com.cn,probed-000,000,2026-10-03,河北·党报,枚举:中国经济网地方媒体导航 2026-10
media:epaper.sxrb.com,media,山西日报,http://epaper.sxrb.com/,epaper.sxrb.com,probed-2xx,200,2026-10-03,山西·党报,枚举:中国经济网地方媒体导航 2026-10
media:epaper.tyrbw.com,media,太原日报,http://epaper.tyrbw.com/tyrb/,epaper.tyrbw.com,probed-2xx,200,2026-10-03,山西·党报,枚举:中国经济网地方媒体导航 2026-10
media:epaper.dtnews.cn,media,大同日报,http://epaper.dtnews.cn/dtrb,epaper.dtnews.cn,probed-2xx,200,2026-10-03,山西·党报,枚举:中国经济网地方媒体导航 2026-10
media:www.cnepaper.com,media,阳泉日报,http://www.cnepaper.com/yqrb,www.cnepaper.com,probed-4xx,404,2026-10-03,山西·党报,枚举:中国经济网地方媒体导航 2026-10
media:bao.czxtd.com.cn,media,长治日报,http://bao.czxtd.com.cn/queryProductByIdAction.action?productId=1,bao.czxtd.com.cn,probed-4xx,403,2026-10-03,山西·党报,枚举:中国经济网地方媒体导航 2026-10
media:szb.sxsznews.com,media,朔州日报,http://szb.sxsznews.com/,szb.sxsznews.com,probed-000,000,2026-10-03,山西·党报,枚举:中国经济网地方媒体导航 2026-10
media:paper.jzxww.com.cn,media,晋中日报,http://paper.jzxww.com.cn/jzrb,paper.jzxww.com.cn,probed-2xx,200,2026-10-03,山西·党报,枚举:中国经济网地方媒体导航 2026-10
media:szb.xzrbw.com,media,忻州日报,http://szb.xzrbw.com/,szb.xzrbw.com,probed-2xx,200,2026-10-03,山西·党报,枚举:中国经济网地方媒体导航 2026-10
media:epaper.yunchengdaily.cn,media,运城日报,https://epaper.yunchengdaily.cn/rbpaper/pc/,epaper.yunchengdaily.cn,probed-2xx,200,2026-10-03,山西·党报,枚举:中国经济网地方媒体导航 2026-10
media:cnepaper.com,media,临汾日报,http://cnepaper.com/lfrb,cnepaper.com,probed-2xx,200,2026-10-03,山西·党报,枚举:中国经济网地方媒体导航 2026-10
media:szb.northnews.cn,media,内蒙古日报,http://szb.northnews.cn/nmgrb,szb.northnews.cn,probed-2xx,200,2026-10-03,内蒙古·党报,枚举:中国经济网地方媒体导航 2026-10
media:customupload.baotounews.com,media,包头日报,http://customupload.baotounews.com/nepaper/btrb/paperindex.htm,customupload.baotounews.com,probed-000,000,2026-10-03,内蒙古·党报,枚举:中国经济网地方媒体导航 2026-10
media:epaper.tongliaowang.com,media,通辽日报,http://epaper.tongliaowang.com,epaper.tongliaowang.com,probed-2xx,200,2026-10-03,内蒙古·党报,枚举:中国经济网地方媒体导航 2026-10
media:222.74.233.130:9002,media,乌兰察布日报,http://222.74.233.130:9002/default.html,222.74.233.130:9002,probed-000,000,2026-10-03,内蒙古·党报,枚举:中国经济网地方媒体导航 2026-10
media:paper.xingandaily.cn,media,兴安日报,http://paper.xingandaily.cn,paper.xingandaily.cn,probed-000,000,2026-10-03,内蒙古·党报,枚举:中国经济网地方媒体导航 2026-10
media:xlglrb.xlglrbw.com,media,锡林郭勒日报,http://xlglrb.xlglrbw.com/,xlglrb.xlglrbw.com,probed-000,000,2026-10-03,内蒙古·党报,枚举:中国经济网地方媒体导航 2026-10
media:epaper.lnd.com.cn,media,辽宁日报,http://epaper.lnd.com.cn/,epaper.lnd.com.cn,probed-2xx,200,2026-10-03,辽宁·党报,枚举:中国经济网地方媒体导航 2026-10
media:epaper.syd.com.cn,media,沈阳日报,http://epaper.syd.com.cn/syrb/paperindex.htm,epaper.syd.com.cn,probed-2xx,200,2026-10-03,辽宁·党报,枚举:中国经济网地方媒体导航 2026-10
media:szb.dlxww.com,media,大连日报,http://szb.dlxww.com/dlrb/paperindex.htm,szb.dlxww.com,probed-000,000,2026-10-03,辽宁·党报,枚举:中国经济网地方媒体导航 2026-10
media:szb.qianhuaweb.com,media,鞍山日报,http://szb.qianhuaweb.com/shtml/index_asrb.shtml,szb.qianhuaweb.com,probed-000,000,2026-10-03,辽宁·党报,枚举:中国经济网地方媒体导航 2026-10
media:daily.0245.cc,media,抚顺日报,http://daily.0245.cc/paperindex.htm,daily.0245.cc,probed-000,000,2026-10-03,辽宁·党报,枚举:中国经济网地方媒体导航 2026-10
media:epaper.hldnews.com,media,葫芦岛日报,http://epaper.hldnews.com/,epaper.hldnews.com,probed-000,000,2026-10-03,辽宁·党报,枚举:中国经济网地方媒体导航 2026-10
media:news.idoican.com.cn,media,营口日报,http://news.idoican.com.cn/ykrb,news.idoican.com.cn,probed-000,000,2026-10-03,辽宁·党报,枚举:中国经济网地方媒体导航 2026-10
media:szb.fxrbs.cn,media,阜新日报,http://szb.fxrbs.cn/fxrb/paperindex.htm,szb.fxrbs.cn,probed-000,000,2026-10-03,辽宁·党报,枚举:中国经济网地方媒体导航 2026-10
media:paper.cynews.com.cn,media,朝阳日报,http://paper.cynews.com.cn/,paper.cynews.com.cn,probed-2xx,200,2026-10-03,辽宁·党报,枚举:中国经济网地方媒体导航 2026-10
media:jlrbszb.dajilin.com,media,吉林日报,http://jlrbszb.dajilin.com/pc/paper/layout,jlrbszb.dajilin.com,probed-2xx,200,2026-10-03,吉林·党报,枚举:中国经济网地方媒体导航 2026-10
media:epaper.1news.cc,media,长春日报,http://epaper.1news.cc/ccrb/pc/paper/layout/index.html,epaper.1news.cc,probed-000,000,2026-10-03,吉林·党报,枚举:中国经济网地方媒体导航 2026-10
media:szb.shjnet.cn,media,江城日报,http://szb.shjnet.cn,szb.shjnet.cn,probed-000,000,2026-10-03,吉林·党报,枚举:中国经济网地方媒体导航 2026-10
media:read.0437.com,media,辽源日报,http://read.0437.com/reader/,read.0437.com,probed-000,000,2026-10-03,吉林·党报,枚举:中国经济网地方媒体导航 2026-10
media:www.thrbs.com,media,通化日报,http://www.thrbs.com,www.thrbs.com,probed-000,000,2026-10-03,吉林·党报,枚举:中国经济网地方媒体导航 2026-10
media:szb.cbsrb.com,media,长白山日报,http://szb.cbsrb.com/,szb.cbsrb.com,probed-2xx,200,2026-10-03,吉林·党报,枚举:中国经济网地方媒体导航 2026-10
media:bcrbszb.bcxww.com,media,白城日报,http://bcrbszb.bcxww.com,bcrbszb.bcxww.com,probed-000,000,2026-10-03,吉林·党报,枚举:中国经济网地方媒体导航 2026-10
media:ipaper.ybrbnews.cn,media,延边日报,http://ipaper.ybrbnews.cn/,ipaper.ybrbnews.cn,probed-2xx,200,2026-10-03,吉林·党报,枚举:中国经济网地方媒体导航 2026-10
media:epaper.hljnews.cn,media,黑龙江日报,http://epaper.hljnews.cn/index.html,epaper.hljnews.cn,probed-2xx,200,2026-10-03,黑龙江·党报,枚举:中国经济网地方媒体导航 2026-10
media:hb.my399.com,media,哈尔滨日报,http://hb.my399.com/,hb.my399.com,probed-2xx,200,2026-10-03,黑龙江·党报,枚举:中国经济网地方媒体导航 2026-10
media:newspaper.dbw.cn,media,齐齐哈尔日报,http://newspaper.dbw.cn/pindex?paper=qqherb,newspaper.dbw.cn,probed-000,000,2026-10-03,黑龙江·党报,枚举:中国经济网地方媒体导航 2026-10
media:sysrb.dzb.dbw.cn,media,双鸭山日报,http://sysrb.dzb.dbw.cn/,sysrb.dzb.dbw.cn,probed-000,000,2026-10-03,黑龙江·党报,枚举:中国经济网地方媒体导航 2026-10
media:hgrb.dzb.dbw.cn,media,鹤岗日报,http://hgrb.dzb.dbw.cn/,hgrb.dzb.dbw.cn,probed-000,000,2026-10-03,黑龙江·党报,枚举:中国经济网地方媒体导航 2026-10
media:ycrb.dzb.dbw.cn,media,伊春日报,http://ycrb.dzb.dbw.cn/,ycrb.dzb.dbw.cn,probed-000,000,2026-10-03,黑龙江·党报,枚举:中国经济网地方媒体导航 2026-10
media:www2.qthnews.org.cn,media,七台河日报,http://www2.qthnews.org.cn/qth/,www2.qthnews.org.cn,probed-4xx,404,2026-10-03,黑龙江·党报,枚举:中国经济网地方媒体导航 2026-10
media:heihe.dzb.dbw.cn,media,黑河日报,http://heihe.dzb.dbw.cn/,heihe.dzb.dbw.cn,probed-000,000,2026-10-03,黑龙江·党报,枚举:中国经济网地方媒体导航 2026-10
media:paper.dxalrb.org.cn,media,大兴安岭日报,http://paper.dxalrb.org.cn,paper.dxalrb.org.cn,probed-2xx,200,2026-10-03,黑龙江·党报,枚举:中国经济网地方媒体导航 2026-10
media:newspaper.jfdaily.com,media,解放日报,http://newspaper.jfdaily.com/xwcb/,newspaper.jfdaily.com,probed-2xx,200,2026-10-03,上海·党报,枚举:中国经济网地方媒体导航 2026-10
media:dzb.whb.cn,media,文汇报,http://dzb.whb.cn/#1624264352922,dzb.whb.cn,probed-000,000,2026-10-03,上海·党报,枚举:中国经济网地方媒体导航 2026-10
media:xh.xhby.net,media,新华日报,http://xh.xhby.net/,xh.xhby.net,probed-2xx,200,2026-10-03,江苏·党报,枚举:中国经济网地方媒体导航 2026-10
media:njrb.njdaily.cn,media,南京日报,http://njrb.njdaily.cn,njrb.njdaily.cn,probed-2xx,200,2026-10-03,江苏·党报,枚举:中国经济网地方媒体导航 2026-10
media:epaper.cnxz.com.cn,media,徐州日报,http://epaper.cnxz.com.cn/xzrb/,epaper.cnxz.com.cn,probed-000,000,2026-10-03,江苏·党报,枚举:中国经济网地方媒体导航 2026-10
media:epaper.lyg01.net,media,连云港日报,http://epaper.lyg01.net/lygrb/,epaper.lyg01.net,probed-000,000,2026-10-03,江苏·党报,枚举:中国经济网地方媒体导航 2026-10
media:szb.hynews.net,media,淮安日报,http://szb.hynews.net/haby/harb/pc/layout/,szb.hynews.net,probed-2xx,200,2026-10-03,江苏·党报,枚举:中国经济网地方媒体导航 2026-10
media:www.sqdaily.com,media,宿迁日报,http://www.sqdaily.com,www.sqdaily.com,probed-000,000,2026-10-03,江苏·党报,枚举:中国经济网地方媒体导航 2026-10
media:yfdzb.ycnews.cn,media,盐城大众报,http://yfdzb.ycnews.cn/,yfdzb.ycnews.cn,probed-000,000,2026-10-03,江苏·党报,枚举:中国经济网地方媒体导航 2026-10
media:www.yzrb.com,media,扬州日报,http://www.yzrb.com/yzrb2/pc/layout/,www.yzrb.com,probed-2xx,200,2026-10-03,江苏·党报,枚举:中国经济网地方媒体导航 2026-10
media:sz.tznews.cn,media,泰州日报,http://sz.tznews.cn/tzrb/,sz.tznews.cn,probed-000,000,2026-10-03,江苏·党报,枚举:中国经济网地方媒体导航 2026-10
media:epaper.ntrb.com.cn,media,南通日报,http://epaper.ntrb.com.cn/,epaper.ntrb.com.cn,probed-2xx,200,2026-10-03,江苏·党报,枚举:中国经济网地方媒体导航 2026-10
media:szb.jsw.com.cn,media,镇江日报,http://szb.jsw.com.cn/ZJRB/PC/layout/index.html,szb.jsw.com.cn,probed-000,000,2026-10-03,江苏·党报,枚举:中国经济网地方媒体导航 2026-10
media:epaper.cz001.com.cn,media,常州日报,http://epaper.cz001.com.cn/site1/czrb/paperindex.htm,epaper.cz001.com.cn,probed-4xx,404,2026-10-03,江苏·党报,枚举:中国经济网地方媒体导航 2026-10
media:szb.wxrb.com,media,无锡日报,http://szb.wxrb.com/,szb.wxrb.com,probed-2xx,200,2026-10-03,江苏·党报,枚举:中国经济网地方媒体导航 2026-10
media:epaper.subaonet.com,media,苏州日报,http://epaper.subaonet.com/,epaper.subaonet.com,probed-000,000,2026-10-03,江苏·党报,枚举:中国经济网地方媒体导航 2026-10
media:zjdaily.zjol.com.cn,media,浙江日报,http://zjdaily.zjol.com.cn/,zjdaily.zjol.com.cn,probed-2xx,200,2026-10-03,浙江·党报,枚举:中国经济网地方媒体导航 2026-10
media:hzdaily.hangzhou.com.cn,media,杭州日报,https://hzdaily.hangzhou.com.cn/hzrb,hzdaily.hangzhou.com.cn,probed-2xx,200,2026-10-03,浙江·党报,枚举:中国经济网地方媒体导航 2026-10
media:daily.cnnb.com.cn,media,宁波日报,http://daily.cnnb.com.cn/nbrb/paperindex.htm,daily.cnnb.com.cn,probed-2xx,200,2026-10-03,浙江·党报,枚举:中国经济网地方媒体导航 2026-10
media:wzrb.66wz.com,media,温州日报,http://wzrb.66wz.com/,wzrb.66wz.com,probed-000,000,2026-10-03,浙江·党报,枚举:中国经济网地方媒体导航 2026-10
media:jxrb.cnjxol.com,media,嘉兴日报,http://jxrb.cnjxol.com/,jxrb.cnjxol.com,probed-2xx,200,2026-10-03,浙江·党报,枚举:中国经济网地方媒体导航 2026-10
media:ehzrb.hz66.com,media,湖州日报,http://ehzrb.hz66.com/hzrb/,ehzrb.hz66.com,probed-000,000,2026-10-03,浙江·党报,枚举:中国经济网地方媒体导航 2026-10
media:epaper.sxnews.cn,media,绍兴日报,http://epaper.sxnews.cn/sxrb,epaper.sxnews.cn,probed-000,000,2026-10-03,浙江·党报,枚举:中国经济网地方媒体导航 2026-10
media:epaper.jhnews.com.cn,media,金华日报,http://epaper.jhnews.com.cn/site1/jhrb/paperindex.htm,epaper.jhnews.com.cn,probed-4xx,404,2026-10-03,浙江·党报,枚举:中国经济网地方媒体导航 2026-10
media:paper.taizhou.com.cn,media,台州日报,http://paper.taizhou.com.cn/taizhou/tzrb/pc/layout/index.html,paper.taizhou.com.cn,probed-2xx,200,2026-10-03,浙江·党报,枚举:中国经济网地方媒体导航 2026-10
media:qzrb.qz828.com,media,衢州日报,http://qzrb.qz828.com/qzrb,qzrb.qz828.com,probed-4xx,404,2026-10-03,浙江·党报,枚举:中国经济网地方媒体导航 2026-10
media:epaper.lsnews.com.cn,media,丽水日报,http://epaper.lsnews.com.cn/lsrb/,epaper.lsnews.com.cn,probed-000,000,2026-10-03,浙江·党报,枚举:中国经济网地方媒体导航 2026-10
media:szb.ahnews.com.cn,media,安徽日报,https://szb.ahnews.com.cn/ahrb/layout/index.html,szb.ahnews.com.cn,probed-2xx,200,2026-10-03,安徽·党报,枚举:中国经济网地方媒体导航 2026-10
media:newspaper.hf365.com,media,合肥日报,http://newspaper.hf365.com/hfrb/pc/layout,newspaper.hf365.com,probed-2xx,200,2026-10-03,安徽·党报,枚举:中国经济网地方媒体导航 2026-10
media:hnrb.hnbynews.com,media,淮南日报,http://hnrb.hnbynews.com/,hnrb.hnbynews.com,probed-4xx,404,2026-10-03,安徽·党报,枚举:中国经济网地方媒体导航 2026-10
media:epaper.hbnews.net,media,淮北日报,http://epaper.hbnews.net/,epaper.hbnews.net,probed-2xx,200,2026-10-03,安徽·党报,枚举:中国经济网地方媒体导航 2026-10
media:epaper.wuhunews.cn,media,芜湖日报,http://epaper.wuhunews.cn/whrb/pc/layout/,epaper.wuhunews.cn,probed-2xx,200,2026-10-03,安徽·党报,枚举:中国经济网地方媒体导航 2026-10
media:epaper.bbnews.cn,media,蚌埠日报,http://epaper.bbnews.cn/,epaper.bbnews.cn,probed-000,000,2026-10-03,安徽·党报,枚举:中国经济网地方媒体导航 2026-10
media:epaper2.wjol.net.cn,media,马鞍山日报,http://epaper2.wjol.net.cn/masrb/,epaper2.wjol.net.cn,probed-000,000,2026-10-03,安徽·党报,枚举:中国经济网地方媒体导航 2026-10
media:aqdzb.aqnews.com.cn,media,安庆日报,http://aqdzb.aqnews.com.cn/site/epSite.do?method=epaper,aqdzb.aqnews.com.cn,probed-000,000,2026-10-03,安徽·党报,枚举:中国经济网地方媒体导航 2026-10
media:www.hsdaily.cn,media,黄山日报,http://www.hsdaily.cn/,www.hsdaily.cn,probed-2xx,200,2026-10-03,安徽·党报,枚举:中国经济网地方媒体导航 2026-10
media:szbk.chuzhou.cn,media,滁州日报,http://szbk.chuzhou.cn/czrb/,szbk.chuzhou.cn,probed-2xx,200,2026-10-03,安徽·党报,枚举:中国经济网地方媒体导航 2026-10
media:epaper.fyxw.com.cn,media,阜阳日报,https://epaper.fyxw.com.cn/epaper/read.do?m=i&iid=4820&idate=1_2026-09-29,epaper.fyxw.com.cn,probed-2xx,200,2026-10-03,安徽·党报,枚举:中国经济网地方媒体导航 2026-10
media:www.zgfxnews.com,media,拂晓报,http://www.zgfxnews.com/mp/fxb/paperindex.htm,www.zgfxnews.com,probed-4xx,404,2026-10-03,安徽·党报,枚举:中国经济网地方媒体导航 2026-10
media:wxrb.luaninfo.com,media,皖西日报,http://wxrb.luaninfo.com/,wxrb.luaninfo.com,probed-000,000,2026-10-03,安徽·党报,枚举:中国经济网地方媒体导航 2026-10
media:epaper.xuanwww.com,media,宣城日报,http://epaper.xuanwww.com/xcrb/,epaper.xuanwww.com,probed-000,000,2026-10-03,安徽·党报,枚举:中国经济网地方媒体导航 2026-10
media:fjrb.fjdaily.com,media,福建日报,https://fjrb.fjdaily.com,fjrb.fjdaily.com,probed-2xx,200,2026-10-03,福建·党报,枚举:中国经济网地方媒体导航 2026-10
media:mag.fznews.com.cn,media,福州日报,http://mag.fznews.com.cn/,mag.fznews.com.cn,probed-2xx,200,2026-10-03,福建·党报,枚举:中国经济网地方媒体导航 2026-10
media:smrb.smnet.com.cn,media,三明日报,http://smrb.smnet.com.cn/,smrb.smnet.com.cn,probed-000,000,2026-10-03,福建·党报,枚举:中国经济网地方媒体导航 2026-10
media:dzb.ptweb.com.cn,media,湄洲日报,http://dzb.ptweb.com.cn/,dzb.ptweb.com.cn,probed-000,000,2026-10-03,福建·党报,枚举:中国经济网地方媒体导航 2026-10
media:www.zzxww.com,media,闽南日报,http://www.zzxww.com,www.zzxww.com,probed-2xx,200,2026-10-03,福建·党报,枚举:中国经济网地方媒体导航 2026-10
media:mbrb.greatwuyi.com,media,闽北日报,http://mbrb.greatwuyi.com,mbrb.greatwuyi.com,probed-2xx,200,2026-10-03,福建·党报,枚举:中国经济网地方媒体导航 2026-10
media:epaper.jxxw.com.cn,media,江西日报,http://epaper.jxxw.com.cn/,epaper.jxxw.com.cn,probed-2xx,200,2026-10-03,江西·党报,枚举:中国经济网地方媒体导航 2026-10
media:www.ncrbw.cn,media,南昌日报,http://www.ncrbw.cn/paperindex.htm,www.ncrbw.cn,probed-2xx,200,2026-10-03,江西·党报,枚举:中国经济网地方媒体导航 2026-10
media:jjrb.jjxw.cn,media,九江日报,http://jjrb.jjxw.cn/,jjrb.jjxw.cn,probed-2xx,200,2026-10-03,江西·党报,枚举:中国经济网地方媒体导航 2026-10
media:szb.jdz-news.com.cn,media,景德镇日报,http://szb.jdz-news.com.cn/,szb.jdz-news.com.cn,probed-000,000,2026-10-03,江西·党报,枚举:中国经济网地方媒体导航 2026-10
media:szb.jgsdaily.com:9999,media,井冈山报,http://szb.jgsdaily.com:9999/epaper/jgsb/html/,szb.jgsdaily.com:9999,probed-000,000,2026-10-03,江西·党报,枚举:中国经济网地方媒体导航 2026-10
media:epaper.newsyc.com,media,宜春日报,http://epaper.newsyc.com/ycrb/,epaper.newsyc.com,probed-000,000,2026-10-03,江西·党报,枚举:中国经济网地方媒体导航 2026-10
media:paper.srxww.com,media,上饶日报,http://paper.srxww.com/srrb,paper.srxww.com,probed-2xx,200,2026-10-03,江西·党报,枚举:中国经济网地方媒体导航 2026-10
media:paper.dzwww.com,media,大众日报,http://paper.dzwww.com/dzrb/index.htm,paper.dzwww.com,probed-2xx,200,2026-10-03,山东·党报,枚举:中国经济网地方媒体导航 2026-10
media:jnrb.e23.cn,media,济南日报,http://jnrb.e23.cn/,jnrb.e23.cn,probed-2xx,200,2026-10-03,山东·党报,枚举:中国经济网地方媒体导航 2026-10
media:epaper.qingdaonews.com,media,青岛日报,https://epaper.qingdaonews.com/,epaper.qingdaonews.com,probed-2xx,200,2026-10-03,山东·党报,枚举:中国经济网地方媒体导航 2026-10
media:paper.zbnews.net,media,淄博日报,http://paper.zbnews.net/zbrb/pc/layout/,paper.zbnews.net,probed-2xx,200,2026-10-03,山东·党报,枚举:中国经济网地方媒体导航 2026-10
media:epaper.632news.com,media,枣庄日报,http://epaper.632news.com/zzrb,epaper.632news.com,probed-2xx,200,2026-10-03,山东·党报,枚举:中国经济网地方媒体导航 2026-10
media:szb.dongyingnews.cn:8018,media,东营日报,http://szb.dongyingnews.cn:8018/,szb.dongyingnews.cn:8018,probed-000,000,2026-10-03,山东·党报,枚举:中国经济网地方媒体导航 2026-10
media:wfrb.wfnews.com.cn,media,潍坊日报,http://wfrb.wfnews.com.cn/content,wfrb.wfnews.com.cn,probed-4xx,403,2026-10-03,山东·党报,枚举:中国经济网地方媒体导航 2026-10
media:www.jn001.com,media,济宁日报,http://www.jn001.com/paperpc/layout/,www.jn001.com,probed-000,000,2026-10-03,山东·党报,枚举:中国经济网地方媒体导航 2026-10
media:222.132.157.151:9988,media,泰安日报,http://222.132.157.151:9988/tarb/,222.132.157.151:9988,probed-4xx,404,2026-10-03,山东·党报,枚举:中国经济网地方媒体导航 2026-10
media:epaper.rznews.cn,media,日照日报,http://epaper.rznews.cn/,epaper.rznews.cn,probed-000,000,2026-10-03,山东·党报,枚举:中国经济网地方媒体导航 2026-10
media:daily.laiwunews.cn,media,莱芜日报,http://daily.laiwunews.cn/,daily.laiwunews.cn,probed-000,000,2026-10-03,山东·党报,枚举:中国经济网地方媒体导航 2026-10
media:epaper.dezhoudaily.com,media,德州日报,http://epaper.dezhoudaily.com/index_reader.aspx?paperType=dzrb,epaper.dezhoudaily.com,probed-4xx,405,2026-10-03,山东·党报,枚举:中国经济网地方媒体导航 2026-10
media:lyrb.langya.cn,media,临沂日报,http://lyrb.langya.cn/paper/pc/layout/,lyrb.langya.cn,probed-2xx,200,2026-10-03,山东·党报,枚举:中国经济网地方媒体导航 2026-10
media:paper.bzrb.net,media,滨州日报,http://paper.bzrb.net/,paper.bzrb.net,probed-2xx,200,2026-10-03,山东·党报,枚举:中国经济网地方媒体导航 2026-10
media:newpaper.dahe.cn,media,河南日报,http://newpaper.dahe.cn/hnrb/,newpaper.dahe.cn,probed-2xx,200,2026-10-03,河南·党报,枚举:中国经济网地方媒体导航 2026-10
media:zzrb.zynews.cn,media,郑州日报,https://zzrb.zynews.cn,zzrb.zynews.cn,probed-2xx,200,2026-10-03,河南·党报,枚举:中国经济网地方媒体导航 2026-10
media:lyrb.lyd.com.cn,media,洛阳日报,http://lyrb.lyd.com.cn/,lyrb.lyd.com.cn,probed-2xx,200,2026-10-03,河南·党报,枚举:中国经济网地方媒体导航 2026-10
media:epaper.pdsxww.com,media,平顶山日报,http://epaper.pdsxww.com/pdsrb/,epaper.pdsxww.com,probed-2xx,200,2026-10-03,河南·党报,枚举:中国经济网地方媒体导航 2026-10
media:epaper.jzrb.com,media,焦作日报,http://epaper.jzrb.com/,epaper.jzrb.com,probed-2xx,200,2026-10-03,河南·党报,枚举:中国经济网地方媒体导航 2026-10
media:paper.hebiw.com,media,鹤壁日报,http://paper.hebiw.com/epaper/hbrb,paper.hebiw.com,probed-2xx,200,2026-10-03,河南·党报,枚举:中国经济网地方媒体导航 2026-10
media:rb.xxrb.com.cn,media,新乡日报,http://rb.xxrb.com.cn/,rb.xxrb.com.cn,probed-000,000,2026-10-03,河南·党报,枚举:中国经济网地方媒体导航 2026-10
media:pyrb.pyxww.com,media,濮阳日报,http://pyrb.pyxww.com/,pyrb.pyxww.com,probed-2xx,200,2026-10-03,河南·党报,枚举:中国经济网地方媒体导航 2026-10
media:szb.21xc.com,media,许昌日报,http://szb.21xc.com/xcrb/PC/layout,szb.21xc.com,probed-2xx,200,2026-10-03,河南·党报,枚举:中国经济网地方媒体导航 2026-10
media:rb.lhrb.com.cn,media,漯河日报,http://rb.lhrb.com.cn/,rb.lhrb.com.cn,probed-2xx,200,2026-10-03,河南·党报,枚举:中国经济网地方媒体导航 2026-10
media:szb.westking.com,media,三门峡日报,http://szb.westking.com/smxrb/,szb.westking.com,probed-2xx,200,2026-10-03,河南·党报,枚举:中国经济网地方媒体导航 2026-10
media:epaper.01ny.cn,media,南阳日报,http://epaper.01ny.cn/nyrb/,epaper.01ny.cn,probed-4xx,403,2026-10-03,河南·党报,枚举:中国经济网地方媒体导航 2026-10
media:epaper.cnsq.com.cn,media,商丘日报,http://epaper.cnsq.com.cn/sqrb/,epaper.cnsq.com.cn,probed-2xx,200,2026-10-03,河南·党报,枚举:中国经济网地方媒体导航 2026-10
media:ribao.xyxww.com.cn,media,信阳日报,http://ribao.xyxww.com.cn/,ribao.xyxww.com.cn,probed-2xx,200,2026-10-03,河南·党报,枚举:中国经济网地方媒体导航 2026-10
media:epaper.jyrb.cn:8081,media,济源日报,http://epaper.jyrb.cn:8081/,epaper.jyrb.cn:8081,probed-000,000,2026-10-03,河南·党报,枚举:中国经济网地方媒体导航 2026-10
media:epaper.hubeidaily.net,media,湖北日报,https://epaper.hubeidaily.net/pc/column,epaper.hubeidaily.net,probed-2xx,200,2026-10-03,湖北·党报,枚举:中国经济网地方媒体导航 2026-10
media:cjrb.cjn.cn,media,长江日报,http://cjrb.cjn.cn/?spm=zm1066-001.0.0.1.jtas7H,cjrb.cjn.cn,probed-2xx,200,2026-10-03,湖北·党报,枚举:中国经济网地方媒体导航 2026-10
media:syrb.10yan.com,media,十堰日报,http://syrb.10yan.com/,syrb.10yan.com,probed-2xx,200,2026-10-03,湖北·党报,枚举:中国经济网地方媒体导航 2026-10
media:sxrb.cn3x.com.cn:8000,media,三峡日报,http://sxrb.cn3x.com.cn:8000/,sxrb.cn3x.com.cn:8000,probed-000,000,2026-10-03,湖北·党报,枚举:中国经济网地方媒体导航 2026-10
media:news.cnchu.com,media,荆州日报,http://news.cnchu.com/jzrb/,news.cnchu.com,probed-2xx,200,2026-10-03,湖北·党报,枚举:中国经济网地方媒体导航 2026-10
media:xyrb.hj.cn,media,襄阳日报,http://xyrb.hj.cn/,xyrb.hj.cn,probed-2xx,200,2026-10-03,湖北·党报,枚举:中国经济网地方媒体导航 2026-10
media:paper.jmnews.cn,media,荆门日报,http://paper.jmnews.cn/jmrb,paper.jmnews.cn,probed-2xx,200,2026-10-03,湖北·党报,枚举:中国经济网地方媒体导航 2026-10
media:paper.eznews.cn,media,鄂州日报,http://paper.eznews.cn/,paper.eznews.cn,probed-000,000,2026-10-03,湖北·党报,枚举:中国经济网地方媒体导航 2026-10
media:szb.xgrb.cn:9999,media,孝感日报,http://szb.xgrb.cn:9999/epaper/xgrb/html,szb.xgrb.cn:9999,probed-2xx,200,2026-10-03,湖北·党报,枚举:中国经济网地方媒体导航 2026-10
media:rb.hgdaily.com.cn,media,黄冈日报,http://rb.hgdaily.com.cn/,rb.hgdaily.com.cn,probed-4xx,403,2026-10-03,湖北·党报,枚举:中国经济网地方媒体导航 2026-10
media:szb.xnnews.com.cn,media,咸宁日报,http://szb.xnnews.com.cn/xnrb,szb.xnnews.com.cn,probed-2xx,200,2026-10-03,湖北·党报,枚举:中国经济网地方媒体导航 2026-10
media:szrb.sz-news.com.cn,media,随州日报,http://szrb.sz-news.com.cn/,szrb.sz-news.com.cn,probed-5xx,503,2026-10-03,湖北·党报,枚举:中国经济网地方媒体导航 2026-10
media:szb.enshi.cn,media,恩施日报,http://szb.enshi.cn/esrb,szb.enshi.cn,probed-2xx,200,2026-10-03,湖北·党报,枚举:中国经济网地方媒体导航 2026-10
media:epaper.voc.com.cn,media,湖南日报,http://epaper.voc.com.cn/hnrb/,epaper.voc.com.cn,probed-2xx,200,2026-10-03,湖南·党报,枚举:中国经济网地方媒体导航 2026-10
media:zzrb.zznews.gov.cn,media,株洲日报,https://zzrb.zznews.gov.cn/202505/29/node01.html,zzrb.zznews.gov.cn,probed-2xx,200,2026-10-03,湖南·党报,枚举:中国经济网地方媒体导航 2026-10
media:epaper.hyqss.cn,media,衡阳日报,http://epaper.hyqss.cn/hyrb/,epaper.hyqss.cn,probed-2xx,200,2026-10-03,湖南·党报,枚举:中国经济网地方媒体导航 2026-10
media:szb.shaoyangnews.net,media,邵阳日报,http://szb.shaoyangnews.net/syrb/paperindex.htm,szb.shaoyangnews.net,probed-4xx,404,2026-10-03,湖南·党报,枚举:中国经济网地方媒体导航 2026-10
media:papers.803.com.cn,media,岳阳日报,http://papers.803.com.cn/yyrb/,papers.803.com.cn,probed-2xx,200,2026-10-03,湖南·党报,枚举:中国经济网地方媒体导航 2026-10
media:cdrb.cdyee.com,media,常德日报,http://cdrb.cdyee.com/,cdrb.cdyee.com,probed-2xx,200,2026-10-03,湖南·党报,枚举:中国经济网地方媒体导航 2026-10
media:paper.zjjnews.cn:8081,media,张家界日报,http://paper.zjjnews.cn:8081/zjjrbpc/layout/,paper.zjjnews.cn:8081,probed-2xx,200,2026-10-03,湖南·党报,枚举:中国经济网地方媒体导航 2026-10
media:szb.czxww.cn,media,郴州日报,http://szb.czxww.cn/html/node_12.htm,szb.czxww.cn,probed-4xx,404,2026-10-03,湖南·党报,枚举:中国经济网地方媒体导航 2026-10
media:m.yyrb.cn,media,益阳日报,http://m.yyrb.cn/,m.yyrb.cn,probed-000,000,2026-10-03,湖南·党报,枚举:中国经济网地方媒体导航 2026-10
media:paper.0746news.com,media,永州日报,http://paper.0746news.com,paper.0746news.com,probed-2xx,200,2026-10-03,湖南·党报,枚举:中国经济网地方媒体导航 2026-10
media:www.0745news.cn,media,怀化日报,http://www.0745news.cn/paper/?mobile,www.0745news.cn,probed-4xx,404,2026-10-03,湖南·党报,枚举:中国经济网地方媒体导航 2026-10
media:ldrb.xxcmw.com,media,娄底日报,http://ldrb.xxcmw.com/,ldrb.xxcmw.com,probed-000,000,2026-10-03,湖南·党报,枚举:中国经济网地方媒体导航 2026-10
media:epaper.southcn.com,media,南方日报,http://epaper.southcn.com/,epaper.southcn.com,probed-2xx,200,2026-10-03,广东·党报,枚举:中国经济网地方媒体导航 2026-10
media:gzdaily.dayoo.com,media,广州日报,http://gzdaily.dayoo.com/,gzdaily.dayoo.com,probed-2xx,200,2026-10-03,广东·党报,枚举:中国经济网地方媒体导航 2026-10
media:sztqb.sznews.com,media,深圳特区报,http://sztqb.sznews.com/,sztqb.sznews.com,probed-2xx,200,2026-10-03,广东·党报,枚举:中国经济网地方媒体导航 2026-10
media:www.zhuhaidaily.com.cn,media,珠海特区报,http://www.zhuhaidaily.com.cn/,www.zhuhaidaily.com.cn,probed-2xx,200,2026-10-03,广东·党报,枚举:中国经济网地方媒体导航 2026-10
media:sgrb.sgxw.cn,media,韶关日报,http://sgrb.sgxw.cn/,sgrb.sgxw.cn,probed-2xx,200,2026-10-03,广东·党报,枚举:中国经济网地方媒体导航 2026-10
media:epaper.heyuan.cn,media,河源日报,http://epaper.heyuan.cn/,epaper.heyuan.cn,probed-000,000,2026-10-03,广东·党报,枚举:中国经济网地方媒体导航 2026-10
media:mzrb.meizhou.cn,media,梅州日报,http://mzrb.meizhou.cn/,mzrb.meizhou.cn,probed-2xx,200,2026-10-03,广东·党报,枚举:中国经济网地方媒体导航 2026-10
media:e.hznews.com,media,惠州日报,http://e.hznews.com/paper/hzrb/,e.hznews.com,probed-4xx,404,2026-10-03,广东·党报,枚举:中国经济网地方媒体导航 2026-10
media:epaper.shanweinews.net,media,汕尾日报,http://epaper.shanweinews.net/,epaper.shanweinews.net,probed-2xx,200,2026-10-03,广东·党报,枚举:中国经济网地方媒体导航 2026-10
media:epaper.timedg.com,media,东莞日报,http://epaper.timedg.com,epaper.timedg.com,probed-2xx,200,2026-10-03,广东·党报,枚举:中国经济网地方媒体导航 2026-10
media:dzb.jmrb.com:8080,media,江门日报,http://dzb.jmrb.com:8080/jmrb/html/,dzb.jmrb.com:8080,probed-2xx,200,2026-10-03,广东·党报,枚举:中国经济网地方媒体导航 2026-10
media:epaper.citygf.com,media,佛山日报,http://epaper.citygf.com/fsrb/,epaper.citygf.com,probed-000,000,2026-10-03,广东·党报,枚举:中国经济网地方媒体导航 2026-10
media:szb.gdzjdaily.com.cn,media,湛江日报,http://szb.gdzjdaily.com.cn/,szb.gdzjdaily.com.cn,probed-000,000,2026-10-03,广东·党报,枚举:中国经济网地方媒体导航 2026-10
media:www.qyrb.com,media,清远日报,http://www.qyrb.com/epaper/content/,www.qyrb.com,probed-2xx,200,2026-10-03,广东·党报,枚举:中国经济网地方媒体导航 2026-10
media:www.jyrb.net.cn,media,揭阳日报,http://www.jyrb.net.cn/,www.jyrb.net.cn,probed-2xx,200,2026-10-03,广东·党报,枚举:中国经济网地方媒体导航 2026-10
media:gxrb.gxnews.com.cn,media,广西日报,http://gxrb.gxnews.com.cn/,gxrb.gxnews.com.cn,probed-2xx,200,2026-10-03,广西·党报,枚举:中国经济网地方媒体导航 2026-10
media:www.nnrb.com.cn,media,南宁日报,http://www.nnrb.com.cn/,www.nnrb.com.cn,probed-2xx,200,2026-10-03,广西·党报,枚举:中国经济网地方媒体导航 2026-10
media:www.gxlznews.com,media,柳州日报,http://www.gxlznews.com/,www.gxlznews.com,probed-000,000,2026-10-03,广西·党报,枚举:中国经济网地方媒体导航 2026-10
media:epaper.guilinlife.com,media,桂林日报,http://epaper.guilinlife.com/glrbpc/,epaper.guilinlife.com,probed-2xx,200,2026-10-03,广西·党报,枚举:中国经济网地方媒体导航 2026-10
media:www.wuzhoudaily.com.cn,media,梧州日报,http://www.wuzhoudaily.com.cn/,www.wuzhoudaily.com.cn,probed-000,000,2026-10-03,广西·党报,枚举:中国经济网地方媒体导航 2026-10
media:bhrb.beihai.gov.cn:8080,media,北海日报,http://bhrb.beihai.gov.cn:8080/epaper/bhrb/html/,bhrb.beihai.gov.cn:8080,probed-000,000,2026-10-03,广西·党报,枚举:中国经济网地方媒体导航 2026-10
media:dzb.gxqzxw.com,media,钦州日报,http://dzb.gxqzxw.com/,dzb.gxqzxw.com,probed-4xx,403,2026-10-03,广西·党报,枚举:中国经济网地方媒体导航 2026-10
media:epaper.gxylnews.com:8081,media,玉林日报,http://epaper.gxylnews.com:8081/ylrb/,epaper.gxylnews.com:8081,probed-4xx,403,2026-10-03,广西·党报,枚举:中国经济网地方媒体导航 2026-10
media:www.gxcznews.com,media,左江日报,http://www.gxcznews.com/epaper/czzjrb/html/,www.gxcznews.com,probed-000,000,2026-10-03,广西·党报,枚举:中国经济网地方媒体导航 2026-10
media:epaper.bsyjrb.com,media,右江日报,http://epaper.bsyjrb.com/yjrb/,epaper.bsyjrb.com,probed-000,000,2026-10-03,广西·党报,枚举:中国经济网地方媒体导航 2026-10
media:hcrb.hcwang.cn,media,河池日报,http://hcrb.hcwang.cn,hcrb.hcwang.cn,probed-2xx,200,2026-10-03,广西·党报,枚举:中国经济网地方媒体导航 2026-10
media:epaper.lbnews.com.cn,media,来宾日报,https://epaper.lbnews.com.cn/,epaper.lbnews.com.cn,probed-2xx,200,2026-10-03,广西·党报,枚举:中国经济网地方媒体导航 2026-10
media:epaper.chhzm.cn,media,贺州日报,http://epaper.chhzm.cn/,epaper.chhzm.cn,probed-000,000,2026-10-03,广西·党报,枚举:中国经济网地方媒体导航 2026-10
media:news.hndaily.cn,media,海南日报,http://news.hndaily.cn,news.hndaily.cn,probed-2xx,200,2026-10-03,海南·党报,枚举:中国经济网地方媒体导航 2026-10
media:szb.hkwb.net,media,海口日报,http://szb.hkwb.net/,szb.hkwb.net,probed-000,000,2026-10-03,海南·党报,枚举:中国经济网地方媒体导航 2026-10
media:epaper.sanyarb.com.cn,media,三亚日报,http://epaper.sanyarb.com.cn/,epaper.sanyarb.com.cn,probed-2xx,200,2026-10-03,海南·党报,枚举:中国经济网地方媒体导航 2026-10
media:epaper.cqrb.cn,media,重庆日报,http://epaper.cqrb.cn/html/cqrb/,epaper.cqrb.cn,probed-2xx,200,2026-10-03,重庆·党报,枚举:中国经济网地方媒体导航 2026-10
media:epaper.scdaily.cn,media,四川日报,http://epaper.scdaily.cn/,epaper.scdaily.cn,probed-2xx,200,2026-10-03,四川·党报,枚举:中国经济网地方媒体导航 2026-10
media:www.cdrb.com.cn,media,成都日报,http://www.cdrb.com.cn/paperindex.htm,www.cdrb.com.cn,probed-4xx,404,2026-10-03,四川·党报,枚举:中国经济网地方媒体导航 2026-10
media:pdf.zgm.cn,media,自贡日报,http://pdf.zgm.cn/,pdf.zgm.cn,probed-2xx,200,2026-10-03,四川·党报,枚举:中国经济网地方媒体导航 2026-10
media:pzhrb.pzhnews.org,media,攀枝花日报,http://pzhrb.pzhnews.org/,pzhrb.pzhnews.org,probed-000,000,2026-10-03,四川·党报,枚举:中国经济网地方媒体导航 2026-10
media:lzby.lzep.cn:8088,media,泸州日报,http://lzby.lzep.cn:8088/lzrb/,lzby.lzep.cn:8088,probed-2xx,200,2026-10-03,四川·党报,枚举:中国经济网地方媒体导航 2026-10
media:epaper.myrb.net,media,绵阳日报,http://epaper.myrb.net/,epaper.myrb.net,probed-2xx,200,2026-10-03,四川·党报,枚举:中国经济网地方媒体导航 2026-10
media:epaper.scnjnews.com,media,内江日报,http://epaper.scnjnews.com,epaper.scnjnews.com,probed-2xx,200,2026-10-03,四川·党报,枚举:中国经济网地方媒体导航 2026-10
media:e.gyxww.cn,media,广元日报,http://e.gyxww.cn/gyrb/paperindex.htm,e.gyxww.cn,probed-2xx,200,2026-10-03,四川·党报,枚举:中国经济网地方媒体导航 2026-10
media:ncrb.cnncw.cn,media,南充日报,http://ncrb.cnncw.cn/index.shtml,ncrb.cnncw.cn,probed-000,000,2026-10-03,四川·党报,枚举:中国经济网地方媒体导航 2026-10
media:np.jj831.com,media,宜宾日报,http://np.jj831.com/,np.jj831.com,probed-000,000,2026-10-03,四川·党报,枚举:中国经济网地方媒体导航 2026-10
media:szb.gazx.org,media,广安日报,http://szb.gazx.org/pc/column,szb.gazx.org,probed-000,000,2026-10-03,四川·党报,枚举:中国经济网地方媒体导航 2026-10
media:www.dzrbs.com,media,达州日报,http://www.dzrbs.com/dzrbspage/dzrb/paperindex.htm,www.dzrbs.com,probed-000,000,2026-10-03,四川·党报,枚举:中国经济网地方媒体导航 2026-10
media:szb.bznews.org,media,巴中日报,http://szb.bznews.org,szb.bznews.org,probed-2xx,200,2026-10-03,四川·党报,枚举:中国经济网地方媒体导航 2026-10
media:pdf.beiww.com,media,雅安日报,https://pdf.beiww.com/,pdf.beiww.com,probed-2xx,200,2026-10-03,四川·党报,枚举:中国经济网地方媒体导航 2026-10
media:msrb.newssc.org,media,眉山日报,http://msrb.newssc.org/paperindex.htm,msrb.newssc.org,probed-000,000,2026-10-03,四川·党报,枚举:中国经济网地方媒体导航 2026-10
media:paper.zyrb.com.cn,media,资阳日报,http://paper.zyrb.com.cn,paper.zyrb.com.cn,probed-2xx,200,2026-10-03,四川·党报,枚举:中国经济网地方媒体导航 2026-10
media:www.abadaily.com,media,阿坝日报,http://www.abadaily.com,www.abadaily.com,probed-2xx,200,2026-10-03,四川·党报,枚举:中国经济网地方媒体导航 2026-10
media:paper.kbcmw.com,media,甘孜日报,http://paper.kbcmw.com/paperindex.htm,paper.kbcmw.com,probed-2xx,200,2026-10-03,四川·党报,枚举:中国经济网地方媒体导航 2026-10
media:lsrb.ls666.com,media,凉山日报,http://lsrb.ls666.com,lsrb.ls666.com,probed-000,000,2026-10-03,四川·党报,枚举:中国经济网地方媒体导航 2026-10
media:szb.eyesnews.cn,media,贵州日报,http://szb.eyesnews.cn,szb.eyesnews.cn,probed-2xx,200,2026-10-03,贵州·党报,枚举:中国经济网地方媒体导航 2026-10
media:paper.gywb.cn,media,贵阳日报,http://paper.gywb.cn/,paper.gywb.cn,probed-4xx,404,2026-10-03,贵州·党报,枚举:中国经济网地方媒体导航 2026-10
media:epaper.lpswz.com,media,六盘水日报,http://epaper.lpswz.com/lpsrb,epaper.lpswz.com,probed-000,000,2026-10-03,贵州·党报,枚举:中国经济网地方媒体导航 2026-10
media:epaper.zyol.gz.cn,media,遵义日报,http://epaper.zyol.gz.cn/zyrb/paperindex.htm,epaper.zyol.gz.cn,probed-2xx,200,2026-10-03,贵州·党报,枚举:中国经济网地方媒体导航 2026-10
media:www.asrbs.net,media,安顺日报,http://www.asrbs.net/site1/asrb/paperindex.htm,www.asrbs.net,probed-000,000,2026-10-03,贵州·党报,枚举:中国经济网地方媒体导航 2026-10
media:rb.bjrb.cn,media,毕节日报,http://rb.bjrb.cn/,rb.bjrb.cn,probed-000,000,2026-10-03,贵州·党报,枚举:中国经济网地方媒体导航 2026-10
media:58.42.132.75:8080,media,铜仁日报,http://58.42.132.75:8080/epaper/trrb/html,58.42.132.75:8080,probed-000,000,2026-10-03,贵州·党报,枚举:中国经济网地方媒体导航 2026-10
media:dzb.qdnrbs.cn,media,黔东南日报,http://dzb.qdnrbs.cn/szb/pc/202502/11/l01.html,dzb.qdnrbs.cn,probed-2xx,200,2026-10-03,贵州·党报,枚举:中国经济网地方媒体导航 2026-10
media:cnepaper.qnmeitiyun.com,media,黔南日报,http://cnepaper.qnmeitiyun.com/,cnepaper.qnmeitiyun.com,probed-000,000,2026-10-03,贵州·党报,枚举:中国经济网地方媒体导航 2026-10
media:www.qxnrb.com,media,黔西南日报,http://www.qxnrb.com/,www.qxnrb.com,probed-4xx,404,2026-10-03,贵州·党报,枚举:中国经济网地方媒体导航 2026-10
media:yndaily.yunnan.cn,media,云南日报,http://yndaily.yunnan.cn,yndaily.yunnan.cn,probed-2xx,200,2026-10-03,云南·党报,枚举:中国经济网地方媒体导航 2026-10
media:daily.clzg.cn,media,昆明日报,http://daily.clzg.cn/paperindex.htm,daily.clzg.cn,probed-2xx,200,2026-10-03,云南·党报,枚举:中国经济网地方媒体导航 2026-10
media:epaper.qjrb.cn,media,曲靖日报,http://epaper.qjrb.cn/paperindex.htm,epaper.qjrb.cn,probed-4xx,404,2026-10-03,云南·党报,枚举:中国经济网地方媒体导航 2026-10
media:www.yxdaily.com,media,玉溪日报,http://www.yxdaily.com/,www.yxdaily.com,probed-000,000,2026-10-03,云南·党报,枚举:中国经济网地方媒体导航 2026-10
media:paper.baoshandaily.com,media,保山日报,http://paper.baoshandaily.com,paper.baoshandaily.com,probed-000,000,2026-10-03,云南·党报,枚举:中国经济网地方媒体导航 2026-10
media:dubao.ztnews.net,media,昭通日报,http://dubao.ztnews.net/,dubao.ztnews.net,probed-2xx,200,2026-10-03,云南·党报,枚举:中国经济网地方媒体导航 2026-10
media:www.perb.cn,media,普洱日报,http://www.perb.cn/paper/paperindex.htm,www.perb.cn,probed-000,000,2026-10-03,云南·党报,枚举:中国经济网地方媒体导航 2026-10
media:www.lcdaily.cn,media,临沧日报,http://www.lcdaily.cn/,www.lcdaily.cn,probed-2xx,200,2026-10-03,云南·党报,枚举:中国经济网地方媒体导航 2026-10
media:szb.wsnews.com.cn,media,文山日报,http://szb.wsnews.com.cn/wsrb/,szb.wsnews.com.cn,probed-4xx,404,2026-10-03,云南·党报,枚举:中国经济网地方媒体导航 2026-10
media:paper.bndaily.com:85,media,西双版纳报,http://paper.bndaily.com:85/DigitaNewspaper.aspx,paper.bndaily.com:85,probed-000,000,2026-10-03,云南·党报,枚举:中国经济网地方媒体导航 2026-10
media:www.cxdaily.com,media,楚雄日报,http://www.cxdaily.com/,www.cxdaily.com,probed-000,000,2026-10-03,云南·党报,枚举:中国经济网地方媒体导航 2026-10
media:zwb.nujiang.cn,media,怒江日报,http://zwb.nujiang.cn/Html/Review/Review_1.html,zwb.nujiang.cn,probed-4xx,404,2026-10-03,云南·党报,枚举:中国经济网地方媒体导航 2026-10
media:www.xgll.com.cn,media,迪庆日报,http://www.xgll.com.cn/epaper/pc/,www.xgll.com.cn,probed-2xx,200,2026-10-03,云南·党报,枚举:中国经济网地方媒体导航 2026-10
media:www.xzxw.com,media,西藏日报,http://www.xzxw.com/shuzibao/,www.xzxw.com,probed-2xx,200,2026-10-03,西藏·党报,枚举:中国经济网地方媒体导航 2026-10
media:www.lasa-eveningnews.com.cn,media,拉萨日报,http://www.lasa-eveningnews.com.cn/lsrb/pc/layout,www.lasa-eveningnews.com.cn,probed-4xx,404,2026-10-03,西藏·党报,枚举:中国经济网地方媒体导航 2026-10
media:www.cdbao.cn,media,昌都报,http://www.cdbao.cn/more.php?class_id=002,www.cdbao.cn,probed-4xx,404,2026-10-03,西藏·党报,枚举:中国经济网地方媒体导航 2026-10
media:esb.sxdaily.com.cn,media,陕西日报,http://esb.sxdaily.com.cn/,esb.sxdaily.com.cn,probed-2xx,200,2026-10-03,陕西·党报,枚举:中国经济网地方媒体导航 2026-10
media:epaper.xiancn.com,media,西安日报,http://epaper.xiancn.com/,epaper.xiancn.com,probed-2xx,200,2026-10-03,陕西·党报,枚举:中国经济网地方媒体导航 2026-10
media:bjrb.joyhua.cn,media,宝鸡日报,http://bjrb.joyhua.cn/,bjrb.joyhua.cn,probed-2xx,200,2026-10-03,陕西·党报,枚举:中国经济网地方媒体导航 2026-10
media:epaper.cnwest.com,media,咸阳日报,http://epaper.cnwest.com/xyrb/paperindex.htm,epaper.cnwest.com,probed-000,000,2026-10-03,陕西·党报,枚举:中国经济网地方媒体导航 2026-10
media:szb.tcrbs.com,media,铜川日报,http://szb.tcrbs.com/,szb.tcrbs.com,probed-000,000,2026-10-03,陕西·党报,枚举:中国经济网地方媒体导航 2026-10
media:szb.jsjnews.cn,media,渭南日报,http://szb.jsjnews.cn/,szb.jsjnews.cn,probed-2xx,200,2026-10-03,陕西·党报,枚举:中国经济网地方媒体导航 2026-10
media:paper.yanews.cn,media,延安日报,http://paper.yanews.cn/pcindex.jsp,paper.yanews.cn,probed-2xx,200,2026-10-03,陕西·党报,枚举:中国经济网地方媒体导航 2026-10
media:szb.ylrb.com,media,榆林日报,http://szb.ylrb.com/,szb.ylrb.com,probed-2xx,200,2026-10-03,陕西·党报,枚举:中国经济网地方媒体导航 2026-10
media:sjk.akxw.cn,media,安康日报,http://sjk.akxw.cn/akrb/,sjk.akxw.cn,probed-2xx,200,2026-10-03,陕西·党报,枚举:中国经济网地方媒体导航 2026-10
media:eslrb.slrbs.com,media,商洛日报,http://eslrb.slrbs.com/,eslrb.slrbs.com,probed-2xx,200,2026-10-03,陕西·党报,枚举:中国经济网地方媒体导航 2026-10
media:szb.gansudaily.com.cn,media,甘肃日报,https://szb.gansudaily.com.cn/gsrb/pc/layout,szb.gansudaily.com.cn,probed-2xx,200,2026-10-03,甘肃·党报,枚举:中国经济网地方媒体导航 2026-10
media:lzrb.lzbs.com.cn,media,兰州日报,http://lzrb.lzbs.com.cn/,lzrb.lzbs.com.cn,probed-2xx,200,2026-10-03,甘肃·党报,枚举:中国经济网地方媒体导航 2026-10
media:2014.jygxw.com,media,嘉峪关日报,http://2014.jygxw.com/szb/node_2.htm,2014.jygxw.com,probed-000,000,2026-10-03,甘肃·党报,枚举:中国经济网地方媒体导航 2026-10
media:dzb.tsrb.com.cn,media,天水日报,http://dzb.tsrb.com.cn/tsrb/content/paperindex.htm,dzb.tsrb.com.cn,probed-4xx,404,2026-10-03,甘肃·党报,枚举:中国经济网地方媒体导航 2026-10
media:wwrb.gansudaily.com.cn,media,武威日报,http://wwrb.gansudaily.com.cn,wwrb.gansudaily.com.cn,probed-000,000,2026-10-03,甘肃·党报,枚举:中国经济网地方媒体导航 2026-10
media:h5.newaircloud.com,media,酒泉日报,http://h5.newaircloud.com/epaper?sid=jqrmt,h5.newaircloud.com,probed-2xx,200,2026-10-03,甘肃·党报,枚举:中国经济网地方媒体导航 2026-10
media:szb.gs-zy.com,media,张掖日报,http://szb.gs-zy.com,szb.gs-zy.com,probed-000,000,2026-10-03,甘肃·党报,枚举:中国经济网地方媒体导航 2026-10
media:218.203.188.106,media,平凉日报,http://218.203.188.106/epaper,218.203.188.106,probed-000,000,2026-10-03,甘肃·党报,枚举:中国经济网地方媒体导航 2026-10
media:szb.dingxidaily.com,media,定西日报,http://szb.dingxidaily.com/,szb.dingxidaily.com,probed-000,000,2026-10-03,甘肃·党报,枚举:中国经济网地方媒体导航 2026-10
media:epaper.gansudaily.com.cn,media,陇南日报,http://epaper.gansudaily.com.cn/lnrb,epaper.gansudaily.com.cn,probed-000,000,2026-10-03,甘肃·党报,枚举:中国经济网地方媒体导航 2026-10
media:61.178.198.232:91,media,甘南日报,http://61.178.198.232:91/epaper/,61.178.198.232:91,probed-000,000,2026-10-03,甘肃·党报,枚举:中国经济网地方媒体导航 2026-10
media:szb.chinalxnet.com,media,临夏民族日报,http://szb.chinalxnet.com/pc/layout/,szb.chinalxnet.com,probed-4xx,404,2026-10-03,甘肃·党报,枚举:中国经济网地方媒体导航 2026-10
media:epaper.tibet3.com,media,青海日报,http://epaper.tibet3.com/qhrb,epaper.tibet3.com,probed-2xx,200,2026-10-03,青海·党报,枚举:中国经济网地方媒体导航 2026-10
media:www.xnwbw.com,media,西宁晚报,http://www.xnwbw.com/paperindex.htm,www.xnwbw.com,probed-000,000,2026-10-03,青海·党报,枚举:中国经济网地方媒体导航 2026-10
media:www.cdmrb.com.cn,media,柴达木日报,http://www.cdmrb.com.cn/,www.cdmrb.com.cn,probed-2xx,200,2026-10-03,青海·党报,枚举:中国经济网地方媒体导航 2026-10
media:epaper.haidongrbs.cn,media,海东日报,http://epaper.haidongrbs.cn/html,epaper.haidongrbs.cn,probed-2xx,200,2026-10-03,青海·党报,枚举:中国经济网地方媒体导航 2026-10
media:hnb.hnz.gov.cn,media,黄南报,http://hnb.hnz.gov.cn/,hnb.hnz.gov.cn,probed-000,000,2026-10-03,青海·党报,枚举:中国经济网地方媒体导航 2026-10
media:epaper.glzrmtzx.cn,media,果洛报,http://epaper.glzrmtzx.cn/app_epaper/,epaper.glzrmtzx.cn,probed-2xx,200,2026-10-03,青海·党报,枚举:中国经济网地方媒体导航 2026-10
media:szb.nxrb.cn,media,宁夏日报,https://szb.nxrb.cn/nxrb/pc/layout/,szb.nxrb.cn,probed-2xx,200,2026-10-03,宁夏·党报,枚举:中国经济网地方媒体导航 2026-10
media:ycrb.ycen.com.cn,media,银川日报,http://ycrb.ycen.com.cn/,ycrb.ycen.com.cn,probed-000,000,2026-10-03,宁夏·党报,枚举:中国经济网地方媒体导航 2026-10
media:www.szsnews.net,media,石嘴山日报,http://www.szsnews.net/,www.szsnews.net,probed-000,000,2026-10-03,宁夏·党报,枚举:中国经济网地方媒体导航 2026-10
media:www.chinawznews.net:8080,media,吴忠日报,http://www.chinawznews.net:8080/szb/paperindex.htm,www.chinawznews.net:8080,probed-000,000,2026-10-03,宁夏·党报,枚举:中国经济网地方媒体导航 2026-10
media:szb.guyuanzx.net,media,固原日报,http://szb.guyuanzx.net/,szb.guyuanzx.net,probed-2xx,200,2026-10-03,宁夏·党报,枚举:中国经济网地方媒体导航 2026-10
media:xjrb.ts.cn,media,新疆日报,https://xjrb.ts.cn/,xjrb.ts.cn,probed-2xx,200,2026-10-03,新疆·党报,枚举:中国经济网地方媒体导航 2026-10
media:epaper.bingtuannet.com,media,兵团日报,http://epaper.bingtuannet.com/,epaper.bingtuannet.com,probed-2xx,200,2026-10-03,新疆·党报,枚举:中国经济网地方媒体导航 2026-10
media:epaper.xinjiangnet.com.cn,media,乌鲁木齐晚报,http://epaper.xinjiangnet.com.cn/,epaper.xinjiangnet.com.cn,probed-000,000,2026-10-03,新疆·党报,枚举:中国经济网地方媒体导航 2026-10
media:epaper.kelamayi.com.cn,media,克拉玛依日报,http://epaper.kelamayi.com.cn/klmyrb/paperindex.htm,epaper.kelamayi.com.cn,probed-4xx,404,2026-10-03,新疆·党报,枚举:中国经济网地方媒体导航 2026-10
media:www.xjksrbh.com,media,喀什日报,http://www.xjksrbh.com/,www.xjksrbh.com,probed-000,000,2026-10-03,新疆·党报,枚举:中国经济网地方媒体导航 2026-10
media:epaper.tlfw.net,media,吐鲁番日报,http://epaper.tlfw.net/,epaper.tlfw.net,probed-000,000,2026-10-03,新疆·党报,枚举:中国经济网地方媒体导航 2026-10
media:per.boznews.com:8080,media,博尔塔拉报,http://per.boznews.com:8080/,per.boznews.com:8080,probed-000,000,2026-10-03,新疆·党报,枚举:中国经济网地方媒体导航 2026-10
media:218.31.200.249:92,media,昌吉日报,http://218.31.200.249:92/,218.31.200.249:92,probed-000,000,2026-10-03,新疆·党报,枚举:中国经济网地方媒体导航 2026-10
media:epaper.ylxw.com.cn,media,伊犁日报,http://epaper.ylxw.com.cn/user/ylrb.html,epaper.ylxw.com.cn,probed-000,000,2026-10-03,新疆·党报,枚举:中国经济网地方媒体导航 2026-10
media:bjwb.bjd.com.cn,media,北京晚报,http://bjwb.bjd.com.cn/,bjwb.bjd.com.cn,probed-000,000,2026-10-03,北京·晚报、都市报,枚举:中国经济网地方媒体导航 2026-10
media:epaper.jwb.com.cn,media,今晚报,http://epaper.jwb.com.cn/jwb/,epaper.jwb.com.cn,probed-000,000,2026-10-03,天津·晚报、都市报,枚举:中国经济网地方媒体导航 2026-10
media:yzdsb.hebnews.cn,media,燕赵都市报,http://yzdsb.hebnews.cn/,yzdsb.hebnews.cn,probed-2xx,200,2026-10-03,河北·晚报、都市报,枚举:中国经济网地方媒体导航 2026-10
media:yzwb.sjzdaily.com.cn,media,燕赵晚报,http://yzwb.sjzdaily.com.cn/,yzwb.sjzdaily.com.cn,probed-2xx,200,2026-10-03,河北·晚报、都市报,枚举:中国经济网地方媒体导航 2026-10
media:epaper.hehechengde.cn,media,承德晚报,http://epaper.hehechengde.cn/cdwb/,epaper.hehechengde.cn,probed-000,000,2026-10-03,河北·晚报、都市报,枚举:中国经济网地方媒体导航 2026-10
media:czwb.bohaitoday.com,media,沧州晚报,http://czwb.bohaitoday.com/,czwb.bohaitoday.com,probed-2xx,200,2026-10-03,河北·晚报、都市报,枚举:中国经济网地方媒体导航 2026-10
media:npaper.dtnews.cn,media,大同晚报,http://npaper.dtnews.cn/,npaper.dtnews.cn,probed-000,000,2026-10-03,山西·晚报、都市报,枚举:中国经济网地方媒体导航 2026-10
media:epaper.sxycrb.com,media,黄河晨报,http://epaper.sxycrb.com/hhcb,epaper.sxycrb.com,probed-000,000,2026-10-03,山西·晚报、都市报,枚举:中国经济网地方媒体导航 2026-10
media:paper.lfxww.com:8080,media,临汾晚报,http://paper.lfxww.com:8080/epaper/lfrbwbb/html,paper.lfxww.com:8080,probed-000,000,2026-10-03,山西·晚报、都市报,枚举:中国经济网地方媒体导航 2026-10
media:epaper.lvlnews.cn,media,吕梁晚报,http://epaper.lvlnews.cn/index.aspx?paperType=llwb,epaper.lvlnews.cn,probed-000,000,2026-10-03,山西·晚报、都市报,枚举:中国经济网地方媒体导航 2026-10
media:even.0245.cc,media,抚顺晚报,http://even.0245.cc,even.0245.cc,probed-000,000,2026-10-03,辽宁·晚报、都市报,枚举:中国经济网地方媒体导航 2026-10
media:news.liao1.com,media,华商晨报,http://news.liao1.com/epaper/hscb/,news.liao1.com,probed-000,000,2026-10-03,辽宁·晚报、都市报,枚举:中国经济网地方媒体导航 2026-10
media:ccwb.1news.cc,media,长春晚报,http://ccwb.1news.cc/,ccwb.1news.cc,probed-000,000,2026-10-03,吉林·晚报、都市报,枚举:中国经济网地方媒体导航 2026-10
media:enews.xwh.cn,media,新文化报,http://enews.xwh.cn/,enews.xwh.cn,probed-2xx,200,2026-10-03,吉林·晚报、都市报,枚举:中国经济网地方媒体导航 2026-10
media:xwb.my399.com,media,新晚报,http://xwb.my399.com/,xwb.my399.com,probed-000,000,2026-10-03,黑龙江·晚报、都市报,枚举:中国经济网地方媒体导航 2026-10
media:dqxmt.dqdaily.com,media,大庆晚报,http://dqxmt.dqdaily.com/dqwb,dqxmt.dqdaily.com,probed-000,000,2026-10-03,黑龙江·晚报、都市报,枚举:中国经济网地方媒体导航 2026-10
media:xmwb.xinmin.cn,media,新民晚报,http://xmwb.xinmin.cn/,xmwb.xinmin.cn,probed-000,000,2026-10-03,上海·晚报、都市报,枚举:中国经济网地方媒体导航 2026-10
media:ep.shxwcb.com,media,新闻晨报,https://ep.shxwcb.com/,ep.shxwcb.com,probed-2xx,200,2026-10-03,上海·晚报、都市报,枚举:中国经济网地方媒体导航 2026-10
media:epaper.yzwb.net,media,扬子晚报,http://epaper.yzwb.net,epaper.yzwb.net,probed-2xx,200,2026-10-03,江苏·晚报、都市报,枚举:中国经济网地方媒体导航 2026-10
media:jlwb.njnews.cn,media,金陵晚报,http://jlwb.njnews.cn/,jlwb.njnews.cn,probed-000,000,2026-10-03,江苏·晚报、都市报,枚举:中国经济网地方媒体导航 2026-10
media:epaper.sqdaily.com,media,宿迁晚报,http://epaper.sqdaily.com/sqwb/,epaper.sqdaily.com,probed-4xx,404,2026-10-03,江苏·晚报、都市报,枚举:中国经济网地方媒体导航 2026-10
media:paper.ycnews.cn,media,盐城晚报,http://paper.ycnews.cn/ycwb/,paper.ycnews.cn,probed-4xx,404,2026-10-03,江苏·晚报、都市报,枚举:中国经济网地方媒体导航 2026-10
media:epaper.wxrb.com,media,江南晚报,http://epaper.wxrb.com/,epaper.wxrb.com,probed-2xx,200,2026-10-03,江苏·晚报、都市报,枚举:中国经济网地方媒体导航 2026-10
media:dsb.66wz.com,media,温州都市报,http://dsb.66wz.com/,dsb.66wz.com,probed-000,000,2026-10-03,浙江·晚报、都市报,枚举:中国经济网地方媒体导航 2026-10
media:nhwb.cnjxol.com,media,南湖晚报,http://nhwb.cnjxol.com/,nhwb.cnjxol.com,probed-2xx,200,2026-10-03,浙江·晚报、都市报,枚举:中国经济网地方媒体导航 2026-10
media:xawb.epaper.ahwang.cn,media,新安晚报,http://xawb.epaper.ahwang.cn,xawb.epaper.ahwang.cn,probed-000,000,2026-10-03,安徽·晚报、都市报,枚举:中国经济网地方媒体导航 2026-10
media:epaper.hf365.com,media,合肥晚报,http://epaper.hf365.com/hfwb/,epaper.hf365.com,probed-000,000,2026-10-03,安徽·晚报、都市报,枚举:中国经济网地方媒体导航 2026-10
media:paper.fynews.net,media,颍州晚报,http://paper.fynews.net/shtml/index_yzwb.shtml,paper.fynews.net,probed-4xx,404,2026-10-03,安徽·晚报、都市报,枚举:中国经济网地方媒体导航 2026-10
media:szb.bozhou.cn,media,亳州晚报,http://szb.bozhou.cn/bzb/,szb.bozhou.cn,probed-2xx,200,2026-10-03,安徽·晚报、都市报,枚举:中国经济网地方媒体导航 2026-10
media:dzb.hxnews.com,media,海峡都市报,http://dzb.hxnews.com,dzb.hxnews.com,probed-2xx,200,2026-10-03,福建·晚报、都市报,枚举:中国经济网地方媒体导航 2026-10
media:epaper.taihainet.com,media,海峡导报,http://epaper.taihainet.com/,epaper.taihainet.com,probed-2xx,200,2026-10-03,福建·晚报、都市报,枚举:中国经济网地方媒体导航 2026-10
media:www.ptwbs.net,media,莆田晚报,http://www.ptwbs.net/,www.ptwbs.net,probed-4xx,412,2026-10-03,福建·晚报、都市报,枚举:中国经济网地方媒体导航 2026-10
media:szb.qzwb.com,media,泉州晚报,http://szb.qzwb.com/qzwb/,szb.qzwb.com,probed-2xx,200,2026-10-03,福建·晚报、都市报,枚举:中国经济网地方媒体导航 2026-10
media:jiangxi.jxnews.com.cn,media,江南都市报,http://jiangxi.jxnews.com.cn/pdf/jndsbfm/,jiangxi.jxnews.com.cn,probed-2xx,200,2026-10-03,江西·晚报、都市报,枚举:中国经济网地方媒体导航 2026-10
media:www.ncwbw.cn,media,南昌晚报,http://www.ncwbw.cn/paperindex.htm,www.ncwbw.cn,probed-2xx,200,2026-10-03,江西·晚报、都市报,枚举:中国经济网地方媒体导航 2026-10
media:xywb.jjxw.cn,media,浔阳晚报,http://xywb.jjxw.cn/,xywb.jjxw.cn,probed-2xx,200,2026-10-03,江西·晚报、都市报,枚举:中国经济网地方媒体导航 2026-10
media:epaper.qlwb.com.cn,media,齐鲁晚报,http://epaper.qlwb.com.cn/,epaper.qlwb.com.cn,probed-5xx,504,2026-10-03,山东·晚报、都市报,枚举:中国经济网地方媒体导航 2026-10
media:ytwb.shm.com.cn,media,烟台晚报,http://ytwb.shm.com.cn/,ytwb.shm.com.cn,probed-000,000,2026-10-03,山东·晚报、都市报,枚举:中国经济网地方媒体导航 2026-10
media:wfwb.wfnews.com.cn,media,潍坊晚报,http://wfwb.wfnews.com.cn/content/,wfwb.wfnews.com.cn,probed-4xx,403,2026-10-03,山东·晚报、都市报,枚举:中国经济网地方媒体导航 2026-10
media:epaper.jn001.com,media,济宁晚报,http://epaper.jn001.com/,epaper.jn001.com,probed-000,000,2026-10-03,山东·晚报、都市报,枚举:中国经济网地方媒体导航 2026-10
media:newspaper.tswb.cc,media,泰山晚报,http://newspaper.tswb.cc/,newspaper.tswb.cc,probed-2xx,200,2026-10-03,山东·晚报、都市报,枚举:中国经济网地方媒体导航 2026-10
media:epaper.langya.cn,media,沂蒙晚报,http://epaper.langya.cn/shtml/index_ymwb.shtml,epaper.langya.cn,probed-000,000,2026-10-03,山东·晚报、都市报,枚举:中国经济网地方媒体导航 2026-10
media:lcwb.lcxw.cn,media,聊城晚报,http://lcwb.lcxw.cn/,lcwb.lcxw.cn,probed-000,000,2026-10-03,山东·晚报、都市报,枚举:中国经济网地方媒体导航 2026-10
media:zzwb.zynews.com,media,郑州晚报,http://zzwb.zynews.com/,zzwb.zynews.com,probed-000,000,2026-10-03,河南·晚报、都市报,枚举:中国经济网地方媒体导航 2026-10
media:lywb.lyd.com.cn,media,洛阳晚报,http://lywb.lyd.com.cn/,lywb.lyd.com.cn,probed-2xx,200,2026-10-03,河南·晚报、都市报,枚举:中国经济网地方媒体导航 2026-10
media:wb.xxrb.com.cn,media,平原晚报,http://wb.xxrb.com.cn/,wb.xxrb.com.cn,probed-000,000,2026-10-03,河南·晚报、都市报,枚举:中国经济网地方媒体导航 2026-10
media:wanbao.xyxww.com.cn,media,信阳晚报,http://wanbao.xyxww.com.cn/,wanbao.xyxww.com.cn,probed-2xx,200,2026-10-03,河南·晚报、都市报,枚举:中国经济网地方媒体导航 2026-10
media:ctdsb.cnhubei.com,media,楚天都市报,http://ctdsb.cnhubei.com/cache/paper_ctdsb.aspx,ctdsb.cnhubei.com,probed-000,000,2026-10-03,湖北·晚报、都市报,枚举:中国经济网地方媒体导航 2026-10
media:whwb.cjn.cn,media,武汉晚报,http://whwb.cjn.cn/,whwb.cjn.cn,probed-000,000,2026-10-03,湖北·晚报、都市报,枚举:中国经济网地方媒体导航 2026-10
media:sywb.10yan.com,media,十堰晚报,http://sywb.10yan.com/,sywb.10yan.com,probed-2xx,200,2026-10-03,湖北·晚报、都市报,枚举:中国经济网地方媒体导航 2026-10
media:61.136.223.243:8001,media,三峡商报,http://61.136.223.243:8001/shtml/index_sxsb.shtml,61.136.223.243:8001,probed-000,000,2026-10-03,湖北·晚报、都市报,枚举:中国经济网地方媒体导航 2026-10
media:xywb.hj.cn,media,襄阳晚报,http://xywb.hj.cn/,xywb.hj.cn,probed-2xx,200,2026-10-03,湖北·晚报、都市报,枚举:中国经济网地方媒体导航 2026-10
media:wb.hgdaily.com.cn,media,鄂东晚报,http://wb.hgdaily.com.cn/,wb.hgdaily.com.cn,probed-000,000,2026-10-03,湖北·晚报、都市报,枚举:中国经济网地方媒体导航 2026-10
media:cswb.changsha.cn,media,长沙晚报,http://cswb.changsha.cn/,cswb.changsha.cn,probed-000,000,2026-10-03,湖南·晚报、都市报,枚举:中国经济网地方媒体导航 2026-10
media:cdwb.cdyee.com,media,常德晚报,http://cdwb.cdyee.com/,cdwb.cdyee.com,probed-2xx,200,2026-10-03,湖南·晚报、都市报,枚举:中国经济网地方媒体导航 2026-10
media:ldwb.xxcmw.com,media,娄底晚报,http://ldwb.xxcmw.com/,ldwb.xxcmw.com,probed-000,000,2026-10-03,湖南·晚报、都市报,枚举:中国经济网地方媒体导航 2026-10
media:ep.ycwb.com,media,羊城晚报,http://ep.ycwb.com/epaper/ycwb/,ep.ycwb.com,probed-2xx,200,2026-10-03,广东·晚报、都市报,枚举:中国经济网地方媒体导航 2026-10
media:szsb.sznews.com,media,深圳商报,http://szsb.sznews.com/,szsb.sznews.com,probed-2xx,200,2026-10-03,广东·晚报、都市报,枚举:中国经济网地方媒体导航 2026-10
media:wb.sznews.com,media,深圳晚报,http://wb.sznews.com/,wb.sznews.com,probed-2xx,200,2026-10-03,广东·晚报、都市报,枚举:中国经济网地方媒体导航 2026-10
media:www.zjwb.com.cn,media,珠江晚报,http://www.zjwb.com.cn/,www.zjwb.com.cn,probed-2xx,200,2026-10-03,广东·晚报、都市报,枚举:中国经济网地方媒体导航 2026-10
media:enewspaper.hynews.org,media,河源晚报,http://enewspaper.hynews.org/,enewspaper.hynews.org,probed-000,000,2026-10-03,广东·晚报、都市报,枚举:中国经济网地方媒体导航 2026-10
media:dgtimes.timedg.com,media,东莞时报,http://dgtimes.timedg.com/,dgtimes.timedg.com,probed-2xx,200,2026-10-03,广东·晚报、都市报,枚举:中国经济网地方媒体导航 2026-10
media:szb.nanhaitoday.com,media,珠江时报,http://szb.nanhaitoday.com/zjsb/paperindex.htm,szb.nanhaitoday.com,probed-000,000,2026-10-03,广东·晚报、都市报,枚举:中国经济网地方媒体导航 2026-10
media:paper.mm111.net,media,茂名晚报,http://paper.mm111.net/,paper.mm111.net,probed-2xx,200,2026-10-03,广东·晚报、都市报,枚举:中国经济网地方媒体导航 2026-10
media:ngzb.gxnews.com.cn,media,南国早报,http://ngzb.gxnews.com.cn/,ngzb.gxnews.com.cn,probed-000,000,2026-10-03,广西·晚报、都市报,枚举:中国经济网地方媒体导航 2026-10
media:www.nnwb.com,media,南宁晚报,http://www.nnwb.com/,www.nnwb.com,probed-2xx,200,2026-10-03,广西·晚报、都市报,枚举:中国经济网地方媒体导航 2026-10
media:www.lznews.gov.cn:9999,media,柳州晚报,http://www.lznews.gov.cn:9999/epaper/lzwb/html,www.lznews.gov.cn:9999,probed-000,000,2026-10-03,广西·晚报、都市报,枚举:中国经济网地方媒体导航 2026-10
media:db.qina.cc,media,北部湾晨报,http://db.qina.cc/a/bbwcb/,db.qina.cc,probed-2xx,200,2026-10-03,广西·晚报、都市报,枚举:中国经济网地方媒体导航 2026-10
media:epaper.gxylnews.com:8080,media,玉林晚报,http://epaper.gxylnews.com:8080/epaper/ylwb/html/,epaper.gxylnews.com:8080,probed-4xx,403,2026-10-03,广西·晚报、都市报,枚举:中国经济网地方媒体导航 2026-10
media:www.chhzm.cn,media,贺州晚报,http://www.chhzm.cn/epaper/hzwb/Index.htm,www.chhzm.cn,probed-000,000,2026-10-03,广西·晚报、都市报,枚举:中国经济网地方媒体导航 2026-10
media:www.hntqb.com,media,海南特区报,http://www.hntqb.com/,www.hntqb.com,probed-2xx,200,2026-10-03,海南·晚报、都市报,枚举:中国经济网地方媒体导航 2026-10
media:ngdsb.hinews.cn,media,南国都市报,http://ngdsb.hinews.cn/,ngdsb.hinews.cn,probed-000,000,2026-10-03,海南·晚报、都市报,枚举:中国经济网地方媒体导航 2026-10
media:www.cqwb.com.cn,media,重庆晚报,http://www.cqwb.com.cn/cqwb/paperindex.htm,www.cqwb.com.cn,probed-000,000,2026-10-03,重庆·晚报、都市报,枚举:中国经济网地方媒体导航 2026-10
media:epaper.cqcb.com,media,重庆晨报,http://epaper.cqcb.com/,epaper.cqcb.com,probed-2xx,200,2026-10-03,重庆·晚报、都市报,枚举:中国经济网地方媒体导航 2026-10
media:www.wccdaily.com.cn,media,华西都市报,http://www.wccdaily.com.cn/,www.wccdaily.com.cn,probed-2xx,200,2026-10-03,四川·晚报、都市报,枚举:中国经济网地方媒体导航 2026-10
media:www.cdwb.com.cn,media,成都晚报,http://www.cdwb.com.cn/paperindex.htm,www.cdwb.com.cn,probed-000,000,2026-10-03,四川·晚报、都市报,枚举:中国经济网地方媒体导航 2026-10
media:rb.dywang.cn,media,德阳晚报,http://rb.dywang.cn,rb.dywang.cn,probed-000,000,2026-10-03,四川·晚报、都市报,枚举:中国经济网地方媒体导航 2026-10
media:epaper.su-long.com,media,绵阳晚报,http://epaper.su-long.com/mywb/paperindex.htm,epaper.su-long.com,probed-000,000,2026-10-03,四川·晚报、都市报,枚举:中国经济网地方媒体导航 2026-10
media:snrb.snxw.com,media,遂宁晚刊,http://snrb.snxw.com/sczm.html,snrb.snxw.com,probed-4xx,404,2026-10-03,四川·晚报、都市报,枚举:中国经济网地方媒体导航 2026-10
media:ncwb.cnncw.cn,media,南充晚报,http://ncwb.cnncw.cn/index.shtml,ncwb.cnncw.cn,probed-000,000,2026-10-03,四川·晚报、都市报,枚举:中国经济网地方媒体导航 2026-10
media:ybwbep.jj831.com,media,宜宾晚报,http://ybwbep.jj831.com/,ybwbep.jj831.com,probed-000,000,2026-10-03,四川·晚报、都市报,枚举:中国经济网地方媒体导航 2026-10
media:dsb.gzdsw.com,media,贵州都市报,http://dsb.gzdsw.com,dsb.gzdsw.com,probed-2xx,200,2026-10-03,贵州·晚报、都市报,枚举:中国经济网地方媒体导航 2026-10
media:wb.gywb.cn,media,贵阳晚报,http://wb.gywb.cn/epaper/gywb/index.htm,wb.gywb.cn,probed-2xx,200,2026-10-03,贵州·晚报、都市报,枚举:中国经济网地方媒体导航 2026-10
media:ccwb.yunnan.cn,media,春城晚报,http://ccwb.yunnan.cn/paperindex.htm,ccwb.yunnan.cn,probed-4xx,404,2026-10-03,云南·晚报、都市报,枚举:中国经济网地方媒体导航 2026-10
media:times.clzg.cn,media,都市时报,http://times.clzg.cn/html/node_301.htm,times.clzg.cn,probed-2xx,200,2026-10-03,云南·晚报、都市报,枚举:中国经济网地方媒体导航 2026-10
media:epaper.chinatibetnews.com,media,西藏商报,http://epaper.chinatibetnews.com/xzsb/,epaper.chinatibetnews.com,probed-000,000,2026-10-03,西藏·晚报、都市报,枚举:中国经济网地方媒体导航 2026-10
media:esqb.sanqindaily.com,media,三秦都市报,http://esqb.sanqindaily.com/,esqb.sanqindaily.com,probed-000,000,2026-10-03,陕西·晚报、都市报,枚举:中国经济网地方媒体导航 2026-10
media:www.xbsb.com.cn,media,西部商报,http://www.xbsb.com.cn/site1/XBSB/paperindex.htm,www.xbsb.com.cn,probed-4xx,404,2026-10-03,甘肃·晚报、都市报,枚举:中国经济网地方媒体导航 2026-10
media:www.lzcbnews.com,media,兰州晨报,http://www.lzcbnews.com/paperindex.htm,www.lzcbnews.com,probed-4xx,404,2026-10-03,甘肃·晚报、都市报,枚举:中国经济网地方媒体导航 2026-10
media:wb.lzbs.com.cn,media,兰州晚报,http://wb.lzbs.com.cn,wb.lzbs.com.cn,probed-000,000,2026-10-03,甘肃·晚报、都市报,枚举:中国经济网地方媒体导航 2026-10
media:sz.nxnews.net,media,新消息报,http://sz.nxnews.net/xxxb/,sz.nxnews.net,probed-000,000,2026-10-03,宁夏·晚报、都市报,枚举:中国经济网地方媒体导航 2026-10
media:szb.ycen.com.cn,media,银川晚报,http://szb.ycen.com.cn/,szb.ycen.com.cn,probed-000,000,2026-10-03,宁夏·晚报、都市报,枚举:中国经济网地方媒体导航 2026-10
media:epaper.xjdaily.com,media,新疆都市报,http://epaper.xjdaily.com/index.aspx?paperType=xjdsb,epaper.xjdaily.com,probed-000,000,2026-10-03,新疆·晚报、都市报,枚举:中国经济网地方媒体导航 2026-10
media:www.people.com.cn,media,人民网,http://www.people.com.cn/,www.people.com.cn,probed-2xx,200,2026-10-03,央媒·人民日报社,枚举:央媒·行业媒体补充 2026-10
media:paper.people.com.cn,media,人民日报数字报,http://paper.people.com.cn/,paper.people.com.cn,probed-2xx,200,2026-10-03,央媒·人民日报社·数字报,枚举:央媒·行业媒体补充 2026-10
media:www.huanqiu.com,media,环球网,https://www.huanqiu.com/,www.huanqiu.com,probed-2xx,200,2026-10-03,央媒·人民日报社·环球时报,枚举:央媒·行业媒体补充 2026-10
media:www.haiwainet.cn,media,海外网,http://www.haiwainet.cn/,www.haiwainet.cn,probed-2xx,200,2026-10-03,央媒·人民日报社·海外版,枚举:央媒·行业媒体补充 2026-10
media:www.rmlt.com.cn,media,人民论坛网,http://www.rmlt.com.cn/,www.rmlt.com.cn,probed-2xx,200,2026-10-03,央媒·人民日报社·人民论坛,枚举:央媒·行业媒体补充 2026-10
media:www.news.cn,media,新华网,http://www.news.cn/,www.news.cn,probed-2xx,200,2026-10-03,央媒·新华社,枚举:央媒·行业媒体补充 2026-10
media:www.xinhuanet.com,media,新华社,http://www.xinhuanet.com/,www.xinhuanet.com,probed-2xx,200,2026-10-03,央媒·新华社,枚举:央媒·行业媒体补充 2026-10
media:www.cctv.com,media,央视网,https://www.cctv.com/,www.cctv.com,probed-2xx,200,2026-10-03,央媒·中央广播电视总台,枚举:央媒·行业媒体补充 2026-10
media:news.cctv.com,media,央视新闻,https://news.cctv.com/,news.cctv.com,probed-2xx,200,2026-10-03,央媒·中央广播电视总台,枚举:央媒·行业媒体补充 2026-10
media:www.cnr.cn,media,央广网,http://www.cnr.cn/,www.cnr.cn,probed-2xx,200,2026-10-03,央媒·中央广播电视总台,枚举:央媒·行业媒体补充 2026-10
media:www.cri.cn,media,国际在线,http://www.cri.cn/,www.cri.cn,probed-2xx,200,2026-10-03,央媒·中央广播电视总台,枚举:央媒·行业媒体补充 2026-10
media:www.china.com.cn,media,中国网,http://www.china.com.cn/,www.china.com.cn,probed-2xx,200,2026-10-03,央媒·中国外文局,枚举:央媒·行业媒体补充 2026-10
media:www.gmw.cn,media,光明网,https://www.gmw.cn/,www.gmw.cn,probed-2xx,200,2026-10-03,央媒·光明日报社,枚举:央媒·行业媒体补充 2026-10
media:epaper.gmw.cn,media,光明日报数字报,http://epaper.gmw.cn/,epaper.gmw.cn,probed-2xx,200,2026-10-03,央媒·光明日报社·数字报,枚举:央媒·行业媒体补充 2026-10
media:www.ce.cn,media,中国经济网,http://www.ce.cn/,www.ce.cn,probed-2xx,200,2026-10-03,央媒·经济日报社,枚举:央媒·行业媒体补充 2026-10
media:paper.ce.cn,media,经济日报数字报,http://paper.ce.cn/,paper.ce.cn,probed-2xx,200,2026-10-03,央媒·经济日报社·数字报,枚举:央媒·行业媒体补充 2026-10
media:www.chinadaily.com.cn,media,中国日报,https://www.chinadaily.com.cn/,www.chinadaily.com.cn,probed-2xx,200,2026-10-03,央媒·中国日报社,枚举:央媒·行业媒体补充 2026-10
media:cn.chinadaily.com.cn,media,中国日报中文网,http://cn.chinadaily.com.cn/,cn.chinadaily.com.cn,probed-2xx,200,2026-10-03,央媒·中国日报社,枚举:央媒·行业媒体补充 2026-10
media:www.chinanews.com.cn,media,中国新闻网,https://www.chinanews.com.cn/,www.chinanews.com.cn,probed-2xx,200,2026-10-03,央媒·中国新闻社,枚举:央媒·行业媒体补充 2026-10
media:www.chinanews.com,media,中国新闻社,http://www.chinanews.com/,www.chinanews.com,probed-2xx,200,2026-10-03,央媒·中国新闻社,枚举:央媒·行业媒体补充 2026-10
media:www.workercn.cn,media,中工网,https://www.workercn.cn/,www.workercn.cn,probed-2xx,200,2026-10-03,央媒·工人日报社,枚举:央媒·行业媒体补充 2026-10
media:www.cyol.com,media,中青在线,http://www.cyol.com/,www.cyol.com,probed-2xx,200,2026-10-03,央媒·中国青年报社,枚举:央媒·行业媒体补充 2026-10
media:www.youth.cn,media,中国青年网,https://www.youth.cn/,www.youth.cn,probed-2xx,200,2026-10-03,央媒·共青团中央,枚举:央媒·行业媒体补充 2026-10
media:www.legaldaily.com.cn,media,法治网,http://www.legaldaily.com.cn/,www.legaldaily.com.cn,probed-2xx,200,2026-10-03,央媒·法治日报社,枚举:央媒·行业媒体补充 2026-10
media:www.farmer.com.cn,media,农民日报,https://www.farmer.com.cn/,www.farmer.com.cn,probed-2xx,200,2026-10-03,央媒·农民日报社,枚举:央媒·行业媒体补充 2026-10
media:www.stdaily.com,media,科技日报,http://www.stdaily.com/,www.stdaily.com,probed-2xx,200,2026-10-03,央媒·科技日报社,枚举:央媒·行业媒体补充 2026-10
media:www.81.cn,media,中国军网,http://www.81.cn/,www.81.cn,probed-2xx,200,2026-10-03,央媒·解放军报社,枚举:央媒·行业媒体补充 2026-10
media:www.cnwomen.com.cn,media,中国妇女网,http://www.cnwomen.com.cn/,www.cnwomen.com.cn,probed-2xx,200,2026-10-03,央媒·中国妇女报社,枚举:央媒·行业媒体补充 2026-10
media:www.rmzxw.com.cn,media,人民政协网,http://www.rmzxw.com.cn/,www.rmzxw.com.cn,probed-2xx,200,2026-10-03,央媒·人民政协报社,枚举:央媒·行业媒体补充 2026-10
media:www.studytimes.cn,media,学习时报,http://www.studytimes.cn/,www.studytimes.cn,probed-2xx,200,2026-10-03,央媒·中央党校,枚举:央媒·行业媒体补充 2026-10
media:www.banyuetan.org,media,半月谈网,http://www.banyuetan.org/,www.banyuetan.org,probed-2xx,200,2026-10-03,央媒·新华社,枚举:央媒·行业媒体补充 2026-10
media:www.qstheory.cn,media,求是网,http://www.qstheory.cn/,www.qstheory.cn,probed-2xx,200,2026-10-03,央媒·求是杂志社,枚举:央媒·行业媒体补充 2026-10
media:www.dangjian.cn,media,党建网,http://www.dangjian.cn/,www.dangjian.cn,probed-2xx,200,2026-10-03,央媒·中宣部《党建》,枚举:央媒·行业媒体补充 2026-10
media:www.qizhiwang.org.cn,media,旗帜网,http://www.qizhiwang.org.cn/,www.qizhiwang.org.cn,probed-2xx,200,2026-10-03,央媒·中央和国家机关工委,枚举:央媒·行业媒体补充 2026-10
media:www.wenming.cn,media,中国文明网,http://www.wenming.cn/,www.wenming.cn,probed-2xx,200,2026-10-03,央媒·中宣部,枚举:央媒·行业媒体补充 2026-10
media:www.taiwan.cn,media,中国台湾网,http://www.taiwan.cn/,www.taiwan.cn,probed-2xx,200,2026-10-03,央媒·国台办,枚举:央媒·行业媒体补充 2026-10
media:www.k618.cn,media,未来网,http://www.k618.cn/,www.k618.cn,probed-2xx,200,2026-10-03,央媒·共青团中央,枚举:央媒·行业媒体补充 2026-10
media:www.jyb.cn,media,中国教育报,http://www.jyb.cn/,www.jyb.cn,probed-000,000,2026-10-03,央媒·教育部,枚举:央媒·行业媒体补充 2026-10
media:www.sciencenet.cn,media,中国科学报/科学网,http://www.sciencenet.cn/,www.sciencenet.cn,probed-2xx,200,2026-10-03,央媒·中科院,枚举:央媒·行业媒体补充 2026-10
media:www.cfen.com.cn,media,中国财经报,http://www.cfen.com.cn/,www.cfen.com.cn,probed-2xx,200,2026-10-03,央媒·财政部,枚举:央媒·行业媒体补充 2026-10
media:www.ctaxnews.com.cn,media,中国税务报,http://www.ctaxnews.com.cn/,www.ctaxnews.com.cn,probed-2xx,200,2026-10-03,央媒·国家税务总局,枚举:央媒·行业媒体补充 2026-10
media:www.cmrnn.com.cn,media,中国市场监管报,http://www.cmrnn.com.cn/,www.cmrnn.com.cn,probed-2xx,200,2026-10-03,央媒·市场监管总局,枚举:央媒·行业媒体补充 2026-10
media:www.cqn.com.cn,media,中国质量报,http://www.cqn.com.cn/,www.cqn.com.cn,probed-2xx,200,2026-10-03,央媒·市场监管总局,枚举:央媒·行业媒体补充 2026-10
media:www.jkb.com.cn,media,健康报,http://www.jkb.com.cn/,www.jkb.com.cn,probed-2xx,200,2026-10-03,央媒·国家卫健委,枚举:央媒·行业媒体补充 2026-10
media:www.cenews.com.cn,media,中国环境报,http://www.cenews.com.cn/,www.cenews.com.cn,probed-2xx,200,2026-10-03,央媒·生态环境部,枚举:央媒·行业媒体补充 2026-10
media:www.zgjtb.com,media,中国交通报,http://www.zgjtb.com/,www.zgjtb.com,probed-2xx,200,2026-10-03,央媒·交通运输部,枚举:央媒·行业媒体补充 2026-10
media:www.chinawater.com.cn,media,中国水利报,http://www.chinawater.com.cn/,www.chinawater.com.cn,probed-2xx,200,2026-10-03,央媒·水利部,枚举:央媒·行业媒体补充 2026-10
media:www.cpnn.com.cn,media,中国电力报,http://www.cpnn.com.cn/,www.cpnn.com.cn,probed-000,000,2026-10-03,央媒·国家能源局,枚举:央媒·行业媒体补充 2026-10
media:www.cnii.com.cn,media,人民邮电报,http://www.cnii.com.cn/,www.cnii.com.cn,probed-2xx,200,2026-10-03,央媒·工信部,枚举:央媒·行业媒体补充 2026-10
media:www.ctnews.com.cn,media,中国旅游报,http://www.ctnews.com.cn/,www.ctnews.com.cn,probed-2xx,200,2026-10-03,央媒·文化和旅游部,枚举:央媒·行业媒体补充 2026-10
media:www.ccdy.cn,media,中国文化报,http://www.ccdy.cn/,www.ccdy.cn,probed-000,000,2026-10-03,央媒·文化和旅游部,枚举:央媒·行业媒体补充 2026-10
media:www.chinawriter.com.cn,media,文艺报,http://www.chinawriter.com.cn/,www.chinawriter.com.cn,probed-2xx,200,2026-10-03,央媒·中国作协,枚举:央媒·行业媒体补充 2026-10
media:www.chinaxwcb.com,media,中国新闻出版广电报,http://www.chinaxwcb.com/,www.chinaxwcb.com,probed-2xx,200,2026-10-03,央媒·国家新闻出版署,枚举:央媒·行业媒体补充 2026-10
media:www.cnipr.com,media,中国知识产权报,http://www.cnipr.com/,www.cnipr.com,probed-2xx,200,2026-10-03,央媒·国家知识产权局,枚举:央媒·行业媒体补充 2026-10
media:www.comnews.cn,media,国际商报,http://www.comnews.cn/,www.comnews.cn,probed-2xx,200,2026-10-03,央媒·商务部,枚举:央媒·行业媒体补充 2026-10
media:www.zgswcn.com,media,中国商报,http://www.zgswcn.com/,www.zgswcn.com,probed-2xx,200,2026-10-03,行业报·中国商业联合会,枚举:央媒·行业媒体补充 2026-10
media:www.xfrb.com.cn,media,消费日报,http://www.xfrb.com.cn/,www.xfrb.com.cn,probed-2xx,200,2026-10-03,行业报·中国轻工业联合会,枚举:央媒·行业媒体补充 2026-10
media:www.ccn.com.cn,media,中国消费者报,http://www.ccn.com.cn/,www.ccn.com.cn,probed-5xx,521,2026-10-03,行业报·市场监管总局,枚举:央媒·行业媒体补充 2026-10
media:www.cnpharm.com,media,中国医药报,http://www.cnpharm.com/,www.cnpharm.com,probed-2xx,200,2026-10-03,行业报·国家药监局,枚举:央媒·行业媒体补充 2026-10
media:www.zgqxb.com.cn,media,中国气象报,http://www.zgqxb.com.cn/,www.zgqxb.com.cn,probed-2xx,200,2026-10-03,行业报·中国气象局,枚举:央媒·行业媒体补充 2026-10
media:www.ceh.com.cn,media,中国经济导报,http://www.ceh.com.cn/,www.ceh.com.cn,probed-2xx,200,2026-10-03,行业报·国家发改委,枚举:央媒·行业媒体补充 2026-10
media:www.chinajsb.cn,media,中国建设报,http://www.chinajsb.cn/,www.chinajsb.cn,probed-2xx,200,2026-10-03,行业报·住建部,枚举:央媒·行业媒体补充 2026-10
media:www.greentimes.com,media,中国绿色时报,http://www.greentimes.com/,www.greentimes.com,probed-000,000,2026-10-03,行业报·国家林草局,枚举:央媒·行业媒体补充 2026-10
media:www.ccoalnews.com,media,中国煤炭报,http://www.ccoalnews.com/,www.ccoalnews.com,probed-000,000,2026-10-03,行业报·中国煤炭工业协会,枚举:央媒·行业媒体补充 2026-10
media:www.csteelnews.com,media,中国冶金报,http://www.csteelnews.com/,www.csteelnews.com,probed-2xx,200,2026-10-03,行业报·中国钢铁工业协会,枚举:央媒·行业媒体补充 2026-10
media:www.ccin.com.cn,media,中国化工报,http://www.ccin.com.cn/,www.ccin.com.cn,probed-2xx,200,2026-10-03,行业报·中国石油和化学工业联合会,枚举:央媒·行业媒体补充 2026-10
media:www.sinopecnews.com.cn,media,中国石化报,http://www.sinopecnews.com.cn/,www.sinopecnews.com.cn,probed-2xx,200,2026-10-03,行业报·中国石化,枚举:央媒·行业媒体补充 2026-10
media:news.cnpc.com.cn,media,中国石油报,http://news.cnpc.com.cn/,news.cnpc.com.cn,probed-2xx,200,2026-10-03,行业报·中国石油,枚举:央媒·行业媒体补充 2026-10
media:www.chinapostnews.com.cn,media,中国邮政报,http://www.chinapostnews.com.cn/,www.chinapostnews.com.cn,probed-2xx,200,2026-10-03,行业报·中国邮政,枚举:央媒·行业媒体补充 2026-10
media:www.caacnews.com.cn,media,中国民航报,http://www.caacnews.com.cn/,www.caacnews.com.cn,probed-2xx,200,2026-10-03,行业报·民航局,枚举:央媒·行业媒体补充 2026-10
media:www.cnautonews.com,media,中国汽车报,http://www.cnautonews.com/,www.cnautonews.com,probed-2xx,200,2026-10-03,行业报·中国汽车工业协会,枚举:央媒·行业媒体补充 2026-10
media:www.cena.com.cn,media,中国电子报,http://www.cena.com.cn/,www.cena.com.cn,probed-2xx,200,2026-10-03,行业报·工信部,枚举:央媒·行业媒体补充 2026-10
media:www.ccidcom.com,media,通信产业报,http://www.ccidcom.com/,www.ccidcom.com,probed-2xx,200,2026-10-03,行业报·工信部,枚举:央媒·行业媒体补充 2026-10
media:www.mzb.com.cn,media,中国民族报,http://www.mzb.com.cn/,www.mzb.com.cn,probed-2xx,200,2026-10-03,行业报·国家民委,枚举:央媒·行业媒体补充 2026-10
media:www.cntcm.com.cn,media,中国中医药报,http://www.cntcm.com.cn/,www.cntcm.com.cn,probed-2xx,200,2026-10-03,行业报·国家中医药局,枚举:央媒·行业媒体补充 2026-10
media:www.financialnews.com.cn,media,金融时报,http://www.financialnews.com.cn/,www.financialnews.com.cn,probed-2xx,200,2026-10-03,行业报·中国人民银行,枚举:央媒·行业媒体补充 2026-10
media:www.zqrb.cn,media,证券日报,http://www.zqrb.cn/,www.zqrb.cn,probed-2xx,200,2026-10-03,财经媒体,枚举:央媒·行业媒体补充 2026-10
media:www.stcn.com,media,证券时报,https://www.stcn.com/,www.stcn.com,probed-2xx,200,2026-10-03,财经媒体,枚举:央媒·行业媒体补充 2026-10
media:www.cs.com.cn,media,中国证券报,http://www.cs.com.cn/,www.cs.com.cn,probed-000,000,2026-10-03,财经媒体,枚举:央媒·行业媒体补充 2026-10
media:www.cnstock.com,media,上海证券报,https://www.cnstock.com/,www.cnstock.com,probed-2xx,200,2026-10-03,财经媒体,枚举:央媒·行业媒体补充 2026-10
media:www.jjckb.cn,media,经济参考报,http://www.jjckb.cn/,www.jjckb.cn,probed-2xx,200,2026-10-03,央媒·新华社,枚举:央媒·行业媒体补充 2026-10
media:www.cb.com.cn,media,中国经营报,http://www.cb.com.cn/,www.cb.com.cn,probed-5xx,521,2026-10-03,财经媒体,枚举:央媒·行业媒体补充 2026-10
media:www.21jingji.com,media,21世纪经济报道,https://www.21jingji.com/,www.21jingji.com,probed-2xx,200,2026-10-03,财经媒体,枚举:央媒·行业媒体补充 2026-10
media:www.yicai.com,media,第一财经,https://www.yicai.com/,www.yicai.com,probed-2xx,200,2026-10-03,财经媒体,枚举:央媒·行业媒体补充 2026-10
media:www.caixin.com,media,财新网,https://www.caixin.com/,www.caixin.com,probed-2xx,200,2026-10-03,财经媒体,枚举:央媒·行业媒体补充 2026-10
media:www.nbd.com.cn,media,每日经济新闻,https://www.nbd.com.cn/,www.nbd.com.cn,probed-2xx,200,2026-10-03,财经媒体,枚举:央媒·行业媒体补充 2026-10
media:www.chinatimes.net.cn,media,华夏时报,https://www.chinatimes.net.cn/,www.chinatimes.net.cn,probed-2xx,200,2026-10-03,财经媒体,枚举:央媒·行业媒体补充 2026-10
media:www.time-weekly.com,media,时代周报,https://www.time-weekly.com/,www.time-weekly.com,probed-2xx,200,2026-10-03,财经媒体,枚举:央媒·行业媒体补充 2026-10
media:www.eeo.com.cn,media,经济观察网,http://www.eeo.com.cn/,www.eeo.com.cn,probed-2xx,200,2026-10-03,财经媒体,枚举:央媒·行业媒体补充 2026-10
media:www.caijing.com.cn,media,财经网,http://www.caijing.com.cn/,www.caijing.com.cn,probed-2xx,200,2026-10-03,财经媒体,枚举:央媒·行业媒体补充 2026-10
media:www.jiemian.com,media,界面新闻,https://www.jiemian.com/,www.jiemian.com,probed-2xx,200,2026-10-03,财经媒体,枚举:央媒·行业媒体补充 2026-10
media:www.cls.cn,media,财联社,https://www.cls.cn/,www.cls.cn,probed-2xx,200,2026-10-03,财经媒体,枚举:央媒·行业媒体补充 2026-10
media:wallstreetcn.com,media,华尔街见闻,https://wallstreetcn.com/,wallstreetcn.com,probed-2xx,200,2026-10-03,财经媒体,枚举:央媒·行业媒体补充 2026-10
media:www.guancha.cn,media,观察者网,https://www.guancha.cn/,www.guancha.cn,probed-2xx,200,2026-10-03,综合媒体,枚举:央媒·行业媒体补充 2026-10
media:www.thepaper.cn,media,澎湃新闻,https://www.thepaper.cn/,www.thepaper.cn,probed-2xx,200,2026-10-03,上海报业集团,枚举:央媒·行业媒体补充 2026-10
media:www.bjnews.com.cn,media,新京报网,https://www.bjnews.com.cn/,www.bjnews.com.cn,probed-2xx,200,2026-10-03,北京·新京报社,枚举:央媒·行业媒体补充 2026-10
media:www.infzm.com,media,南方周末,http://www.infzm.com/,www.infzm.com,probed-2xx,200,2026-10-03,广东·南方报业,枚举:央媒·行业媒体补充 2026-10
media:www.oeeee.com,media,南方都市报,https://www.oeeee.com/,www.oeeee.com,probed-2xx,200,2026-10-03,广东·南方报业,枚举:央媒·行业媒体补充 2026-10
media:www.lifeweek.com.cn,media,三联生活周刊,http://www.lifeweek.com.cn/,www.lifeweek.com.cn,probed-2xx,200,2026-10-03,期刊,枚举:央媒·行业媒体补充 2026-10
media:www.inewsweek.cn,media,中国新闻周刊,http://www.inewsweek.cn/,www.inewsweek.cn,probed-2xx,200,2026-10-03,央媒·中国新闻社,枚举:央媒·行业媒体补充 2026-10
media:www.lwgcw.com,media,瞭望周刊,http://www.lwgcw.com/,www.lwgcw.com,probed-2xx,200,2026-10-03,央媒·新华社,枚举:央媒·行业媒体补充 2026-10
media:www.vistastory.com,media,Vista看天下,http://www.vistastory.com/,www.vistastory.com,probed-2xx,200,2026-10-03,期刊,枚举:央媒·行业媒体补充 2026-10
media:www.nfpeople.com,media,南方人物周刊,http://www.nfpeople.com/,www.nfpeople.com,probed-2xx,200,2026-10-03,广东·南方报业,枚举:央媒·行业媒体补充 2026-10
media:www.cnenergynews.cn,media,中国能源报,http://www.cnenergynews.cn/,www.cnenergynews.cn,probed-2xx,200,2026-10-03,行业报·人民日报社,枚举:央媒·行业媒体补充 2026-10
media:www.clssn.com,media,中国劳动保障报,http://www.clssn.com/,www.clssn.com,probed-2xx,200,2026-10-03,行业报·人社部,枚举:央媒·行业媒体补充 2026-10
media:www.rmfyb.com,media,人民法院报,http://www.rmfyb.com/,www.rmfyb.com,probed-2xx,200,2026-10-03,行业报·最高法,枚举:央媒·行业媒体补充 2026-10
media:www.jcrb.com,media,检察日报,http://www.jcrb.com/,www.jcrb.com,probed-2xx,200,2026-10-03,行业报·最高检,枚举:央媒·行业媒体补充 2026-10
media:www.cpd.com.cn,media,人民公安报,http://www.cpd.com.cn/,www.cpd.com.cn,probed-2xx,200,2026-10-03,行业报·公安部,枚举:央媒·行业媒体补充 2026-10
media:www.aqsc.cn,media,中国安全生产网,http://www.aqsc.cn/,www.aqsc.cn,probed-000,000,2026-10-03,行业·应急管理部,枚举:央媒·行业媒体补充 2026-10
media:www.zgkyb.com,media,中国矿业报,http://www.zgkyb.com/,www.zgkyb.com,probed-2xx,200,2026-10-03,行业报·自然资源部,枚举:央媒·行业媒体补充 2026-10
media:www.china-flower.com,media,中国花卉报,http://www.china-flower.com/,www.china-flower.com,probed-2xx,200,2026-10-03,行业报,枚举:央媒·行业媒体补充 2026-10
media:www.cnfood.cn,media,中国食品报,http://www.cnfood.cn/,www.cnfood.cn,probed-2xx,200,2026-10-03,行业报,枚举:央媒·行业媒体补充 2026-10
media:www.cbimc.cn,media,中国银行保险报,http://www.cbimc.cn/,www.cbimc.cn,probed-2xx,200,2026-10-03,行业报·金融监管总局,枚举:央媒·行业媒体补充 2026-10
media:www.cgtn.com,media,中央广播电视总台·CGTN,https://www.cgtn.com/,www.cgtn.com,probed-2xx,200,2026-10-03,央媒·总台国际频道,枚举:省级广电补充 2026-10
media:www.cetv.cn,media,中国教育电视台,http://www.cetv.cn/,www.cetv.cn,probed-2xx,200,2026-10-03,央媒·教育部,枚举:省级广电补充 2026-10
media:www.brtv.org.cn,media,北京广播电视台,http://www.brtv.org.cn/,www.brtv.org.cn,probed-2xx,200,2026-10-03,北京·广电,枚举:省级广电补充 2026-10
media:www.btime.com,media,北京时间,https://www.btime.com/,www.btime.com,probed-2xx,200,2026-10-03,北京·广电新媒体,枚举:省级广电补充 2026-10
media:www.tjtv.com.cn,media,天津广播电视台,http://www.tjtv.com.cn/,www.tjtv.com.cn,probed-2xx,200,2026-10-03,天津·广电,枚举:省级广电补充 2026-10
media:www.hebtv.com,media,河北广播电视台,http://www.hebtv.com/,www.hebtv.com,probed-2xx,200,2026-10-03,河北·广电,枚举:省级广电补充 2026-10
media:www.sxrtv.com,media,山西广播电视台,http://www.sxrtv.com/,www.sxrtv.com,probed-2xx,200,2026-10-03,山西·广电,枚举:省级广电补充 2026-10
media:www.nmtv.cn,media,内蒙古广播电视台,http://www.nmtv.cn/,www.nmtv.cn,probed-2xx,200,2026-10-03,内蒙古·广电,枚举:省级广电补充 2026-10
media:www.lntv.cn,media,辽宁广播电视台,http://www.lntv.cn/,www.lntv.cn,probed-000,000,2026-10-03,辽宁·广电,枚举:省级广电补充 2026-10
media:www.jlntv.cn,media,吉林广播电视台,http://www.jlntv.cn/,www.jlntv.cn,probed-2xx,200,2026-10-03,吉林·广电,枚举:省级广电补充 2026-10
media:www.hljtv.com,media,黑龙江广播电视台,http://www.hljtv.com/,www.hljtv.com,probed-2xx,200,2026-10-03,黑龙江·广电,枚举:省级广电补充 2026-10
media:www.smg.cn,media,上海广播电视台,http://www.smg.cn/,www.smg.cn,probed-2xx,200,2026-10-03,上海·广电,枚举:省级广电补充 2026-10
media:www.jsbc.com,media,江苏省广播电视总台,http://www.jsbc.com/,www.jsbc.com,probed-2xx,200,2026-10-03,江苏·广电,枚举:省级广电补充 2026-10
media:www.cztv.com,media,浙江广播电视集团,http://www.cztv.com/,www.cztv.com,probed-2xx,200,2026-10-03,浙江·广电,枚举:省级广电补充 2026-10
media:www.ahtv.cn,media,安徽广播电视台,http://www.ahtv.cn/,www.ahtv.cn,probed-2xx,200,2026-10-03,安徽·广电,枚举:省级广电补充 2026-10
media:www.fjtv.net,media,福建省广播影视集团,http://www.fjtv.net/,www.fjtv.net,probed-4xx,403,2026-10-03,福建·广电,枚举:省级广电补充 2026-10
media:www.jxntv.cn,media,江西广播电视台,http://www.jxntv.cn/,www.jxntv.cn,probed-2xx,200,2026-10-03,江西·广电,枚举:省级广电补充 2026-10
media:www.sdtv.cn,media,山东广播电视台,http://www.sdtv.cn/,www.sdtv.cn,probed-000,000,2026-10-03,山东·广电,枚举:省级广电补充 2026-10
media:www.hntv.tv,media,河南广播电视台,http://www.hntv.tv/,www.hntv.tv,probed-2xx,200,2026-10-03,河南·广电,枚举:省级广电补充 2026-10
media:www.hbtv.com.cn,media,湖北广播电视台,http://www.hbtv.com.cn/,www.hbtv.com.cn,probed-2xx,200,2026-10-03,湖北·广电,枚举:省级广电补充 2026-10
media:www.hunantv.com,media,湖南广播电视台,http://www.hunantv.com/,www.hunantv.com,probed-2xx,200,2026-10-03,湖南·广电,枚举:省级广电补充 2026-10
media:www.mgtv.com,media,芒果TV,https://www.mgtv.com/,www.mgtv.com,probed-2xx,200,2026-10-03,湖南·广电新媒体,枚举:省级广电补充 2026-10
media:www.gdtv.cn,media,广东广播电视台,http://www.gdtv.cn/,www.gdtv.cn,probed-2xx,200,2026-10-03,广东·广电,枚举:省级广电补充 2026-10
media:www.gxtv.cn,media,广西广播电视台,http://www.gxtv.cn/,www.gxtv.cn,probed-2xx,200,2026-10-03,广西·广电,枚举:省级广电补充 2026-10
media:www.hnntv.cn,media,海南广播电视总台,http://www.hnntv.cn/,www.hnntv.cn,probed-2xx,200,2026-10-03,海南·广电,枚举:省级广电补充 2026-10
media:www.cbgc.cn,media,重庆广播电视集团,http://www.cbgc.cn/,www.cbgc.cn,probed-2xx,200,2026-10-03,重庆·广电,枚举:省级广电补充 2026-10
media:www.sctv.com,media,四川广播电视台,http://www.sctv.com/,www.sctv.com,probed-2xx,200,2026-10-03,四川·广电,枚举:省级广电补充 2026-10
media:www.gzstv.com,media,贵州广播电视台,http://www.gzstv.com/,www.gzstv.com,probed-2xx,200,2026-10-03,贵州·广电,枚举:省级广电补充 2026-10
media:www.yntv.cn,media,云南广播电视台,http://www.yntv.cn/,www.yntv.cn,probed-2xx,200,2026-10-03,云南·广电,枚举:省级广电补充 2026-10
media:www.xztv.com.cn,media,西藏广播电视台,http://www.xztv.com.cn/,www.xztv.com.cn,probed-2xx,200,2026-10-03,西藏·广电,枚举:省级广电补充 2026-10
media:www.sxtvs.com,media,陕西广播电视台,http://www.sxtvs.com/,www.sxtvs.com,probed-2xx,200,2026-10-03,陕西·广电,枚举:省级广电补充 2026-10
media:www.gstv.com.cn,media,甘肃省广播电视总台,http://www.gstv.com.cn/,www.gstv.com.cn,probed-2xx,200,2026-10-03,甘肃·广电,枚举:省级广电补充 2026-10
media:www.nxtv.com.cn,media,宁夏广播电视台,http://www.nxtv.com.cn/,www.nxtv.com.cn,probed-2xx,200,2026-10-03,宁夏·广电,枚举:省级广电补充 2026-10
media:www.xjtvs.com.cn,media,新疆广播电视台,http://www.xjtvs.com.cn/,www.xjtvs.com.cn,probed-2xx,200,2026-10-03,新疆·广电,枚举:省级广电补充 2026-10
media:www.bjd.com.cn,media,北京日报,http://www.bjd.com.cn/,www.bjd.com.cn,probed-2xx,200,2026-10-03,北京·市委机关报,枚举:省级党报·新闻网主站补充 2026-10
media:www.tianjindaily.com.cn,media,天津日报,http://www.tianjindaily.com.cn/,www.tianjindaily.com.cn,probed-000,000,2026-10-03,天津·市委机关报,枚举:省级党报·新闻网主站补充 2026-10
media:www.sxrb.com,media,山西日报,http://www.sxrb.com/,www.sxrb.com,probed-2xx,200,2026-10-03,山西·省委机关报,枚举:省级党报·新闻网主站补充 2026-10
media:www.nmgnews.com.cn,media,内蒙古日报,http://www.nmgnews.com.cn/,www.nmgnews.com.cn,probed-2xx,200,2026-10-03,内蒙古·党委机关报,枚举:省级党报·新闻网主站补充 2026-10
media:www.lnd.com.cn,media,辽宁日报,http://www.lnd.com.cn/,www.lnd.com.cn,probed-2xx,200,2026-10-03,辽宁·省委机关报,枚举:省级党报·新闻网主站补充 2026-10
media:www.hljnews.cn,media,黑龙江日报,http://www.hljnews.cn/,www.hljnews.cn,probed-2xx,200,2026-10-03,黑龙江·省委机关报,枚举:省级党报·新闻网主站补充 2026-10
media:www.jfdaily.com,media,解放日报·上观新闻,https://www.jfdaily.com/,www.jfdaily.com,probed-2xx,200,2026-10-03,上海·市委机关报,枚举:省级党报·新闻网主站补充 2026-10
media:www.xhby.net,media,新华日报·新华报业网,http://www.xhby.net/,www.xhby.net,probed-2xx,200,2026-10-03,江苏·省委机关报,枚举:省级党报·新闻网主站补充 2026-10
media:www.fjdaily.com,media,福建日报,http://www.fjdaily.com/,www.fjdaily.com,probed-2xx,200,2026-10-03,福建·省委机关报,枚举:省级党报·新闻网主站补充 2026-10
media:www.henandaily.cn,media,河南日报,http://www.henandaily.cn/,www.henandaily.cn,probed-2xx,200,2026-10-03,河南·省委机关报,枚举:省级党报·新闻网主站补充 2026-10
media:www.hndaily.com.cn,media,海南日报,http://www.hndaily.com.cn/,www.hndaily.com.cn,probed-2xx,200,2026-10-03,海南·省委机关报,枚举:省级党报·新闻网主站补充 2026-10
media:www.cqrb.cn,media,重庆日报,http://www.cqrb.cn/,www.cqrb.cn,probed-2xx,200,2026-10-03,重庆·市委机关报,枚举:省级党报·新闻网主站补充 2026-10
media:www.scdaily.cn,media,四川日报,http://www.scdaily.cn/,www.scdaily.cn,probed-2xx,200,2026-10-03,四川·省委机关报,枚举:省级党报·新闻网主站补充 2026-10
media:www.yndaily.com,media,云南日报,http://www.yndaily.com/,www.yndaily.com,probed-2xx,200,2026-10-03,云南·省委机关报,枚举:省级党报·新闻网主站补充 2026-10
media:www.sxdaily.com.cn,media,陕西日报,http://www.sxdaily.com.cn/,www.sxdaily.com.cn,probed-2xx,200,2026-10-03,陕西·省委机关报,枚举:省级党报·新闻网主站补充 2026-10
media:www.gansudaily.com.cn,media,甘肃日报·每日甘肃网,http://www.gansudaily.com.cn/,www.gansudaily.com.cn,probed-2xx,200,2026-10-03,甘肃·省委机关报,枚举:省级党报·新闻网主站补充 2026-10
media:www.iqilu.com,media,齐鲁网,http://www.iqilu.com/,www.iqilu.com,probed-2xx,200,2026-10-03,山东·重点新闻网站,枚举:省级党报·新闻网主站补充 2026-10
